{"type":"FeatureCollection","features":[{"type":"Feature","properties":{"flight":1,"sol":58,"date":"2021-04-19","max_alt_m":3.0},"geometry":{"type":"LineString","coordinates":[[77.45102,18.4448691],[77.45102,18.4448691],[77.4510197,18.4448693],[77.4510197,18.4448693],[77.4510193,18.4448693],[77.4510187,18.4448688],[77.4510183,18.4448684],[77.4510178,18.4448681],[77.4510174,18.4448677],[77.451017,18.4448675],[77.4510168,18.4448673],[77.4510166,18.4448671],[77.4510166,18.4448671],[77.4510166,18.444867],[77.4510166,18.444867],[77.4510166,18.444867],[77.4510167,18.444867],[77.4510169,18.444867],[77.4510172,18.4448671],[77.4510175,18.4448671],[77.4510175,18.4448671],[77.4510179,18.4448672],[77.4510183,18.4448672],[77.4510183,18.4448672],[77.4510186,18.4448673],[77.4510189,18.4448673],[77.4510189,18.4448673],[77.4510191,18.4448673],[77.4510191,18.4448673],[77.4510192,18.4448674],[77.4510192,18.4448674],[77.4510191,18.4448674],[77.4510189,18.4448674],[77.4510186,18.4448673],[77.4510186,18.4448673],[77.4510183,18.4448673],[77.4510182,18.4448673],[77.4510179,18.4448673],[77.4510178,18.4448673],[77.4510175,18.4448673],[77.4510174,18.4448673],[77.4510171,18.4448673],[77.4510171,18.4448673],[77.4510168,18.4448673],[77.4510166,18.4448673],[77.4510166,18.4448673],[77.4510165,18.4448672],[77.4510165,18.4448672],[77.4510165,18.4448672],[77.4510165,18.4448672],[77.4510166,18.4448672],[77.4510166,18.4448672],[77.4510168,18.4448671],[77.4510168,18.4448671],[77.4510169,18.4448671],[77.4510171,18.444867],[77.4510173,18.444867],[77.4510173,18.444867],[77.4510175,18.4448669],[77.4510175,18.4448669],[77.4510176,18.4448668],[77.4510176,18.4448668],[77.4510178,18.4448667],[77.4510178,18.4448667],[77.4510178,18.4448667],[77.4510178,18.4448667],[77.4510179,18.4448666],[77.4510179,18.4448666],[77.4510179,18.4448665],[77.4510179,18.4448664],[77.4510179,18.4448664],[77.4510179,18.4448663],[77.4510179,18.4448663],[77.451018,18.4448662],[77.451018,18.4448662],[77.451018,18.4448661],[77.451018,18.4448661],[77.451018,18.444866],[77.451018,18.444866],[77.451018,18.4448659],[77.451018,18.4448659],[77.451018,18.4448658],[77.451018,18.4448658],[77.451018,18.4448656],[77.451018,18.4448656],[77.4510181,18.4448654],[77.4510181,18.4448651],[77.4510181,18.4448648],[77.451018,18.4448644],[77.451018,18.4448639],[77.451018,18.4448635],[77.451018,18.4448631],[77.451018,18.4448627],[77.451018,18.4448625],[77.451018,18.4448624],[77.451018,18.4448622],[77.451018,18.4448622],[77.451018,18.4448622],[77.451018,18.4448622],[77.451018,18.4448624],[77.4510179,18.4448627],[77.4510179,18.4448632],[77.4510179,18.4448639],[77.4510178,18.4448646],[77.4510178,18.4448655],[77.4510178,18.4448664],[77.4510178,18.4448664],[77.4510179,18.4448668],[77.4510179,18.4448668],[77.4510181,18.4448667],[77.4510182,18.4448667],[77.4510186,18.4448665],[77.4510186,18.4448665],[77.4510189,18.4448663],[77.4510189,18.4448663],[77.4510188,18.4448662],[77.4510188,18.4448662],[77.4510188,18.4448662],[77.4510188,18.4448662],[77.4510188,18.4448662],[77.4510188,18.4448662],[77.4510188,18.4448662],[77.4510188,18.4448662],[77.4510187,18.4448662],[77.4510187,18.4448662],[77.4510187,18.4448662],[77.4510187,18.4448662],[77.4510187,18.4448661],[77.4510187,18.4448661],[77.4510186,18.4448661],[77.4510186,18.4448661],[77.4510185,18.4448659],[77.4510183,18.4448655],[77.4510179,18.4448648],[77.4510173,18.4448638],[77.4510167,18.4448626],[77.451016,18.4448613],[77.4510152,18.4448598],[77.4510143,18.4448581],[77.4510134,18.4448563],[77.4510124,18.4448544],[77.4510113,18.4448522],[77.4510099,18.4448491],[77.4510081,18.4448453],[77.4510061,18.4448407],[77.4510039,18.4448356],[77.4510014,18.4448299],[77.4509988,18.4448238],[77.450996,18.4448172],[77.450993,18.4448104],[77.45099,18.4448033],[77.4509894,18.4448021]]}},{"type":"Feature","properties":{"flight":2,"sol":61,"date":"2021-04-22","max_alt_m":5.0},"geometry":{"type":"LineString","coordinates":[[77.4510138,18.4448627],[77.4510138,18.4448627],[77.4510143,18.4448631],[77.4510147,18.4448634],[77.4510151,18.4448637],[77.4510155,18.444864],[77.4510159,18.4448643],[77.4510162,18.4448646],[77.4510164,18.4448649],[77.4510165,18.4448649],[77.4510166,18.4448651],[77.4510167,18.4448651],[77.4510168,18.4448653],[77.4510168,18.4448653],[77.4510168,18.4448655],[77.4510168,18.4448655],[77.4510169,18.4448656],[77.4510169,18.4448656],[77.4510169,18.4448657],[77.4510169,18.4448658],[77.451017,18.4448658],[77.4510171,18.4448659],[77.4510171,18.4448659],[77.4510172,18.444866],[77.4510172,18.444866],[77.4510173,18.4448662],[77.4510173,18.4448662],[77.4510173,18.4448663],[77.4510173,18.4448664],[77.4510162,18.4448667],[77.4510143,18.4448673],[77.4510121,18.4448678],[77.4510098,18.4448682],[77.451007,18.4448687],[77.4510038,18.4448691],[77.4510004,18.4448696],[77.4509969,18.4448701],[77.4509935,18.4448705],[77.4509904,18.4448709],[77.4509877,18.4448711],[77.4509856,18.4448713],[77.4509855,18.4448713],[77.4509843,18.4448713],[77.4509843,18.4448713],[77.4509836,18.4448713],[77.4509835,18.4448713],[77.4509829,18.4448711],[77.4509828,18.4448711],[77.4509822,18.4448709],[77.4509822,18.4448709],[77.4509816,18.4448706],[77.4509816,18.4448706],[77.4509811,18.4448703],[77.4509807,18.4448701],[77.4509804,18.4448699],[77.4509804,18.4448699],[77.4509803,18.4448697],[77.4509803,18.4448697],[77.4509802,18.4448698],[77.4509802,18.4448698],[77.4509804,18.4448701],[77.4509804,18.4448701],[77.4509806,18.4448701],[77.4509806,18.4448701],[77.450981,18.4448702],[77.4509814,18.4448702],[77.4509815,18.4448702],[77.450982,18.4448703],[77.4509826,18.4448703],[77.4509831,18.4448703],[77.4509836,18.4448703],[77.4509841,18.4448703],[77.4509843,18.4448703],[77.4509844,18.4448703],[77.4509845,18.4448703],[77.4509845,18.4448703],[77.4509845,18.4448703],[77.4509845,18.4448703],[77.4509844,18.4448702],[77.4509844,18.4448702],[77.4509843,18.4448701],[77.4509843,18.4448701],[77.4509842,18.4448699],[77.4509842,18.4448699],[77.4509841,18.4448698],[77.450984,18.4448696],[77.450984,18.4448696],[77.450984,18.4448695],[77.450984,18.4448695],[77.4509839,18.4448694],[77.4509839,18.4448694],[77.450984,18.4448694],[77.450984,18.4448694],[77.4509843,18.4448696],[77.4509843,18.4448696],[77.4509854,18.4448695],[77.4509878,18.4448693],[77.4509912,18.4448691],[77.4509952,18.4448688],[77.4509997,18.4448685],[77.4510042,18.4448681],[77.4510084,18.4448677],[77.4510121,18.4448674],[77.4510148,18.4448671],[77.4510149,18.4448671],[77.4510164,18.4448668],[77.4510164,18.4448668],[77.4510169,18.4448665],[77.451017,18.4448665],[77.4510174,18.4448663],[77.4510178,18.4448661],[77.4510178,18.4448661],[77.4510181,18.4448659],[77.4510184,18.4448657],[77.4510186,18.4448655],[77.4510186,18.4448655],[77.4510189,18.4448653],[77.4510189,18.4448653],[77.4510191,18.444865],[77.4510194,18.4448648],[77.4510197,18.4448645],[77.4510197,18.4448645],[77.45102,18.4448643],[77.45102,18.4448643],[77.4510202,18.4448642],[77.4510202,18.4448642],[77.4510203,18.4448642],[77.4510203,18.4448642],[77.4510203,18.4448642],[77.4510203,18.4448642],[77.4510202,18.4448643],[77.4510201,18.4448644],[77.45102,18.4448646],[77.45102,18.4448646],[77.4510199,18.4448647],[77.4510199,18.4448648],[77.4510198,18.4448649],[77.4510198,18.4448649],[77.4510198,18.444865],[77.4510198,18.444865],[77.4510198,18.444865],[77.4510198,18.444865],[77.4510199,18.4448651],[77.4510199,18.4448651],[77.45102,18.4448651],[77.45102,18.4448651],[77.4510201,18.4448652],[77.4510201,18.4448652],[77.4510203,18.4448652],[77.4510203,18.4448652],[77.4510204,18.4448652],[77.4510204,18.4448652],[77.4510206,18.4448652],[77.4510206,18.4448652],[77.4510207,18.4448652],[77.4510207,18.4448652],[77.4510208,18.4448651],[77.4510208,18.4448651],[77.4510208,18.4448651],[77.4510208,18.4448651],[77.4510207,18.444865],[77.4510207,18.444865],[77.4510203,18.4448649],[77.4510203,18.4448649],[77.4510197,18.4448648],[77.4510188,18.4448647],[77.4510178,18.4448646],[77.4510165,18.4448644],[77.4510152,18.4448643],[77.4510136,18.4448641],[77.451012,18.444864],[77.4510104,18.4448639],[77.4510103,18.4448639],[77.4510085,18.4448638],[77.451006,18.4448639],[77.4510029,18.4448641],[77.4509994,18.4448644],[77.4509954,18.4448648],[77.4509911,18.4448653],[77.4509864,18.4448659],[77.4509814,18.4448665],[77.4509762,18.4448671],[77.4509707,18.4448678],[77.4509696,18.4448679]]}},{"type":"Feature","properties":{"flight":3,"sol":64,"date":"2021-04-25","max_alt_m":5.0},"geometry":{"type":"LineString","coordinates":[[77.4510215,18.4448836],[77.4510208,18.4449014],[77.4510202,18.4449191],[77.4510195,18.4449367],[77.4510189,18.4449541],[77.4510183,18.4449714],[77.4510177,18.4449886],[77.4510171,18.4450056],[77.4510165,18.4450225],[77.4510159,18.4450393],[77.4510153,18.445056],[77.4510147,18.4450725],[77.4510142,18.4450889],[77.4510136,18.4451052],[77.451013,18.4451213],[77.4510125,18.4451374],[77.4510119,18.4451533],[77.4510114,18.445169],[77.4510109,18.4451846],[77.4510104,18.4452001],[77.4510099,18.4452155],[77.4510094,18.4452307],[77.4510089,18.4452459],[77.4510084,18.4452608],[77.4510079,18.4452757],[77.4510074,18.4452904],[77.451007,18.445305],[77.4510065,18.4453194],[77.4510061,18.4453337],[77.4510056,18.4453479],[77.4510052,18.445362],[77.4510048,18.4453759],[77.4510044,18.4453897],[77.451004,18.4454033],[77.4510036,18.4454169],[77.4510032,18.4454307],[77.4510028,18.4454451],[77.4510024,18.44546],[77.451002,18.4454753],[77.4510016,18.4454908],[77.4510011,18.4455066],[77.4510007,18.4455224],[77.4510003,18.4455382],[77.4509999,18.4455538],[77.4509996,18.4455693],[77.4509992,18.4455844],[77.4509988,18.4455991],[77.4509985,18.4456133],[77.4509981,18.4456268],[77.4509978,18.4456396],[77.4509975,18.4456516],[77.4509973,18.4456627],[77.450997,18.4456728],[77.4509968,18.4456817],[77.4509966,18.4456894],[77.4509964,18.4456958],[77.4509963,18.4457007],[77.4509962,18.4457041],[77.4509961,18.4457059],[77.4509961,18.4457059],[77.4509959,18.4457063],[77.4509959,18.4457064],[77.4509958,18.4457067],[77.4509958,18.4457068],[77.4509961,18.4457059],[77.4509961,18.4457059],[77.4509963,18.4457041],[77.4509966,18.4457011],[77.450997,18.4456966],[77.4509971,18.4456962],[77.4509971,18.4456908],[77.4509971,18.4456906],[77.4509978,18.4456837],[77.4509978,18.4456834],[77.4509977,18.4456753],[77.4509977,18.445675],[77.4509981,18.4456655],[77.4509981,18.4456651],[77.4509982,18.4456542],[77.4509981,18.445641],[77.4509977,18.4456261],[77.4509979,18.4456092],[77.4509976,18.4455919],[77.4509982,18.4455746],[77.4509983,18.4455576],[77.4509984,18.4455406],[77.4509981,18.4455242],[77.4509978,18.4455083],[77.4509973,18.4454927],[77.4509974,18.4454766],[77.4509975,18.4454604],[77.4509977,18.4454442],[77.4509978,18.4454278],[77.450998,18.4454115],[77.4509982,18.445395],[77.4509985,18.4453785],[77.4509988,18.4453619],[77.4509991,18.4453452],[77.4509994,18.4453284],[77.4509998,18.4453115],[77.4510003,18.4452945],[77.4510008,18.4452774],[77.4510014,18.4452603],[77.451002,18.445243],[77.4510027,18.4452256],[77.4510034,18.445208],[77.4510042,18.4451904],[77.4510051,18.4451726],[77.4510061,18.4451547],[77.4510071,18.4451367],[77.4510082,18.4451185],[77.4510094,18.4451001],[77.4510107,18.4450817],[77.4510119,18.4450649]]}},{"type":"Feature","properties":{"flight":4,"sol":69,"date":"2021-04-30","max_alt_m":5.0},"geometry":{"type":"LineString","coordinates":[[77.4511062,18.4443589],[77.451112,18.4443296],[77.4511178,18.4443004],[77.4511236,18.4442711],[77.4511293,18.4442419],[77.4511351,18.4442127],[77.4511408,18.4441835],[77.4511466,18.4441543],[77.4511523,18.4441251],[77.451158,18.4440959],[77.4511638,18.4440668],[77.4511695,18.4440376],[77.4511752,18.4440085],[77.4511809,18.4439793],[77.4511866,18.4439502],[77.4511923,18.4439211],[77.451198,18.443892],[77.4512037,18.4438629],[77.4512094,18.4438338],[77.4512152,18.4438047],[77.451221,18.4437756],[77.4512269,18.4437466],[77.4512329,18.4437176],[77.4512389,18.4436886],[77.4512449,18.4436596],[77.4512508,18.4436306],[77.4512567,18.4436017],[77.4512624,18.4435727],[77.4512681,18.4435437],[77.4512736,18.4435147],[77.4512789,18.4434857],[77.4512841,18.4434566],[77.451289,18.4434276],[77.4512935,18.4433985],[77.451298,18.4433695],[77.4513029,18.4433406],[77.4513086,18.4433116],[77.4513147,18.4432829],[77.4513213,18.4432543],[77.4513274,18.4432256],[77.4513333,18.4431967],[77.4513391,18.443168],[77.4513449,18.443139],[77.4513509,18.4431098],[77.4513573,18.4430804],[77.4513627,18.4430506],[77.451368,18.4430212],[77.4513737,18.4429919],[77.4513789,18.4429625],[77.4513807,18.4429556],[77.4513848,18.4429336],[77.4513897,18.4429065],[77.4513947,18.4428806],[77.4513993,18.4428561],[77.4514037,18.4428327],[77.4514084,18.4428108],[77.4514125,18.4427901],[77.4514127,18.4427894],[77.451417,18.4427712],[77.4514207,18.4427534],[77.4514238,18.4427365],[77.4514239,18.442736],[77.4514263,18.4427206],[77.4514286,18.4427065],[77.4514315,18.442694],[77.4514327,18.4426894],[77.4514337,18.4426826],[77.4514337,18.4426822],[77.4514352,18.4426726],[77.4514365,18.4426642],[77.4514381,18.442657],[77.4514381,18.4426568],[77.4514376,18.4426499],[77.4514376,18.4426498],[77.4514382,18.4426458],[77.4514386,18.4426446],[77.4514382,18.4426423],[77.4514376,18.4426413],[77.4514371,18.4426395],[77.4514371,18.4426395],[77.4514369,18.4426396],[77.4514369,18.4426397],[77.4514374,18.4426405],[77.4514374,18.4426405],[77.4514371,18.4426402],[77.4514373,18.4426417],[77.4514376,18.4426448],[77.4514379,18.442649],[77.4514382,18.4426541],[77.4514382,18.4426596],[77.451438,18.4426651],[77.4514375,18.4426712],[77.4514368,18.4426783],[77.4514359,18.4426864],[77.4514348,18.4426954],[77.4514336,18.4427053],[77.4514321,18.4427161],[77.4514305,18.4427278],[77.4514288,18.4427404],[77.4514268,18.4427538],[77.4514247,18.442768],[77.4514225,18.4427831],[77.45142,18.4427989],[77.4514175,18.4428155],[77.4514148,18.4428328],[77.4514119,18.4428508],[77.4514089,18.4428695],[77.4514058,18.4428889],[77.4514025,18.442909],[77.4513991,18.4429297],[77.4513956,18.442951],[77.4513919,18.442973],[77.4513881,18.4429955],[77.4513843,18.4430185],[77.4513803,18.4430421],[77.4513762,18.4430662],[77.4513719,18.4430908],[77.4513676,18.4431159],[77.4513632,18.4431414],[77.4513587,18.4431674],[77.4513541,18.4431938],[77.4513494,18.4432206],[77.4513447,18.4432477],[77.4513398,18.4432752],[77.4513349,18.4433031],[77.4513299,18.4433312],[77.4513248,18.4433596],[77.4513197,18.4433884],[77.4513145,18.4434173],[77.4513092,18.4434465],[77.4513039,18.4434759],[77.4512986,18.4435055],[77.4512932,18.4435353],[77.4512877,18.4435652],[77.4512822,18.4435952],[77.4512767,18.4436254],[77.4512711,18.4436556],[77.4512655,18.443686],[77.4512599,18.4437163],[77.4512542,18.4437467],[77.4512486,18.4437771],[77.4512429,18.4438075],[77.4512372,18.4438378],[77.4512315,18.4438681],[77.4512258,18.4438983],[77.4512201,18.4439285],[77.4512144,18.4439585],[77.4512087,18.4439883],[77.451203,18.4440181],[77.4511973,18.4440476],[77.4511916,18.444077],[77.451186,18.4441061],[77.4511804,18.444135],[77.4511748,18.4441636],[77.4511692,18.444192],[77.4511637,18.44422],[77.4511582,18.4442478],[77.4511527,18.4442752],[77.4511473,18.4443022],[77.451142,18.4443289],[77.4511366,18.4443552],[77.4511314,18.444381],[77.4511262,18.4444064],[77.4511211,18.4444313],[77.451116,18.4444558],[77.451111,18.4444798],[77.4511061,18.4445032],[77.4511012,18.4445261],[77.4510965,18.4445484],[77.4510918,18.4445702],[77.4510872,18.4445913],[77.4510827,18.4446119],[77.4510783,18.4446317],[77.451074,18.444651],[77.4510698,18.4446695],[77.4510657,18.4446873],[77.4510617,18.4447044],[77.4510578,18.4447208],[77.451054,18.4447364],[77.4510504,18.4447512],[77.4510469,18.4447652],[77.4510435,18.4447783],[77.4510402,18.4447906],[77.4510371,18.4448021],[77.4510341,18.4448127],[77.4510312,18.4448223],[77.4510285,18.444831],[77.4510259,18.4448388],[77.4510235,18.4448456],[77.4510213,18.4448515],[77.4510192,18.4448563],[77.4510173,18.44486],[77.4510171,18.4448603],[77.4510155,18.4448628],[77.4510154,18.4448628],[77.4510145,18.4448639],[77.4510145,18.4448639],[77.4510143,18.4448635],[77.4510143,18.4448634],[77.4510145,18.4448623],[77.4510145,18.4448622],[77.4510145,18.4448609]]}},{"type":"Feature","properties":{"flight":5,"sol":76,"date":"2021-05-07","max_alt_m":10.0},"geometry":{"type":"LineString","coordinates":[[77.4511193,18.4448557],[77.4511193,18.4448557],[77.4511192,18.4448559],[77.4511192,18.4448559],[77.451119,18.4448559],[77.451119,18.4448558],[77.451119,18.4448548],[77.4511193,18.4448521],[77.4511197,18.4448481],[77.4511202,18.4448428],[77.4511207,18.4448363],[77.4511214,18.444828],[77.4511223,18.4448187],[77.4511234,18.444808],[77.4511249,18.4447958],[77.4511267,18.4447825],[77.4511287,18.4447677],[77.4511308,18.4447517],[77.4511328,18.4447354],[77.451135,18.4447192],[77.4511373,18.4447032],[77.4511395,18.444687],[77.4511416,18.4446708],[77.4511436,18.4446544],[77.4511458,18.4446378],[77.4511479,18.444621],[77.4511501,18.444604],[77.4511523,18.4445869],[77.4511545,18.4445695],[77.4511564,18.4445521],[77.4511583,18.4445347],[77.4511604,18.4445176],[77.4511626,18.4445006],[77.4511649,18.4444836],[77.4511671,18.4444666],[77.4511696,18.4444496],[77.4511719,18.4444328],[77.4511744,18.444416],[77.4511768,18.4443991],[77.4511792,18.4443823],[77.4511814,18.4443653],[77.4511835,18.4443482],[77.4511859,18.4443311],[77.4511882,18.4443141],[77.4511904,18.4442974],[77.4511927,18.4442808],[77.451195,18.4442643],[77.451197,18.4442473],[77.451199,18.4442299],[77.4512012,18.4442125],[77.4512034,18.4441951],[77.4512056,18.4441779],[77.4512078,18.4441611],[77.4512099,18.4441448],[77.4512123,18.4441285],[77.4512146,18.4441121],[77.4512168,18.4440957],[77.4512191,18.4440791],[77.4512215,18.4440626],[77.4512242,18.4440456],[77.4512269,18.4440288],[77.4512294,18.4440117],[77.4512316,18.4439946],[77.4512337,18.4439778],[77.4512357,18.4439613],[77.4512377,18.4439447],[77.4512398,18.4439281],[77.4512416,18.4439113],[77.4512434,18.4438948],[77.4512456,18.4438773],[77.4512483,18.4438607],[77.4512505,18.4438437],[77.4512529,18.4438268],[77.4512551,18.44381],[77.4512573,18.4437934],[77.4512594,18.443777],[77.4512615,18.4437607],[77.4512636,18.4437443],[77.451266,18.4437276],[77.4512685,18.4437106],[77.4512709,18.4436937],[77.4512731,18.4436768],[77.4512752,18.4436602],[77.4512771,18.4436438],[77.4512787,18.4436274],[77.4512805,18.443611],[77.4512825,18.4435945],[77.4512845,18.4435778],[77.4512867,18.4435611],[77.4512888,18.4435446],[77.4512907,18.4435278],[77.4512928,18.443511],[77.4512951,18.4434943],[77.4512974,18.4434775],[77.4512997,18.4434605],[77.4513021,18.4434434],[77.4513043,18.4434262],[77.4513065,18.4434092],[77.451309,18.4433924],[77.4513112,18.4433755],[77.4513139,18.4433588],[77.4513164,18.443342],[77.4513187,18.4433254],[77.4513211,18.4433085],[77.4513235,18.4432916],[77.4513258,18.4432747],[77.451328,18.443258],[77.4513303,18.4432413],[77.4513323,18.4432245],[77.4513343,18.4432077],[77.4513363,18.4431909],[77.4513386,18.4431742],[77.4513409,18.4431576],[77.451343,18.4431406],[77.4513454,18.4431235],[77.4513473,18.4431061],[77.4513493,18.4430886],[77.4513515,18.4430715],[77.4513535,18.4430546],[77.4513553,18.4430379],[77.4513574,18.4430213],[77.4513595,18.4430046],[77.4513619,18.442988],[77.4513642,18.4429714],[77.4513663,18.4429548],[77.4513685,18.4429383],[77.451371,18.4429219],[77.4513732,18.4429054],[77.4513757,18.442889],[77.4513782,18.4428724],[77.4513804,18.4428556],[77.4513825,18.4428387],[77.451385,18.4428218],[77.4513872,18.4428048],[77.4513873,18.4428042],[77.4513903,18.4427884],[77.4513904,18.4427879],[77.4513925,18.442773],[77.4513944,18.4427588],[77.4513964,18.4427462],[77.4513981,18.4427346],[77.4513998,18.4427244],[77.4514007,18.4427152],[77.4514014,18.4427075],[77.451402,18.4427017],[77.4514025,18.4426975],[77.451403,18.4426947],[77.4514032,18.442693],[77.4514032,18.442693],[77.4514031,18.4426926],[77.4514031,18.4426925],[77.4514028,18.4426918],[77.4514027,18.4426918],[77.4514024,18.4426915],[77.451402,18.4426914],[77.451402,18.4426914],[77.4514018,18.4426913],[77.4514016,18.4426912],[77.4514014,18.4426911],[77.4514014,18.4426911],[77.4514013,18.4426911],[77.4514013,18.4426911],[77.4514012,18.4426911],[77.4514012,18.4426911],[77.4514012,18.4426911],[77.4514012,18.4426911],[77.4514012,18.4426911],[77.4514012,18.4426911],[77.4514012,18.4426912],[77.4514012,18.4426912],[77.4514012,18.4426913],[77.4514012,18.4426913],[77.4514013,18.4426914],[77.4514014,18.4426916],[77.4514014,18.4426916],[77.4514014,18.4426918],[77.4514014,18.4426918],[77.4514015,18.442692],[77.4514015,18.442692],[77.4514015,18.4426923],[77.4514016,18.4426925],[77.4514016,18.4426925],[77.4514016,18.4426928],[77.4514017,18.442693],[77.4514017,18.442693],[77.4514018,18.4426933],[77.4514019,18.4426935],[77.4514019,18.4426935],[77.4514019,18.4426937],[77.451402,18.4426937],[77.4514021,18.4426939],[77.4514021,18.4426939],[77.4514022,18.442694],[77.4514022,18.4426941],[77.4514024,18.4426942],[77.4514024,18.4426942],[77.4514026,18.4426943],[77.4514026,18.4426943],[77.4514028,18.4426945],[77.4514028,18.4426945],[77.4514031,18.4426946],[77.4514031,18.4426946],[77.4514034,18.4426947],[77.4514034,18.4426947],[77.4514038,18.4426947],[77.4514042,18.4426948],[77.4514045,18.4426948]]}},{"type":"Feature","properties":{"flight":6,"sol":91,"date":"2021-05-22","max_alt_m":10.0},"geometry":{"type":"LineString","coordinates":[[77.449338,18.4416232],[77.4493142,18.4415959],[77.4492907,18.4415694],[77.4492675,18.441544],[77.4492449,18.4415198],[77.449223,18.4414968],[77.4492019,18.4414752],[77.4491819,18.4414551],[77.4491631,18.4414366],[77.4491457,18.4414199],[77.4491298,18.441405],[77.4491156,18.441392],[77.4491033,18.4413812],[77.449093,18.4413726],[77.4490849,18.4413663],[77.4490844,18.441366],[77.4490792,18.4413625],[77.449079,18.4413624],[77.449076,18.4413612],[77.4490759,18.4413612],[77.449074,18.4413623],[77.4490739,18.4413623],[77.4490721,18.4413652],[77.449072,18.4413653],[77.4490703,18.4413697],[77.4490703,18.4413699],[77.4490687,18.4413756],[77.4490671,18.4413827],[77.4490655,18.4413905],[77.449064,18.441399],[77.4490625,18.4414079],[77.4490611,18.4414168],[77.4490596,18.4414256],[77.4490581,18.4414339],[77.4490565,18.4414416],[77.4490549,18.4414484],[77.4490531,18.441454],[77.4490531,18.4414542],[77.4490513,18.4414582],[77.4490513,18.4414583],[77.4490494,18.4414607],[77.4490493,18.4414607],[77.4490471,18.4414623],[77.4490469,18.4414624],[77.4490443,18.4414639],[77.4490441,18.441464],[77.449041,18.4414655],[77.4490373,18.4414669],[77.4490332,18.4414683],[77.4490288,18.4414696],[77.4490241,18.4414708],[77.4490191,18.441472],[77.4490139,18.4414731],[77.4490086,18.4414741],[77.4490032,18.4414751],[77.4489977,18.441476],[77.4489922,18.4414768],[77.4489868,18.4414776],[77.4489814,18.4414783],[77.4489761,18.441479],[77.448971,18.4414796],[77.4489661,18.4414801],[77.4489615,18.4414806],[77.4489572,18.4414811],[77.4489532,18.4414814],[77.4489497,18.4414817],[77.4489465,18.441482],[77.4489439,18.4414822],[77.4489418,18.4414824],[77.4489403,18.4414825],[77.4489394,18.4414826],[77.4489394,18.4414826],[77.4489392,18.4414825],[77.4489392,18.4414825],[77.4489398,18.4414812],[77.4489412,18.441478],[77.4489435,18.441473],[77.4489465,18.4414665],[77.4489502,18.4414585],[77.4489545,18.4414492],[77.4489593,18.4414388],[77.4489646,18.4414274],[77.4489703,18.4414151],[77.4489764,18.4414022],[77.4489828,18.4413886],[77.4489894,18.4413747],[77.4489962,18.4413604],[77.4490031,18.4413461],[77.4490101,18.4413317],[77.449017,18.4413176],[77.4490239,18.4413037],[77.4490306,18.4412903],[77.4490371,18.4412775],[77.4490434,18.4412655],[77.4490493,18.4412544],[77.4490549,18.4412443],[77.44906,18.4412354],[77.4490645,18.4412278],[77.4490685,18.4412217],[77.4490687,18.4412215],[77.4490719,18.4412173],[77.4490721,18.441217],[77.4490746,18.4412146],[77.4490746,18.4412145],[77.4490765,18.4412138],[77.4490765,18.4412138],[77.4490775,18.4412145],[77.4490775,18.4412145],[77.449078,18.4412159],[77.4490781,18.4412159],[77.4490789,18.4412173],[77.4490789,18.4412173],[77.4490807,18.4412181],[77.4490808,18.4412181],[77.4491027,18.4412051],[77.4491031,18.4412048],[77.4491181,18.4411769],[77.4491235,18.4411733],[77.4491473,18.4411507],[77.4491489,18.4411491],[77.4491448,18.4411458],[77.4491465,18.4411447],[77.449195,18.4411095],[77.4491933,18.4411101],[77.4491739,18.4411159],[77.4491743,18.4411156],[77.4491953,18.4410982],[77.4491949,18.4410981],[77.4492108,18.4410818],[77.4492102,18.4410819],[77.4492088,18.4410796],[77.4492258,18.4410646],[77.4492259,18.4410645],[77.4492348,18.4410601],[77.4492357,18.4410596],[77.4492504,18.4410496],[77.4492504,18.4410497],[77.4492616,18.4410454],[77.4492624,18.441045],[77.4492683,18.4410451],[77.4492704,18.4410443],[77.449278,18.4410433],[77.4492783,18.4410433],[77.4492832,18.4410455],[77.4492835,18.4410456],[77.4492895,18.4410463],[77.4492898,18.4410464],[77.4492975,18.4410504],[77.4493054,18.441054],[77.4493057,18.4410541],[77.4493007,18.4410529],[77.4493009,18.441053],[77.4493295,18.4410652],[77.4493303,18.4410654],[77.4493332,18.4410659],[77.4493332,18.441066],[77.4493509,18.4410751],[77.4493503,18.4410748],[77.4493645,18.4410823],[77.4493659,18.441083],[77.4493861,18.4410952],[77.4493864,18.4410954],[77.4494073,18.4411067],[77.4494154,18.441112],[77.4494345,18.441123],[77.4494604,18.4411377],[77.4494856,18.4411531],[77.4495127,18.4411686],[77.4495492,18.4411898],[77.4495712,18.4412018],[77.4495721,18.4412028],[77.4495974,18.4412183],[77.4496248,18.4412344],[77.4496254,18.4412348],[77.4496486,18.4412485],[77.4496496,18.4412491],[77.4496751,18.4412651],[77.449698,18.4412794],[77.4497207,18.4412944],[77.4497426,18.4413091],[77.4497628,18.441323],[77.4497822,18.4413374],[77.4498007,18.4413522],[77.4498184,18.4413663],[77.4498191,18.4413668],[77.4498348,18.4413808],[77.4498501,18.4413942],[77.4498649,18.4414086],[77.4498654,18.4414091],[77.4498787,18.4414229],[77.4498914,18.4414363],[77.4498918,18.4414367],[77.4499023,18.4414498],[77.4499074,18.4414571],[77.4499131,18.441463],[77.4499136,18.4414634],[77.4499206,18.4414746],[77.4499217,18.4414782],[77.4499263,18.4414864],[77.4499308,18.4414904],[77.4499317,18.4414956],[77.4499316,18.4414961],[77.4499275,18.4415054],[77.449935,18.4415093],[77.4499359,18.4415198],[77.4499283,18.4415223],[77.4499309,18.4415239],[77.4499314,18.4415244],[77.4499302,18.4415359],[77.4499231,18.4415369],[77.4499234,18.4415403],[77.4499235,18.4415405],[77.4499154,18.4415473],[77.449915,18.4415477],[77.4499068,18.4415562],[77.4499066,18.4415565],[77.4498997,18.441567],[77.4498927,18.4415794],[77.4498862,18.4415917],[77.449881,18.4416021],[77.4498767,18.4416112],[77.449873,18.4416197],[77.4498694,18.4416271],[77.4498693,18.4416273],[77.4498657,18.4416329],[77.4498656,18.4416331],[77.4498614,18.4416378],[77.4498569,18.4416424],[77.4498529,18.4416463],[77.4498527,18.4416466],[77.4498502,18.4416494],[77.4498501,18.4416495],[77.4498483,18.4416498],[77.4498482,18.4416498],[77.4498466,18.441648],[77.4498465,18.4416479],[77.4498448,18.4416463],[77.4498448,18.4416463],[77.4498429,18.4416473],[77.4498428,18.4416474],[77.4498412,18.4416526],[77.4498412,18.4416529],[77.44984,18.441662],[77.4498392,18.4416747],[77.4498385,18.4416887]]}},{"type":"Feature","properties":{"flight":7,"sol":107,"date":"2021-06-08","max_alt_m":10.0},"geometry":{"type":"LineString","coordinates":[[77.4499366,18.4416555],[77.4499366,18.4416555],[77.4499367,18.4416559],[77.4499367,18.4416559],[77.449937,18.4416562],[77.4499371,18.4416562],[77.4499374,18.4416562],[77.4499374,18.4416562],[77.4499372,18.4416559],[77.4499368,18.4416557],[77.4499364,18.4416554],[77.4499364,18.4416554],[77.4499373,18.4416552],[77.4499373,18.4416552],[77.4499386,18.4416551],[77.4499387,18.4416551],[77.4499401,18.4416548],[77.4499402,18.4416548],[77.4499416,18.4416549],[77.4499417,18.441655],[77.4499431,18.4416557],[77.4499432,18.4416558],[77.4499443,18.4416561],[77.4499444,18.441656],[77.4499452,18.4416541],[77.4499453,18.441654],[77.4499459,18.441649],[77.4499459,18.4416488],[77.4499463,18.4416411],[77.4499465,18.4416306],[77.4499469,18.4416174],[77.4499476,18.4416017],[77.4499486,18.4415832],[77.4499498,18.4415617],[77.4499515,18.4415377],[77.4499534,18.4415106],[77.4499556,18.4414806],[77.4499581,18.4414481],[77.4499607,18.4414134],[77.4499632,18.4413787],[77.449966,18.4413454],[77.4499691,18.4413127],[77.4499722,18.4412804],[77.4499751,18.4412476],[77.4499777,18.4412137],[77.449981,18.4411798],[77.4499842,18.4411462],[77.4499874,18.4411125],[77.4499906,18.4410787],[77.4499937,18.4410449],[77.4499965,18.4410111],[77.449999,18.440977],[77.450002,18.4409427],[77.450005,18.4409085],[77.4500082,18.4408746],[77.4500117,18.4408411],[77.4500148,18.4408075],[77.4500174,18.4407735],[77.4500208,18.4407395],[77.4500257,18.4407062],[77.4500259,18.4407051],[77.450029,18.4406725],[77.4500317,18.4406386],[77.4500345,18.4406048],[77.4500392,18.4405712],[77.4500438,18.4405379],[77.4500474,18.4405044],[77.4500511,18.4404708],[77.450055,18.4404374],[77.450059,18.440404],[77.4500627,18.4403704],[77.450066,18.4403365],[77.4500683,18.4403024],[77.4500706,18.4402686],[77.450073,18.4402347],[77.4500754,18.4402003],[77.4500777,18.4401662],[77.4500806,18.4401325],[77.4500844,18.440099],[77.4500875,18.4400656],[77.4500902,18.4400341],[77.4500926,18.4400055],[77.4500947,18.4399796],[77.4500967,18.4399564],[77.4500989,18.4399361],[77.4501015,18.4399186],[77.4501016,18.439918],[77.4501029,18.4399032],[77.4501034,18.4398903],[77.4501039,18.4398802],[77.4501039,18.4398799],[77.4501058,18.4398733],[77.4501058,18.4398732],[77.4501063,18.4398695],[77.4501063,18.4398694],[77.4501072,18.4398684],[77.4501073,18.4398684],[77.4501081,18.439868],[77.4501081,18.4398679],[77.4501084,18.439868],[77.4501085,18.4398682],[77.4501086,18.4398684],[77.4501086,18.4398684],[77.4501085,18.4398684],[77.4501085,18.4398684],[77.4501082,18.4398683],[77.4501082,18.4398683],[77.4501079,18.4398682],[77.4501079,18.4398682],[77.4501077,18.4398683],[77.4501077,18.4398683],[77.4501076,18.4398684],[77.4501076,18.4398684],[77.4501075,18.4398686],[77.4501075,18.4398686],[77.4501074,18.4398688],[77.4501074,18.4398688],[77.4501073,18.4398689],[77.4501073,18.4398689],[77.4501072,18.4398689],[77.4501072,18.4398689],[77.450107,18.4398689],[77.450107,18.4398689],[77.4501068,18.4398689],[77.4501068,18.4398689],[77.4501063,18.439869],[77.4501057,18.4398691],[77.4501056,18.4398691],[77.450105,18.4398692],[77.450105,18.4398692],[77.4501046,18.4398695],[77.4501046,18.4398695],[77.4501045,18.4398698],[77.4501045,18.4398699],[77.4501047,18.4398703],[77.4501047,18.4398703],[77.4501052,18.4398708],[77.4501058,18.4398714],[77.4501059,18.4398715]]}},{"type":"Feature","properties":{"flight":8,"sol":120,"date":"2021-06-21","max_alt_m":10.0},"geometry":{"type":"LineString","coordinates":[[77.4501476,18.4398723],[77.4501475,18.4398723],[77.4501469,18.4398726],[77.4501469,18.4398726],[77.4501459,18.4398731],[77.4501458,18.4398731],[77.4501444,18.4398746],[77.4501443,18.4398747],[77.4501426,18.4398768],[77.4501425,18.4398769],[77.4501415,18.4398775],[77.4501415,18.4398775],[77.4501407,18.4398775],[77.4501398,18.4398774],[77.4501397,18.4398774],[77.4501391,18.4398772],[77.4501391,18.4398772],[77.4501388,18.4398769],[77.4501388,18.4398769],[77.4501391,18.4398764],[77.4501391,18.4398764],[77.4501397,18.4398756],[77.4501397,18.4398756],[77.4501405,18.4398751],[77.4501405,18.439875],[77.4501414,18.4398742],[77.4501414,18.4398742],[77.4501424,18.4398736],[77.4501427,18.4398735],[77.4501433,18.4398732],[77.4501436,18.4398729],[77.4501441,18.4398725],[77.4501442,18.4398725],[77.4501447,18.439872],[77.4501447,18.439872],[77.4501453,18.4398715],[77.4501453,18.4398715],[77.4501455,18.4398704],[77.4501455,18.4398704],[77.4501459,18.4398703],[77.4501461,18.4398705],[77.4501465,18.4398707],[77.4501466,18.4398707],[77.4501468,18.439871],[77.4501469,18.4398711],[77.4501473,18.4398714],[77.4501473,18.4398714],[77.4501473,18.4398717],[77.4501473,18.4398717],[77.4501475,18.4398716],[77.4501475,18.4398716],[77.4501471,18.4398712],[77.4501469,18.4398712],[77.4501467,18.4398711],[77.4501467,18.4398711],[77.4501463,18.4398711],[77.4501463,18.4398711],[77.4501459,18.4398716],[77.4501459,18.4398716],[77.450146,18.4398721],[77.450146,18.4398721],[77.4501469,18.4398703],[77.4501478,18.4398684],[77.4501491,18.4398651],[77.4501514,18.439857],[77.4501545,18.4398467],[77.4501576,18.4398342],[77.4501612,18.439819],[77.450165,18.4398011],[77.4501697,18.4397806],[77.4501746,18.4397571],[77.45018,18.4397307],[77.450186,18.4397018],[77.4501926,18.4396701],[77.4501995,18.4396366],[77.4502063,18.4396033],[77.4502137,18.4395702],[77.4502213,18.4395377],[77.4502292,18.439505],[77.450237,18.4394719],[77.4502446,18.4394388],[77.4502522,18.4394065],[77.4502597,18.4393728],[77.4502676,18.4393394],[77.4502752,18.4393051],[77.4502826,18.4392708],[77.4502904,18.4392371],[77.4502976,18.4392034],[77.4503052,18.4391706],[77.4503129,18.439137],[77.4503206,18.4391037],[77.4503282,18.4390704],[77.4503343,18.4390367],[77.4503402,18.4390035],[77.4503468,18.4389704],[77.4503537,18.4389379],[77.4503615,18.4389052],[77.450369,18.4388723],[77.4503769,18.4388398],[77.4503852,18.4388071],[77.4503929,18.4387745],[77.450401,18.4387419],[77.4504087,18.438709],[77.4504162,18.4386759],[77.4504235,18.4386428],[77.4504308,18.43861],[77.4504393,18.4385776],[77.4504467,18.4385447],[77.4504546,18.4385118],[77.4504614,18.4384784],[77.450468,18.4384447],[77.4504739,18.438411],[77.4504804,18.4383774],[77.4504874,18.438344],[77.4504951,18.4383111],[77.4505025,18.438278],[77.4505102,18.4382459],[77.4505179,18.4382138],[77.4505237,18.4381805],[77.4505306,18.4381477],[77.4505377,18.4381146],[77.450545,18.4380822],[77.4505514,18.4380489],[77.4505579,18.4380153],[77.4505581,18.4380141],[77.4505654,18.4379817],[77.4505729,18.4379481],[77.4505807,18.4379142],[77.4505885,18.4378806],[77.4505963,18.4378476],[77.4506035,18.4378145],[77.4506111,18.4377817],[77.4506199,18.4377488],[77.4506201,18.4377477],[77.4506259,18.4377152],[77.4506308,18.4376802],[77.4506363,18.4376461],[77.4506365,18.437645],[77.4506447,18.4376138],[77.4506554,18.437582],[77.4506559,18.4375809],[77.4506722,18.4375521],[77.4506837,18.4375358],[77.4506901,18.4375229],[77.4506904,18.4375218],[77.4506972,18.4374898],[77.4507035,18.4374566],[77.4507089,18.437423],[77.450709,18.4374219],[77.4507117,18.4373913],[77.4507146,18.4373629],[77.4507172,18.4373371],[77.4507173,18.4373363],[77.4507213,18.4373147],[77.4507239,18.4372942],[77.4507269,18.4372764],[77.450727,18.4372759],[77.4507286,18.4372604],[77.4507287,18.4372598],[77.4507279,18.4372461],[77.4507278,18.4372457],[77.4507302,18.437236],[77.4507302,18.4372357],[77.4507285,18.4372276],[77.4507286,18.4372274],[77.4507298,18.4372227],[77.4507299,18.4372222],[77.4507305,18.4372208],[77.4507308,18.4372206],[77.4507315,18.4372199],[77.4507316,18.4372199],[77.4507323,18.4372196],[77.4507323,18.4372196],[77.4507343,18.4372202],[77.4507344,18.4372203],[77.4507356,18.4372205],[77.4507358,18.4372204],[77.4507361,18.4372204],[77.4507378,18.4372212],[77.4507379,18.4372212],[77.450738,18.4372217],[77.4507379,18.4372217],[77.4507384,18.4372227],[77.4507384,18.4372228],[77.4507385,18.4372237],[77.4507385,18.4372238],[77.4507387,18.4372243],[77.4507393,18.4372248],[77.4507399,18.4372255],[77.4507399,18.4372255],[77.4507424,18.4372267],[77.4507425,18.4372268],[77.4507426,18.4372274],[77.4507425,18.4372274],[77.4507409,18.437227],[77.4507408,18.437227],[77.4507384,18.4372258],[77.4507383,18.4372257],[77.4507357,18.4372246],[77.4507354,18.4372243],[77.4507346,18.4372238],[77.4507319,18.4372226],[77.4507319,18.4372225],[77.450731,18.4372223],[77.450731,18.4372223],[77.4507304,18.4372217],[77.4507302,18.4372214],[77.4507302,18.4372212],[77.4507302,18.4372212],[77.4507314,18.4372216],[77.4507319,18.4372218],[77.4507324,18.4372219],[77.4507324,18.4372219],[77.4507335,18.4372219],[77.4507343,18.4372219],[77.450735,18.4372221],[77.4507367,18.4372228],[77.4507367,18.4372228],[77.450738,18.4372235],[77.450738,18.4372235],[77.450739,18.4372242],[77.4507391,18.4372243],[77.4507411,18.4372257],[77.4507416,18.437226],[77.4507415,18.4372261],[77.4507415,18.4372261],[77.4507405,18.4372256],[77.4507403,18.4372255],[77.4507402,18.4372256],[77.4507401,18.4372256],[77.4507401,18.4372256]]}},{"type":"Feature","properties":{"flight":9,"sol":133,"date":"2021-07-05","max_alt_m":10.0},"geometry":{"type":"LineString","coordinates":[[77.4507943,18.4372308],[77.4507943,18.4372308],[77.4507934,18.4372305],[77.4507933,18.4372305],[77.4507928,18.4372311],[77.4507928,18.4372312],[77.4507927,18.4372336],[77.4507929,18.4372362],[77.4507933,18.4372385],[77.4507933,18.4372387],[77.4507929,18.4372385],[77.4507929,18.4372384],[77.4507918,18.4372373],[77.4507918,18.4372373],[77.4507911,18.4372362],[77.450791,18.4372361],[77.4507904,18.4372349],[77.4507904,18.4372348],[77.4507898,18.4372334],[77.4507892,18.4372318],[77.4507885,18.4372301],[77.4507885,18.43723],[77.4507883,18.4372286],[77.4507883,18.4372285],[77.4507884,18.4372274],[77.4507884,18.4372273],[77.4507887,18.4372265],[77.4507887,18.4372264],[77.4507891,18.4372259],[77.4507891,18.4372259],[77.45079,18.4372259],[77.45079,18.437226],[77.4507909,18.4372263],[77.450791,18.4372264],[77.4507917,18.4372269],[77.4507917,18.4372269],[77.4507925,18.4372274],[77.4507934,18.4372278],[77.4507935,18.4372278],[77.4507938,18.4372283],[77.4507938,18.4372283],[77.4507938,18.4372287],[77.4507938,18.4372287],[77.4507932,18.4372291],[77.4507925,18.4372294],[77.4507918,18.4372298],[77.4507917,18.4372298],[77.450791,18.4372303],[77.4507909,18.4372303],[77.4507904,18.4372312],[77.4507903,18.4372313],[77.4507895,18.4372313],[77.4507894,18.4372313],[77.4507865,18.437228],[77.4507862,18.4372277],[77.4507824,18.4372229],[77.450777,18.4372148],[77.4507708,18.4372051],[77.4507633,18.4371929],[77.4507537,18.4371781],[77.4507424,18.4371607],[77.4507292,18.4371408],[77.4507145,18.4371186],[77.4506983,18.437094],[77.4506808,18.4370676],[77.4506617,18.4370392],[77.4506414,18.4370089],[77.4506199,18.4369769],[77.4505972,18.4369436],[77.4505742,18.43691],[77.4505514,18.436877],[77.4505275,18.4368433],[77.4505024,18.4368087],[77.4504776,18.4367744],[77.4504533,18.4367406],[77.4504301,18.4367089],[77.4504085,18.4366792],[77.4503893,18.4366515],[77.4503725,18.4366266],[77.4503585,18.4366046],[77.4503464,18.4365858],[77.450336,18.4365684],[77.4503357,18.4365679],[77.450326,18.4365534],[77.4503173,18.4365404],[77.4503108,18.4365298],[77.4503106,18.4365295],[77.4503074,18.4365232],[77.4503074,18.436523],[77.4503074,18.4365201],[77.4503074,18.43652],[77.4503084,18.4365202],[77.4503085,18.4365203],[77.450313,18.4365222],[77.4503131,18.4365223],[77.4503132,18.4365226],[77.4503131,18.4365226],[77.4503111,18.43652],[77.4503105,18.4365189],[77.4503077,18.4365154],[77.4503016,18.4365085],[77.4502944,18.4365002],[77.4502858,18.4364902],[77.4502758,18.4364783],[77.4502644,18.4364643],[77.4502512,18.4364478],[77.4502366,18.4364289],[77.4502207,18.4364073],[77.4502039,18.4363837],[77.450186,18.4363578],[77.4501669,18.4363299],[77.4501464,18.4362997],[77.4501246,18.4362668],[77.4501017,18.4362325],[77.4500775,18.436197],[77.4500534,18.4361611],[77.4500291,18.4361246],[77.4500039,18.4360872],[77.449978,18.4360508],[77.4499532,18.4360163],[77.4499291,18.4359817],[77.4499059,18.4359455],[77.4498819,18.4359093],[77.4498568,18.4358731],[77.449832,18.4358371],[77.4498074,18.4358012],[77.4497829,18.4357655],[77.4497578,18.4357293],[77.4497307,18.4356919],[77.4497027,18.4356543],[77.4496738,18.4356169],[77.4496471,18.435581],[77.4496226,18.4355465],[77.4496015,18.4355127],[77.4495828,18.4354798],[77.4495644,18.4354476],[77.4495453,18.4354162],[77.4495262,18.4353851],[77.4495057,18.4353527],[77.4494832,18.4353182],[77.4494589,18.4352841],[77.449433,18.4352501],[77.4494058,18.4352173],[77.4493786,18.4351848],[77.4493777,18.4351837],[77.4493539,18.4351507],[77.4493298,18.4351159],[77.4493045,18.4350808],[77.4492796,18.4350451],[77.4492552,18.4350087],[77.449231,18.4349721],[77.4492069,18.4349353],[77.4491815,18.4348981],[77.4491557,18.4348607],[77.4491315,18.4348233],[77.4491072,18.4347858],[77.4490824,18.4347482],[77.4490815,18.4347469],[77.4490555,18.434712],[77.4490262,18.4346776],[77.4490253,18.4346764],[77.4489993,18.4346425],[77.4489747,18.4346067],[77.4489519,18.4345703],[77.4489298,18.4345336],[77.4489068,18.4344967],[77.4488832,18.43446],[77.4488591,18.4344233],[77.4488334,18.4343881],[77.4488062,18.4343543],[77.4487806,18.4343198],[77.4487567,18.4342846],[77.4487346,18.4342491],[77.448713,18.4342135],[77.4486905,18.4341779],[77.4486669,18.4341423],[77.4486415,18.4341069],[77.4486167,18.4340713],[77.4485924,18.4340355],[77.4485664,18.4340005],[77.44854,18.4339658],[77.4485392,18.4339646],[77.4485165,18.4339298],[77.4484934,18.4338937],[77.4484691,18.4338587],[77.4484446,18.4338238],[77.4484204,18.4337887],[77.4483968,18.4337539],[77.4483737,18.4337193],[77.4483487,18.433685],[77.4483226,18.4336508],[77.4482963,18.4336166],[77.4482709,18.4335822],[77.4482478,18.4335474],[77.4482228,18.4335133],[77.4482221,18.4335121],[77.4482038,18.4334764],[77.4482032,18.4334752],[77.448182,18.4334398],[77.4481578,18.4334032],[77.448157,18.433402],[77.4481363,18.4333654],[77.4481153,18.4333274],[77.4480931,18.4332902],[77.4480923,18.433289],[77.4480688,18.433254],[77.4480407,18.4332192],[77.4480397,18.433218],[77.448014,18.4331841],[77.4479899,18.4331483],[77.447966,18.4331123],[77.4479422,18.433076],[77.4479187,18.4330382],[77.447894,18.4330008],[77.4478931,18.4329996],[77.4478654,18.4329661],[77.4478363,18.4329321],[77.4478082,18.4328982],[77.4477803,18.4328646],[77.4477525,18.4328311],[77.4477517,18.43283],[77.4477284,18.4327963],[77.4477066,18.4327605],[77.4476859,18.4327241],[77.4476853,18.4327229],[77.4476638,18.4326889],[77.4476629,18.4326878],[77.4476351,18.4326574],[77.4476063,18.4326265],[77.4475794,18.4325953],[77.4475785,18.4325942],[77.4475573,18.4325626],[77.4475389,18.4325286],[77.4475381,18.4325276],[77.4475094,18.4324977],[77.4475081,18.4324967],[77.4474691,18.4324678],[77.447465,18.4324649],[77.4474231,18.4324389],[77.4474215,18.432438],[77.4473792,18.4324097],[77.4473779,18.4324087],[77.4473458,18.4323777],[77.4473155,18.4323452],[77.4472869,18.432313],[77.4472594,18.43228],[77.4472333,18.4322462],[77.4472325,18.432245],[77.4472105,18.4322108],[77.4471892,18.4321744],[77.4471669,18.4321379],[77.4471451,18.4321006],[77.4471248,18.4320622],[77.4471047,18.4320239],[77.4470848,18.4319862],[77.4470653,18.4319486],[77.4470463,18.4319112],[77.4470265,18.4318744],[77.4470069,18.4318376],[77.4469886,18.4317993],[77.4469702,18.4317608],[77.4469513,18.4317224],[77.4469316,18.4316844],[77.4469111,18.4316467],[77.4468922,18.4316076],[77.4468742,18.4315677],[77.4468544,18.4315293],[77.4468333,18.4314914],[77.4468107,18.4314531],[77.4467866,18.431415],[77.4467606,18.4313772],[77.4467351,18.4313414],[77.4467102,18.4313075],[77.4466855,18.4312725],[77.4466598,18.4312371],[77.4466589,18.431236],[77.4466283,18.4312025],[77.4466272,18.4312014],[77.4465975,18.4311684],[77.4465967,18.4311673],[77.4465747,18.4311342],[77.446554,18.4310982],[77.4465357,18.4310623],[77.4465162,18.4310267],[77.4464955,18.4309916],[77.446476,18.4309572],[77.4464572,18.4309234],[77.4464379,18.4308905],[77.4464191,18.4308577],[77.4464016,18.430824],[77.4463833,18.4307906],[77.4463632,18.4307578],[77.4463437,18.4307239],[77.4463246,18.4306891],[77.4463239,18.4306879],[77.4463025,18.4306549],[77.4462776,18.4306212],[77.4462767,18.43062],[77.4462493,18.4305875],[77.4462204,18.4305534],[77.4461934,18.4305185],[77.4461925,18.4305174],[77.4461634,18.4304853],[77.446131,18.430453],[77.4460991,18.4304201],[77.4460683,18.4303862],[77.4460673,18.4303851],[77.4460415,18.4303502],[77.4460158,18.4303133],[77.4460149,18.4303121],[77.4459864,18.4302776],[77.4459854,18.4302764],[77.4459581,18.4302416],[77.4459329,18.4302048],[77.4459321,18.4302035],[77.4459114,18.4301652],[77.4458934,18.4301221],[77.4458751,18.4300769],[77.4458562,18.430032],[77.4458555,18.4300307],[77.445834,18.4299967],[77.4458098,18.4299648],[77.4457844,18.4299325],[77.4457589,18.4298999],[77.4457507,18.4298867],[77.4457343,18.4298657],[77.4457332,18.4298647],[77.4456834,18.4298455],[77.4456267,18.4298273],[77.445625,18.4298266],[77.4455822,18.4298033],[77.4455442,18.4297748],[77.445505,18.4297461],[77.4454673,18.4297163],[77.4454325,18.4296853],[77.4453997,18.4296538],[77.4453686,18.4296223],[77.4453366,18.4295895],[77.4453036,18.4295555],[77.4452722,18.4295206],[77.4452429,18.429485],[77.445242,18.4294838],[77.4452174,18.4294501],[77.4452165,18.429449],[77.4451919,18.4294168],[77.4451636,18.4293859],[77.4451339,18.4293552],[77.4451032,18.4293232],[77.4450717,18.4292888],[77.4450373,18.4292537],[77.4450362,18.4292525],[77.4450067,18.4292181],[77.4450057,18.4292169],[77.4449804,18.4291813],[77.4449797,18.42918],[77.4449605,18.4291435],[77.4449438,18.4291052],[77.4449295,18.4290666],[77.4449154,18.4290282],[77.4449013,18.4289902],[77.4448868,18.4289519],[77.4448721,18.4289134],[77.4448571,18.4288741],[77.4448419,18.4288345],[77.4448262,18.4287951],[77.4448102,18.4287561],[77.4447938,18.4287175],[77.444779,18.4286804],[77.444766,18.4286448],[77.4447537,18.428612],[77.4447424,18.4285815],[77.4447338,18.4285532],[77.4447259,18.4285265],[77.4447256,18.4285256],[77.4447202,18.4285014],[77.4447164,18.4284783],[77.4447125,18.4284574],[77.4447124,18.4284567],[77.4447131,18.4284387],[77.4447151,18.4284219],[77.4447171,18.4284082],[77.4447193,18.4283977],[77.4447209,18.4283922],[77.4447209,18.428392],[77.4447231,18.4283884],[77.4447232,18.4283883],[77.4447301,18.4283859],[77.4447305,18.4283857],[77.4447343,18.4283836],[77.4447344,18.4283835],[77.444736,18.4283822],[77.4447361,18.4283817],[77.4447371,18.4283809],[77.4447408,18.4283788],[77.4447409,18.4283787],[77.4447427,18.4283768],[77.4447432,18.4283761],[77.4447441,18.428375],[77.4447441,18.4283749],[77.4447461,18.4283737],[77.4447485,18.4283726],[77.4447486,18.4283725],[77.4447506,18.4283714],[77.4447506,18.4283713],[77.4447542,18.42837],[77.444758,18.4283689],[77.4447583,18.4283688],[77.44476,18.4283682],[77.4447601,18.4283681],[77.444761,18.4283678],[77.4447611,18.4283678],[77.4447605,18.4283686],[77.4447604,18.4283686],[77.4447632,18.4283683],[77.4447634,18.4283683],[77.4447653,18.4283681],[77.4447654,18.4283681],[77.4447678,18.4283677],[77.444772,18.4283665],[77.4447722,18.4283664],[77.444774,18.4283657],[77.4447741,18.4283657],[77.4447742,18.4283654],[77.4447742,18.4283654],[77.4447743,18.4283655],[77.4447743,18.4283655],[77.4447744,18.4283657],[77.4447744,18.4283657],[77.4447744,18.4283657]]}},{"type":"Feature","properties":{"flight":10,"sol":152,"date":"2021-07-24","max_alt_m":12.0},"geometry":{"type":"LineString","coordinates":[[77.445444,18.4280638],[77.445444,18.4280638],[77.4454438,18.4280631],[77.4454438,18.428063],[77.4454435,18.4280625],[77.4454435,18.4280625],[77.445443,18.4280624],[77.445443,18.4280624],[77.4454426,18.4280625],[77.4454426,18.4280625],[77.4454426,18.4280628],[77.4454426,18.4280628],[77.4454425,18.4280628],[77.4454425,18.4280628],[77.4454425,18.4280628],[77.4454425,18.4280628],[77.4454427,18.4280628],[77.4454427,18.4280628],[77.4454432,18.4280629],[77.4454439,18.4280631],[77.445444,18.4280631],[77.4454446,18.4280631],[77.4454446,18.4280631],[77.4454446,18.4280627],[77.4454445,18.4280623],[77.4454445,18.4280623],[77.4454443,18.4280618],[77.4454443,18.4280618],[77.4454437,18.4280611],[77.4454436,18.4280611],[77.4454427,18.4280604],[77.4454426,18.4280603],[77.4454417,18.4280598],[77.4454408,18.4280593],[77.4454402,18.4280589],[77.4454402,18.4280589],[77.4454399,18.4280589],[77.4454399,18.4280589],[77.44544,18.4280596],[77.44544,18.4280596],[77.4454401,18.4280603],[77.4454401,18.4280604],[77.4454403,18.4280611],[77.4454403,18.4280611],[77.4454408,18.4280614],[77.445441,18.4280615],[77.4454413,18.4280616],[77.4454413,18.4280616],[77.4454415,18.4280619],[77.4454415,18.4280619],[77.4454417,18.428062],[77.4454417,18.428062],[77.445442,18.4280618],[77.445442,18.4280617],[77.4454421,18.4280617],[77.445442,18.4280616],[77.445442,18.4280616],[77.4454422,18.4280618],[77.4454426,18.4280624],[77.4454427,18.4280625],[77.4454417,18.4280602],[77.4454388,18.4280537],[77.4454351,18.4280446],[77.4454304,18.4280328],[77.4454251,18.4280191],[77.4454186,18.4280032],[77.4454102,18.4279848],[77.4454009,18.4279644],[77.4453905,18.4279417],[77.4453785,18.4279164],[77.4453652,18.4278881],[77.4453508,18.4278567],[77.4453353,18.4278226],[77.4453187,18.427786],[77.4453014,18.4277483],[77.4452835,18.4277097],[77.4452659,18.4276711],[77.4452486,18.4276324],[77.4452313,18.4275932],[77.4452144,18.4275548],[77.4451977,18.4275184],[77.4451826,18.4274848],[77.4451692,18.4274543],[77.4451574,18.4274265],[77.445147,18.4274011],[77.4451369,18.4273782],[77.4451277,18.4273576],[77.4451202,18.4273398],[77.4451139,18.4273245],[77.4451086,18.4273115],[77.4451046,18.4273012],[77.4451018,18.4272928],[77.4451018,18.4272926],[77.4450993,18.4272876],[77.4450991,18.4272873],[77.445097,18.4272842],[77.445097,18.4272842],[77.4450954,18.4272839],[77.4450945,18.4272838],[77.4450945,18.4272838],[77.4450956,18.4272828],[77.445097,18.4272814],[77.4450979,18.4272807],[77.4450981,18.4272805],[77.4450981,18.4272805],[77.4450978,18.4272808],[77.4450978,18.4272808],[77.4450976,18.4272813],[77.4450976,18.4272815],[77.4450975,18.427282],[77.4450975,18.427282],[77.4450971,18.4272822],[77.4450969,18.4272825],[77.4450967,18.4272828],[77.4450967,18.4272829],[77.4450948,18.4272835],[77.4450947,18.4272835],[77.4450916,18.427284],[77.4450866,18.4272844],[77.4450793,18.4272844],[77.4450682,18.4272841],[77.4450549,18.4272837],[77.4450399,18.4272835],[77.4450273,18.4272832],[77.4450175,18.427283],[77.4450173,18.427283],[77.4450114,18.4272831],[77.4450074,18.4272835],[77.4450073,18.4272835],[77.4450045,18.4272841],[77.4450044,18.4272841],[77.445004,18.4272849],[77.445004,18.4272849],[77.4450042,18.4272856],[77.4450042,18.4272856],[77.445005,18.4272856],[77.4450051,18.4272855],[77.4450055,18.4272855],[77.4450055,18.4272854],[77.4450049,18.4272854],[77.4450036,18.4272855],[77.4450035,18.4272855],[77.4449986,18.4272853],[77.4449908,18.4272852],[77.4449802,18.4272851],[77.4449668,18.427285],[77.4449497,18.4272849],[77.4449296,18.4272847],[77.4449063,18.4272845],[77.4448814,18.4272847],[77.444854,18.4272848],[77.4448226,18.4272849],[77.4447903,18.4272844],[77.4447576,18.4272844],[77.4447254,18.4272839],[77.4446936,18.4272828],[77.4446608,18.4272822],[77.444628,18.4272826],[77.4445978,18.4272836],[77.4445707,18.4272856],[77.4445699,18.4272856],[77.444547,18.4272891],[77.4445463,18.4272892],[77.4445281,18.4272907],[77.4445276,18.4272907],[77.4445133,18.4272893],[77.4445019,18.4272879],[77.4444931,18.4272865],[77.4444882,18.4272859],[77.4444851,18.4272855],[77.4444832,18.4272853],[77.4444826,18.4272852],[77.4444826,18.4272852],[77.4444832,18.4272853],[77.4444832,18.4272853],[77.4444841,18.4272851],[77.4444842,18.4272851],[77.444485,18.4272848],[77.444485,18.4272848],[77.4444846,18.4272848],[77.4444845,18.4272849],[77.4444825,18.427285],[77.4444824,18.4272849],[77.4444785,18.4272846],[77.4444717,18.4272843],[77.4444621,18.427284],[77.4444618,18.427284],[77.4444497,18.4272843],[77.4444336,18.4272858],[77.444433,18.4272858],[77.4444184,18.4272863],[77.4444047,18.427286],[77.4444043,18.427286],[77.4443932,18.4272846],[77.4443835,18.4272822],[77.4443832,18.4272822],[77.4443761,18.4272816],[77.444371,18.4272809],[77.4443709,18.4272809],[77.444368,18.4272803],[77.4443679,18.4272803],[77.444366,18.4272802],[77.4443659,18.4272802],[77.4443646,18.4272806],[77.4443646,18.4272806],[77.4443642,18.4272811],[77.4443639,18.4272817],[77.4443639,18.4272818],[77.444363,18.4272824],[77.4443629,18.4272824],[77.4443603,18.4272829],[77.4443601,18.427283],[77.4443558,18.4272834],[77.4443487,18.4272838],[77.4443383,18.4272844],[77.4443252,18.4272846],[77.444309,18.4272844],[77.4442899,18.427284],[77.4442673,18.4272834],[77.4442415,18.4272829],[77.4442124,18.4272823],[77.4441806,18.4272818],[77.444146,18.4272814],[77.4441079,18.4272813],[77.4440689,18.4272813],[77.4440298,18.4272818],[77.4439924,18.4272823],[77.4439566,18.4272829],[77.4439235,18.4272838],[77.4438929,18.4272848],[77.4438651,18.4272855],[77.4438404,18.427286],[77.4438185,18.4272864],[77.4438001,18.4272867],[77.4437847,18.4272869],[77.4437727,18.4272872],[77.4437636,18.4272874],[77.4437579,18.4272874],[77.4437578,18.4272874],[77.4437547,18.4272871],[77.4437547,18.4272871],[77.4437537,18.4272869],[77.4437536,18.4272868],[77.4437535,18.4272867],[77.4437535,18.4272867],[77.4437549,18.4272866],[77.443755,18.4272866],[77.4437565,18.4272868],[77.4437567,18.4272868],[77.443758,18.4272875],[77.443758,18.4272875],[77.4437588,18.4272875],[77.4437588,18.4272875],[77.4437592,18.4272872],[77.4437592,18.4272872],[77.4437591,18.4272866],[77.4437591,18.4272866],[77.4437591,18.4272855],[77.4437593,18.4272846],[77.4437594,18.4272844],[77.4437593,18.4272844],[77.4437583,18.4272851],[77.4437583,18.4272852],[77.4437566,18.4272865],[77.4437531,18.4272894],[77.4437529,18.4272895],[77.4437471,18.4272935],[77.4437379,18.4272991],[77.4437265,18.427307],[77.443714,18.4273157],[77.4437019,18.4273239],[77.4436916,18.4273312],[77.4436832,18.4273375],[77.4436776,18.4273414],[77.4436738,18.4273439],[77.4436737,18.427344],[77.4436721,18.4273454],[77.4436713,18.4273461],[77.4436713,18.4273461],[77.4436713,18.4273457],[77.4436713,18.4273457],[77.4436715,18.4273448],[77.4436722,18.427343],[77.4436723,18.4273429],[77.4436726,18.4273415],[77.4436726,18.4273415],[77.4436723,18.4273406],[77.4436723,18.4273406],[77.443671,18.4273409],[77.4436709,18.427341],[77.4436668,18.4273431],[77.4436666,18.4273432],[77.443661,18.4273471],[77.4436527,18.4273535],[77.4436417,18.4273611],[77.4436281,18.4273703],[77.4436123,18.4273814],[77.443594,18.4273943],[77.4435728,18.4274091],[77.4435495,18.4274249],[77.4435238,18.4274418],[77.4434964,18.4274607],[77.4434668,18.4274815],[77.4434341,18.4275042],[77.4433995,18.4275276],[77.4433634,18.4275513],[77.4433268,18.4275759],[77.4432902,18.4276013],[77.4432546,18.427626],[77.4432202,18.4276499],[77.4431881,18.4276728],[77.4431577,18.4276939],[77.4431285,18.4277123],[77.4431023,18.4277294],[77.4430791,18.4277455],[77.4430587,18.4277598],[77.4430406,18.4277725],[77.4430245,18.4277831],[77.4430107,18.4277922],[77.4430003,18.4278],[77.4429926,18.427806],[77.4429866,18.4278103],[77.4429865,18.4278104],[77.4429841,18.4278128],[77.442984,18.4278128],[77.4429833,18.4278143],[77.4429833,18.4278143],[77.4429822,18.4278139],[77.4429821,18.4278138],[77.4429809,18.4278119],[77.4429808,18.4278118],[77.4429811,18.4278111],[77.4429811,18.4278111],[77.4429815,18.4278106],[77.4429815,18.4278106],[77.4429817,18.4278104],[77.4429817,18.4278104],[77.4429815,18.4278105],[77.4429815,18.4278105],[77.4429786,18.4278116],[77.4429784,18.4278117],[77.4429742,18.427814],[77.442974,18.4278141],[77.4429681,18.427819],[77.4429679,18.4278192],[77.4429593,18.4278245],[77.4429471,18.4278308],[77.4429467,18.427831],[77.4429355,18.4278384],[77.4429351,18.4278386],[77.4429258,18.4278456],[77.4429256,18.4278458],[77.44292,18.4278511],[77.4429198,18.4278513],[77.442917,18.4278551],[77.4429169,18.4278552],[77.4429158,18.4278575],[77.4429157,18.4278577],[77.4429151,18.4278589],[77.4429146,18.4278595],[77.4429146,18.4278596],[77.442915,18.4278596],[77.442915,18.4278596],[77.4429161,18.4278594],[77.4429161,18.4278594],[77.4429169,18.427859],[77.442917,18.427859],[77.4429171,18.4278584],[77.4429171,18.4278584],[77.4429162,18.4278579],[77.4429162,18.4278579],[77.4429156,18.4278577],[77.4429156,18.4278577],[77.4429154,18.4278582],[77.4429154,18.4278582],[77.4429155,18.4278587],[77.4429157,18.427859],[77.4429159,18.4278594],[77.4429159,18.4278594],[77.4429159,18.42786],[77.4429159,18.42786],[77.4429156,18.4278606],[77.4429156,18.4278606],[77.442915,18.4278607],[77.4429149,18.4278607],[77.4429144,18.4278608],[77.4429144,18.4278608],[77.4429147,18.4278599],[77.4429147,18.4278599],[77.4429164,18.4278598],[77.4429166,18.4278599],[77.4429253,18.4278631],[77.4429365,18.4278675],[77.4429507,18.427873],[77.4429668,18.4278785],[77.4429855,18.4278843],[77.4430063,18.4278901],[77.4430301,18.4278968],[77.4430578,18.4279054],[77.4430873,18.4279142],[77.4431187,18.4279236],[77.4431534,18.4279342],[77.4431917,18.4279459],[77.4432332,18.4279586],[77.4432761,18.4279717],[77.443316,18.4279837],[77.4433555,18.4279955],[77.4433959,18.4280078],[77.4434351,18.42802],[77.4434728,18.4280321],[77.4435087,18.4280436],[77.4435428,18.4280546],[77.4435752,18.4280648],[77.4436055,18.4280741],[77.4436335,18.4280826],[77.4436587,18.42809],[77.4436814,18.4280966],[77.4437011,18.4281021],[77.4437183,18.4281065],[77.4437326,18.4281104],[77.4437443,18.4281136],[77.443753,18.4281153],[77.4437589,18.4281164],[77.4437621,18.4281171],[77.4437622,18.4281171],[77.4437642,18.4281172],[77.4437642,18.4281172],[77.4437657,18.4281171],[77.4437658,18.4281171],[77.4437656,18.4281174],[77.4437648,18.4281177],[77.4437644,18.4281179],[77.4437636,18.4281183],[77.4437618,18.428119],[77.4437618,18.428119],[77.4437605,18.4281196],[77.4437604,18.4281196],[77.4437598,18.4281186],[77.4437598,18.4281186],[77.4437587,18.4281192],[77.4437587,18.4281193],[77.4437576,18.42812],[77.4437566,18.4281205],[77.4437566,18.4281205],[77.4437561,18.4281209],[77.4437561,18.4281209],[77.4437563,18.4281213],[77.4437564,18.4281215],[77.4437567,18.4281216],[77.4437567,18.4281216],[77.443757,18.4281216],[77.443757,18.4281216],[77.4437575,18.4281214],[77.4437576,18.4281213],[77.443758,18.428121],[77.4437581,18.428121],[77.4437584,18.4281206],[77.4437585,18.4281205],[77.4437584,18.4281205],[77.4437583,18.4281205],[77.4437583,18.4281202],[77.4437583,18.4281201],[77.4437583,18.42812],[77.4437583,18.4281199],[77.4437584,18.4281197],[77.4437587,18.4281189],[77.4437587,18.4281188],[77.4437593,18.4281176],[77.4437593,18.4281176],[77.4437603,18.4281164],[77.4437604,18.4281164],[77.4437607,18.4281164],[77.4437608,18.4281164],[77.4437608,18.4281173],[77.4437608,18.4281174],[77.4437607,18.4281183]]}},{"type":"Feature","properties":{"flight":11,"sol":163,"date":"2021-08-04","max_alt_m":12.0},"geometry":{"type":"LineString","coordinates":[[77.4437069,18.4280615],[77.4437068,18.4280616],[77.443705,18.428062],[77.4437049,18.428062],[77.443704,18.4280629],[77.4437038,18.4280634],[77.4437034,18.428064],[77.4437033,18.4280641],[77.4437026,18.4280649],[77.4437025,18.4280649],[77.4437014,18.4280651],[77.4437013,18.4280651],[77.4437002,18.428065],[77.4437001,18.428065],[77.4436993,18.4280647],[77.4436993,18.4280647],[77.4436989,18.4280645],[77.4436989,18.4280645],[77.443699,18.4280641],[77.443699,18.4280641],[77.4436994,18.4280639],[77.4436994,18.4280639],[77.4436999,18.428064],[77.4436999,18.428064],[77.4437004,18.4280638],[77.4437004,18.4280638],[77.4437008,18.4280637],[77.4437009,18.4280637],[77.4437013,18.4280635],[77.4437013,18.4280635],[77.443702,18.4280629],[77.4437027,18.4280623],[77.4437028,18.4280622],[77.4437034,18.4280618],[77.4437041,18.4280614],[77.4437041,18.4280614],[77.443705,18.4280606],[77.4437051,18.4280606],[77.4437059,18.4280601],[77.443706,18.4280601],[77.4437067,18.4280601],[77.4437067,18.4280601],[77.4437073,18.4280602],[77.4437073,18.4280602],[77.4437078,18.4280601],[77.4437078,18.4280601],[77.4437082,18.42806],[77.4437082,18.42806],[77.4437083,18.42806],[77.4437083,18.42806],[77.443708,18.42806],[77.4437077,18.4280601],[77.4437077,18.4280601],[77.4437076,18.4280601],[77.4437076,18.4280601],[77.4437075,18.42806],[77.4437075,18.4280599],[77.4437074,18.4280598],[77.4437073,18.4280598],[77.4437071,18.4280597],[77.4437071,18.4280597],[77.4437069,18.4280596],[77.4437069,18.4280596],[77.4437065,18.4280595],[77.4437064,18.4280595],[77.443706,18.428059],[77.4437059,18.428059],[77.4437057,18.4280581],[77.4437058,18.4280581],[77.4437066,18.4280569],[77.4437067,18.4280568],[77.4437088,18.4280552],[77.443709,18.4280552],[77.4437121,18.4280542],[77.4437148,18.4280538],[77.4437148,18.4280538],[77.4437141,18.4280552],[77.443714,18.4280554],[77.4437129,18.428057],[77.4437129,18.4280571],[77.4437115,18.4280589],[77.4437115,18.428059],[77.4437105,18.4280616],[77.4437104,18.4280617],[77.4437078,18.4280653],[77.4437076,18.4280654],[77.4437031,18.4280699],[77.4436963,18.4280756],[77.4436881,18.428083],[77.4436783,18.428092],[77.4436669,18.428103],[77.4436538,18.4281161],[77.4436385,18.4281317],[77.4436218,18.4281488],[77.4436033,18.4281682],[77.4435826,18.4281899],[77.4435604,18.4282137],[77.4435364,18.4282396],[77.4435101,18.4282678],[77.4434813,18.4282979],[77.4434524,18.4283288],[77.4434238,18.42836],[77.4433951,18.4283918],[77.4433659,18.4284235],[77.4433359,18.4284552],[77.4433051,18.4284866],[77.443274,18.4285178],[77.4432432,18.4285489],[77.4432128,18.42858],[77.4431825,18.428611],[77.4431523,18.4286423],[77.4431219,18.4286733],[77.4430912,18.4287039],[77.4430614,18.4287353],[77.4430308,18.4287662],[77.4430006,18.4287974],[77.442971,18.4288288],[77.4429412,18.4288608],[77.4429112,18.4288926],[77.4428808,18.4289239],[77.4428512,18.4289552],[77.4428214,18.428986],[77.4427913,18.4290166],[77.4427614,18.4290476],[77.4427314,18.4290788],[77.4427012,18.4291102],[77.4426712,18.4291421],[77.4426702,18.4291432],[77.4426443,18.429176],[77.4426434,18.4291772],[77.4426148,18.4292083],[77.4425831,18.4292392],[77.4425514,18.42927],[77.4425504,18.4292711],[77.4425223,18.4293025],[77.4424936,18.4293349],[77.4424635,18.4293666],[77.4424624,18.4293677],[77.442433,18.429398],[77.442432,18.429399],[77.4424017,18.429428],[77.4423704,18.4294574],[77.4423405,18.4294874],[77.4423107,18.4295179],[77.4422813,18.4295496],[77.4422803,18.4295507],[77.4422511,18.4295813],[77.44225,18.4295822],[77.442215,18.429608],[77.4422138,18.4296089],[77.4421842,18.429639],[77.4421562,18.4296725],[77.4421283,18.4297048],[77.4421001,18.4297371],[77.4420718,18.4297692],[77.442043,18.429801],[77.4420128,18.4298322],[77.4419816,18.4298627],[77.4419511,18.4298939],[77.4419224,18.4299265],[77.4418915,18.4299575],[77.4418905,18.4299585],[77.4418581,18.429986],[77.441857,18.429987],[77.4418277,18.4300165],[77.4417995,18.430049],[77.4417713,18.4300811],[77.4417424,18.4301127],[77.4417124,18.4301435],[77.441681,18.4301737],[77.4416512,18.4302044],[77.4416227,18.4302354],[77.4415935,18.4302653],[77.4415647,18.4302964],[77.441536,18.4303285],[77.4415072,18.4303614],[77.4414774,18.4303929],[77.441448,18.4304248],[77.4414181,18.4304565],[77.4413856,18.4304871],[77.4413547,18.4305181],[77.4413253,18.4305499],[77.4412976,18.4305834],[77.4412722,18.4306196],[77.4412712,18.4306207],[77.441242,18.430652],[77.441241,18.430653],[77.4412091,18.4306821],[77.4411738,18.4307094],[77.4411727,18.4307104],[77.4411408,18.4307385],[77.4411078,18.4307673],[77.4410751,18.4307958],[77.4410741,18.4307969],[77.4410464,18.4308276],[77.4410455,18.4308287],[77.4410211,18.4308628],[77.4410203,18.430864],[77.4409954,18.4308981],[77.4409944,18.4308992],[77.4409645,18.4309297],[77.4409634,18.4309306],[77.4409291,18.4309569],[77.4409279,18.4309577],[77.4408945,18.4309846],[77.4408934,18.4309856],[77.4408644,18.4310158],[77.4408636,18.431017],[77.4408431,18.4310544],[77.4408423,18.4310555],[77.4408062,18.4310772],[77.4408046,18.4310778],[77.4407675,18.4310992],[77.4407666,18.4311002],[77.4407423,18.4311338],[77.4407414,18.4311349],[77.4407131,18.4311651],[77.4406828,18.4311962],[77.4406818,18.4311973],[77.4406514,18.4312267],[77.4406504,18.4312277],[77.4406236,18.4312603],[77.4405956,18.4312946],[77.4405688,18.4313295],[77.4405439,18.4313655],[77.440543,18.4313667],[77.4405155,18.4314007],[77.4404874,18.4314352],[77.4404595,18.4314687],[77.4404294,18.4315007],[77.4404007,18.4315323],[77.4403737,18.4315634],[77.4403478,18.4315938],[77.4403469,18.4315948],[77.4403178,18.4316216],[77.4402859,18.4316491],[77.4402532,18.4316771],[77.440221,18.4317063],[77.44022,18.4317073],[77.4401912,18.431738],[77.440162,18.4317708],[77.4401324,18.4318036],[77.4401025,18.4318358],[77.4400729,18.4318675],[77.440043,18.4318984],[77.4400102,18.4319271],[77.4400091,18.4319281],[77.4399786,18.431958],[77.4399776,18.4319591],[77.4399425,18.431985],[77.4399296,18.4319916],[77.4399027,18.4320087],[77.4399016,18.4320096],[77.4398728,18.4320411],[77.439872,18.4320423],[77.4398563,18.4320834],[77.4398559,18.432085],[77.439839,18.4321249],[77.4398379,18.432126],[77.439799,18.4321533],[77.4397977,18.4321543],[77.4397649,18.4321817],[77.4397638,18.4321827],[77.4397292,18.4322089],[77.4397279,18.4322098],[77.4396947,18.4322372],[77.4396939,18.4322383],[77.4396747,18.4322768],[77.439674,18.4322781],[77.4396467,18.4323068],[77.4396113,18.4323316],[77.4395971,18.4323402],[77.4395746,18.4323563],[77.4395736,18.4323573],[77.439551,18.4323903],[77.4395503,18.4323916],[77.4395265,18.4324242],[77.4395256,18.4324253],[77.4394979,18.4324551],[77.4394969,18.4324561],[77.4394664,18.4324839],[77.4394608,18.4324884],[77.439434,18.4325127],[77.4394036,18.4325429],[77.4393752,18.4325727],[77.4393493,18.4326012],[77.4393237,18.4326277],[77.4392992,18.4326526],[77.4392793,18.4326774],[77.4392787,18.4326782],[77.4392584,18.4326976],[77.4392577,18.4326982],[77.4392408,18.4327158],[77.4392403,18.4327164],[77.4392282,18.4327332],[77.4392278,18.4327338],[77.4392185,18.4327496],[77.4392182,18.4327501],[77.4392069,18.4327605],[77.4392051,18.4327616],[77.4391969,18.4327688],[77.4391968,18.4327691],[77.4391932,18.4327778],[77.4391931,18.4327781],[77.4391869,18.4327821],[77.4391866,18.4327822],[77.4391818,18.4327831],[77.4391816,18.4327831],[77.4391795,18.432783],[77.4391795,18.432783],[77.4391791,18.4327831],[77.4391791,18.4327831],[77.4391791,18.4327816],[77.4391791,18.4327814],[77.4391796,18.4327798],[77.4391844,18.4327826],[77.4391845,18.4327827],[77.439184,18.4327831],[77.4391839,18.4327831],[77.439183,18.4327832],[77.4391819,18.432783],[77.4391819,18.4327829],[77.4391796,18.4327812],[77.4391773,18.4327792],[77.4391772,18.4327791],[77.4391691,18.4327701],[77.4391689,18.4327701],[77.4391663,18.4327691],[77.4391663,18.4327691],[77.4391659,18.4327717],[77.4391658,18.432772],[77.4391638,18.4327766],[77.4391614,18.4327786],[77.4391574,18.4327829],[77.4391573,18.4327831],[77.4391522,18.4327932],[77.4391521,18.4327936],[77.4391499,18.4328077],[77.4391499,18.4328083],[77.4391489,18.4328248],[77.4391503,18.4328412],[77.4391502,18.4328416],[77.4391457,18.4328499],[77.4391454,18.4328501],[77.4391384,18.4328529],[77.4391359,18.4328532],[77.4391333,18.4328541],[77.4391334,18.4328541],[77.4391342,18.4328568],[77.4391342,18.432857],[77.4391339,18.4328565],[77.4391326,18.4328549],[77.4391312,18.4328531],[77.4391314,18.4328533],[77.439135,18.4328563],[77.4391348,18.4328563],[77.4391343,18.4328566],[77.4391343,18.4328566],[77.4391363,18.4328581],[77.4391363,18.4328581],[77.4391385,18.4328587],[77.4391386,18.4328587],[77.4391381,18.4328578],[77.4391374,18.4328567],[77.4391374,18.4328566],[77.4391375,18.4328569],[77.4391375,18.4328569],[77.4391374,18.4328574],[77.4391374,18.4328574],[77.4391383,18.4328582],[77.4391383,18.4328583],[77.4391383,18.4328588],[77.4391382,18.4328588],[77.4391353,18.4328565],[77.4391352,18.4328564],[77.4391355,18.4328572],[77.4391357,18.4328575],[77.4391394,18.4328609],[77.4391393,18.4328606],[77.4391392,18.4328602],[77.4391393,18.4328602],[77.4391412,18.4328611],[77.4391414,18.4328612],[77.4391429,18.4328617],[77.439143,18.4328617],[77.4391426,18.4328607],[77.4391379,18.4328556],[77.4391374,18.4328553],[77.4391378,18.4328554],[77.4391378,18.4328554],[77.4391352,18.4328522],[77.4391349,18.4328519],[77.4391271,18.4328452],[77.4391272,18.4328454],[77.4391492,18.4328658],[77.439153,18.4328694],[77.439135,18.4328521],[77.4391086,18.4328248],[77.4391086,18.4328248],[77.4391091,18.4328261],[77.4391091,18.4328261],[77.4391094,18.4328271],[77.4391095,18.4328272],[77.4391094,18.432827],[77.4391092,18.4328269],[77.4391083,18.4328263]]}},{"type":"Feature","properties":{"flight":12,"sol":174,"date":"2021-08-16","max_alt_m":10.0},"geometry":{"type":"LineString","coordinates":[[77.4387658,18.4326464],[77.4387659,18.4326464],[77.438766,18.4326464],[77.438766,18.4326464],[77.438766,18.4326463],[77.438766,18.4326463],[77.4387656,18.4326461],[77.4387656,18.4326461],[77.4387652,18.432646],[77.4387652,18.432646],[77.4387648,18.4326461],[77.4387648,18.4326461],[77.4387647,18.4326463],[77.4387647,18.4326463],[77.4387649,18.4326465],[77.4387649,18.4326465],[77.4387652,18.4326466],[77.4387652,18.4326466],[77.4387656,18.4326466],[77.4387656,18.4326467],[77.4387657,18.4326468],[77.4387658,18.4326468],[77.4387658,18.4326469],[77.4387658,18.4326469],[77.4387658,18.4326468],[77.4387657,18.4326468],[77.4387656,18.4326468],[77.4387656,18.4326468],[77.4387652,18.4326467],[77.4387652,18.4326467],[77.4387649,18.4326467],[77.4387649,18.4326467],[77.4387647,18.4326468],[77.4387647,18.4326468],[77.4387646,18.4326469],[77.4387646,18.4326469],[77.4387647,18.432647],[77.4387647,18.432647],[77.4387649,18.4326471],[77.4387649,18.4326471],[77.4387651,18.4326472],[77.438765,18.4326473],[77.438765,18.4326473],[77.438765,18.4326474],[77.4387654,18.4326474],[77.4387655,18.4326474],[77.4387659,18.4326475],[77.4387659,18.4326475],[77.4387661,18.4326476],[77.4387661,18.4326476],[77.4387663,18.4326477],[77.4387663,18.4326477],[77.4387657,18.4326479],[77.4387657,18.4326479],[77.4387649,18.432648],[77.4387649,18.432648],[77.4387641,18.4326476],[77.438764,18.4326476],[77.4387636,18.4326475],[77.4387636,18.4326475],[77.4387634,18.4326476],[77.4387634,18.4326476],[77.4387634,18.4326475],[77.4387634,18.4326475],[77.4387639,18.4326473],[77.438764,18.4326473],[77.4387672,18.432648],[77.438775,18.43265],[77.4387843,18.4326524],[77.438796,18.4326556],[77.4388103,18.4326595],[77.4388271,18.4326641],[77.4388469,18.4326693],[77.4388695,18.4326754],[77.4388951,18.4326825],[77.4389234,18.4326902],[77.4389545,18.4326986],[77.4389882,18.4327081],[77.4390235,18.4327181],[77.4390597,18.4327285],[77.4390965,18.4327391],[77.4391338,18.4327497],[77.4391713,18.4327606],[77.4392088,18.4327716],[77.4392451,18.4327824],[77.4392813,18.432793],[77.4393179,18.4328036],[77.4393547,18.432814],[77.4393918,18.4328242],[77.4394291,18.4328343],[77.4394665,18.4328444],[77.4395034,18.4328546],[77.4395398,18.4328648],[77.4395753,18.4328756],[77.439611,18.4328865],[77.4396485,18.4328971],[77.4396855,18.432907],[77.4397216,18.432917],[77.4397579,18.4329272],[77.4397946,18.4329372],[77.439831,18.4329471],[77.4398671,18.4329571],[77.4399019,18.4329684],[77.4399371,18.4329795],[77.4399744,18.4329887],[77.4400129,18.4329977],[77.4400523,18.4330065],[77.4400536,18.4330068],[77.4400903,18.4330172],[77.440127,18.4330289],[77.4401611,18.4330413],[77.4401937,18.433053],[77.4401947,18.4330533],[77.4402265,18.43306],[77.4402575,18.4330663],[77.4402584,18.4330666],[77.4402854,18.4330726],[77.4402863,18.4330728],[77.4403101,18.4330788],[77.4403313,18.4330852],[77.440332,18.4330853],[77.44035,18.4330866],[77.440366,18.4330859],[77.4403774,18.4330857],[77.440378,18.4330857],[77.440386,18.4330854],[77.4403862,18.4330853],[77.4403941,18.4330836],[77.4403948,18.4330835],[77.4403971,18.4330832],[77.4403971,18.4330832],[77.4403962,18.4330859],[77.4403962,18.4330862],[77.4403957,18.4330895],[77.4403957,18.4330896],[77.4403971,18.4330939],[77.4403971,18.4330941],[77.440401,18.4330974],[77.4404012,18.4330976],[77.4404083,18.4331011],[77.4404096,18.4331017],[77.4404174,18.433105],[77.4404291,18.4331093],[77.4404438,18.4331143],[77.4404609,18.4331202],[77.4404804,18.4331271],[77.4405024,18.4331351],[77.4405272,18.4331442],[77.4405544,18.4331534],[77.4405843,18.433163],[77.4406169,18.4331737],[77.4406522,18.433184],[77.44069,18.4331929],[77.4407288,18.4332008],[77.4407684,18.4332077],[77.4407696,18.4332079],[77.440803,18.433219],[77.4408339,18.4332357],[77.440835,18.4332362],[77.4408685,18.4332473],[77.4409055,18.4332562],[77.4409426,18.4332658],[77.44098,18.4332753],[77.4410181,18.4332843],[77.4410557,18.4332934],[77.4410924,18.4333028],[77.441129,18.4333127],[77.4411655,18.4333233],[77.4412026,18.433334],[77.4412397,18.4333451],[77.441276,18.4333567],[77.4413124,18.4333678],[77.4413496,18.4333772],[77.4413865,18.4333865],[77.4414227,18.4333957],[77.4414594,18.4334053],[77.4414966,18.433415],[77.4415344,18.4334248],[77.4415723,18.4334351],[77.441609,18.4334453],[77.4416454,18.4334559],[77.4416817,18.4334667],[77.4417182,18.4334777],[77.4417555,18.4334881],[77.4417924,18.4335],[77.4418296,18.4335123],[77.4418691,18.4335234],[77.4418704,18.4335237],[77.4419097,18.4335313],[77.4419522,18.4335347],[77.4419536,18.4335348],[77.4419887,18.4335395],[77.4419897,18.4335398],[77.4420164,18.4335549],[77.4420173,18.4335554],[77.4420466,18.433569],[77.4420801,18.433581],[77.4421163,18.433592],[77.4421544,18.4336026],[77.4421594,18.4336042],[77.4421947,18.4336088],[77.4422349,18.4336138],[77.4422361,18.433614],[77.4422705,18.4336248],[77.4423053,18.4336381],[77.4423401,18.4336527],[77.4423413,18.4336532],[77.4423755,18.4336648],[77.4424114,18.4336752],[77.4424126,18.4336756],[77.4424466,18.4336878],[77.4424817,18.433701],[77.4425188,18.4337114],[77.4425545,18.4337207],[77.4425868,18.4337294],[77.4426161,18.4337369],[77.4426426,18.4337433],[77.442666,18.4337501],[77.4426867,18.4337571],[77.4427046,18.4337628],[77.4427051,18.433763],[77.4427201,18.4337672],[77.4427338,18.4337695],[77.4427447,18.4337713],[77.4427531,18.4337732],[77.4427533,18.4337732],[77.4427583,18.4337735],[77.4427584,18.4337734],[77.4427615,18.4337725],[77.4427616,18.4337725],[77.442762,18.4337735],[77.442762,18.4337762],[77.442762,18.4337762],[77.4427634,18.4337756],[77.4427635,18.4337755],[77.4427646,18.4337747],[77.4427647,18.4337747],[77.4427661,18.4337734],[77.4427667,18.4337729],[77.4427667,18.4337731],[77.4427654,18.4337763],[77.4427635,18.4337813],[77.4427605,18.4337889],[77.4427604,18.4337892],[77.442758,18.433797],[77.4427557,18.4338059],[77.4427523,18.4338175],[77.442749,18.4338287],[77.442747,18.4338369],[77.4427469,18.4338373],[77.4427454,18.4338421],[77.4427441,18.4338453],[77.4427441,18.4338454],[77.4427429,18.4338474],[77.4427429,18.4338475],[77.4427418,18.4338489],[77.4427417,18.433849],[77.442741,18.4338496],[77.442741,18.4338496],[77.4427406,18.4338497],[77.4427405,18.4338497],[77.4427397,18.4338495],[77.4427396,18.4338495],[77.4427377,18.4338492],[77.4427375,18.4338492],[77.4427319,18.4338481],[77.4427232,18.4338463],[77.442711,18.4338444],[77.4426967,18.4338416],[77.44268,18.4338377],[77.4426615,18.4338328],[77.4426408,18.4338268],[77.4426168,18.4338197],[77.44259,18.4338115],[77.4425603,18.4338022],[77.4425277,18.4337923],[77.4424921,18.4337822],[77.4424556,18.4337719],[77.4424183,18.4337615],[77.442381,18.4337514],[77.442344,18.4337415],[77.4423078,18.4337317],[77.4422714,18.4337218],[77.4422342,18.4337112],[77.4421968,18.4337009],[77.4421596,18.4336907],[77.442124,18.4336802],[77.4420865,18.4336697],[77.4420501,18.4336593],[77.4420137,18.4336488],[77.4419772,18.4336383],[77.4419396,18.4336277],[77.4419006,18.4336168],[77.4418607,18.4336058],[77.4418198,18.4335955],[77.4417823,18.4335855],[77.4417472,18.4335754],[77.4417128,18.4335652],[77.4416782,18.4335549],[77.4416425,18.4335439],[77.4416064,18.4335324],[77.44157,18.4335209],[77.4415342,18.4335097],[77.4414992,18.4334987],[77.4414647,18.4334888],[77.4414298,18.4334791],[77.4413939,18.4334695],[77.4413572,18.4334599],[77.4413204,18.4334504],[77.4412831,18.4334407],[77.4412453,18.4334307],[77.4412077,18.4334208],[77.4411702,18.433411],[77.4411326,18.4334009],[77.4410951,18.4333908],[77.4410579,18.4333808],[77.4410208,18.4333703],[77.4409832,18.433359],[77.4409457,18.4333482],[77.4409081,18.4333385],[77.440871,18.433329],[77.4408344,18.4333197],[77.4407985,18.4333101],[77.4407627,18.4332998],[77.4407255,18.433287],[77.4406884,18.4332741],[77.4406519,18.4332626],[77.4406158,18.433253],[77.4405797,18.4332456],[77.4405473,18.4332375],[77.440518,18.4332289],[77.4404913,18.4332203],[77.440467,18.4332121],[77.4404447,18.4332047],[77.4404251,18.4331977],[77.4404077,18.4331907],[77.4404072,18.4331905],[77.4403935,18.4331858],[77.4403926,18.4331855],[77.4403818,18.4331825],[77.4403814,18.4331824],[77.4403735,18.4331819],[77.440368,18.4331819],[77.4403679,18.4331819],[77.4403662,18.433182],[77.4403661,18.433182],[77.4403649,18.4331824],[77.4403649,18.4331824],[77.4403638,18.4331832],[77.4403638,18.4331832],[77.4403618,18.4331834],[77.4403568,18.4331831],[77.4403562,18.4331831],[77.4403494,18.4331818],[77.4403385,18.4331777],[77.4403381,18.4331775],[77.4403246,18.4331733],[77.4403075,18.4331683],[77.4402893,18.4331627],[77.440269,18.4331566],[77.4402457,18.4331501],[77.44022,18.4331443],[77.4401916,18.4331374],[77.4401607,18.433129],[77.4401275,18.4331188],[77.4400949,18.4331085],[77.4400615,18.4330987],[77.4400265,18.4330889],[77.4399902,18.4330786],[77.4399527,18.4330663],[77.439915,18.4330544],[77.439877,18.4330439],[77.4398391,18.4330341],[77.439801,18.4330247],[77.4397609,18.4330154],[77.4397201,18.4330063],[77.4396803,18.4329975],[77.4396398,18.4329888],[77.4395998,18.4329806],[77.4395615,18.4329726],[77.4395247,18.4329649],[77.4394885,18.4329575],[77.4394527,18.4329501],[77.4394167,18.4329412],[77.4393809,18.432931],[77.4393455,18.4329188],[77.4393127,18.4329077],[77.4392832,18.4328991],[77.4392561,18.4328908],[77.4392314,18.4328827],[77.4392089,18.432875],[77.4391892,18.4328679],[77.4391735,18.4328621],[77.4391606,18.4328576],[77.4391495,18.4328541],[77.4391412,18.4328514],[77.4391347,18.4328493],[77.4391345,18.4328492],[77.4391332,18.4328482],[77.439133,18.432848],[77.4391328,18.4328477],[77.4391328,18.4328477],[77.439133,18.4328467],[77.439133,18.4328466],[77.4391335,18.4328457],[77.4391335,18.4328457],[77.4391333,18.4328457],[77.4391333,18.4328456],[77.4391335,18.4328455],[77.4391335,18.4328455],[77.4391337,18.4328463],[77.4391338,18.4328463],[77.4391347,18.4328423],[77.4391348,18.432842],[77.439135,18.4328441],[77.4391349,18.4328443],[77.4391343,18.4328472],[77.4391343,18.4328472],[77.4391335,18.4328487],[77.4391335,18.4328488],[77.4391327,18.4328508],[77.4391327,18.4328509],[77.4391319,18.432854],[77.4391319,18.4328541],[77.4391316,18.4328568],[77.4391316,18.432857],[77.4391317,18.4328591],[77.4391317,18.4328591],[77.4391322,18.4328579],[77.4391322,18.4328578],[77.4391318,18.4328569],[77.4391318,18.4328569],[77.4391319,18.4328574],[77.4391319,18.4328574],[77.4391317,18.4328577],[77.4391317,18.4328577],[77.4391313,18.4328585],[77.4391312,18.4328595],[77.439131,18.4328595],[77.4391309,18.4328589],[77.4391308,18.4328591],[77.4391308,18.4328593],[77.4391312,18.4328628],[77.4391312,18.4328629],[77.4391322,18.4328648],[77.4391323,18.4328643],[77.4391335,18.4328602],[77.4391339,18.4328589],[77.4391339,18.4328589],[77.4391332,18.4328592],[77.4391326,18.4328595]]}},{"type":"Feature","properties":{"flight":13,"sol":193,"date":"2021-09-04","max_alt_m":8.0},"geometry":{"type":"LineString","coordinates":[[77.43923,18.4326698],[77.4392298,18.4326698],[77.4392285,18.43267],[77.4392283,18.4326701],[77.439227,18.4326705],[77.4392269,18.4326705],[77.4392254,18.4326712],[77.4392253,18.4326712],[77.4392242,18.4326717],[77.439224,18.4326718],[77.4392235,18.432672],[77.4392235,18.432672],[77.4392233,18.4326723],[77.4392233,18.4326724],[77.4392234,18.4326727],[77.4392234,18.4326727],[77.4392236,18.4326733],[77.4392237,18.4326733],[77.4392238,18.4326735],[77.4392238,18.4326735],[77.439224,18.4326734],[77.439224,18.4326734],[77.4392241,18.4326729],[77.4392242,18.4326721],[77.4392242,18.4326721],[77.4392241,18.4326715],[77.4392241,18.4326715],[77.4392243,18.4326706],[77.4392243,18.4326701],[77.4392245,18.4326694],[77.4392245,18.4326694],[77.4392256,18.4326685],[77.4392261,18.4326683],[77.4392268,18.4326679],[77.4392272,18.4326676],[77.4392281,18.432667],[77.4392281,18.432667],[77.4392295,18.4326666],[77.4392307,18.4326663],[77.4392307,18.4326663],[77.4392312,18.4326663],[77.4392313,18.4326663],[77.4392314,18.4326665],[77.4392314,18.4326666],[77.4392314,18.4326667],[77.4392314,18.4326667],[77.4392312,18.4326669],[77.4392307,18.4326673],[77.4392306,18.4326674],[77.4392299,18.4326681],[77.4392299,18.4326682],[77.4392292,18.4326694],[77.4392292,18.4326694],[77.439229,18.4326707],[77.4392291,18.4326708],[77.4392298,18.4326721],[77.4392299,18.4326722],[77.4392302,18.4326727],[77.4392302,18.4326727],[77.4392304,18.4326729],[77.4392304,18.4326729],[77.439229,18.4326721],[77.4392263,18.4326704],[77.4392262,18.4326703],[77.4392221,18.4326673],[77.4392219,18.4326671],[77.4392213,18.4326663],[77.4392213,18.4326663],[77.4392221,18.4326661],[77.4392222,18.4326661],[77.4392251,18.4326676],[77.4392314,18.4326716],[77.4392403,18.4326775],[77.4392512,18.4326854],[77.439264,18.432696],[77.4392784,18.4327083],[77.4392949,18.4327226],[77.4393135,18.4327389],[77.4393337,18.432757],[77.439355,18.432777],[77.4393764,18.4327967],[77.4393976,18.4328157],[77.4394189,18.4328351],[77.4394403,18.4328546],[77.4394615,18.4328743],[77.4394829,18.4328934],[77.439505,18.4329113],[77.4395262,18.43293],[77.4395468,18.4329496],[77.4395681,18.4329692],[77.4395897,18.4329886],[77.4396111,18.4330074],[77.439632,18.4330261],[77.4396524,18.4330448],[77.4396737,18.4330633],[77.4396957,18.4330817],[77.4397172,18.4330996],[77.4397386,18.4331181],[77.4397594,18.4331387],[77.4397807,18.4331587],[77.4398028,18.4331782],[77.439825,18.4331973],[77.4398257,18.4331979],[77.4398459,18.4332168],[77.4398465,18.4332175],[77.4398633,18.4332393],[77.439879,18.4332601],[77.4398935,18.4332779],[77.439894,18.4332785],[77.4399074,18.4332926],[77.4399079,18.433293],[77.4399204,18.4333047],[77.4399322,18.4333137],[77.4399326,18.4333139],[77.4399422,18.4333198],[77.4399502,18.4333237],[77.4399505,18.4333237],[77.4399559,18.4333246],[77.4399561,18.4333246],[77.43996,18.4333232],[77.4399601,18.4333231],[77.4399623,18.4333206],[77.439963,18.4333193],[77.4399641,18.4333173],[77.4399641,18.4333172],[77.4399655,18.4333143],[77.4399655,18.4333142],[77.439967,18.433313],[77.4399671,18.433313],[77.4399691,18.4333133],[77.4399692,18.4333134],[77.4399727,18.433315],[77.4399728,18.4333151],[77.4399789,18.4333206],[77.4399862,18.4333276],[77.4399952,18.4333368],[77.4400061,18.433348],[77.4400189,18.4333613],[77.4400338,18.4333769],[77.4400502,18.4333943],[77.4400681,18.4334135],[77.4400867,18.4334329],[77.4401071,18.4334524],[77.4401078,18.4334531],[77.4401313,18.4334718],[77.4401568,18.4334897],[77.4401827,18.4335063],[77.4401835,18.4335069],[77.4402071,18.4335258],[77.4402303,18.4335431],[77.4402311,18.4335437],[77.4402513,18.433563],[77.4402705,18.4335833],[77.440288,18.4336031],[77.4402886,18.4336037],[77.4403071,18.4336224],[77.4403279,18.4336418],[77.4403501,18.4336609],[77.4403727,18.4336798],[77.440395,18.4336987],[77.4404149,18.4337158],[77.4404314,18.4337311],[77.4404449,18.4337447],[77.4404563,18.4337566],[77.4404667,18.4337659],[77.440467,18.4337662],[77.4404755,18.4337727],[77.4404828,18.4337774],[77.440483,18.4337776],[77.4404867,18.4337807],[77.4404876,18.4337818],[77.4404887,18.433783],[77.4404888,18.433783],[77.4404898,18.4337828],[77.4404902,18.4337825],[77.4404906,18.4337823],[77.4404906,18.4337823],[77.4404913,18.4337827],[77.4404913,18.4337828],[77.4404915,18.4337834],[77.4404915,18.4337834],[77.4404914,18.433784],[77.4404913,18.4337843],[77.4404912,18.4337847],[77.4404912,18.4337848],[77.4404909,18.4337853],[77.4404909,18.4337853],[77.4404912,18.4337846],[77.4404917,18.4337836],[77.4404917,18.4337835],[77.4404914,18.4337835],[77.4404914,18.4337835],[77.4404906,18.4337836],[77.4404906,18.4337836],[77.4404887,18.4337847],[77.4404885,18.4337848],[77.4404846,18.4337868],[77.4404767,18.433791],[77.4404765,18.4337912],[77.4404656,18.4337979],[77.440453,18.4338059],[77.440441,18.4338135],[77.4404327,18.4338192],[77.4404271,18.4338235],[77.4404229,18.4338269],[77.4404227,18.4338271],[77.4404202,18.4338288],[77.4404202,18.4338288],[77.4404195,18.4338288],[77.4404195,18.4338288],[77.440419,18.4338287],[77.440419,18.4338287],[77.4404184,18.4338287],[77.4404184,18.4338287],[77.4404182,18.4338286],[77.4404182,18.4338286],[77.4404179,18.4338286],[77.4404178,18.4338286],[77.4404179,18.4338286],[77.4404179,18.4338286],[77.440418,18.4338286],[77.440418,18.4338286],[77.4404173,18.4338289],[77.4404173,18.4338289],[77.4404168,18.4338291],[77.4404167,18.433829],[77.4404166,18.433829],[77.4404166,18.433829],[77.4404156,18.4338297],[77.4404125,18.4338316],[77.4404122,18.4338319],[77.4404071,18.4338354],[77.4403992,18.4338409],[77.4403885,18.4338483],[77.4403776,18.4338559],[77.4403671,18.4338633],[77.4403588,18.4338689],[77.4403523,18.4338731],[77.4403471,18.4338769],[77.4403469,18.433877],[77.4403451,18.4338781],[77.4403451,18.4338781],[77.4403449,18.4338781],[77.4403449,18.4338781],[77.4403443,18.4338782],[77.4403433,18.4338783],[77.4403433,18.4338782],[77.4403431,18.4338783],[77.4403423,18.4338784],[77.4403423,18.4338784],[77.4403425,18.433878],[77.4403425,18.433878],[77.4403426,18.4338776],[77.4403426,18.4338776],[77.4403425,18.4338774],[77.4403425,18.4338774],[77.4403412,18.4338782],[77.4403369,18.4338808],[77.4403366,18.433881],[77.4403305,18.4338851],[77.4403216,18.4338913],[77.4403097,18.4338999],[77.4402992,18.4339072],[77.4402905,18.433913],[77.4402832,18.4339184],[77.440283,18.4339185],[77.4402784,18.4339224],[77.4402783,18.4339225],[77.4402767,18.4339247],[77.4402766,18.4339248],[77.4402756,18.4339259],[77.4402755,18.4339259],[77.4402748,18.4339265],[77.4402748,18.4339265],[77.4402735,18.433927],[77.4402735,18.433927],[77.4402726,18.4339271],[77.4402726,18.4339271],[77.4402716,18.4339274],[77.4402716,18.4339274],[77.4402701,18.4339278],[77.4402701,18.4339279],[77.4402685,18.4339288],[77.4402672,18.4339297],[77.4402657,18.4339308],[77.4402601,18.4339355],[77.4402598,18.4339357],[77.4402525,18.4339411],[77.4402429,18.4339478],[77.4402312,18.433955],[77.4402216,18.4339611],[77.4402153,18.433966],[77.4402151,18.4339662],[77.4402107,18.4339693],[77.4402105,18.4339693],[77.4402072,18.4339713],[77.4402072,18.4339713],[77.440206,18.4339715],[77.440206,18.4339715],[77.4402053,18.4339715],[77.4402047,18.4339714],[77.4402047,18.4339714],[77.440204,18.4339718],[77.440204,18.4339718],[77.4402035,18.4339719],[77.4402035,18.4339719],[77.4402029,18.4339722],[77.4402028,18.4339722],[77.4402023,18.4339725],[77.4402022,18.4339725],[77.4402016,18.4339725],[77.4402016,18.4339725],[77.4402005,18.4339726],[77.4402005,18.4339726],[77.4401973,18.4339739],[77.4401969,18.4339741],[77.4401925,18.4339765],[77.4401851,18.433982],[77.4401761,18.4339884],[77.4401657,18.4339955],[77.4401552,18.4340024],[77.4401462,18.4340083],[77.4401391,18.434013],[77.4401344,18.4340162],[77.4401314,18.4340184],[77.4401311,18.4340186],[77.4401307,18.4340189],[77.4401307,18.4340189],[77.4401305,18.4340191],[77.4401305,18.4340192],[77.440131,18.4340194],[77.4401314,18.4340194],[77.4401315,18.4340194],[77.4401315,18.4340195],[77.4401317,18.4340197],[77.4401317,18.4340197],[77.4401319,18.4340197],[77.4401319,18.4340197],[77.4401321,18.4340196],[77.4401322,18.4340196],[77.4401324,18.4340196],[77.4401324,18.4340196],[77.4401325,18.4340196],[77.4401325,18.4340196],[77.4401324,18.4340188],[77.4401324,18.4340181],[77.4401315,18.4340168],[77.4401314,18.4340167],[77.4401264,18.434012],[77.4401262,18.4340118],[77.4401209,18.434006],[77.4401139,18.433998],[77.4401046,18.4339871],[77.4400933,18.4339738],[77.4400799,18.4339585],[77.4400637,18.4339405],[77.4400446,18.4339195],[77.4400232,18.4338953],[77.4400028,18.4338717],[77.4399862,18.433854],[77.4399711,18.4338375],[77.4399578,18.4338205],[77.4399426,18.4338006],[77.4399259,18.4337778],[77.4399075,18.4337539],[77.4398873,18.4337289],[77.4398657,18.4337027],[77.4398436,18.4336764],[77.4398213,18.4336506],[77.4398005,18.4336269],[77.4397807,18.4336042],[77.439761,18.4335812],[77.4397434,18.4335609],[77.4397281,18.4335437],[77.4397158,18.4335296],[77.4397055,18.433518],[77.4396965,18.433508],[77.4396891,18.4334994],[77.439683,18.4334923],[77.4396786,18.4334873],[77.4396755,18.4334836],[77.4396754,18.4334835],[77.4396744,18.4334828],[77.4396744,18.4334827],[77.4396738,18.4334825],[77.4396737,18.4334825],[77.4396731,18.4334826],[77.439673,18.4334826],[77.4396724,18.4334827],[77.439672,18.4334827],[77.439672,18.4334827],[77.4396711,18.4334823],[77.439671,18.4334822],[77.4396686,18.4334801],[77.439668,18.4334795],[77.4396649,18.4334763],[77.4396595,18.4334701],[77.4396521,18.4334613],[77.4396429,18.4334506],[77.4396317,18.433438],[77.439619,18.4334237],[77.4396047,18.4334076],[77.4395884,18.433389],[77.4395712,18.4333694],[77.4395541,18.4333496],[77.4395376,18.4333307],[77.4395223,18.4333117],[77.4395055,18.4332914],[77.4394875,18.4332699],[77.4394686,18.4332478],[77.4394491,18.4332252],[77.4394292,18.4332022],[77.4394091,18.433179],[77.4393891,18.4331557],[77.4393698,18.4331325],[77.4393507,18.4331093],[77.4393313,18.4330862],[77.4393125,18.4330635],[77.4392944,18.433041],[77.4392766,18.433019],[77.4392589,18.4329972],[77.4392404,18.4329751],[77.4392223,18.4329538],[77.4392058,18.432934],[77.4391906,18.4329163],[77.4391767,18.4329004],[77.4391653,18.4328867],[77.4391556,18.4328751],[77.439147,18.4328653],[77.4391405,18.4328577],[77.4391356,18.4328517],[77.4391334,18.4328489],[77.4391324,18.4328476],[77.4391324,18.4328475],[77.4391335,18.4328479],[77.4391336,18.4328479],[77.4391347,18.4328485],[77.4391347,18.4328485],[77.439134,18.4328482],[77.439134,18.4328481],[77.4391336,18.4328475],[77.4391336,18.4328475],[77.4391331,18.4328472],[77.4391331,18.4328472],[77.4391322,18.4328469],[77.4391313,18.4328468],[77.4391312,18.4328468],[77.4391296,18.4328467],[77.4391296,18.4328467],[77.4391278,18.4328461],[77.4391277,18.4328461],[77.4391272,18.4328465],[77.4391272,18.4328465],[77.4391277,18.4328475],[77.4391278,18.4328476],[77.4391294,18.4328489],[77.4391297,18.4328491],[77.4391305,18.4328493],[77.4391326,18.4328504],[77.4391341,18.4328511],[77.4391342,18.4328511],[77.4391355,18.4328516],[77.4391356,18.4328516],[77.4391373,18.4328518],[77.4391374,18.4328518],[77.4391394,18.4328523],[77.4391395,18.4328524],[77.4391406,18.4328536],[77.4391406,18.4328538]]}},{"type":"Feature","properties":{"flight":14,"sol":241,"date":"2021-10-24","max_alt_m":5.0},"geometry":{"type":"LineString","coordinates":[[77.4391316,18.432863],[77.4391315,18.4328629],[77.4391304,18.4328622],[77.4391304,18.4328622],[77.4391292,18.4328625],[77.4391292,18.4328625],[77.4391276,18.4328623],[77.4391275,18.4328623],[77.4391267,18.4328627],[77.4391262,18.4328628],[77.4391262,18.4328629],[77.4391262,18.432863],[77.4391259,18.4328631],[77.4391258,18.432863],[77.4391254,18.4328628],[77.4391253,18.4328628],[77.4391251,18.4328624],[77.4391252,18.4328624],[77.4391252,18.4328622],[77.4391252,18.4328621],[77.4391255,18.4328619],[77.4391256,18.4328619],[77.4391258,18.4328617],[77.439126,18.4328616],[77.4391263,18.4328612],[77.4391263,18.4328612],[77.4391268,18.4328608],[77.4391268,18.4328607],[77.4391272,18.4328605],[77.4391272,18.4328604],[77.4391276,18.4328597],[77.4391278,18.4328595],[77.4391283,18.4328594],[77.4391283,18.4328594],[77.4391285,18.4328592],[77.4391288,18.4328593],[77.4391291,18.4328591],[77.439129,18.4328591],[77.4391293,18.4328594],[77.4391293,18.4328594],[77.4391303,18.4328591],[77.4391303,18.4328591],[77.4391322,18.4328586],[77.4391326,18.4328586],[77.4391353,18.4328574],[77.439136,18.432857],[77.4391386,18.4328556],[77.4391387,18.4328556],[77.439142,18.4328531],[77.4391432,18.4328522],[77.4391456,18.4328503],[77.4391494,18.4328473],[77.43915,18.4328467],[77.4391532,18.4328443],[77.439154,18.4328434],[77.4391564,18.4328415],[77.4391565,18.4328414],[77.4391587,18.4328386],[77.4391592,18.4328383],[77.4391595,18.4328374],[77.4391596,18.4328374],[77.4391602,18.4328376],[77.4391602,18.4328376],[77.4391606,18.4328381],[77.4391608,18.4328384],[77.4391609,18.4328389],[77.4391609,18.4328389],[77.439161,18.4328397],[77.439161,18.4328398],[77.4391606,18.4328401],[77.4391604,18.4328407],[77.4391602,18.4328409],[77.4391599,18.4328415],[77.4391597,18.4328416],[77.4391597,18.4328416],[77.4391592,18.4328416],[77.4391592,18.4328417],[77.4391589,18.4328422],[77.439159,18.4328422],[77.4391586,18.4328422],[77.4391586,18.4328422],[77.4391579,18.4328422],[77.4391579,18.4328422],[77.4391579,18.4328424],[77.4391581,18.4328425],[77.4391584,18.432842],[77.4391585,18.4328419],[77.4391589,18.4328415],[77.439159,18.4328415],[77.4391596,18.4328412],[77.4391599,18.4328412],[77.4391603,18.4328409],[77.4391603,18.432841],[77.4391608,18.4328411],[77.4391609,18.4328412]]}},{"type":"Feature","properties":{"flight":15,"sol":254,"date":"2021-11-06","max_alt_m":12.0},"geometry":{"type":"LineString","coordinates":[[77.4391632,18.4328433],[77.4391632,18.4328434],[77.4391623,18.4328447],[77.4391623,18.4328448],[77.439162,18.4328467],[77.439162,18.4328475],[77.4391619,18.4328487],[77.4391619,18.4328487],[77.4391614,18.4328496],[77.4391614,18.4328496],[77.4391609,18.4328499],[77.4391609,18.4328499],[77.4391606,18.4328497],[77.4391606,18.4328497],[77.4391605,18.4328492],[77.4391605,18.4328492],[77.4391605,18.4328487],[77.4391605,18.4328486],[77.4391605,18.4328481],[77.4391605,18.432848],[77.4391606,18.4328474],[77.4391606,18.4328474],[77.4391609,18.4328467],[77.4391609,18.4328467],[77.4391611,18.4328461],[77.4391611,18.4328461],[77.4391613,18.4328456],[77.4391613,18.4328456],[77.4391616,18.4328454],[77.4391616,18.4328453],[77.4391619,18.4328453],[77.4391619,18.4328453],[77.4391622,18.4328454],[77.4391622,18.4328455],[77.4391625,18.4328456],[77.4391625,18.4328456],[77.4391629,18.4328457],[77.439163,18.4328457],[77.4391638,18.4328459],[77.4391638,18.4328459],[77.4391644,18.4328459],[77.4391644,18.4328459],[77.4391646,18.4328458],[77.4391646,18.4328458],[77.4391649,18.4328455],[77.4391649,18.4328455],[77.4391654,18.4328447],[77.4391655,18.4328447],[77.4391659,18.432844],[77.4391659,18.432844],[77.4391662,18.4328435],[77.4391662,18.4328435],[77.4391662,18.4328428],[77.4391662,18.4328427],[77.4391663,18.4328427],[77.4391663,18.4328427],[77.4391663,18.4328427],[77.4391664,18.4328427],[77.4391665,18.4328426],[77.4391665,18.4328426],[77.439166,18.4328428],[77.439166,18.4328428],[77.4391654,18.4328434],[77.4391653,18.4328434],[77.4391651,18.4328439],[77.4391651,18.4328439],[77.439165,18.4328441],[77.439165,18.4328441],[77.4391649,18.4328441],[77.4391649,18.432844],[77.4391649,18.4328437],[77.4391649,18.4328437],[77.4391656,18.4328433],[77.4391656,18.4328433],[77.4391658,18.4328435],[77.4391658,18.4328435],[77.4391655,18.4328443],[77.4391655,18.4328443],[77.4391647,18.4328462],[77.4391647,18.4328462],[77.4391656,18.4328473],[77.4391656,18.4328474],[77.4391686,18.432847],[77.4391688,18.432847],[77.4391742,18.4328449],[77.4391743,18.4328448],[77.4391791,18.43284],[77.4391864,18.4328326],[77.4391959,18.4328229],[77.4392074,18.4328114],[77.439221,18.4327983],[77.4392366,18.4327837],[77.4392546,18.4327671],[77.4392751,18.4327492],[77.4392982,18.4327296],[77.4393238,18.4327085],[77.439352,18.4326858],[77.4393818,18.4326617],[77.4394146,18.4326365],[77.4394481,18.4326099],[77.4394794,18.4325815],[77.4395126,18.4325531],[77.4395461,18.4325249],[77.4395798,18.4324971],[77.4396151,18.4324699],[77.4396505,18.4324436],[77.4396862,18.4324178],[77.4397224,18.4323918],[77.4397574,18.4323645],[77.4397933,18.4323381],[77.4398302,18.4323123],[77.4398652,18.4322854],[77.4399001,18.4322589],[77.4399344,18.432232],[77.4399676,18.4322044],[77.4400012,18.4321761],[77.4400342,18.4321476],[77.440067,18.4321195],[77.4401007,18.4320928],[77.4401344,18.4320665],[77.4401682,18.4320399],[77.4402022,18.4320126],[77.4402355,18.4319849],[77.4402685,18.4319573],[77.4403014,18.4319298],[77.4403346,18.4319022],[77.4403674,18.4318744],[77.4403685,18.4318735],[77.4404022,18.431848],[77.440438,18.4318226],[77.4404391,18.4318217],[77.4404716,18.431795],[77.440506,18.4317684],[77.4405415,18.431743],[77.4405779,18.4317189],[77.4406125,18.431694],[77.440646,18.4316676],[77.4406789,18.4316398],[77.4407124,18.4316116],[77.4407468,18.4315846],[77.4407814,18.4315568],[77.4408152,18.4315258],[77.4408163,18.4315248],[77.4408503,18.4314972],[77.4408848,18.4314701],[77.440918,18.4314434],[77.4409496,18.431415],[77.4409822,18.4313876],[77.4409833,18.4313867],[77.4410185,18.4313632],[77.4410198,18.4313624],[77.4410574,18.4313375],[77.4410586,18.4313366],[77.4410917,18.4313103],[77.4410927,18.4313093],[77.4411213,18.4312789],[77.4411478,18.4312436],[77.4411728,18.431208],[77.4411737,18.431207],[77.4412097,18.4311836],[77.4412141,18.4311816],[77.4412496,18.4311615],[77.4412828,18.4311355],[77.4413168,18.4311097],[77.4413519,18.4310834],[77.4413872,18.4310565],[77.4414201,18.431029],[77.4414212,18.431028],[77.4414493,18.430995],[77.4414503,18.4309938],[77.4414805,18.4309634],[77.4414817,18.4309625],[77.4415178,18.4309392],[77.4415549,18.4309156],[77.4415561,18.4309148],[77.4415904,18.4308908],[77.4415915,18.43089],[77.4416276,18.4308672],[77.4416664,18.430846],[77.4417047,18.4308226],[77.441706,18.4308218],[77.4417408,18.4307969],[77.4417745,18.4307692],[77.4418092,18.4307425],[77.4418435,18.430715],[77.4418446,18.4307141],[77.4418762,18.4306859],[77.4419061,18.4306543],[77.4419354,18.4306224],[77.4419648,18.4305906],[77.4419658,18.4305895],[77.4419956,18.4305603],[77.4419967,18.4305594],[77.4420325,18.4305357],[77.4420338,18.4305349],[77.4420681,18.4305093],[77.4420693,18.4305084],[77.442101,18.43048],[77.442131,18.4304476],[77.4421321,18.4304466],[77.4421652,18.4304199],[77.4422007,18.4303936],[77.4422362,18.4303678],[77.4422374,18.430367],[77.4422728,18.4303451],[77.4423098,18.4303218],[77.442311,18.430321],[77.4423451,18.4302966],[77.4423777,18.4302688],[77.4423788,18.4302679],[77.4424137,18.4302433],[77.44245,18.4302174],[77.4424847,18.4301903],[77.4425154,18.4301622],[77.4425165,18.4301613],[77.4425497,18.4301356],[77.4425509,18.4301347],[77.442583,18.4301084],[77.442612,18.430079],[77.442613,18.4300781],[77.4426458,18.4300519],[77.4426801,18.4300252],[77.4426812,18.4300243],[77.4427129,18.4299976],[77.4427139,18.4299966],[77.4427421,18.4299663],[77.4427431,18.4299653],[77.4427769,18.429939],[77.4427781,18.4299382],[77.4428131,18.4299127],[77.4428471,18.4298852],[77.4428482,18.4298844],[77.442881,18.429857],[77.4429143,18.4298279],[77.4429471,18.4297985],[77.4429799,18.4297689],[77.4430125,18.4297394],[77.443045,18.4297098],[77.4430781,18.4296806],[77.4430793,18.4296797],[77.4431148,18.4296552],[77.443151,18.4296297],[77.4431869,18.4296042],[77.4432239,18.4295797],[77.4432252,18.4295789],[77.4432637,18.4295588],[77.443265,18.4295582],[77.4433033,18.4295378],[77.4433045,18.429537],[77.4433406,18.4295141],[77.4433418,18.4295133],[77.4433749,18.4294876],[77.4434088,18.4294612],[77.4434099,18.4294603],[77.4434397,18.4294327],[77.4434492,18.4294186],[77.443466,18.4294003],[77.4434719,18.4293978],[77.4435007,18.4293738],[77.4435017,18.4293727],[77.4435354,18.4293471],[77.4435487,18.4293397],[77.4435735,18.4293237],[77.4435747,18.4293228],[77.4436052,18.4292943],[77.4436062,18.4292932],[77.4436331,18.4292593],[77.4436375,18.429253],[77.4436606,18.4292223],[77.4436906,18.4291878],[77.4436915,18.4291866],[77.4437114,18.4291496],[77.4437121,18.4291483],[77.4437346,18.4291152],[77.4437355,18.4291141],[77.4437638,18.4290851],[77.4437956,18.4290537],[77.4438294,18.4290231],[77.4438647,18.4289941],[77.4439013,18.4289671],[77.4439385,18.4289412],[77.4439762,18.4289171],[77.444014,18.428894],[77.444051,18.4288695],[77.4440887,18.428846],[77.4441268,18.4288232],[77.4441661,18.4288016],[77.4441674,18.4288009],[77.4442075,18.4287822],[77.4442089,18.4287815],[77.4442462,18.4287607],[77.444251,18.4287575],[77.4442839,18.4287385],[77.4442853,18.4287379],[77.4443278,18.428721],[77.4443293,18.4287203],[77.4443672,18.4286996],[77.4444041,18.4286763],[77.4444403,18.4286527],[77.4444768,18.4286302],[77.4445097,18.4286084],[77.4445394,18.4285875],[77.4445681,18.4285681],[77.444569,18.4285675],[77.4445919,18.4285469],[77.4445927,18.4285462],[77.4446137,18.4285273],[77.4446345,18.4285104],[77.4446351,18.4285099],[77.4446521,18.4284937],[77.4446527,18.4284931],[77.4446701,18.4284815],[77.4446707,18.4284812],[77.4446855,18.4284711],[77.4446859,18.4284707],[77.4446952,18.4284588],[77.4446955,18.4284584],[77.4447046,18.4284493],[77.4447049,18.428449],[77.4447105,18.4284402],[77.4447137,18.4284316],[77.4447138,18.4284314],[77.4447166,18.4284271],[77.4447166,18.4284269],[77.4447155,18.4284224],[77.4447117,18.428418],[77.4447088,18.4284144],[77.4447054,18.4284106],[77.4447053,18.4284105],[77.4447003,18.4284056],[77.4446954,18.4284012],[77.4446999,18.4284056],[77.4447001,18.4284058],[77.4447036,18.4284087],[77.4447038,18.4284088],[77.4447054,18.4284098],[77.4447054,18.4284098],[77.4447059,18.42841],[77.4447059,18.42841],[77.4446984,18.4284007],[77.4446891,18.4283901],[77.4446825,18.4283832],[77.4446766,18.4283782],[77.4446765,18.428378],[77.4446745,18.4283752],[77.4446744,18.4283751],[77.4446733,18.4283754],[77.4446734,18.4283754],[77.4446757,18.4283778],[77.4446758,18.4283779],[77.4446768,18.4283794],[77.4446768,18.4283795],[77.4446769,18.42838],[77.4446769,18.42838],[77.4446805,18.4283839],[77.4446806,18.428384],[77.4446829,18.4283869],[77.4446836,18.4283878],[77.4446853,18.4283901],[77.4446854,18.4283902],[77.4446887,18.4283944],[77.4446941,18.4284012],[77.4446997,18.4284085],[77.4447055,18.4284153],[77.4447058,18.4284157],[77.4447083,18.4284191],[77.4447088,18.4284199],[77.444709,18.4284205],[77.444709,18.4284205],[77.4447076,18.4284203],[77.4447075,18.4284203],[77.4447056,18.4284185],[77.4447054,18.4284183],[77.4447018,18.4284149],[77.4447016,18.4284147],[77.444701,18.4284138],[77.444701,18.4284137],[77.4446986,18.4284111],[77.4446932,18.4284055],[77.444692,18.4284041],[77.4446859,18.428398],[77.4446858,18.428398],[77.444688,18.4284006],[77.4446908,18.4284027],[77.4446913,18.4284028],[77.4446915,18.4284029],[77.4446928,18.4284033],[77.4446929,18.4284033],[77.444694,18.4284034],[77.4446949,18.4284034],[77.4446949,18.4284034],[77.4446953,18.4284034]]}},{"type":"Feature","properties":{"flight":16,"sol":268,"date":"2021-11-20","max_alt_m":10.0},"geometry":{"type":"LineString","coordinates":[[77.4450071,18.4286848],[77.4450071,18.4286847],[77.4450069,18.4286841],[77.4450069,18.4286841],[77.4450065,18.4286836],[77.4450065,18.4286836],[77.4450062,18.4286836],[77.4450061,18.4286836],[77.4450062,18.4286846],[77.4450062,18.4286847],[77.4450065,18.4286859],[77.4450065,18.4286859],[77.4450064,18.4286853],[77.4450064,18.4286852],[77.445006,18.4286843],[77.445006,18.4286842],[77.4450056,18.4286831],[77.4450056,18.4286829],[77.4450052,18.4286819],[77.4450052,18.4286819],[77.445005,18.4286811],[77.445005,18.428681],[77.445005,18.4286806],[77.445005,18.4286806],[77.4450047,18.4286802],[77.4450047,18.4286802],[77.4450047,18.4286802],[77.4450048,18.4286802],[77.445005,18.4286805],[77.445005,18.4286805],[77.4450054,18.4286809],[77.4450054,18.4286809],[77.4450056,18.4286815],[77.4450055,18.4286822],[77.4450055,18.4286828],[77.4450054,18.4286835],[77.4450054,18.4286835],[77.4450055,18.4286842],[77.4450055,18.4286842],[77.4450056,18.4286846],[77.4450056,18.4286846],[77.4450053,18.4286849],[77.4450052,18.4286849],[77.4450049,18.4286849],[77.4450049,18.4286849],[77.4450048,18.4286849],[77.4450048,18.4286849],[77.445005,18.4286851],[77.445005,18.4286851],[77.4450052,18.4286852],[77.4450052,18.4286852],[77.4450054,18.4286854],[77.4450055,18.4286854],[77.4450059,18.4286857],[77.4450066,18.4286862],[77.4450066,18.4286862],[77.445007,18.4286864],[77.4450071,18.4286864],[77.4450072,18.4286862],[77.4450072,18.4286862],[77.445007,18.4286863],[77.445007,18.4286863],[77.4450084,18.4286877],[77.4450086,18.4286879],[77.445012,18.4286914],[77.4450176,18.428697],[77.4450252,18.4287048],[77.4450343,18.4287144],[77.4450429,18.4287232],[77.4450511,18.4287319],[77.4450596,18.4287405],[77.4450684,18.4287492],[77.4450774,18.4287583],[77.4450864,18.4287676],[77.4450954,18.428777],[77.4451049,18.4287867],[77.445114,18.4287963],[77.4451229,18.4288059],[77.4451319,18.4288156],[77.4451409,18.4288253],[77.4451493,18.4288349],[77.4451579,18.4288445],[77.4451664,18.4288541],[77.445175,18.4288637],[77.4451837,18.4288732],[77.4451928,18.4288828],[77.4452019,18.4288924],[77.4452108,18.4289018],[77.4452193,18.428911],[77.445228,18.4289202],[77.445237,18.4289295],[77.4452461,18.4289392],[77.445255,18.4289489],[77.4452637,18.4289584],[77.4452724,18.428968],[77.4452813,18.4289774],[77.4452902,18.4289866],[77.4452992,18.4289958],[77.4453083,18.429005],[77.4453173,18.4290142],[77.4453265,18.4290235],[77.4453359,18.4290327],[77.4453453,18.429042],[77.4453544,18.4290515],[77.4453636,18.4290605],[77.4453732,18.4290698],[77.4453825,18.4290792],[77.4453913,18.4290889],[77.4453999,18.4290986],[77.4454087,18.4291084],[77.4454173,18.4291182],[77.445426,18.4291279],[77.4454347,18.4291372],[77.4454433,18.4291461],[77.445452,18.4291549],[77.4454606,18.429164],[77.4454694,18.4291733],[77.445478,18.4291824],[77.4454862,18.4291921],[77.4454945,18.429202],[77.445503,18.4292121],[77.4455038,18.4292131],[77.445512,18.4292219],[77.4455123,18.4292222],[77.445521,18.4292317],[77.44553,18.429241],[77.4455393,18.4292504],[77.4455483,18.4292597],[77.4455486,18.42926],[77.4455577,18.4292688],[77.4455675,18.429278],[77.4455766,18.429288],[77.4455859,18.4292974],[77.4455951,18.4293073],[77.4456041,18.4293166],[77.4456135,18.4293257],[77.4456232,18.4293351],[77.4456327,18.4293451],[77.4456417,18.4293546],[77.4456502,18.4293642],[77.4456592,18.429374],[77.4456683,18.4293839],[77.4456769,18.4293939],[77.4456772,18.4293942],[77.445686,18.429404],[77.4456946,18.4294139],[77.4457029,18.4294237],[77.4457032,18.429424],[77.4457123,18.4294328],[77.4457217,18.4294418],[77.4457307,18.4294513],[77.4457394,18.4294609],[77.4457478,18.4294704],[77.445756,18.4294798],[77.4457563,18.4294801],[77.4457649,18.4294884],[77.4457742,18.4294973],[77.4457833,18.4295066],[77.4457916,18.4295162],[77.4457996,18.4295258],[77.4457999,18.4295261],[77.445809,18.4295343],[77.4458093,18.4295346],[77.4458178,18.4295433],[77.4458262,18.429553],[77.4458345,18.4295629],[77.4458431,18.4295725],[77.4458524,18.4295819],[77.4458534,18.4295827],[77.4458618,18.4295916],[77.4458709,18.4296012],[77.4458798,18.4296111],[77.4458886,18.4296208],[77.4458975,18.42963],[77.4459063,18.429639],[77.4459154,18.4296483],[77.4459248,18.4296577],[77.4459345,18.429667],[77.4459438,18.4296762],[77.4459527,18.4296856],[77.4459615,18.429695],[77.4459704,18.4297042],[77.4459798,18.4297132],[77.4459801,18.4297135],[77.445988,18.4297227],[77.4459886,18.4297234],[77.4459962,18.4297324],[77.4460048,18.4297418],[77.4460135,18.4297511],[77.4460227,18.4297604],[77.4460319,18.4297697],[77.4460407,18.4297793],[77.4460498,18.429789],[77.4460591,18.429799],[77.4460679,18.4298098],[77.4460769,18.4298198],[77.4460848,18.4298292],[77.4460922,18.4298384],[77.4461001,18.4298476],[77.4461087,18.4298571],[77.4461176,18.4298667],[77.4461257,18.4298754],[77.4461339,18.4298846],[77.4461425,18.4298938],[77.4461428,18.4298941],[77.4461506,18.429904],[77.4461508,18.4299044],[77.4461593,18.4299135],[77.4461694,18.4299217],[77.4461793,18.4299309],[77.4461796,18.4299313],[77.4461884,18.4299409],[77.4461887,18.4299413],[77.4461977,18.4299501],[77.4462071,18.4299588],[77.4462166,18.4299675],[77.4462256,18.429976],[77.4462347,18.4299852],[77.4462436,18.4299943],[77.4462526,18.4300038],[77.4462616,18.4300131],[77.4462707,18.4300222],[77.4462797,18.4300313],[77.4462884,18.4300408],[77.4462977,18.4300502],[77.446298,18.4300505],[77.4463056,18.4300612],[77.4463059,18.4300616],[77.446315,18.4300709],[77.4463154,18.4300712],[77.4463238,18.4300809],[77.4463313,18.4300918],[77.4463316,18.4300921],[77.4463396,18.4301019],[77.4463399,18.4301022],[77.4463495,18.4301106],[77.4463498,18.4301109],[77.4463567,18.4301233],[77.4463569,18.4301238],[77.4463656,18.4301328],[77.4463743,18.4301399],[77.4463746,18.4301402],[77.4463804,18.4301457],[77.4463806,18.4301459],[77.4463834,18.4301507],[77.4463835,18.4301507],[77.4463858,18.4301515],[77.4463858,18.4301515],[77.4463864,18.4301508],[77.4463864,18.4301508],[77.4463873,18.4301498],[77.4463873,18.4301497],[77.4463879,18.43015],[77.4463879,18.4301503],[77.4463882,18.4301509],[77.4463883,18.4301513],[77.4463885,18.4301517],[77.4463886,18.4301517],[77.4463894,18.4301494],[77.4463894,18.4301494],[77.4463891,18.4301492],[77.446389,18.4301492],[77.446389,18.430148],[77.4463889,18.430148],[77.4463883,18.4301484],[77.4463886,18.4301478],[77.4463889,18.430147],[77.4463882,18.4301476],[77.4463882,18.4301476],[77.4463883,18.4301475],[77.4463883,18.4301475],[77.446388,18.4301481],[77.446388,18.4301482],[77.4463881,18.4301471],[77.4463889,18.4301452],[77.4463886,18.4301447],[77.4463884,18.4301448],[77.4463879,18.4301446],[77.4463879,18.4301446],[77.4463886,18.4301426],[77.4463899,18.4301399],[77.4463908,18.4301375],[77.4463908,18.4301376],[77.4463888,18.4301394],[77.4463849,18.4301442],[77.4463842,18.4301451],[77.4463855,18.4301427],[77.4463857,18.4301424],[77.4463858,18.4301425],[77.446384,18.4301455],[77.4463832,18.430147]]}},{"type":"Feature","properties":{"flight":17,"sol":282,"date":"2021-12-05","max_alt_m":10.0},"geometry":{"type":"LineString","coordinates":[[77.4464478,18.4301135],[77.4464478,18.4301135],[77.446447,18.4301137],[77.4464454,18.4301141],[77.4464453,18.4301141],[77.4464432,18.4301149],[77.4464428,18.430115],[77.446441,18.4301157],[77.4464409,18.4301157],[77.4464392,18.430116],[77.4464391,18.430116],[77.4464381,18.4301159],[77.4464381,18.4301159],[77.4464376,18.4301162],[77.4464376,18.4301162],[77.4464377,18.4301166],[77.4464378,18.4301166],[77.4464383,18.4301169],[77.4464384,18.430117],[77.446439,18.4301173],[77.446439,18.4301173],[77.4464402,18.4301172],[77.4464402,18.4301172],[77.4464412,18.4301168],[77.4464414,18.4301167],[77.4464424,18.4301163],[77.4464438,18.4301157],[77.4464451,18.4301152],[77.4464464,18.4301147],[77.4464466,18.4301147],[77.4464472,18.4301144],[77.4464474,18.4301143],[77.4464476,18.4301141],[77.4464477,18.4301141],[77.4464481,18.4301138],[77.4464485,18.4301135],[77.4464485,18.4301135],[77.4464486,18.4301136],[77.4464486,18.4301136],[77.446449,18.4301137],[77.446449,18.4301137],[77.4464493,18.4301138],[77.4464493,18.4301138],[77.4464494,18.4301139],[77.4464494,18.4301135],[77.4464494,18.4301135],[77.4464493,18.4301128],[77.4464493,18.4301127],[77.4464494,18.4301126],[77.4464495,18.4301126],[77.4464496,18.4301124],[77.4464495,18.4301123],[77.4464492,18.4301117],[77.4464492,18.4301117],[77.4464492,18.4301112],[77.4464492,18.4301111],[77.4464493,18.4301104],[77.4464493,18.4301104],[77.4464497,18.4301101],[77.4464497,18.4301101],[77.4464503,18.4301102],[77.4464503,18.4301102],[77.4464508,18.4301119],[77.4464509,18.430112],[77.446453,18.4301163],[77.4464531,18.4301165],[77.4464557,18.4301228],[77.4464558,18.4301231],[77.4464592,18.4301309],[77.4464633,18.4301418],[77.4464686,18.4301549],[77.4464744,18.4301707],[77.4464813,18.430189],[77.446489,18.4302088],[77.4464971,18.4302291],[77.446505,18.4302494],[77.4465131,18.4302699],[77.4465212,18.43029],[77.4465294,18.43031],[77.4465377,18.4303303],[77.4465463,18.4303511],[77.4465544,18.4303714],[77.4465622,18.430391],[77.4465699,18.4304102],[77.4465776,18.4304297],[77.4465854,18.4304496],[77.4465938,18.4304693],[77.4466033,18.4304883],[77.4466126,18.4305072],[77.4466211,18.4305272],[77.4466296,18.4305474],[77.4466378,18.4305675],[77.4466461,18.4305873],[77.4466545,18.430607],[77.4466626,18.4306265],[77.4466712,18.4306458],[77.4466796,18.430666],[77.4466878,18.4306861],[77.4466959,18.4307056],[77.4467039,18.430725],[77.4467115,18.4307447],[77.4467193,18.4307643],[77.4467274,18.4307838],[77.4467359,18.4308031],[77.4467445,18.4308225],[77.4467521,18.4308421],[77.4467594,18.4308614],[77.4467671,18.4308802],[77.4467756,18.4308988],[77.4467844,18.4309184],[77.4467926,18.4309382],[77.446801,18.4309572],[77.4468016,18.4309584],[77.4468086,18.4309763],[77.4468149,18.4309967],[77.4468151,18.4309974],[77.4468233,18.4310166],[77.4468321,18.4310367],[77.4468407,18.4310563],[77.4468493,18.4310756],[77.4468584,18.4310948],[77.4468676,18.4311139],[77.4468772,18.4311328],[77.4468775,18.4311335],[77.4468861,18.4311522],[77.4468939,18.4311718],[77.4469016,18.4311914],[77.4469102,18.4312114],[77.4469183,18.4312318],[77.4469265,18.4312519],[77.4469346,18.4312716],[77.4469416,18.4312916],[77.4469491,18.4313115],[77.4469566,18.4313311],[77.4469568,18.4313318],[77.4469647,18.4313504],[77.4469735,18.4313695],[77.4469809,18.4313891],[77.4469888,18.4314084],[77.4469975,18.4314278],[77.4470065,18.4314473],[77.4470153,18.4314667],[77.4470245,18.4314865],[77.447033,18.4315058],[77.4470407,18.4315256],[77.4470498,18.4315448],[77.4470595,18.4315649],[77.447068,18.4315854],[77.4470683,18.4315861],[77.4470751,18.4316078],[77.4470753,18.4316086],[77.4470835,18.4316282],[77.4470927,18.4316467],[77.4471004,18.4316655],[77.4471006,18.4316662],[77.4471069,18.4316861],[77.4471071,18.4316868],[77.4471157,18.431702],[77.447116,18.4317025],[77.447124,18.4317192],[77.4471312,18.4317394],[77.447139,18.4317591],[77.4471457,18.4317791],[77.447146,18.4317797],[77.4471541,18.4317983],[77.4471544,18.431799],[77.4471629,18.4318189],[77.447164,18.4318219],[77.4471716,18.4318402],[77.4471811,18.4318585],[77.4471814,18.4318591],[77.4471893,18.4318771],[77.4471895,18.4318778],[77.447197,18.4318977],[77.4472053,18.4319184],[77.447213,18.4319389],[77.4472204,18.4319588],[77.4472207,18.4319595],[77.4472329,18.4319766],[77.4472334,18.4319772],[77.4472445,18.4319956],[77.4472449,18.4319962],[77.4472529,18.4320159],[77.4472587,18.4320368],[77.4472635,18.432058],[77.4472637,18.4320587],[77.4472702,18.4320775],[77.4472704,18.4320782],[77.4472795,18.4320968],[77.4472798,18.4320974],[77.4472892,18.4321169],[77.447297,18.4321379],[77.4473049,18.4321572],[77.4473117,18.4321766],[77.4473119,18.4321772],[77.4473196,18.4321955],[77.4473205,18.4321974],[77.4473279,18.4322148],[77.4473281,18.4322155],[77.4473345,18.4322361],[77.4473348,18.4322368],[77.4473441,18.4322547],[77.4473444,18.4322553],[77.4473528,18.4322743],[77.4473617,18.4322937],[77.4473704,18.4323127],[77.4473779,18.4323323],[77.4473782,18.432333],[77.4473876,18.4323501],[77.447388,18.4323507],[77.4473944,18.4323702],[77.4473946,18.4323709],[77.4474018,18.4323901],[77.4474047,18.4323956],[77.447411,18.4324091],[77.4474183,18.4324301],[77.4474254,18.4324505],[77.4474256,18.4324512],[77.4474349,18.4324699],[77.4474352,18.4324705],[77.4474444,18.4324894],[77.4474524,18.4325098],[77.4474601,18.4325299],[77.4474664,18.4325504],[77.4474726,18.4325705],[77.4474794,18.43259],[77.4474851,18.4326104],[77.4474854,18.432611],[77.4474944,18.4326293],[77.4474947,18.4326299],[77.4475015,18.4326498],[77.4475017,18.4326504],[77.4475087,18.4326692],[77.4475089,18.4326698],[77.4475181,18.4326874],[77.4475308,18.4327056],[77.4475312,18.4327062],[77.4475412,18.432725],[77.4475514,18.4327444],[77.4475609,18.4327642],[77.4475698,18.4327842],[77.4475789,18.4328042],[77.4475885,18.432824],[77.4475983,18.4328425],[77.4475986,18.4328431],[77.4476064,18.4328605],[77.4476137,18.4328787],[77.4476223,18.4328975],[77.4476225,18.4328982],[77.4476284,18.4329165],[77.4476286,18.4329171],[77.4476359,18.4329362],[77.4476361,18.4329368],[77.447642,18.4329576],[77.4476461,18.43298],[77.447647,18.4329866],[77.4476502,18.4329997],[77.4476562,18.4330054],[77.447658,18.4330125],[77.447658,18.4330131],[77.4476626,18.4330255],[77.4476629,18.4330258],[77.4476696,18.4330338],[77.4476699,18.433034],[77.4476729,18.4330404],[77.4476728,18.4330407],[77.4476673,18.4330508],[77.4476673,18.4330509],[77.447669,18.4330531],[77.44767,18.4330535],[77.44767,18.4330535],[77.447671,18.4330532],[77.4476734,18.433052],[77.4476779,18.4330495],[77.4476781,18.4330494],[77.4476841,18.433048],[77.4476865,18.4330475],[77.4476881,18.4330473],[77.4476887,18.4330473],[77.4476907,18.4330471],[77.4476912,18.433047],[77.4476934,18.4330469],[77.4476935,18.4330469],[77.4476945,18.4330472],[77.4476945,18.4330472],[77.4476942,18.433048],[77.447694,18.4330483],[77.4476941,18.4330484],[77.4476942,18.4330484],[77.4476938,18.4330488],[77.447692,18.4330501],[77.4476919,18.4330501],[77.4476891,18.4330518],[77.447689,18.4330518],[77.4476868,18.4330528],[77.4476867,18.4330528],[77.4476843,18.4330533],[77.4476842,18.4330533],[77.4476825,18.4330533],[77.4476825,18.4330532],[77.447682,18.4330521],[77.447682,18.4330521],[77.4476794,18.433052],[77.4476794,18.433052],[77.4476796,18.4330509],[77.4476797,18.4330508],[77.4476796,18.4330503],[77.4476795,18.4330503],[77.4476791,18.4330501],[77.4476791,18.4330501],[77.4476781,18.4330497],[77.447678,18.4330496],[77.4476775,18.4330492],[77.4476775,18.4330492],[77.4476756,18.4330501],[77.4476755,18.4330501],[77.4476742,18.4330506],[77.4476741,18.4330507],[77.4476739,18.4330508],[77.4476739,18.4330508],[77.4476738,18.4330511],[77.4476738,18.4330511],[77.4476754,18.4330507],[77.4476755,18.4330506],[77.4476775,18.4330505],[77.4476775,18.4330505],[77.4476785,18.4330506],[77.4476795,18.4330503],[77.4476804,18.4330502],[77.4476804,18.4330502],[77.4476811,18.4330505],[77.4476811,18.4330505],[77.4476785,18.4330523],[77.4476775,18.4330531],[77.4476764,18.4330535],[77.4476764,18.4330535],[77.4476743,18.4330547],[77.4476715,18.4330566],[77.4476715,18.4330566],[77.4476714,18.4330569],[77.4476714,18.4330569],[77.4476737,18.4330553],[77.4476813,18.4330499],[77.4476867,18.4330463],[77.4476867,18.4330463],[77.447687,18.4330465],[77.4476871,18.4330468],[77.4476871,18.4330472],[77.4476871,18.4330476]]}},{"type":"Feature","properties":{"flight":18,"sol":292,"date":"2021-12-15","max_alt_m":10.0},"geometry":{"type":"LineString","coordinates":[[77.4477181,18.4330382],[77.4477181,18.4330382],[77.4477181,18.4330387],[77.447718,18.4330401],[77.4477179,18.433042],[77.4477177,18.4330431],[77.4477177,18.4330432],[77.4477177,18.4330441],[77.4477177,18.4330441],[77.4477177,18.4330446],[77.4477177,18.4330446],[77.4477174,18.4330446],[77.4477174,18.4330446],[77.4477174,18.4330446],[77.4477174,18.4330446],[77.4477174,18.4330441],[77.4477174,18.433044],[77.4477173,18.4330431],[77.4477172,18.4330431],[77.4477167,18.4330421],[77.4477167,18.433042],[77.4477164,18.4330411],[77.4477164,18.4330411],[77.4477164,18.4330405],[77.4477164,18.4330405],[77.4477164,18.4330402],[77.4477164,18.4330402],[77.4477164,18.4330399],[77.4477164,18.4330399],[77.4477164,18.4330396],[77.4477164,18.4330396],[77.4477163,18.4330396],[77.4477163,18.4330396],[77.4477162,18.4330398],[77.447716,18.4330402],[77.447716,18.4330402],[77.4477159,18.4330405],[77.4477159,18.4330405],[77.4477157,18.4330404],[77.4477156,18.4330403],[77.4477152,18.4330398],[77.4477151,18.4330397],[77.4477149,18.4330394],[77.4477149,18.4330394],[77.4477149,18.4330388],[77.4477149,18.4330382],[77.4477149,18.4330382],[77.4477149,18.4330379],[77.4477149,18.4330379],[77.4477152,18.4330379],[77.4477153,18.4330379],[77.4477164,18.4330382],[77.4477165,18.4330382],[77.4477174,18.4330389],[77.4477174,18.4330389],[77.4477181,18.4330392],[77.4477181,18.4330392],[77.4477188,18.4330395],[77.4477189,18.4330396],[77.4477199,18.4330403],[77.4477231,18.4330433],[77.4477233,18.4330434],[77.4477282,18.4330485],[77.4477284,18.4330488],[77.4477334,18.4330554],[77.4477402,18.433065],[77.4477491,18.4330773],[77.4477593,18.4330921],[77.4477698,18.4331084],[77.4477806,18.4331255],[77.447781,18.4331261],[77.4477921,18.4331419],[77.4478038,18.4331576],[77.4478148,18.4331734],[77.4478259,18.4331897],[77.4478376,18.4332072],[77.4478502,18.4332259],[77.4478621,18.4332443],[77.447874,18.4332615],[77.4478863,18.4332782],[77.4478993,18.4332954],[77.4479124,18.4333127],[77.4479255,18.4333302],[77.4479387,18.4333479],[77.4479521,18.4333657],[77.4479649,18.4333842],[77.4479772,18.4334029],[77.4479899,18.4334206],[77.4480025,18.4334384],[77.4480151,18.4334556],[77.4480282,18.4334722],[77.4480416,18.4334895],[77.4480551,18.433507],[77.4480682,18.4335243],[77.4480808,18.4335413],[77.4480934,18.433559],[77.4481061,18.4335764],[77.4481188,18.4335935],[77.4481313,18.4336113],[77.4481441,18.4336293],[77.4481567,18.4336475],[77.4481688,18.433666],[77.4481807,18.4336841],[77.4481922,18.4337024],[77.4482036,18.4337209],[77.4482162,18.4337389],[77.448229,18.4337568],[77.4482429,18.4337742],[77.4482567,18.433791],[77.4482696,18.4338084],[77.4482824,18.4338257],[77.4482952,18.433843],[77.4483078,18.4338613],[77.4483205,18.4338787],[77.4483336,18.4338959],[77.4483472,18.4339133],[77.4483606,18.4339299],[77.4483738,18.4339467],[77.4483865,18.4339637],[77.4483985,18.4339809],[77.4484115,18.4339983],[77.4484243,18.4340157],[77.4484368,18.4340329],[77.4484503,18.4340493],[77.4484635,18.434066],[77.4484764,18.4340829],[77.4484889,18.4341],[77.4484901,18.434102],[77.4485012,18.4341177],[77.4485017,18.4341183],[77.4485131,18.4341351],[77.4485243,18.434153],[77.4485359,18.4341706],[77.4485479,18.4341878],[77.4485603,18.4342052],[77.4485734,18.4342234],[77.4485738,18.434224],[77.4485846,18.4342423],[77.448585,18.4342429],[77.448596,18.4342604],[77.4486083,18.4342774],[77.4486216,18.4342941],[77.4486346,18.434311],[77.4486476,18.434328],[77.4486605,18.4343453],[77.4486728,18.4343624],[77.4486855,18.4343793],[77.4486989,18.4343961],[77.4487127,18.4344133],[77.4487131,18.4344139],[77.4487247,18.4344315],[77.4487251,18.4344321],[77.4487366,18.4344492],[77.448737,18.4344498],[77.4487476,18.4344671],[77.4487594,18.4344847],[77.4487721,18.434502],[77.4487851,18.4345195],[77.4487974,18.4345375],[77.4488107,18.4345552],[77.4488239,18.4345728],[77.4488366,18.4345901],[77.44885,18.4346068],[77.4488505,18.4346073],[77.4488627,18.434624],[77.4488747,18.4346416],[77.4488864,18.4346591],[77.4488987,18.4346766],[77.4489116,18.434694],[77.4489252,18.4347111],[77.4489385,18.4347269],[77.448939,18.4347274],[77.4489508,18.4347433],[77.4489625,18.4347602],[77.4489746,18.4347769],[77.4489863,18.434794],[77.4489983,18.4348109],[77.4490104,18.4348287],[77.4490238,18.4348466],[77.4490243,18.4348472],[77.4490363,18.4348648],[77.4490491,18.434883],[77.4490637,18.4349012],[77.4490765,18.4349195],[77.4490881,18.4349383],[77.4490988,18.4349574],[77.4491096,18.4349755],[77.44911,18.4349761],[77.4491216,18.434993],[77.4491343,18.4350103],[77.4491471,18.435028],[77.4491602,18.4350455],[77.4491734,18.4350626],[77.4491867,18.4350794],[77.4491999,18.4350967],[77.4492124,18.4351143],[77.4492245,18.4351318],[77.4492253,18.4351329],[77.4492357,18.4351496],[77.4492359,18.4351503],[77.4492481,18.4351653],[77.4492621,18.4351808],[77.4492761,18.435197],[77.4492892,18.4352136],[77.4492896,18.4352142],[77.4493009,18.4352316],[77.4493122,18.4352498],[77.449324,18.4352674],[77.4493244,18.435268],[77.4493372,18.4352842],[77.4493376,18.4352848],[77.4493499,18.4353019],[77.4493619,18.4353205],[77.4493737,18.4353393],[77.4493863,18.4353574],[77.4493868,18.435358],[77.4493999,18.4353745],[77.4494143,18.4353906],[77.4494291,18.4354061],[77.4494296,18.4354067],[77.4494422,18.4354226],[77.4494543,18.4354398],[77.4494663,18.4354573],[77.4494777,18.4354756],[77.4494888,18.4354944],[77.4495001,18.4355131],[77.4495124,18.435531],[77.4495152,18.4355364],[77.4495238,18.4355505],[77.4495363,18.4355687],[77.4495493,18.435586],[77.4495622,18.4356028],[77.4495746,18.4356197],[77.4495867,18.4356369],[77.449599,18.4356547],[77.4496116,18.4356722],[77.4496239,18.4356893],[77.4496354,18.4357064],[77.4496475,18.4357235],[77.4496601,18.4357406],[77.4496732,18.4357573],[77.4496868,18.4357737],[77.4496872,18.4357742],[77.4496991,18.435791],[77.4497114,18.4358088],[77.4497246,18.4358264],[77.4497383,18.4358441],[77.4497514,18.4358618],[77.4497642,18.4358796],[77.4497779,18.4358979],[77.4497916,18.435915],[77.4498045,18.4359325],[77.4498176,18.4359497],[77.4498315,18.435967],[77.449832,18.4359676],[77.4498445,18.4359849],[77.4498567,18.4360033],[77.4498688,18.4360217],[77.4498804,18.4360405],[77.4498917,18.4360592],[77.4499031,18.4360771],[77.4499035,18.4360777],[77.449916,18.4360927],[77.4499164,18.4360932],[77.4499279,18.4361098],[77.4499393,18.4361279],[77.4499512,18.4361452],[77.4499641,18.4361622],[77.4499774,18.4361789],[77.4499899,18.4361952],[77.4499903,18.4361957],[77.4499984,18.4362099],[77.4499986,18.4362104],[77.4500059,18.436222],[77.4500062,18.4362224],[77.4500129,18.4362318],[77.4500132,18.4362321],[77.4500199,18.4362387],[77.4500207,18.4362392],[77.4500249,18.436243],[77.4500251,18.4362432],[77.4500297,18.4362438],[77.4500337,18.4362421],[77.4500337,18.4362421],[77.450035,18.4362427],[77.4500351,18.4362428],[77.4500342,18.4362429],[77.4500328,18.436243],[77.4500328,18.436243],[77.4500319,18.4362425],[77.4500318,18.4362425],[77.4500316,18.436242],[77.4500316,18.436242],[77.4500299,18.4362431],[77.4500293,18.4362437],[77.4500277,18.4362448],[77.4500274,18.436245],[77.4500269,18.4362452],[77.4500269,18.4362452],[77.4500277,18.4362444],[77.4500278,18.4362444],[77.450027,18.4362449],[77.4500269,18.4362449],[77.4500263,18.4362457],[77.4500263,18.4362457],[77.4500272,18.4362453],[77.4500273,18.4362453],[77.4500282,18.4362447],[77.4500282,18.4362448],[77.4500284,18.4362447],[77.4500306,18.4362425],[77.4500306,18.4362425],[77.4500284,18.436245],[77.450028,18.4362453],[77.4500244,18.4362483],[77.4500241,18.4362486],[77.4500271,18.4362457],[77.4500306,18.436242],[77.4500307,18.4362419],[77.4500292,18.4362442],[77.4500265,18.4362483],[77.4500265,18.4362484],[77.4500289,18.4362473],[77.4500289,18.4362472],[77.4500295,18.4362451],[77.4500295,18.436245],[77.4500308,18.4362444],[77.4500309,18.4362444],[77.450033,18.4362453]]}},{"type":"Feature","properties":{"flight":19,"sol":345,"date":"2022-02-07","max_alt_m":10.0},"geometry":{"type":"LineString","coordinates":[[77.4500989,18.4362287],[77.4500991,18.4362286],[77.4501014,18.4362278],[77.4501016,18.4362276],[77.4501014,18.4362284],[77.4501014,18.4362284],[77.4501005,18.4362302],[77.4501004,18.4362303],[77.4500995,18.4362313],[77.4500992,18.4362313],[77.450099,18.4362313],[77.450099,18.4362313],[77.4500988,18.4362317],[77.4500988,18.4362317],[77.4500987,18.436232],[77.4500987,18.436232],[77.4500983,18.4362322],[77.4500982,18.4362322],[77.4500978,18.436233],[77.4500978,18.436233],[77.4500975,18.4362339],[77.4500975,18.4362339],[77.4500972,18.4362347],[77.4500972,18.4362348],[77.450097,18.4362361],[77.4500969,18.4362361],[77.450097,18.4362366],[77.450097,18.4362366],[77.4500969,18.436237],[77.4500969,18.436237],[77.4500966,18.4362375],[77.4500966,18.4362375],[77.450096,18.4362373],[77.450096,18.4362373],[77.4500956,18.4362363],[77.4500956,18.4362362],[77.450096,18.4362352],[77.4500964,18.4362347],[77.4500966,18.4362344],[77.4500966,18.4362344],[77.4500964,18.4362331],[77.4500964,18.436233],[77.4500968,18.4362309],[77.4500972,18.4362287],[77.4500973,18.4362286],[77.4500973,18.4362269],[77.4500972,18.436226],[77.4500972,18.4362249],[77.4500972,18.4362248],[77.4500977,18.4362235],[77.4500979,18.4362231],[77.4500981,18.4362228],[77.4500981,18.4362228],[77.4500987,18.4362232],[77.4500987,18.4362233],[77.4500992,18.4362239],[77.4500993,18.436224],[77.4500997,18.4362246],[77.4500998,18.4362247],[77.4501001,18.4362252],[77.4501001,18.4362252],[77.4501001,18.4362258],[77.4501001,18.4362258],[77.4501011,18.4362286],[77.4501012,18.4362287],[77.4501029,18.4362318],[77.4501059,18.4362373],[77.45011,18.4362444],[77.4501102,18.4362447],[77.4501147,18.4362515],[77.4501188,18.4362569],[77.4501233,18.4362626],[77.4501234,18.4362628],[77.450127,18.4362693],[77.4501308,18.4362772],[77.450131,18.4362775],[77.4501357,18.4362861],[77.4501415,18.4362955],[77.4501467,18.4363043],[77.4501512,18.4363121],[77.450155,18.4363187],[77.4501589,18.4363252],[77.4501633,18.4363325],[77.4501681,18.4363403],[77.4501724,18.4363468],[77.4501772,18.436354],[77.4501824,18.4363612],[77.4501878,18.4363684],[77.4501929,18.4363758],[77.4501978,18.4363829],[77.4502024,18.4363894],[77.4502068,18.4363959],[77.4502069,18.4363961],[77.4502114,18.4364034],[77.4502116,18.4364037],[77.4502163,18.4364104],[77.4502212,18.4364173],[77.4502258,18.4364243],[77.4502301,18.4364313],[77.4502339,18.4364387],[77.4502381,18.4364465],[77.4502423,18.4364539],[77.4502464,18.4364613],[77.4502507,18.4364688],[77.4502553,18.4364762],[77.4502558,18.4364769],[77.4502601,18.4364838],[77.4502647,18.4364916],[77.450269,18.4364988],[77.4502731,18.4365058],[77.4502771,18.4365127],[77.4502814,18.4365199],[77.4502855,18.4365274],[77.4502856,18.4365277],[77.4502904,18.4365348],[77.4502953,18.4365421],[77.4503,18.4365494],[77.4503004,18.4365499],[77.4503049,18.4365564],[77.45031,18.4365631],[77.450315,18.4365704],[77.45032,18.4365771],[77.4503203,18.4365775],[77.4503245,18.436584],[77.4503285,18.4365911],[77.4503289,18.4365918],[77.450333,18.4365981],[77.4503381,18.436605],[77.4503382,18.4366052],[77.4503423,18.4366126],[77.4503469,18.4366203],[77.450347,18.4366205],[77.4503508,18.4366283],[77.4503509,18.4366286],[77.4503549,18.4366363],[77.4503592,18.4366441],[77.4503638,18.436652],[77.4503683,18.4366602],[77.4503724,18.4366684],[77.450377,18.4366764],[77.4503773,18.4366769],[77.4503819,18.4366836],[77.4503869,18.4366907],[77.4503876,18.4366917],[77.4503921,18.436698],[77.4503976,18.4367047],[77.4503978,18.436705],[77.4504019,18.4367117],[77.4504064,18.436719],[77.4504109,18.436726],[77.4504154,18.4367328],[77.4504156,18.436733],[77.4504204,18.4367393],[77.4504206,18.4367395],[77.4504248,18.436746],[77.4504292,18.4367528],[77.4504293,18.436753],[77.4504341,18.4367594],[77.4504388,18.4367659],[77.4504438,18.4367725],[77.450444,18.4367728],[77.4504489,18.4367795],[77.4504534,18.4367867],[77.4504584,18.4367938],[77.4504632,18.4368012],[77.4504634,18.4368014],[77.4504686,18.4368082],[77.4504688,18.4368084],[77.4504738,18.4368152],[77.4504786,18.4368224],[77.4504834,18.4368296],[77.4504881,18.4368367],[77.4504883,18.4368369],[77.4504921,18.4368441],[77.4504922,18.4368444],[77.4504966,18.4368517],[77.4505015,18.436859],[77.4505018,18.4368594],[77.4505059,18.4368664],[77.450506,18.4368666],[77.4505104,18.4368734],[77.4505152,18.4368801],[77.4505153,18.4368803],[77.4505196,18.4368874],[77.4505239,18.436895],[77.4505285,18.4369022],[77.4505286,18.4369024],[77.4505329,18.4369094],[77.4505367,18.436917],[77.4505403,18.4369251],[77.4505404,18.4369254],[77.4505447,18.4369328],[77.4505496,18.4369408],[77.4505542,18.4369488],[77.4505586,18.4369564],[77.450563,18.4369637],[77.4505675,18.436971],[77.4505719,18.4369781],[77.4505768,18.4369853],[77.4505769,18.4369855],[77.450582,18.4369919],[77.4505822,18.4369921],[77.4505867,18.4369989],[77.4505869,18.4369991],[77.4505922,18.4370048],[77.4505924,18.437005],[77.4505972,18.4370114],[77.4506017,18.4370182],[77.4506062,18.4370253],[77.4506104,18.4370325],[77.4506145,18.4370399],[77.4506189,18.4370473],[77.4506236,18.4370547],[77.4506283,18.4370622],[77.4506284,18.4370625],[77.4506324,18.4370702],[77.4506326,18.4370704],[77.4506368,18.4370778],[77.4506411,18.4370852],[77.4506453,18.4370927],[77.4506499,18.4371002],[77.450655,18.4371074],[77.4506601,18.4371144],[77.4506602,18.4371146],[77.4506656,18.4371212],[77.4506658,18.4371214],[77.4506705,18.4371277],[77.4506725,18.4371301],[77.4506735,18.4371316],[77.4506748,18.437134],[77.450675,18.4371342],[77.4506754,18.4371345],[77.4506754,18.4371345],[77.4506767,18.4371346],[77.4506767,18.4371346],[77.4506759,18.4371351],[77.4506759,18.4371351],[77.4506751,18.4371351],[77.4506751,18.4371351],[77.4506751,18.4371343],[77.4506751,18.4371343],[77.4506763,18.4371328],[77.4506763,18.4371327],[77.4506782,18.4371311],[77.4506782,18.4371311],[77.4506793,18.4371308],[77.4506794,18.4371308],[77.4506791,18.4371305],[77.450679,18.4371305],[77.4506794,18.4371306],[77.4506794,18.4371306],[77.4506797,18.4371309],[77.4506797,18.4371309],[77.450679,18.4371312],[77.4506756,18.437133],[77.4506715,18.4371353],[77.4506709,18.4371357],[77.4506683,18.4371373],[77.4506681,18.4371373],[77.4506666,18.4371383],[77.4506666,18.4371384],[77.4506657,18.437139],[77.4506647,18.4371395],[77.450664,18.43714],[77.4506637,18.4371404],[77.4506637,18.4371405],[77.4506641,18.4371406],[77.4506642,18.4371406],[77.4506647,18.4371405],[77.4506652,18.4371404],[77.4506656,18.4371402],[77.450666,18.43714],[77.4506664,18.4371398],[77.4506664,18.4371398],[77.4506674,18.4371393],[77.4506674,18.4371392],[77.450668,18.4371381],[77.450668,18.4371381],[77.4506694,18.4371368],[77.4506709,18.4371354],[77.4506709,18.4371354],[77.4506721,18.4371345],[77.4506722,18.4371345],[77.450673,18.4371343],[77.450673,18.4371343],[77.4506739,18.4371341],[77.4506739,18.4371341],[77.4506746,18.4371339],[77.4506746,18.4371339],[77.4506754,18.4371338],[77.4506754,18.4371338],[77.4506761,18.4371332],[77.4506761,18.4371331],[77.4506761,18.4371327],[77.450676,18.4371328],[77.4506757,18.4371327],[77.4506758,18.4371324],[77.4506758,18.4371321],[77.4506758,18.4371321],[77.4506755,18.4371319],[77.4506755,18.4371319],[77.4506753,18.4371317],[77.4506752,18.4371314],[77.4506752,18.4371314],[77.4506751,18.4371314],[77.4506751,18.4371314],[77.4506747,18.4371317]]}},{"type":"Feature","properties":{"flight":20,"sol":362,"date":"2022-02-25","max_alt_m":10.0},"geometry":{"type":"LineString","coordinates":[[77.4507514,18.4370611],[77.4507514,18.4370612],[77.4507525,18.437062],[77.4507525,18.437062],[77.4507541,18.4370605],[77.4507561,18.4370583],[77.4507562,18.4370583],[77.4507577,18.4370577],[77.4507577,18.4370577],[77.4507584,18.4370586],[77.4507585,18.4370586],[77.4507586,18.4370602],[77.4507586,18.4370602],[77.4507584,18.4370616],[77.4507584,18.4370617],[77.450758,18.4370625],[77.4507575,18.4370633],[77.4507575,18.4370634],[77.4507569,18.437064],[77.4507568,18.4370641],[77.4507561,18.4370645],[77.4507561,18.4370646],[77.4507553,18.4370648],[77.4507553,18.4370648],[77.4507546,18.4370646],[77.4507545,18.4370645],[77.4507541,18.4370642],[77.4507541,18.4370642],[77.4507535,18.4370644],[77.4507534,18.4370645],[77.4507533,18.4370641],[77.4507533,18.4370641],[77.4507535,18.4370636],[77.4507536,18.4370637],[77.4507537,18.4370636],[77.4507537,18.4370636],[77.4507539,18.4370631],[77.4507539,18.4370631],[77.4507537,18.4370627],[77.4507537,18.4370627],[77.4507534,18.4370626],[77.4507533,18.4370625],[77.4507532,18.4370625],[77.4507532,18.4370625],[77.4507533,18.4370629],[77.4507533,18.437063],[77.4507532,18.4370631],[77.4507532,18.4370631],[77.4507528,18.4370629],[77.4507528,18.4370629],[77.4507523,18.4370623],[77.4507522,18.4370622],[77.4507518,18.4370618],[77.4507517,18.4370617],[77.4507515,18.4370614],[77.4507515,18.4370614],[77.4507512,18.4370611],[77.4507512,18.4370611],[77.4507507,18.4370604],[77.4507506,18.4370604],[77.4507502,18.4370594],[77.4507501,18.4370589],[77.4507499,18.4370584],[77.4507499,18.4370584],[77.4507485,18.4370615],[77.4507462,18.4370674],[77.4507433,18.4370758],[77.4507396,18.4370867],[77.4507354,18.4371002],[77.4507303,18.4371159],[77.4507244,18.4371348],[77.4507179,18.4371566],[77.4507108,18.4371812],[77.450703,18.4372084],[77.4506943,18.4372377],[77.4506846,18.4372699],[77.4506742,18.4373044],[77.4506634,18.4373403],[77.4506529,18.4373763],[77.4506421,18.4374116],[77.4506312,18.4374467],[77.4506201,18.4374825],[77.4506091,18.4375176],[77.4505978,18.4375529],[77.4505861,18.437589],[77.4505745,18.4376251],[77.4505632,18.4376609],[77.4505521,18.4376963],[77.4505407,18.4377315],[77.450529,18.4377675],[77.4505173,18.437803],[77.450506,18.4378382],[77.4504958,18.4378735],[77.4504855,18.4379089],[77.450475,18.4379446],[77.4504644,18.4379809],[77.4504539,18.4380174],[77.4504435,18.4380539],[77.4504331,18.4380901],[77.4504226,18.4381256],[77.4504121,18.4381612],[77.4504012,18.4381971],[77.4503897,18.4382334],[77.4503785,18.4382696],[77.4503669,18.4383055],[77.450355,18.4383412],[77.4503432,18.4383766],[77.4503311,18.4384117],[77.4503197,18.4384468],[77.450309,18.4384822],[77.4502976,18.4385169],[77.4502858,18.4385522],[77.4502738,18.438588],[77.4502618,18.4386239],[77.4502603,18.4386288],[77.4502473,18.4386597],[77.4502467,18.4386608],[77.4502339,18.4386943],[77.4502243,18.4387289],[77.4502156,18.4387643],[77.4502063,18.4387997],[77.4501965,18.4388353],[77.4501871,18.4388716],[77.4501769,18.4389077],[77.4501662,18.438944],[77.4501553,18.4389803],[77.4501441,18.4390161],[77.4501328,18.4390515],[77.4501216,18.439087],[77.4501104,18.4391229],[77.4500986,18.4391588],[77.4500877,18.4391949],[77.4500773,18.4392311],[77.4500649,18.4392659],[77.4500535,18.4393011],[77.4500427,18.4393369],[77.4500314,18.439373],[77.4500192,18.4394085],[77.4500087,18.4394437],[77.4500005,18.4394782],[77.4499905,18.439514],[77.4499785,18.4395498],[77.4499664,18.4395861],[77.4499556,18.4396233],[77.4499442,18.4396599],[77.4499327,18.439696],[77.4499207,18.4397312],[77.4499067,18.439765],[77.4498931,18.439799],[77.4498808,18.4398339],[77.44987,18.4398701],[77.4498606,18.4399082],[77.4498603,18.4399095],[77.4498539,18.4399474],[77.4498475,18.4399863],[77.4498472,18.4399875],[77.4498356,18.4400224],[77.4498351,18.4400235],[77.4498178,18.4400542],[77.4498171,18.4400552],[77.4498027,18.440086],[77.4497934,18.4401205],[77.4497832,18.440155],[77.4497829,18.4401561],[77.4497698,18.4401885],[77.4497694,18.4401896],[77.4497592,18.4402241],[77.4497492,18.4402606],[77.4497387,18.4402972],[77.4497278,18.4403335],[77.4497169,18.4403693],[77.4497063,18.4404056],[77.4496965,18.4404424],[77.4496869,18.4404792],[77.4496762,18.4405153],[77.4496636,18.4405504],[77.4496631,18.4405515],[77.4496521,18.4405863],[77.4496421,18.4406233],[77.4496305,18.4406587],[77.4496193,18.4406942],[77.4496078,18.4407295],[77.4495953,18.4407643],[77.449584,18.4407996],[77.4495732,18.4408353],[77.4495629,18.4408711],[77.4495527,18.4409072],[77.4495418,18.4409429],[77.4495305,18.4409783],[77.4495197,18.4410136],[77.4495086,18.4410489],[77.4494976,18.4410842],[77.4494867,18.4411196],[77.4494759,18.4411553],[77.449465,18.441191],[77.4494535,18.4412266],[77.4494413,18.4412619],[77.4494312,18.4412982],[77.44942,18.4413342],[77.449408,18.4413698],[77.4493973,18.4414056],[77.449397,18.4414068],[77.4493847,18.4414405],[77.4493842,18.4414416],[77.4493734,18.4414756],[77.4493647,18.4415117],[77.4493538,18.441547],[77.4493426,18.4415819],[77.4493314,18.4416168],[77.4493204,18.4416521],[77.4493092,18.4416877],[77.4492969,18.4417233],[77.4492839,18.4417591],[77.4492746,18.4417957],[77.4492649,18.4418324],[77.4492549,18.441867],[77.4492423,18.4419008],[77.4492419,18.441902],[77.4492318,18.4419365],[77.4492217,18.4419726],[77.4492115,18.4420086],[77.4492011,18.442045],[77.4491905,18.4420814],[77.4491796,18.4421173],[77.4491685,18.4421524],[77.4491563,18.4421872],[77.4491559,18.4421884],[77.4491455,18.4422225],[77.4491358,18.4422584],[77.4491245,18.4422945],[77.4491116,18.4423294],[77.4490979,18.4423639],[77.4490843,18.4423989],[77.4490735,18.4424343],[77.4490627,18.4424693],[77.4490515,18.4425042],[77.4490412,18.44254],[77.4490312,18.4425763],[77.449021,18.4426127],[77.4490104,18.4426482],[77.4490003,18.4426848],[77.44899,18.4427214],[77.4489797,18.4427579],[77.44897,18.4427945],[77.4489602,18.4428302],[77.4489497,18.4428662],[77.448939,18.4429035],[77.4489387,18.4429048],[77.4489319,18.4429419],[77.4489317,18.4429432],[77.4489225,18.4429778],[77.4489096,18.4430113],[77.4488955,18.4430438],[77.4488808,18.4430778],[77.4488667,18.443113],[77.4488539,18.4431488],[77.4488534,18.4431499],[77.448839,18.4431829],[77.4488386,18.4431841],[77.448837,18.443219],[77.4488376,18.443224],[77.4488378,18.4432527],[77.4488376,18.4432536],[77.4488284,18.443278],[77.4488189,18.4433014],[77.4488085,18.4433225],[77.4487978,18.4433411],[77.4487975,18.4433416],[77.4487903,18.4433579],[77.44879,18.4433584],[77.4487824,18.4433711],[77.4487821,18.4433715],[77.4487745,18.4433809],[77.4487674,18.4433879],[77.4487672,18.4433882],[77.4487625,18.4433942],[77.4487624,18.4433944],[77.4487596,18.4433963],[77.4487594,18.4433963],[77.4487575,18.4433966],[77.448755,18.4433967],[77.4487549,18.4433968],[77.4487535,18.4433969],[77.4487532,18.4433969],[77.4487526,18.443397],[77.4487526,18.443397],[77.4487522,18.4433969],[77.4487522,18.4433969],[77.4487534,18.4433969],[77.4487537,18.4433969],[77.4487557,18.4433976],[77.4487565,18.4433981],[77.4487587,18.4433993],[77.4487588,18.4433993],[77.4487625,18.4433999],[77.4487627,18.4433999],[77.4487645,18.4433987],[77.4487649,18.4433978],[77.4487658,18.4433973],[77.4487673,18.4433971],[77.4487683,18.4433968],[77.4487683,18.4433967],[77.4487681,18.4433946],[77.4487681,18.4433945],[77.4487688,18.4433931],[77.4487701,18.4433927],[77.4487712,18.4433922],[77.4487713,18.4433921],[77.4487722,18.4433912],[77.4487722,18.4433912],[77.4487735,18.4433905],[77.4487736,18.4433905],[77.4487748,18.4433904],[77.4487749,18.4433904],[77.4487761,18.4433908],[77.4487761,18.4433909],[77.4487779,18.4433912],[77.448778,18.4433912],[77.4487781,18.4433914],[77.4487781,18.4433914],[77.4487768,18.4433912],[77.4487767,18.4433912],[77.4487776,18.443392],[77.4487777,18.443392],[77.4487784,18.4433924],[77.4487784,18.4433924],[77.4487799,18.4433929],[77.44878,18.4433929],[77.4487822,18.4433932],[77.4487817,18.4433929],[77.448781,18.4433924],[77.448781,18.4433924],[77.4487798,18.4433916],[77.4487798,18.4433915],[77.4487788,18.443392],[77.4487789,18.4433921],[77.4487856,18.4433956],[77.4487858,18.4433958],[77.4487854,18.4433954],[77.4487851,18.4433952],[77.4487858,18.4433957],[77.4487889,18.443397],[77.448789,18.4433971],[77.4487896,18.4433973],[77.4487894,18.4433973],[77.4487863,18.4433954],[77.4487826,18.4433933],[77.4487803,18.4433919],[77.4487801,18.4433918]]}},{"type":"Feature","properties":{"flight":21,"sol":375,"date":"2022-03-10","max_alt_m":10.0},"geometry":{"type":"LineString","coordinates":[[77.4485768,18.4433578],[77.4485768,18.4433579],[77.4485775,18.4433585],[77.4485775,18.4433585],[77.4485796,18.4433584],[77.4485807,18.4433583],[77.4485824,18.4433581],[77.4485824,18.4433581],[77.4485834,18.4433587],[77.4485836,18.4433588],[77.4485838,18.4433594],[77.4485838,18.4433594],[77.4485836,18.4433602],[77.4485836,18.4433602],[77.448583,18.4433609],[77.448583,18.4433609],[77.4485824,18.4433612],[77.4485823,18.4433613],[77.4485816,18.4433613],[77.4485816,18.4433613],[77.4485809,18.443361],[77.4485809,18.443361],[77.4485802,18.4433604],[77.4485802,18.4433604],[77.4485797,18.44336],[77.4485796,18.44336],[77.4485793,18.4433595],[77.4485793,18.4433594],[77.4485792,18.4433588],[77.4485792,18.4433587],[77.4485792,18.4433586],[77.4485792,18.4433586],[77.4485792,18.4433585],[77.4485792,18.4433584],[77.4485792,18.4433583],[77.4485792,18.4433583],[77.4485789,18.4433582],[77.4485789,18.4433582],[77.4485789,18.4433582],[77.4485789,18.4433582],[77.4485789,18.4433583],[77.4485789,18.4433583],[77.4485787,18.4433584],[77.4485786,18.4433584],[77.448578,18.4433585],[77.448578,18.4433585],[77.4485777,18.4433587],[77.4485777,18.4433587],[77.4485774,18.4433589],[77.4485772,18.443359],[77.4485768,18.4433592],[77.4485768,18.4433592],[77.4485767,18.4433596],[77.4485767,18.4433597],[77.4485764,18.4433598],[77.4485764,18.4433598],[77.4485758,18.4433597],[77.4485757,18.4433597],[77.4485755,18.4433597],[77.4485755,18.4433597],[77.4485759,18.4433593],[77.4485762,18.4433591],[77.4485758,18.4433592],[77.4485721,18.4433604],[77.448566,18.4433624],[77.4485573,18.4433654],[77.4485457,18.4433698],[77.4485318,18.4433756],[77.448515,18.4433828],[77.4484953,18.4433914],[77.448473,18.4434013],[77.4484483,18.4434127],[77.4484214,18.4434246],[77.4483925,18.443437],[77.4483624,18.4434499],[77.4483303,18.4434633],[77.4482982,18.4434769],[77.448267,18.4434905],[77.4482368,18.4435043],[77.4482052,18.443518],[77.4481729,18.4435313],[77.4481415,18.4435439],[77.4481085,18.4435577],[77.4480762,18.4435719],[77.4480452,18.4435864],[77.4480133,18.443601],[77.4479828,18.4436148],[77.4479537,18.4436282],[77.4479243,18.4436411],[77.447895,18.4436545],[77.4478656,18.4436678],[77.4478359,18.4436811],[77.4478047,18.4436951],[77.4477728,18.4437091],[77.4477407,18.4437229],[77.447709,18.4437362],[77.4476772,18.4437507],[77.4476454,18.4437657],[77.4476137,18.4437804],[77.4475823,18.4437939],[77.4475505,18.4438072],[77.4475186,18.4438202],[77.4474868,18.443833],[77.4474547,18.4438448],[77.4474225,18.4438559],[77.4473906,18.4438672],[77.4473592,18.4438813],[77.4473282,18.4438953],[77.4472976,18.443909],[77.4472672,18.4439222],[77.4472367,18.4439352],[77.4472059,18.4439489],[77.4471738,18.4439614],[77.4471416,18.443975],[77.447109,18.4439875],[77.4470767,18.4440005],[77.4470451,18.4440151],[77.4470138,18.4440304],[77.4470128,18.4440309],[77.4469828,18.4440438],[77.4469517,18.4440568],[77.4469206,18.4440716],[77.4468907,18.4440866],[77.446861,18.4441007],[77.4468307,18.4441138],[77.4468003,18.4441268],[77.4467692,18.4441397],[77.4467378,18.4441527],[77.4467071,18.4441659],[77.4466765,18.4441779],[77.4466458,18.4441896],[77.4466148,18.4442014],[77.4465834,18.4442138],[77.4465514,18.4442272],[77.4465492,18.4442281],[77.446519,18.4442396],[77.4464859,18.4442521],[77.4464546,18.4442662],[77.4464536,18.4442667],[77.4464246,18.4442824],[77.4463951,18.4442995],[77.4463647,18.4443138],[77.4463333,18.4443272],[77.4463015,18.4443403],[77.4462696,18.4443537],[77.4462377,18.4443669],[77.4462367,18.4443674],[77.4462068,18.4443821],[77.4461765,18.4443983],[77.4461462,18.4444113],[77.4461155,18.4444226],[77.4460842,18.4444336],[77.4460523,18.4444451],[77.4460512,18.4444455],[77.4460212,18.4444589],[77.4459907,18.444474],[77.4459604,18.4444895],[77.4459297,18.4445038],[77.4458987,18.4445167],[77.4458674,18.4445291],[77.4458355,18.4445417],[77.4458344,18.4445421],[77.4458047,18.4445558],[77.445774,18.44457],[77.4457431,18.4445834],[77.445712,18.4445956],[77.4456796,18.4446079],[77.4456471,18.4446212],[77.4456153,18.4446354],[77.4455839,18.4446481],[77.4455525,18.4446622],[77.4455215,18.4446774],[77.4454915,18.4446922],[77.4454612,18.4447053],[77.4454307,18.4447179],[77.4453998,18.4447306],[77.4453683,18.4447446],[77.4453672,18.4447451],[77.4453357,18.4447574],[77.4453346,18.4447578],[77.4453032,18.444771],[77.4452721,18.4447881],[77.4452681,18.4447903],[77.4452432,18.4448065],[77.4452422,18.444807],[77.4452118,18.4448131],[77.4451782,18.4448153],[77.4451773,18.4448156],[77.44515,18.4448367],[77.445149,18.4448373],[77.445117,18.44485],[77.4451159,18.4448504],[77.4450844,18.444864],[77.4450519,18.4448808],[77.4450197,18.4448973],[77.4450186,18.4448978],[77.4449881,18.4449114],[77.4449569,18.4449232],[77.4449255,18.4449333],[77.4448949,18.4449445],[77.4448651,18.4449566],[77.444836,18.4449699],[77.4448052,18.4449837],[77.4447738,18.4449972],[77.4447423,18.4450111],[77.4447107,18.4450268],[77.4446788,18.445043],[77.4446778,18.4450436],[77.4446476,18.4450573],[77.4446171,18.4450691],[77.4445856,18.4450818],[77.4445542,18.445094],[77.4445228,18.4451065],[77.4444908,18.4451206],[77.4444595,18.4451358],[77.4444585,18.4451363],[77.4444285,18.4451479],[77.444417,18.4451509],[77.4443977,18.4451573],[77.4443958,18.4451585],[77.4443673,18.4451707],[77.4443365,18.4451828],[77.4443055,18.4451956],[77.444274,18.4452105],[77.4442424,18.4452254],[77.444211,18.4452406],[77.44418,18.4452556],[77.4441494,18.4452679],[77.4441189,18.445281],[77.4440881,18.4452947],[77.4440564,18.4453084],[77.4440242,18.4453212],[77.4440231,18.4453217],[77.4439927,18.4453353],[77.4439621,18.4453506],[77.4439312,18.4453638],[77.4438999,18.4453772],[77.4438689,18.4453914],[77.4438388,18.4454068],[77.4438378,18.4454073],[77.4438068,18.4454198],[77.4437747,18.4454331],[77.4437431,18.445447],[77.4437118,18.4454611],[77.4436812,18.4454769],[77.4436503,18.4454911],[77.4436185,18.4455035],[77.4436174,18.4455039],[77.4435856,18.4455127],[77.4435845,18.445513],[77.4435531,18.4455237],[77.4435215,18.4455377],[77.4434908,18.4455529],[77.4434602,18.4455678],[77.44343,18.4455815],[77.4434,18.4455939],[77.443399,18.4455943],[77.4433707,18.44561],[77.4433697,18.4456106],[77.4433402,18.4456242],[77.4433084,18.4456362],[77.4432759,18.4456476],[77.4432749,18.445648],[77.4432444,18.4456611],[77.4432137,18.445676],[77.4431833,18.4456914],[77.4431514,18.4457056],[77.4431194,18.4457169],[77.4431184,18.4457173],[77.443088,18.4457276],[77.4430572,18.4457351],[77.4430562,18.4457354],[77.443027,18.4457448],[77.443026,18.4457451],[77.4429958,18.4457543],[77.4429904,18.4457557],[77.442964,18.4457637],[77.442963,18.4457641],[77.4429349,18.4457806],[77.4429339,18.4457811],[77.4429048,18.4457923],[77.4429016,18.4457932],[77.4428748,18.4458032],[77.4428739,18.4458037],[77.4428471,18.4458203],[77.4428171,18.4458359],[77.4428161,18.4458363],[77.4427847,18.4458425],[77.4427733,18.4458429],[77.4427516,18.4458448],[77.4427506,18.445845],[77.442722,18.4458569],[77.442695,18.4458697],[77.4426705,18.4458811],[77.4426492,18.4458906],[77.4426307,18.4458993],[77.4426301,18.4458996],[77.4426157,18.4459103],[77.4426153,18.4459108],[77.4426048,18.445925],[77.4426046,18.4459256],[77.4425989,18.4459448],[77.4425987,18.4459453],[77.4425923,18.4459518],[77.4425921,18.4459519],[77.4425894,18.4459572],[77.4425894,18.4459575],[77.4425923,18.4459669],[77.4425924,18.4459671],[77.4425934,18.4459738],[77.4425937,18.4459756],[77.4425937,18.4459763],[77.4425934,18.4459775],[77.4425932,18.445979],[77.4425933,18.4459808],[77.4425932,18.4459823],[77.4425932,18.4459824],[77.4425919,18.4459823],[77.4425918,18.4459823],[77.4425905,18.4459815],[77.4425905,18.4459815],[77.4425893,18.4459806],[77.4425893,18.4459806],[77.4425876,18.4459783],[77.4425876,18.4459783],[77.4425871,18.445979],[77.4425871,18.445979],[77.4425863,18.445978],[77.4425863,18.4459779],[77.4425855,18.4459769],[77.4425854,18.4459768],[77.4425845,18.4459754],[77.4425845,18.4459754],[77.4425834,18.4459732],[77.4425819,18.4459705],[77.4425807,18.445968],[77.4425794,18.4459649],[77.4425783,18.445962],[77.4425783,18.4459619],[77.4425776,18.445959],[77.4425776,18.4459589],[77.4425771,18.4459544],[77.4425764,18.4459473],[77.4425754,18.4459366],[77.4425754,18.4459365],[77.4425774,18.4459354],[77.4425775,18.4459354],[77.4425784,18.445936],[77.4425784,18.445936],[77.4425786,18.4459364]]}},{"type":"Feature","properties":{"flight":22,"sol":384,"date":"2022-03-19","max_alt_m":10.0},"geometry":{"type":"LineString","coordinates":[[77.4421886,18.4451437],[77.4421909,18.4451434],[77.442191,18.4451433],[77.4421908,18.4451432],[77.4421908,18.4451432],[77.4421903,18.4451431],[77.4421903,18.4451431],[77.4421902,18.4451432],[77.4421902,18.4451433],[77.4421903,18.4451435],[77.4421903,18.4451435],[77.4421905,18.4451436],[77.4421905,18.4451436],[77.4421903,18.4451434],[77.4421903,18.4451434],[77.4421897,18.4451431],[77.4421896,18.445143],[77.4421891,18.4451426],[77.4421891,18.4451426],[77.4421888,18.4451422],[77.4421888,18.4451421],[77.4421887,18.4451418],[77.4421886,18.4451418],[77.4421887,18.4451418],[77.4421887,18.4451418],[77.4421889,18.4451419],[77.4421889,18.4451419],[77.4421892,18.4451419],[77.4421892,18.4451419],[77.4421895,18.4451419],[77.4421895,18.4451419],[77.4421898,18.4451416],[77.4421899,18.4451416],[77.4421902,18.4451412],[77.4421906,18.4451406],[77.4421906,18.4451406],[77.4421908,18.4451405],[77.4421908,18.4451405],[77.4421907,18.4451404],[77.4421906,18.4451404],[77.4421906,18.4451397],[77.4421906,18.4451397],[77.4421906,18.4451391],[77.4421906,18.4451391],[77.4421906,18.4451388],[77.4421906,18.4451388],[77.4421905,18.4451386],[77.4421904,18.4451386],[77.4421899,18.4451384],[77.4421899,18.4451384],[77.44219,18.4451387],[77.44219,18.4451387],[77.4421899,18.4451392],[77.4421898,18.4451392],[77.4421898,18.4451394],[77.4421897,18.4451394],[77.4421896,18.4451396],[77.4421896,18.4451396],[77.4421896,18.4451396],[77.4421896,18.4451396],[77.4421894,18.4451407],[77.4421894,18.4451407],[77.4421894,18.4451413],[77.4421894,18.4451414],[77.4421896,18.4451422],[77.44219,18.4451428],[77.4421906,18.4451444],[77.4421907,18.4451445],[77.4421928,18.4451491],[77.442196,18.4451556],[77.4421988,18.4451622],[77.442199,18.4451624],[77.4422034,18.4451691],[77.4422083,18.4451763],[77.4422133,18.4451834],[77.4422182,18.4451908],[77.4422183,18.445191],[77.4422232,18.4451983],[77.4422292,18.4452055],[77.4422345,18.4452126],[77.4422396,18.4452199],[77.4422398,18.4452201],[77.4422452,18.4452269],[77.4422453,18.4452271],[77.4422502,18.4452339],[77.4422546,18.4452412],[77.4422589,18.4452485],[77.4422635,18.4452553],[77.4422679,18.4452622],[77.4422727,18.445269],[77.4422774,18.445276],[77.4422816,18.4452833],[77.4422852,18.4452903],[77.4422896,18.4452974],[77.4422942,18.4453041],[77.4422989,18.445311],[77.4423035,18.4453181],[77.4423082,18.4453254],[77.4423128,18.4453329],[77.4423184,18.4453402],[77.4423239,18.4453475],[77.4423295,18.4453546],[77.4423349,18.4453616],[77.4423402,18.4453687],[77.4423453,18.445376],[77.4423505,18.4453834],[77.4423559,18.4453907],[77.4423611,18.4453978],[77.4423661,18.4454048],[77.442371,18.445412],[77.4423758,18.4454193],[77.4423806,18.4454262],[77.4423807,18.4454264],[77.4423844,18.4454331],[77.4423884,18.4454402],[77.4423924,18.4454475],[77.4423966,18.4454548],[77.4424008,18.4454622],[77.4424055,18.4454694],[77.4424106,18.4454766],[77.4424115,18.445478],[77.4424158,18.4454834],[77.4424212,18.4454901],[77.4424265,18.4454968],[77.4424315,18.4455038],[77.4424365,18.4455109],[77.4424411,18.4455185],[77.4424413,18.4455187],[77.4424461,18.4455257],[77.4424512,18.4455329],[77.4424563,18.44554],[77.4424614,18.445547],[77.4424662,18.4455542],[77.4424713,18.445561],[77.4424763,18.4455676],[77.4424765,18.4455678],[77.4424807,18.4455747],[77.4424848,18.445582],[77.442489,18.4455893],[77.4424934,18.4455964],[77.4424978,18.4456039],[77.4425025,18.4456111],[77.4425026,18.4456113],[77.4425075,18.4456178],[77.4425125,18.4456245],[77.4425171,18.4456312],[77.4425216,18.4456383],[77.4425259,18.4456456],[77.4425302,18.4456529],[77.4425344,18.4456601],[77.4425391,18.4456674],[77.4425439,18.4456746],[77.4425486,18.4456814],[77.4425541,18.445688],[77.4425593,18.445695],[77.4425645,18.4457022],[77.4425697,18.4457092],[77.4425748,18.4457162],[77.4425799,18.4457235],[77.4425851,18.4457309],[77.4425902,18.4457383],[77.4425953,18.4457458],[77.4426004,18.4457529],[77.4426054,18.4457596],[77.4426104,18.4457663],[77.4426154,18.4457733],[77.4426203,18.4457805],[77.4426251,18.4457881],[77.4426297,18.4457954],[77.4426343,18.4458028],[77.4426389,18.4458102],[77.4426432,18.4458176],[77.4426477,18.4458246],[77.4426524,18.4458315],[77.4426569,18.4458383],[77.4426612,18.445845],[77.4426655,18.4458516],[77.4426698,18.4458586],[77.4426744,18.4458655],[77.4426793,18.4458726],[77.4426842,18.44588],[77.4426843,18.4458803],[77.4426894,18.4458874],[77.442695,18.4458947],[77.4427006,18.4459023],[77.4427064,18.4459096],[77.4427121,18.4459167],[77.4427175,18.4459232],[77.4427179,18.4459236],[77.4427224,18.4459299],[77.4427269,18.4459371],[77.4427313,18.4459441],[77.4427357,18.4459514],[77.4427399,18.4459586],[77.4427443,18.4459655],[77.4427488,18.4459723],[77.4427534,18.445979],[77.4427578,18.445986],[77.4427579,18.4459862],[77.4427628,18.4459926],[77.442763,18.4459928],[77.4427673,18.4459997],[77.4427718,18.4460068],[77.4427763,18.4460138],[77.4427808,18.446021],[77.4427853,18.4460285],[77.4427901,18.4460357],[77.442795,18.4460429],[77.4427998,18.4460502],[77.4428046,18.4460578],[77.4428095,18.4460656],[77.4428145,18.4460732],[77.4428197,18.4460803],[77.4428248,18.4460874],[77.4428298,18.4460948],[77.4428299,18.446095],[77.442834,18.4461026],[77.4428342,18.4461028],[77.442837,18.4461076],[77.4428372,18.4461078],[77.4428387,18.4461098],[77.4428388,18.4461098],[77.4428397,18.4461106],[77.4428398,18.4461106],[77.4428401,18.4461106],[77.4428401,18.4461106],[77.4428403,18.44611],[77.4428405,18.4461089],[77.4428405,18.4461088],[77.4428403,18.4461082],[77.4428403,18.4461081],[77.4428402,18.4461075],[77.4428402,18.4461075],[77.4428403,18.4461065],[77.4428403,18.4461064],[77.4428405,18.4461059],[77.4428405,18.4461058],[77.4428405,18.4461054],[77.4428405,18.4461054],[77.4428404,18.446105],[77.4428404,18.4461047],[77.4428404,18.4461047],[77.4428404,18.4461048],[77.4428401,18.446105],[77.4428401,18.446105],[77.44284,18.4461049],[77.44284,18.4461049],[77.4428398,18.446105],[77.4428398,18.446105],[77.4428393,18.4461052],[77.4428393,18.4461052],[77.4428389,18.4461053],[77.4428389,18.4461053],[77.4428387,18.4461056],[77.4428387,18.4461056],[77.4428387,18.4461058],[77.4428387,18.4461059],[77.4428388,18.4461063],[77.4428388,18.4461069],[77.4428388,18.446107],[77.4428389,18.4461072],[77.442839,18.4461072],[77.4428391,18.4461074],[77.4428391,18.4461074],[77.442839,18.4461077],[77.442839,18.4461077],[77.4428391,18.446108],[77.4428391,18.446108],[77.4428392,18.4461081],[77.4428392,18.4461081],[77.4428392,18.4461086],[77.4428392,18.4461086],[77.4428392,18.4461084],[77.4428392,18.4461083],[77.4428391,18.4461084],[77.4428391,18.4461084],[77.4428389,18.4461099],[77.4428388,18.4461103],[77.4428388,18.4461102],[77.4428386,18.44611],[77.4428385,18.4461101],[77.442838,18.4461103]]}},{"type":"Feature","properties":{"flight":23,"sol":388,"date":"2022-03-24","max_alt_m":10.0},"geometry":{"type":"LineString","coordinates":[[77.4429221,18.4461078],[77.4429221,18.4461079],[77.4429222,18.446108],[77.4429222,18.446108],[77.4429225,18.4461081],[77.4429225,18.4461081],[77.4429229,18.4461081],[77.442923,18.4461081],[77.4429233,18.4461079],[77.4429233,18.4461079],[77.4429236,18.4461077],[77.4429236,18.4461077],[77.4429238,18.4461075],[77.442924,18.4461074],[77.4429241,18.4461074],[77.4429241,18.4461074],[77.4429245,18.4461072],[77.4429245,18.4461072],[77.4429245,18.4461073],[77.4429245,18.4461074],[77.4429243,18.4461078],[77.4429243,18.4461078],[77.4429238,18.4461082],[77.4429235,18.4461085],[77.4429234,18.4461085],[77.4429229,18.4461086],[77.4429229,18.4461086],[77.442922,18.4461086],[77.442922,18.4461086],[77.4429214,18.4461086],[77.4429214,18.4461086],[77.4429208,18.4461086],[77.4429207,18.4461086],[77.4429204,18.4461084],[77.4429204,18.4461084],[77.4429206,18.4461079],[77.4429206,18.4461079],[77.4429209,18.4461074],[77.442921,18.4461074],[77.4429214,18.4461073],[77.4429215,18.4461073],[77.4429219,18.4461074],[77.4429219,18.4461074],[77.4429227,18.4461075],[77.4429227,18.4461075],[77.4429233,18.4461079],[77.4429233,18.446108],[77.4429235,18.4461084],[77.4429235,18.4461091],[77.4429235,18.4461094],[77.4429234,18.4461098],[77.4429234,18.4461098],[77.4429235,18.4461102],[77.4429235,18.4461102],[77.4429254,18.4461112],[77.4429255,18.4461113],[77.4429281,18.4461144],[77.4429318,18.4461203],[77.4429371,18.4461287],[77.4429373,18.446129],[77.4429446,18.446139],[77.4429541,18.4461519],[77.442965,18.4461674],[77.4429768,18.4461848],[77.4429901,18.4462044],[77.4430049,18.4462259],[77.4430212,18.446249],[77.4430381,18.4462733],[77.4430567,18.4462997],[77.443078,18.4463287],[77.4431009,18.446361],[77.4431233,18.4463918],[77.4431449,18.446422],[77.4431656,18.446452],[77.4431858,18.4464814],[77.4432057,18.4465098],[77.4432254,18.4465373],[77.4432451,18.4465638],[77.4432641,18.4465902],[77.4432829,18.4466165],[77.443302,18.4466424],[77.4433209,18.4466692],[77.4433404,18.4466973],[77.443361,18.4467261],[77.4433823,18.4467556],[77.4434025,18.4467854],[77.4434227,18.4468141],[77.4434435,18.4468413],[77.4434649,18.446868],[77.4434656,18.4468689],[77.4434844,18.4468957],[77.4435042,18.4469239],[77.4435235,18.4469523],[77.4435429,18.4469809],[77.4435623,18.4470094],[77.4435822,18.4470369],[77.4436041,18.4470619],[77.4436048,18.4470627],[77.4436241,18.4470883],[77.4436433,18.4471157],[77.4436629,18.4471435],[77.4436823,18.4471724],[77.4437011,18.4472021],[77.4437194,18.4472322],[77.4437376,18.4472622],[77.4437382,18.4472632],[77.4437576,18.4472905],[77.4437786,18.4473176],[77.4437995,18.4473444],[77.4438186,18.4473727],[77.4438373,18.4474017],[77.4438563,18.4474295],[77.4438782,18.4474557],[77.4438789,18.4474566],[77.4438979,18.4474836],[77.4439169,18.4475117],[77.4439362,18.4475397],[77.4439561,18.4475687],[77.4439568,18.4475697],[77.4439772,18.4475964],[77.4439987,18.4476237],[77.4440189,18.4476525],[77.4440387,18.4476808],[77.4440584,18.4477089],[77.4440784,18.447737],[77.444098,18.4477656],[77.4441177,18.4477941],[77.4441378,18.4478219],[77.4441584,18.4478487],[77.4441789,18.4478762],[77.4441988,18.4479045],[77.444218,18.4479335],[77.444237,18.4479628],[77.4442565,18.4479913],[77.4442768,18.4480196],[77.4442982,18.4480471],[77.4443179,18.4480753],[77.4443379,18.4481033],[77.4443588,18.4481304],[77.4443808,18.448156],[77.4444019,18.4481822],[77.4444221,18.4482094],[77.4444415,18.4482376],[77.4444622,18.4482655],[77.4444629,18.4482664],[77.4444799,18.4482961],[77.444495,18.4483289],[77.4444972,18.4483331],[77.4445124,18.4483593],[77.444513,18.4483602],[77.4445365,18.4483826],[77.4445374,18.4483833],[77.4445595,18.4484059],[77.4445769,18.4484347],[77.4445776,18.4484356],[77.4445977,18.4484603],[77.4445984,18.4484612],[77.444616,18.4484907],[77.4446344,18.4485212],[77.444654,18.4485505],[77.4446546,18.4485515],[77.4446722,18.4485818],[77.4446728,18.4485828],[77.4446915,18.4486122],[77.444713,18.4486402],[77.4447342,18.4486673],[77.444755,18.4486947],[77.444776,18.4487217],[77.4447988,18.4487467],[77.4447996,18.4487475],[77.4448194,18.4487734],[77.4448201,18.4487743],[77.4448405,18.4487999],[77.4448628,18.4488257],[77.4448833,18.4488532],[77.4449022,18.4488818],[77.4449198,18.4489111],[77.4449368,18.4489403],[77.444955,18.4489692],[77.4449736,18.4489977],[77.4449927,18.4490258],[77.4450114,18.4490547],[77.4450304,18.449084],[77.4450499,18.4491131],[77.4450694,18.4491415],[77.4450701,18.4491424],[77.4450926,18.4491649],[77.4450934,18.4491657],[77.4451122,18.4491893],[77.4451272,18.4492154],[77.4451404,18.449239],[77.4451531,18.4492596],[77.4451535,18.4492603],[77.445165,18.4492768],[77.4451762,18.4492906],[77.4451769,18.4492914],[77.4451868,18.4493025],[77.4451871,18.4493029],[77.4451931,18.4493144],[77.4451934,18.4493157],[77.4451979,18.4493219],[77.4451982,18.4493219],[77.4452095,18.4493213],[77.4452101,18.4493213],[77.4452133,18.449322],[77.4452133,18.449322],[77.4452156,18.4493223],[77.4452157,18.4493222],[77.4452181,18.44932],[77.4452181,18.44932],[77.4452163,18.4493212],[77.445211,18.4493248],[77.4452018,18.4493312],[77.4451936,18.4493371],[77.445181,18.4493454],[77.4451675,18.4493541],[77.4451526,18.4493641],[77.4451352,18.4493757],[77.4451164,18.449388],[77.4450956,18.4494014],[77.4450715,18.4494173],[77.4450456,18.4494343],[77.4450166,18.4494535],[77.4449847,18.4494745],[77.4449566,18.4494929],[77.4449285,18.4495112],[77.4448995,18.44953],[77.444869,18.4495495],[77.4448406,18.4495684],[77.4448121,18.4495875],[77.4447829,18.449607],[77.4447547,18.4496256],[77.4447263,18.4496444],[77.4446974,18.4496636],[77.4446675,18.4496837],[77.4446343,18.4497054],[77.4446038,18.4497259],[77.4445765,18.4497449],[77.4445468,18.4497654],[77.4445176,18.4497852],[77.444489,18.4498046],[77.4444607,18.4498242],[77.4444332,18.4498437],[77.444406,18.4498632],[77.4443787,18.4498826],[77.4443498,18.4499015],[77.4443205,18.4499203],[77.4442906,18.4499391],[77.4442603,18.4499578],[77.4442316,18.4499771],[77.4442021,18.4499966],[77.444172,18.4500162],[77.444143,18.4500358],[77.4441135,18.4500554],[77.4440843,18.4500751],[77.4440558,18.450095],[77.4440255,18.450115],[77.4439965,18.4501352],[77.4439669,18.450155],[77.4439369,18.4501745],[77.4439071,18.4501939],[77.4438777,18.4502134],[77.4438486,18.450233],[77.4438196,18.4502522],[77.443791,18.4502718],[77.4437621,18.4502917],[77.443732,18.4503111],[77.4437017,18.4503301],[77.4436719,18.4503494],[77.4436429,18.4503691],[77.443614,18.4503883],[77.4435845,18.4504069],[77.4435543,18.4504245],[77.4435231,18.4504405],[77.4435222,18.4504411],[77.4434954,18.4504577],[77.4434686,18.4504753],[77.4434677,18.4504759],[77.4434435,18.4504926],[77.4434428,18.4504932],[77.4434247,18.4505098],[77.4434241,18.4505103],[77.4434071,18.4505236],[77.4433906,18.4505355],[77.4433769,18.4505453],[77.4433648,18.4505533],[77.4433644,18.4505536],[77.4433556,18.45056],[77.4433489,18.4505652],[77.4433435,18.4505692],[77.4433434,18.4505693],[77.4433414,18.4505716],[77.4433414,18.4505717],[77.4433402,18.4505727],[77.4433401,18.4505727],[77.4433389,18.450573],[77.4433389,18.450573],[77.4433383,18.4505728],[77.4433381,18.4505727],[77.4433381,18.4505729],[77.4433385,18.4505735],[77.4433385,18.4505736],[77.4433387,18.4505733],[77.4433389,18.4505734],[77.4433396,18.4505729],[77.4433396,18.4505729],[77.4433397,18.4505719],[77.4433397,18.4505719],[77.4433394,18.4505706],[77.4433394,18.4505706],[77.4433395,18.4505696],[77.4433395,18.4505696],[77.4433407,18.4505696],[77.4433418,18.4505699],[77.4433418,18.4505699],[77.4433425,18.4505699],[77.4433425,18.4505699],[77.4433425,18.4505694],[77.4433425,18.4505695],[77.4433435,18.4505702],[77.4433435,18.4505702],[77.4433432,18.4505698],[77.4433432,18.4505698],[77.4433421,18.450569],[77.443342,18.4505689],[77.4433413,18.4505684],[77.4433413,18.4505684],[77.4433418,18.4505683],[77.4433418,18.4505683],[77.4433437,18.4505689],[77.4433437,18.4505689],[77.4433415,18.4505679],[77.4433413,18.4505678],[77.4433391,18.4505666],[77.4433384,18.4505663],[77.4433376,18.450566],[77.4433376,18.450566],[77.443339,18.4505668],[77.443339,18.4505668],[77.4433402,18.450566],[77.4433402,18.450566],[77.4433405,18.4505654]]}},{"type":"Feature","properties":{"flight":24,"sol":398,"date":"2022-04-03","max_alt_m":10.0},"geometry":{"type":"LineString","coordinates":[[77.4432865,18.450591],[77.4432865,18.4505911],[77.4432869,18.4505915],[77.4432868,18.4505915],[77.443286,18.4505914],[77.443286,18.4505915],[77.4432849,18.4505922],[77.4432847,18.4505923],[77.4432841,18.4505927],[77.4432841,18.4505927],[77.4432842,18.450593],[77.4432842,18.450593],[77.4432834,18.4505937],[77.4432833,18.4505937],[77.4432818,18.4505945],[77.4432818,18.4505946],[77.4432806,18.4505955],[77.4432805,18.4505955],[77.4432797,18.450596],[77.4432796,18.4505961],[77.4432793,18.4505962],[77.4432793,18.4505962],[77.4432791,18.4505964],[77.4432791,18.4505964],[77.443279,18.4505963],[77.443279,18.4505963],[77.4432792,18.450596],[77.4432792,18.450596],[77.4432795,18.4505956],[77.4432797,18.4505955],[77.4432801,18.4505949],[77.4432802,18.4505949],[77.4432806,18.4505941],[77.4432806,18.4505941],[77.4432811,18.4505934],[77.4432815,18.4505929],[77.4432816,18.4505928],[77.4432818,18.4505923],[77.4432819,18.4505921],[77.4432821,18.4505916],[77.4432821,18.4505915],[77.4432823,18.4505908],[77.4432824,18.4505907],[77.4432825,18.4505906],[77.4432825,18.4505906],[77.4432828,18.4505907],[77.4432829,18.4505907],[77.4432829,18.4505911],[77.4432829,18.4505912],[77.443283,18.4505916],[77.4432831,18.4505916],[77.4432835,18.4505918],[77.4432836,18.450592],[77.4432838,18.4505921],[77.4432839,18.4505922],[77.4432841,18.4505922],[77.4432841,18.4505922],[77.4432843,18.450592],[77.4432843,18.4505919],[77.4432848,18.4505913],[77.4432848,18.4505912],[77.4432853,18.4505904],[77.4432853,18.4505904],[77.4432857,18.4505897],[77.4432862,18.4505893],[77.443286,18.4505893],[77.4432858,18.4505893],[77.4432829,18.4505897],[77.4432828,18.4505897],[77.443277,18.4505911],[77.4432768,18.4505912],[77.4432683,18.4505933],[77.4432563,18.4505958],[77.4432431,18.4505988],[77.4432321,18.4506016],[77.4432211,18.4506049],[77.4432096,18.4506084],[77.4431978,18.4506121],[77.4431858,18.4506156],[77.4431734,18.4506192],[77.4431605,18.4506225],[77.4431479,18.4506258],[77.4431356,18.4506293],[77.443123,18.4506329],[77.4431102,18.4506365],[77.4430972,18.45064],[77.4430841,18.4506435],[77.4430711,18.4506468],[77.4430576,18.45065],[77.4430442,18.4506532],[77.4430313,18.4506563],[77.4430182,18.4506594],[77.4430057,18.4506623],[77.4429935,18.4506649],[77.4429817,18.4506674],[77.4429695,18.4506699],[77.4429574,18.4506727],[77.4429451,18.4506757],[77.4429322,18.4506796],[77.4429197,18.450683],[77.4429077,18.4506861],[77.4428958,18.4506893],[77.4428833,18.450693],[77.4428829,18.4506931],[77.4428705,18.4506967],[77.4428581,18.4506999],[77.4428458,18.4507028],[77.4428334,18.4507057],[77.442821,18.4507085],[77.4428082,18.4507111],[77.4427955,18.4507138],[77.442783,18.4507164],[77.4427707,18.4507191],[77.442759,18.4507219],[77.4427472,18.4507242],[77.4427468,18.4507243],[77.4427354,18.4507273],[77.442735,18.4507275],[77.442723,18.4507306],[77.4427104,18.4507339],[77.4426975,18.4507376],[77.4426836,18.4507418],[77.4426703,18.4507463],[77.4426693,18.4507466],[77.4426571,18.4507504],[77.4426567,18.4507505],[77.4426449,18.450754],[77.4426445,18.4507542],[77.4426332,18.4507569],[77.4426214,18.4507593],[77.4426092,18.4507618],[77.4425968,18.4507637],[77.442596,18.4507638],[77.4425842,18.450766],[77.4425719,18.450769],[77.4425715,18.4507691],[77.4425599,18.4507726],[77.4425595,18.4507727],[77.4425484,18.4507759],[77.4425365,18.4507796],[77.4425242,18.450783],[77.4425119,18.4507868],[77.4425114,18.4507869],[77.442498,18.4507898],[77.4424888,18.4507913],[77.4424886,18.4507913],[77.4424839,18.4507916],[77.4424811,18.4507915],[77.4424811,18.4507915],[77.4424795,18.4507919],[77.4424793,18.4507919],[77.4424786,18.4507924],[77.4424786,18.4507924],[77.4424789,18.4507923],[77.4424789,18.4507923],[77.4424797,18.4507924],[77.4424798,18.4507924],[77.4424805,18.4507926],[77.4424805,18.4507926],[77.4424808,18.4507931],[77.4424809,18.4507932],[77.4424809,18.4507932],[77.442481,18.4507931],[77.442481,18.450793],[77.442481,18.450793],[77.4424809,18.450793],[77.4424807,18.450793],[77.4424805,18.4507927],[77.4424805,18.4507927],[77.44248,18.4507926],[77.44248,18.4507926],[77.44248,18.4507926],[77.44248,18.4507926],[77.44248,18.450793],[77.44248,18.4507931],[77.4424802,18.4507938],[77.4424802,18.4507938],[77.4424807,18.4507936],[77.4424808,18.4507936],[77.4424812,18.4507937],[77.4424812,18.4507937],[77.4424818,18.450794],[77.4424818,18.450794],[77.4424825,18.4507939],[77.4424825,18.4507939],[77.442483,18.450794],[77.442483,18.450794],[77.4424834,18.4507943],[77.4424834,18.4507943],[77.4424837,18.4507947],[77.4424837,18.4507947],[77.4424839,18.4507948],[77.4424839,18.4507948],[77.4424841,18.4507943],[77.4424841,18.4507943],[77.4424842,18.4507936],[77.4424842,18.4507936],[77.4424837,18.4507939],[77.4424837,18.4507939],[77.4424832,18.4507938],[77.4424832,18.4507936],[77.4424827,18.4507932],[77.4424826,18.4507932],[77.4424821,18.4507926],[77.4424821,18.4507926],[77.4424817,18.4507916],[77.4424817,18.4507915],[77.4424809,18.450791],[77.4424809,18.450791],[77.4424805,18.4507903],[77.4424805,18.4507903],[77.4424806,18.4507893],[77.4424806,18.4507893],[77.4424809,18.4507885],[77.4424809,18.4507885],[77.4424817,18.450788],[77.4424817,18.4507879],[77.4424831,18.4507875],[77.4424831,18.4507875],[77.4424834,18.4507874]]}},{"type":"Feature","properties":{"flight":25,"sol":403,"date":"2022-04-08","max_alt_m":10.0},"geometry":{"type":"LineString","coordinates":[[77.4424661,18.4507794],[77.4424661,18.4507794],[77.4424662,18.4507791],[77.4424662,18.4507791],[77.442466,18.4507791],[77.442466,18.4507791],[77.4424653,18.4507796],[77.4424653,18.4507797],[77.4424652,18.45078],[77.4424652,18.45078],[77.4424655,18.4507802],[77.4424656,18.4507802],[77.4424659,18.4507803],[77.4424659,18.4507803],[77.4424661,18.4507803],[77.4424661,18.4507803],[77.4424658,18.45078],[77.4424658,18.45078],[77.4424653,18.4507797],[77.4424653,18.4507797],[77.4424649,18.4507795],[77.4424649,18.4507795],[77.4424645,18.4507795],[77.4424645,18.4507796],[77.4424641,18.4507798],[77.4424641,18.4507798],[77.4424635,18.4507801],[77.4424635,18.4507801],[77.4424631,18.4507803],[77.4424631,18.4507803],[77.442463,18.4507806],[77.442463,18.4507806],[77.4424628,18.4507808],[77.4424627,18.4507808],[77.4424622,18.4507809],[77.4424622,18.4507809],[77.4424618,18.4507808],[77.4424618,18.4507808],[77.4424615,18.4507808],[77.4424615,18.4507808],[77.4424612,18.4507808],[77.4424612,18.4507808],[77.4424609,18.4507806],[77.4424609,18.4507805],[77.4424608,18.4507802],[77.4424607,18.4507801],[77.4424606,18.4507799],[77.4424606,18.4507799],[77.4424605,18.4507794],[77.4424605,18.4507793],[77.4424604,18.4507791],[77.4424603,18.4507789],[77.4424603,18.4507789],[77.4424603,18.4507789],[77.4424607,18.4507789],[77.4424607,18.4507789],[77.4424607,18.4507792],[77.4424607,18.4507792],[77.4424595,18.4507801],[77.4424594,18.4507801],[77.4424564,18.4507816],[77.4424499,18.4507841],[77.4424406,18.4507877],[77.4424279,18.4507926],[77.4424113,18.4507996],[77.4423933,18.4508074],[77.4423739,18.4508164],[77.442352,18.4508265],[77.4423271,18.4508381],[77.4422978,18.4508517],[77.442265,18.4508667],[77.4422285,18.450883],[77.442189,18.4509007],[77.4421464,18.4509198],[77.4421022,18.4509393],[77.442057,18.4509591],[77.442012,18.450979],[77.4419671,18.450998],[77.4419223,18.4510161],[77.4418781,18.4510348],[77.4418329,18.4510556],[77.4417879,18.4510756],[77.4417428,18.4510957],[77.4416973,18.4511161],[77.4416519,18.4511359],[77.4416068,18.4511551],[77.4415616,18.4511742],[77.4415164,18.4511931],[77.4414705,18.4512118],[77.4414253,18.4512309],[77.4413813,18.4512506],[77.441337,18.4512698],[77.4412925,18.4512888],[77.4412478,18.4513071],[77.4412032,18.4513257],[77.4411592,18.4513457],[77.4411153,18.4513659],[77.4410714,18.4513862],[77.4410275,18.4514065],[77.4409837,18.4514268],[77.4409404,18.451448],[77.4408966,18.4514682],[77.4408515,18.4514865],[77.4408068,18.4515057],[77.4407625,18.4515259],[77.4407183,18.4515473],[77.4406742,18.4515687],[77.4406301,18.4515889],[77.4405859,18.4516081],[77.4405411,18.4516263],[77.4404955,18.4516445],[77.4404493,18.4516627],[77.4404026,18.4516787],[77.4403562,18.4516952],[77.4403106,18.4517144],[77.4402658,18.4517335],[77.4402217,18.4517523],[77.4401769,18.451771],[77.440132,18.4517904],[77.4400875,18.4518127],[77.4400432,18.4518343],[77.439999,18.4518536],[77.4399549,18.4518727],[77.4399108,18.4518918],[77.4398666,18.4519108],[77.4398231,18.4519309],[77.4398216,18.4519316],[77.4397811,18.4519547],[77.4397797,18.4519555],[77.4397386,18.4519766],[77.439695,18.4519957],[77.4396499,18.4520126],[77.4396039,18.4520287],[77.439559,18.4520476],[77.4395139,18.4520671],[77.439468,18.4520859],[77.439423,18.4521052],[77.4393791,18.4521252],[77.4393353,18.4521451],[77.4392918,18.4521654],[77.4392481,18.4521871],[77.4392043,18.4522074],[77.4391595,18.4522264],[77.4391147,18.4522446],[77.4390701,18.4522625],[77.4390257,18.4522816],[77.4389811,18.4523006],[77.4389354,18.452318],[77.4388901,18.452335],[77.4388455,18.452352],[77.4388009,18.4523701],[77.4387562,18.4523888],[77.4387109,18.4524069],[77.4386652,18.4524252],[77.4386192,18.452444],[77.4385739,18.4524635],[77.4385292,18.4524838],[77.4384855,18.4525059],[77.4384426,18.4525299],[77.4384412,18.4525307],[77.4384011,18.4525579],[77.4383997,18.4525589],[77.4383586,18.4525818],[77.4383571,18.4525824],[77.4383139,18.4525997],[77.4382698,18.4526183],[77.4382259,18.4526371],[77.4381814,18.4526551],[77.4381367,18.4526727],[77.4380919,18.4526906],[77.4380461,18.4527076],[77.4379991,18.4527238],[77.4379976,18.4527244],[77.4379547,18.4527441],[77.4379115,18.4527662],[77.4379086,18.4527675],[77.4378668,18.4527833],[77.4378212,18.4527986],[77.4377767,18.4528153],[77.4377326,18.4528335],[77.4376888,18.4528535],[77.4376458,18.4528748],[77.4376025,18.4528961],[77.4375576,18.4529151],[77.4375124,18.4529347],[77.4374669,18.4529555],[77.4374211,18.4529752],[77.4373753,18.4529942],[77.4373307,18.4530147],[77.4372866,18.4530353],[77.4372429,18.4530558],[77.4371991,18.4530746],[77.4371551,18.4530922],[77.4371536,18.4530928],[77.4371117,18.4531133],[77.437068,18.453135],[77.4370665,18.4531357],[77.4370222,18.4531522],[77.4370206,18.4531528],[77.4369767,18.4531705],[77.4369326,18.453192],[77.4368891,18.4532137],[77.436846,18.4532352],[77.4368445,18.4532359],[77.4368015,18.4532539],[77.4367563,18.4532723],[77.4367112,18.4532935],[77.4367097,18.4532942],[77.4366648,18.4533106],[77.4366168,18.4533233],[77.4366152,18.4533238],[77.4365712,18.453343],[77.4365698,18.4533439],[77.4365299,18.4533716],[77.4365285,18.4533724],[77.4364861,18.4533917],[77.4364415,18.4534088],[77.4363977,18.4534256],[77.4363547,18.4534428],[77.4363122,18.4534609],[77.4362681,18.4534794],[77.4362232,18.4534984],[77.4361781,18.4535175],[77.4361335,18.4535379],[77.4360895,18.4535602],[77.436088,18.453561],[77.436045,18.4535803],[77.4360001,18.4535989],[77.4359558,18.4536196],[77.4359118,18.45364],[77.4358684,18.4536587],[77.4358669,18.4536593],[77.4358228,18.4536732],[77.4357746,18.4536842],[77.435773,18.4536846],[77.4357285,18.4537003],[77.4356839,18.4537213],[77.4356393,18.4537436],[77.4356379,18.4537444],[77.4355962,18.4537692],[77.4355553,18.4538005],[77.4355539,18.4538015],[77.4355127,18.4538236],[77.4354681,18.4538406],[77.4354237,18.4538586],[77.4353787,18.4538753],[77.4353772,18.4538758],[77.4353322,18.453888],[77.4353306,18.4538884],[77.4352866,18.4539041],[77.4352429,18.4539273],[77.4352414,18.4539279],[77.4351967,18.4539395],[77.4351952,18.4539402],[77.4351534,18.4539644],[77.4351105,18.4539888],[77.4350674,18.4540129],[77.4350229,18.4540344],[77.4349778,18.4540545],[77.4349325,18.4540736],[77.434931,18.4540743],[77.4348886,18.4540966],[77.4348458,18.454121],[77.4348039,18.4541426],[77.4348025,18.4541433],[77.434761,18.45416],[77.4347595,18.4541605],[77.4347156,18.4541723],[77.4347141,18.4541727],[77.4346702,18.4541864],[77.4346247,18.4542028],[77.4346232,18.4542034],[77.4345804,18.4542219],[77.4345364,18.4542421],[77.4344919,18.4542617],[77.4344904,18.4542623],[77.4344463,18.4542785],[77.4343994,18.4542924],[77.4343979,18.4542929],[77.4343531,18.4543089],[77.4343072,18.4543277],[77.434262,18.4543472],[77.4342171,18.4543677],[77.4341725,18.4543888],[77.4341287,18.4544108],[77.4340854,18.4544332],[77.434084,18.4544338],[77.4340393,18.4544505],[77.4339926,18.4544666],[77.4339911,18.4544672],[77.4339492,18.4544869],[77.4339059,18.4545076],[77.4339045,18.4545082],[77.433864,18.4545322],[77.4338627,18.4545332],[77.4338215,18.4545548],[77.4337761,18.4545718],[77.4337746,18.4545724],[77.4337323,18.4545927],[77.4336887,18.4546143],[77.4336442,18.4546343],[77.4335991,18.4546539],[77.4335532,18.4546732],[77.4335074,18.4546926],[77.4334619,18.4547122],[77.4334171,18.4547322],[77.4333727,18.4547514],[77.4333286,18.4547688],[77.4332839,18.454786],[77.4332384,18.4548031],[77.4331928,18.4548195],[77.4331471,18.4548357],[77.4331017,18.4548525],[77.4330568,18.4548699],[77.4330126,18.4548881],[77.4329689,18.4549067],[77.4329257,18.4549257],[77.4328823,18.4549447],[77.432839,18.4549638],[77.4327959,18.4549832],[77.4327526,18.455003],[77.4327089,18.4550233],[77.4326654,18.455044],[77.4326217,18.4550648],[77.432577,18.4550854],[77.4325319,18.4551053],[77.4324869,18.4551262],[77.4324422,18.4551475],[77.4323978,18.455169],[77.4323543,18.4551904],[77.4323109,18.4552111],[77.4322665,18.4552305],[77.4322219,18.4552502],[77.4321773,18.455271],[77.4321326,18.4552915],[77.4320879,18.4553119],[77.4320429,18.4553339],[77.4319979,18.4553556],[77.4319531,18.455376],[77.4319082,18.4553957],[77.4318632,18.4554144],[77.4318617,18.4554149],[77.4318177,18.4554264],[77.4317719,18.4554365],[77.4317265,18.4554499],[77.4317249,18.4554504],[77.4316816,18.4554663],[77.4316802,18.4554669],[77.4316377,18.4554868],[77.4315938,18.4555078],[77.43155,18.4555291],[77.4315063,18.4555525],[77.4314625,18.4555761],[77.4314184,18.4555983],[77.4313756,18.4556184],[77.4313346,18.4556364],[77.4313333,18.455637],[77.4312969,18.4556554],[77.4312622,18.4556743],[77.4312304,18.4556898],[77.4312016,18.4557031],[77.4311759,18.4557147],[77.4311529,18.4557236],[77.4311522,18.4557239],[77.4311334,18.4557314],[77.4311329,18.4557316],[77.4311183,18.4557416],[77.4311169,18.4557428],[77.4311057,18.4557506],[77.4311053,18.4557507],[77.4310948,18.4557541],[77.4310945,18.4557542],[77.4310863,18.4557546],[77.4310861,18.4557546],[77.4310795,18.455751],[77.4310794,18.4557509],[77.4310788,18.4557521],[77.4310793,18.4557545],[77.4310787,18.4557536],[77.4310786,18.4557535],[77.4310787,18.4557545],[77.4310787,18.4557547],[77.4310786,18.4557565],[77.4310783,18.4557551],[77.4310778,18.4557539],[77.4310778,18.4557538],[77.4310773,18.4557524],[77.4310768,18.4557508],[77.4310768,18.4557508],[77.4310773,18.4557507],[77.4310774,18.4557507],[77.4310767,18.4557493],[77.4310766,18.4557492],[77.4310764,18.455749],[77.4310764,18.455749],[77.4310766,18.4557481],[77.4310765,18.455744],[77.4310767,18.4557438],[77.4310759,18.4557415],[77.4310742,18.4557324],[77.4310742,18.4557323],[77.431074,18.4557339],[77.4310741,18.455734],[77.4310761,18.4557368],[77.4310761,18.455737],[77.4310783,18.4557431],[77.4310802,18.4557487],[77.4310827,18.4557561],[77.4310837,18.4557592]]}},{"type":"Feature","properties":{"flight":26,"sol":414,"date":"2022-04-20","max_alt_m":8.0},"geometry":{"type":"LineString","coordinates":[[77.430568,18.4547891],[77.430568,18.4547891],[77.430568,18.4547899],[77.4305681,18.4547909],[77.4305683,18.4547923],[77.4305685,18.4547933],[77.4305686,18.4547939],[77.4305686,18.4547944],[77.4305687,18.4547945],[77.4305687,18.4547947],[77.4305687,18.4547947],[77.4305687,18.4547946],[77.4305687,18.4547946],[77.4305688,18.4547944],[77.4305688,18.4547939],[77.4305688,18.4547939],[77.430569,18.4547935],[77.430569,18.4547935],[77.4305693,18.4547931],[77.4305693,18.4547931],[77.4305694,18.4547928],[77.4305694,18.4547928],[77.4305695,18.4547924],[77.4305695,18.4547924],[77.4305695,18.454792],[77.4305695,18.454792],[77.4305698,18.4547915],[77.4305701,18.4547909],[77.4305701,18.4547909],[77.4305702,18.4547906],[77.4305702,18.4547905],[77.4305702,18.4547904],[77.4305699,18.4547903],[77.4305699,18.4547903],[77.4305696,18.4547904],[77.4305695,18.4547904],[77.430569,18.4547905],[77.430569,18.4547905],[77.4305684,18.4547905],[77.4305683,18.4547904],[77.4305675,18.45479],[77.4305675,18.45479],[77.4305667,18.4547894],[77.4305666,18.4547894],[77.4305663,18.4547886],[77.4305663,18.4547885],[77.430567,18.4547873],[77.4305679,18.4547862],[77.4305686,18.4547854],[77.4305687,18.4547854],[77.4305703,18.4547832],[77.4305734,18.4547786],[77.4305735,18.4547785],[77.430578,18.4547728],[77.4305843,18.4547651],[77.4305922,18.4547551],[77.4306017,18.4547432],[77.4306132,18.4547291],[77.4306268,18.4547127],[77.4306425,18.4546939],[77.4306604,18.4546723],[77.4306801,18.4546489],[77.4307013,18.454624],[77.4307226,18.4545981],[77.430744,18.4545715],[77.4307648,18.4545462],[77.4307855,18.4545214],[77.4308062,18.4544966],[77.4308269,18.4544716],[77.4308478,18.4544464],[77.4308689,18.4544212],[77.4308901,18.4543959],[77.430911,18.4543702],[77.4309319,18.4543444],[77.4309526,18.4543183],[77.4309736,18.4542924],[77.430995,18.4542669],[77.4310165,18.4542417],[77.431038,18.4542165],[77.431059,18.4541908],[77.4310797,18.4541651],[77.4311004,18.4541396],[77.431121,18.4541139],[77.4311416,18.4540883],[77.4311622,18.4540629],[77.4311827,18.454037],[77.4312029,18.4540089],[77.4312036,18.454008],[77.4312236,18.453983],[77.431245,18.4539598],[77.4312665,18.4539366],[77.431288,18.4539132],[77.4313089,18.4538885],[77.4313293,18.453863],[77.431349,18.453837],[77.4313694,18.453811],[77.4313904,18.4537851],[77.4314117,18.4537597],[77.4314332,18.4537346],[77.4314549,18.4537097],[77.4314761,18.4536842],[77.4314964,18.4536579],[77.4315168,18.453632],[77.4315372,18.4536065],[77.431558,18.4535813],[77.4315787,18.4535561],[77.4315987,18.4535304],[77.4316192,18.4535053],[77.4316403,18.4534807],[77.4316607,18.4534555],[77.4316813,18.4534302],[77.4317033,18.4534058],[77.4317251,18.4533811],[77.4317461,18.4533558],[77.4317666,18.4533302],[77.4317869,18.4533044],[77.4318079,18.4532795],[77.4318289,18.4532546],[77.4318492,18.4532288],[77.4318696,18.4532031],[77.4318905,18.4531774],[77.4319106,18.4531514],[77.4319304,18.4531252],[77.4319512,18.4530998],[77.431972,18.4530743],[77.4319926,18.4530486],[77.432013,18.4530226],[77.4320332,18.4529965],[77.4320539,18.452971],[77.4320747,18.4529457],[77.4320951,18.4529201],[77.4321157,18.4528947],[77.4321368,18.4528699],[77.4321575,18.4528449],[77.4321781,18.4528197],[77.4321984,18.4527946],[77.4322191,18.4527697],[77.4322415,18.4527457],[77.4322422,18.4527448],[77.4322626,18.4527201],[77.432282,18.4526924],[77.4323024,18.4526657],[77.4323231,18.4526389],[77.4323238,18.452638],[77.4323424,18.452609],[77.432343,18.452608],[77.4323624,18.4525806],[77.4323631,18.4525797],[77.4323846,18.4525561],[77.4324065,18.4525327],[77.4324279,18.4525102],[77.4324502,18.4524885],[77.432451,18.4524878],[77.4324722,18.4524661],[77.4324729,18.4524653],[77.4324918,18.4524398],[77.4324931,18.452438],[77.4325122,18.4524141],[77.4325129,18.4524134],[77.4325294,18.4523856],[77.4325299,18.4523845],[77.4325466,18.4523579],[77.4325679,18.4523354],[77.4325686,18.4523347],[77.4325855,18.4523132],[77.4325861,18.4523125],[77.432603,18.4522955],[77.4326037,18.452295],[77.4326253,18.4522848],[77.432626,18.4522845],[77.4326384,18.4522711],[77.4326387,18.4522705],[77.4326451,18.4522525],[77.4326514,18.4522381],[77.4326516,18.4522377],[77.4326587,18.4522302],[77.432659,18.4522302],[77.4326789,18.4522388],[77.4326884,18.4522438],[77.4326884,18.4522437],[77.4326874,18.4522379],[77.4326872,18.4522363],[77.4326873,18.4522359],[77.4326873,18.4522359],[77.4326883,18.4522356],[77.4326883,18.4522356],[77.4326905,18.4522364],[77.4326922,18.4522373],[77.4326922,18.4522373],[77.432691,18.4522354],[77.432691,18.4522353],[77.4326867,18.4522296],[77.4326866,18.4522294],[77.4326836,18.452225],[77.4326836,18.452225],[77.4326846,18.4522251],[77.4326846,18.4522252],[77.4326868,18.4522276],[77.4326868,18.4522276],[77.4326871,18.452228],[77.4326872,18.452228],[77.4326876,18.4522283],[77.4326877,18.4522283],[77.4326899,18.4522295],[77.43269,18.4522295],[77.4326897,18.4522274],[77.4326895,18.4522272],[77.4326822,18.4522188],[77.4326819,18.4522185],[77.4326768,18.4522119],[77.4326766,18.4522117],[77.4326708,18.4522047],[77.4326598,18.4521928],[77.4326453,18.4521784],[77.4326278,18.4521619],[77.4326086,18.4521445],[77.4325876,18.4521257],[77.4325635,18.4521045],[77.4325378,18.4520817],[77.4325119,18.4520577],[77.432488,18.4520347],[77.432466,18.4520121],[77.4324437,18.4519888],[77.4324212,18.4519652],[77.4323988,18.4519414],[77.4323772,18.4519178],[77.4323564,18.4518951],[77.4323365,18.4518729],[77.4323169,18.451851],[77.4322929,18.4518261],[77.432268,18.4517995],[77.4322466,18.4517741],[77.4322258,18.4517492],[77.4322051,18.4517249],[77.4321817,18.4516995],[77.4321563,18.4516729],[77.4321324,18.4516476],[77.4321092,18.4516227],[77.4320868,18.451598],[77.4320648,18.4515738],[77.4320433,18.4515496],[77.4320232,18.451527],[77.4320043,18.4515059],[77.4319862,18.4514864],[77.4319697,18.4514689],[77.4319551,18.4514531],[77.4319424,18.4514391],[77.4319314,18.4514269],[77.4319227,18.4514171],[77.431916,18.4514094],[77.4319111,18.4514036],[77.4319109,18.4514035],[77.4319087,18.4514005],[77.4319085,18.4514003],[77.4319078,18.4513991],[77.4319077,18.451399],[77.4319075,18.4513979],[77.4319074,18.4513969],[77.4319073,18.4513968],[77.4319071,18.4513964],[77.4319071,18.4513963],[77.4319071,18.4513961],[77.4319071,18.4513961],[77.4319077,18.451396],[77.4319077,18.451396],[77.431909,18.4513961],[77.4319115,18.451397],[77.4319165,18.4513984],[77.4319167,18.4513985],[77.4319229,18.4513998],[77.4319233,18.4513998],[77.431927,18.4513995],[77.4319271,18.4513995],[77.431928,18.4513991],[77.4319279,18.4513991],[77.4319225,18.4513984],[77.4319222,18.4513984],[77.4319143,18.4513988],[77.431914,18.4513989],[77.4319026,18.4514017],[77.4319022,18.4514019],[77.4318901,18.4514065],[77.4318766,18.4514137],[77.4318761,18.451414],[77.4318627,18.4514226],[77.4318474,18.4514334],[77.4318302,18.4514466],[77.4318124,18.4514615],[77.4317939,18.4514783],[77.4317734,18.4514969],[77.4317512,18.4515167],[77.4317275,18.4515374],[77.4317267,18.4515381],[77.4317005,18.451558],[77.4316766,18.4515775],[77.4316528,18.451596],[77.4316299,18.4516133],[77.4316085,18.4516291],[77.4315892,18.4516433],[77.4315718,18.4516559],[77.4315574,18.4516667],[77.4315457,18.4516761],[77.4315454,18.4516763],[77.4315373,18.4516843],[77.4315311,18.4516915],[77.4315273,18.4516965],[77.4315251,18.4516993],[77.4315239,18.4517007],[77.4315239,18.4517007],[77.4315236,18.4517014],[77.4315236,18.4517014],[77.4315233,18.4517018],[77.4315233,18.4517018],[77.4315225,18.4517016],[77.4315225,18.4517016],[77.4315219,18.4517016],[77.4315219,18.4517016],[77.4315222,18.4517018],[77.431524,18.4517019],[77.4315277,18.4517021],[77.4315278,18.4517022],[77.4315316,18.4517028],[77.4315347,18.4517035],[77.4315347,18.4517035],[77.4315357,18.4517034],[77.4315358,18.4517034],[77.4315352,18.4517036],[77.4315352,18.4517036],[77.4315317,18.4517044],[77.4315315,18.4517044],[77.431526,18.4517051],[77.4315168,18.4517054],[77.4315055,18.4517053],[77.4314916,18.4517052],[77.4314745,18.4517051],[77.4314553,18.4517056],[77.4314341,18.4517065],[77.43141,18.4517077],[77.431383,18.4517093],[77.4313542,18.4517118],[77.4313232,18.4517143],[77.4312892,18.4517164],[77.4312559,18.4517195],[77.4312234,18.4517238],[77.431216,18.4517247],[77.4311916,18.4517289],[77.4311905,18.4517291],[77.4311593,18.4517342],[77.4311258,18.4517369],[77.4310917,18.4517394],[77.4310572,18.4517419],[77.4310229,18.4517445],[77.4309886,18.451747],[77.4309545,18.4517496],[77.4309204,18.4517524],[77.4308858,18.4517559],[77.4308515,18.4517595],[77.4308178,18.451763],[77.4307857,18.451766],[77.4307546,18.4517692],[77.4307228,18.4517733],[77.4306896,18.4517771],[77.4306551,18.4517824],[77.4306203,18.4517863],[77.4305852,18.4517896],[77.4305509,18.4517929],[77.4305172,18.4517951],[77.4304848,18.4517959],[77.4304519,18.4517969],[77.430418,18.4518001],[77.4303853,18.4518024],[77.4303542,18.4518043],[77.4303258,18.4518064],[77.4302999,18.4518086],[77.4302765,18.4518108],[77.4302559,18.4518127],[77.4302378,18.4518145],[77.4302229,18.451816],[77.4302107,18.4518171],[77.4302002,18.4518175],[77.4301935,18.4518178],[77.4301899,18.4518183],[77.4301898,18.4518183],[77.4301864,18.4518183],[77.4301858,18.4518183],[77.4301851,18.4518185],[77.4301851,18.4518186],[77.430185,18.451819],[77.4301851,18.451819],[77.4301852,18.4518188],[77.4301852,18.4518187],[77.4301849,18.451818],[77.4301849,18.4518179],[77.4301852,18.4518177],[77.4301852,18.4518177],[77.430186,18.4518181],[77.430186,18.4518181],[77.4301876,18.451819],[77.4301877,18.451819],[77.4301892,18.4518202],[77.4301892,18.4518202],[77.4301902,18.4518209],[77.4301903,18.4518209],[77.4301913,18.4518219],[77.4301926,18.4518236],[77.4301933,18.4518239],[77.430194,18.4518245],[77.430194,18.4518246],[77.4301951,18.4518265],[77.4301951,18.4518265],[77.4301958,18.4518273],[77.4301958,18.4518274],[77.4301961,18.4518278],[77.4301962,18.4518282],[77.4301963,18.4518277],[77.4301963,18.4518276],[77.4301966,18.4518258],[77.4301966,18.4518258],[77.430197,18.4518249],[77.430197,18.4518249],[77.4301973,18.4518247]]}},{"type":"Feature","properties":{"flight":27,"sol":418,"date":"2022-04-24","max_alt_m":10.0},"geometry":{"type":"LineString","coordinates":[[77.4304425,18.4516377],[77.4304423,18.4516381],[77.4304421,18.4516385],[77.4304421,18.4516385],[77.430442,18.4516389],[77.430442,18.4516389],[77.4304419,18.4516393],[77.4304419,18.4516393],[77.4304419,18.4516397],[77.4304419,18.4516397],[77.4304421,18.4516401],[77.4304422,18.4516402],[77.4304424,18.4516405],[77.4304424,18.4516405],[77.4304425,18.4516409],[77.4304425,18.4516409],[77.4304426,18.4516412],[77.4304426,18.4516412],[77.4304427,18.4516414],[77.4304427,18.4516414],[77.4304428,18.4516415],[77.4304428,18.4516415],[77.4304429,18.4516415],[77.4304429,18.4516415],[77.4304428,18.4516414],[77.4304428,18.4516414],[77.4304427,18.4516412],[77.4304427,18.4516412],[77.4304425,18.451641],[77.4304425,18.451641],[77.4304425,18.4516409],[77.4304426,18.4516409],[77.4304427,18.4516408],[77.4304427,18.4516407],[77.4304426,18.45164],[77.4304425,18.4516399],[77.4304425,18.4516392],[77.4304425,18.4516392],[77.4304427,18.4516388],[77.4304427,18.4516388],[77.4304427,18.4516385],[77.4304427,18.4516385],[77.4304425,18.4516383],[77.4304425,18.4516383],[77.4304426,18.4516383],[77.4304426,18.4516383],[77.4304428,18.4516384],[77.4304428,18.4516384],[77.4304432,18.4516386],[77.4304432,18.4516386],[77.4304436,18.4516387],[77.4304437,18.4516388],[77.4304445,18.4516388],[77.4304445,18.4516388],[77.430445,18.4516389],[77.430445,18.4516389],[77.4304453,18.4516393],[77.4304453,18.4516393],[77.4304454,18.4516394],[77.4304454,18.4516394],[77.4304456,18.4516394],[77.4304456,18.4516394],[77.4304466,18.4516377],[77.4304484,18.4516343],[77.4304512,18.4516299],[77.4304552,18.451624],[77.4304611,18.451616],[77.4304685,18.4516054],[77.4304776,18.4515923],[77.4304886,18.4515778],[77.430489,18.4515773],[77.4305,18.4515614],[77.430511,18.4515428],[77.4305244,18.4515215],[77.4305392,18.4514991],[77.4305543,18.4514754],[77.430569,18.4514504],[77.4305823,18.451424],[77.4305827,18.4514231],[77.4305967,18.4513986],[77.4306127,18.4513746],[77.4306255,18.4513544],[77.4306351,18.4513384],[77.430641,18.4513277],[77.4306411,18.4513274],[77.4306443,18.4513207],[77.4306461,18.4513159],[77.4306461,18.4513158],[77.4306457,18.451315],[77.4306433,18.4513149],[77.430643,18.4513149],[77.4306421,18.4513152],[77.4306421,18.4513153],[77.4306413,18.4513162],[77.4306413,18.4513163],[77.4306407,18.4513177],[77.4306407,18.4513177],[77.4306401,18.4513188],[77.43064,18.4513189],[77.430639,18.4513197],[77.430639,18.4513197],[77.4306364,18.4513197],[77.4306308,18.4513193],[77.4306306,18.4513193],[77.4306231,18.4513183],[77.430613,18.4513162],[77.4306127,18.4513161],[77.4306003,18.4513122],[77.4305854,18.4513067],[77.4305683,18.4512996],[77.430548,18.4512908],[77.4305252,18.4512805],[77.4305016,18.451269],[77.4304778,18.451258],[77.4304546,18.4512482],[77.430431,18.4512383],[77.4304072,18.4512284],[77.4303831,18.4512179],[77.4303587,18.451207],[77.430334,18.4511957],[77.4303094,18.4511839],[77.4302851,18.4511717],[77.4302843,18.4511713],[77.4302612,18.4511611],[77.4302374,18.4511512],[77.4302366,18.4511508],[77.4302133,18.4511396],[77.4301891,18.4511279],[77.4301647,18.4511172],[77.4301405,18.4511061],[77.4301165,18.4510946],[77.4300928,18.4510827],[77.4300691,18.451071],[77.4300452,18.45106],[77.4300213,18.4510489],[77.4299974,18.4510376],[77.4299733,18.4510272],[77.4299491,18.4510174],[77.4299252,18.4510066],[77.4299012,18.4509952],[77.4298765,18.4509832],[77.429852,18.4509712],[77.4298278,18.4509591],[77.4298034,18.4509474],[77.429779,18.450936],[77.4297547,18.4509247],[77.4297305,18.4509137],[77.4297063,18.450903],[77.429682,18.4508922],[77.4296576,18.4508813],[77.4296336,18.4508697],[77.4296099,18.450858],[77.4295861,18.4508472],[77.4295622,18.4508364],[77.4295381,18.4508253],[77.4295139,18.4508141],[77.4294897,18.450803],[77.4294654,18.4507918],[77.4294413,18.4507809],[77.4294405,18.4507805],[77.429417,18.4507711],[77.4293928,18.4507613],[77.4293688,18.4507504],[77.4293453,18.4507386],[77.429322,18.4507266],[77.4292981,18.4507154],[77.4292739,18.4507048],[77.4292494,18.4506945],[77.4292253,18.4506838],[77.4292014,18.4506728],[77.4291776,18.4506622],[77.4291538,18.4506515],[77.4291301,18.4506409],[77.4291062,18.4506299],[77.4290821,18.4506184],[77.4290601,18.4506083],[77.4290404,18.4505995],[77.4290233,18.4505922],[77.4290094,18.450586],[77.4289984,18.4505805],[77.4289901,18.4505765],[77.4289898,18.4505764],[77.4289838,18.4505737],[77.4289836,18.4505736],[77.4289804,18.4505733],[77.4289803,18.4505733],[77.4289784,18.4505733],[77.4289784,18.4505733],[77.4289779,18.4505748],[77.4289779,18.4505748],[77.428978,18.450575],[77.428978,18.450575],[77.4289786,18.4505744],[77.4289786,18.4505744],[77.4289792,18.450574],[77.4289796,18.4505737],[77.4289796,18.4505737],[77.4289797,18.450574],[77.4289797,18.450574],[77.4289798,18.4505743],[77.4289798,18.4505743],[77.428981,18.4505728],[77.4289833,18.4505701],[77.4289838,18.4505694],[77.4289867,18.4505659],[77.4289868,18.4505659],[77.4289887,18.4505657],[77.4289888,18.4505657],[77.4289898,18.4505661],[77.4289898,18.4505661],[77.4289863,18.4505678],[77.4289861,18.4505679],[77.4289795,18.4505712],[77.4289793,18.4505714],[77.4289709,18.4505774],[77.4289706,18.4505776],[77.4289601,18.4505843],[77.4289468,18.4505918],[77.4289316,18.4506005],[77.4289134,18.4506112],[77.4288929,18.4506242],[77.4288715,18.4506372],[77.4288491,18.4506495],[77.4288275,18.4506624],[77.4288064,18.4506759],[77.4287845,18.4506902],[77.4287621,18.4507046],[77.4287391,18.450718],[77.4287164,18.4507314],[77.4286942,18.4507452],[77.428672,18.4507589],[77.4286497,18.4507725],[77.4286275,18.450786],[77.4286051,18.4507995],[77.4285824,18.4508133],[77.4285594,18.4508273],[77.4285366,18.4508414],[77.4285138,18.4508551],[77.4284912,18.4508687],[77.4284685,18.4508828],[77.4284459,18.4508967],[77.4284236,18.4509103],[77.4284009,18.4509239],[77.4283779,18.4509374],[77.4283555,18.4509509],[77.428333,18.4509645],[77.4283099,18.4509781],[77.4282868,18.4509915],[77.4282637,18.4510048],[77.4282409,18.4510182],[77.4282185,18.4510319],[77.4281961,18.4510457],[77.4281737,18.4510589],[77.4281513,18.4510715],[77.4281289,18.4510845],[77.4281064,18.451098],[77.4280837,18.4511112],[77.4280609,18.4511246],[77.4280381,18.4511382],[77.4280155,18.4511515],[77.427993,18.4511643],[77.4279704,18.451178],[77.4279477,18.4511924],[77.427925,18.4512065],[77.4279024,18.4512206],[77.4278801,18.4512348],[77.4278582,18.4512487],[77.4278362,18.4512624],[77.4278137,18.4512762],[77.4277911,18.4512899],[77.4277687,18.4513036],[77.4277458,18.4513175],[77.427722,18.4513315],[77.4276988,18.451345],[77.427676,18.4513583],[77.4276537,18.4513728],[77.4276318,18.4513874],[77.4276102,18.4514009],[77.4275884,18.4514145],[77.4275662,18.4514286],[77.4275432,18.4514427],[77.4275201,18.4514568],[77.4274991,18.4514709],[77.4274782,18.451485],[77.4274561,18.4514989],[77.4274342,18.4515124],[77.4274125,18.4515255],[77.42739,18.4515381],[77.4273672,18.4515507],[77.4273449,18.4515643],[77.4273223,18.4515777],[77.4272991,18.4515904],[77.4272758,18.451603],[77.4272525,18.4516155],[77.4272291,18.4516279],[77.4272062,18.4516407],[77.4271842,18.4516552],[77.4271619,18.4516693],[77.427139,18.4516827],[77.4271164,18.4516966],[77.4270938,18.4517106],[77.4270705,18.4517237],[77.4270473,18.4517368],[77.4270246,18.4517507],[77.4270019,18.4517643],[77.4269792,18.4517778],[77.4269569,18.4517922],[77.4269347,18.4518069],[77.4269122,18.4518209],[77.4268895,18.4518346],[77.4268666,18.4518478],[77.4268437,18.4518609],[77.4268209,18.4518739],[77.4267982,18.4518873],[77.4267758,18.4519011],[77.4267535,18.4519158],[77.4267311,18.4519301],[77.4267085,18.4519441],[77.4266864,18.4519586],[77.4266646,18.4519734],[77.4266429,18.451988],[77.426621,18.4520022],[77.4265985,18.4520158],[77.4265763,18.452029],[77.4265543,18.4520421],[77.4265309,18.452055],[77.4265071,18.452068],[77.4264841,18.4520816],[77.4264613,18.4520951],[77.4264382,18.4521082],[77.4264153,18.4521216],[77.4263924,18.4521349],[77.4263694,18.4521477],[77.4263469,18.45216],[77.4263249,18.4521721],[77.4263055,18.4521837],[77.4262886,18.4521947],[77.4262744,18.4522041],[77.4262627,18.452212],[77.426254,18.4522188],[77.4262538,18.452219],[77.4262475,18.4522236],[77.4262424,18.4522267],[77.4262422,18.4522268],[77.4262403,18.4522289],[77.4262402,18.452229],[77.4262394,18.4522308],[77.4262393,18.4522308],[77.4262421,18.4522351],[77.4262432,18.4522363],[77.4262449,18.4522388],[77.4262447,18.4522389],[77.4262452,18.4522395],[77.4262452,18.4522395],[77.4262448,18.4522399],[77.4262448,18.4522398],[77.4262419,18.4522362],[77.4262396,18.4522332],[77.4262378,18.452231],[77.4262377,18.4522309],[77.4262368,18.4522296],[77.4262368,18.4522295],[77.4262363,18.4522282],[77.4262363,18.4522281],[77.4262374,18.4522276],[77.4262376,18.4522277],[77.426237,18.4522267],[77.426237,18.4522266],[77.4262349,18.4522231],[77.4262348,18.4522229],[77.4262321,18.4522185],[77.4262318,18.4522181],[77.4262308,18.4522161],[77.4262309,18.4522161],[77.426233,18.4522173],[77.4262332,18.4522174],[77.4262356,18.4522196],[77.4262378,18.4522225],[77.4262381,18.4522229],[77.4262391,18.4522241],[77.4262428,18.4522284],[77.4262463,18.4522321],[77.4262494,18.4522355]]}},{"type":"Feature","properties":{"flight":28,"sol":423,"date":"2022-04-29","max_alt_m":10.0},"geometry":{"type":"LineString","coordinates":[[77.4263285,18.4525268],[77.4263285,18.4525268],[77.4263278,18.4525265],[77.4263277,18.4525265],[77.4263269,18.4525262],[77.4263269,18.4525262],[77.4263259,18.4525261],[77.4263259,18.4525261],[77.4263252,18.4525261],[77.4263252,18.4525261],[77.4263249,18.4525263],[77.4263249,18.4525263],[77.4263247,18.4525266],[77.4263247,18.4525266],[77.4263247,18.4525271],[77.4263248,18.4525271],[77.4263251,18.4525276],[77.4263251,18.4525276],[77.4263254,18.4525281],[77.4263254,18.4525281],[77.4263255,18.4525286],[77.4263255,18.4525286],[77.4263257,18.452529],[77.4263258,18.452529],[77.4263261,18.4525292],[77.4263261,18.4525292],[77.4263264,18.4525292],[77.4263265,18.4525292],[77.4263269,18.4525291],[77.4263269,18.4525291],[77.4263276,18.4525288],[77.4263276,18.4525288],[77.4263282,18.4525287],[77.4263282,18.4525287],[77.4263287,18.4525288],[77.4263287,18.4525288],[77.426329,18.4525287],[77.426329,18.4525287],[77.4263292,18.4525286],[77.4263292,18.4525285],[77.4263294,18.4525285],[77.4263294,18.4525284],[77.4263294,18.4525281],[77.4263294,18.452528],[77.4263292,18.4525277],[77.4263292,18.4525277],[77.4263294,18.4525277],[77.4263294,18.4525277],[77.42633,18.4525278],[77.4263301,18.4525278],[77.4263303,18.4525278],[77.4263303,18.4525278],[77.4263304,18.4525278],[77.4263304,18.4525278],[77.4263303,18.4525283],[77.4263303,18.4525284],[77.4263299,18.4525292],[77.4263298,18.4525292],[77.4263271,18.4525303],[77.426327,18.4525303],[77.4263237,18.4525319],[77.4263189,18.4525345],[77.4263105,18.4525395],[77.4262989,18.4525464],[77.4262842,18.4525548],[77.4262695,18.4525641],[77.4262513,18.4525756],[77.4262291,18.4525883],[77.4262035,18.4526025],[77.426176,18.4526181],[77.426149,18.4526334],[77.4261236,18.4526478],[77.4260976,18.452663],[77.4260715,18.4526787],[77.4260472,18.4526934],[77.4260221,18.4527082],[77.4259932,18.4527237],[77.4259638,18.4527396],[77.4259344,18.4527558],[77.4259057,18.4527716],[77.4258774,18.4527873],[77.4258494,18.4528035],[77.4258217,18.4528196],[77.4257949,18.4528353],[77.425767,18.4528516],[77.4257381,18.4528682],[77.4257101,18.4528836],[77.4256825,18.4528987],[77.4256554,18.4529148],[77.4256286,18.4529311],[77.4256023,18.4529472],[77.4255752,18.4529633],[77.4255475,18.4529794],[77.4255199,18.4529956],[77.4254921,18.4530119],[77.425465,18.4530289],[77.4254381,18.4530458],[77.4254113,18.4530623],[77.4253843,18.4530788],[77.4253572,18.4530952],[77.4253297,18.4531115],[77.425302,18.4531273],[77.4252738,18.4531422],[77.425246,18.4531575],[77.4252185,18.4531734],[77.4251915,18.4531896],[77.4251647,18.4532057],[77.4251377,18.4532215],[77.4251104,18.4532368],[77.4250825,18.4532517],[77.4250549,18.453267],[77.4250276,18.4532824],[77.4250005,18.4532983],[77.4249734,18.4533142],[77.424946,18.4533297],[77.4249189,18.4533454],[77.4248919,18.4533614],[77.4248646,18.4533774],[77.4248369,18.4533935],[77.4248088,18.4534098],[77.4247808,18.453426],[77.4247531,18.4534416],[77.4247252,18.4534577],[77.4246972,18.4534745],[77.4246702,18.4534912],[77.4246437,18.4535079],[77.4246169,18.4535244],[77.4245902,18.453541],[77.4245634,18.4535577],[77.4245364,18.453574],[77.4245092,18.4535899],[77.4244814,18.4536062],[77.4244535,18.453622],[77.4244256,18.4536368],[77.4243978,18.4536517],[77.4243701,18.453667],[77.4243432,18.4536827],[77.4243166,18.4536985],[77.4242891,18.453714],[77.4242617,18.4537293],[77.4242346,18.4537444],[77.4242067,18.4537583],[77.4241784,18.4537716],[77.4241504,18.4537861],[77.4241224,18.4538009],[77.4240939,18.4538153],[77.4240663,18.4538306],[77.4240397,18.4538472],[77.4240144,18.4538647],[77.4240136,18.4538653],[77.4239879,18.4538811],[77.4239614,18.4538982],[77.4239346,18.4539153],[77.4239072,18.4539319],[77.4238796,18.4539481],[77.4238519,18.453964],[77.4238248,18.4539804],[77.4237978,18.4539969],[77.4237705,18.4540133],[77.4237431,18.4540296],[77.4237158,18.4540461],[77.4236879,18.4540617],[77.4236598,18.4540766],[77.4236321,18.4540919],[77.4236046,18.4541072],[77.4235775,18.4541227],[77.42355,18.4541382],[77.4235221,18.4541539],[77.4234953,18.4541706],[77.423469,18.454188],[77.4234422,18.4542063],[77.423415,18.454224],[77.423387,18.4542401],[77.4233861,18.4542406],[77.4233615,18.4542585],[77.423338,18.4542791],[77.4233133,18.454298],[77.4233124,18.4542986],[77.4232857,18.4543135],[77.4232847,18.4543138],[77.4232505,18.4543226],[77.4232494,18.454323],[77.4232216,18.4543348],[77.4231956,18.4543489],[77.4231698,18.4543639],[77.4231438,18.454379],[77.4231428,18.4543794],[77.423114,18.4543909],[77.423113,18.4543912],[77.4230843,18.4544032],[77.4230833,18.4544037],[77.4230569,18.4544186],[77.423056,18.4544191],[77.4230321,18.4544366],[77.4230094,18.4544573],[77.4230086,18.454458],[77.4229848,18.4544759],[77.422984,18.4544765],[77.4229583,18.4544925],[77.4229574,18.454493],[77.4229277,18.4545057],[77.4229266,18.4545061],[77.4228984,18.45452],[77.4228975,18.4545206],[77.4228731,18.4545381],[77.4228722,18.4545387],[77.4228442,18.4545531],[77.422812,18.4545658],[77.4228109,18.4545662],[77.4227821,18.4545802],[77.4227529,18.4545951],[77.422724,18.4546095],[77.4226948,18.4546234],[77.422665,18.4546366],[77.422664,18.454637],[77.4226367,18.454651],[77.4226093,18.4546661],[77.422581,18.4546803],[77.4225527,18.4546946],[77.4225249,18.4547095],[77.4224973,18.4547248],[77.4224702,18.4547408],[77.4224693,18.4547414],[77.4224452,18.4547588],[77.4224199,18.4547773],[77.4223934,18.4547942],[77.4223925,18.4547948],[77.422368,18.4548124],[77.4223672,18.454813],[77.4223445,18.4548327],[77.4223438,18.4548334],[77.4223255,18.454858],[77.4223212,18.454866],[77.4223083,18.4548859],[77.4223076,18.4548866],[77.4222827,18.4549033],[77.4222529,18.4549176],[77.4222234,18.4549315],[77.4222224,18.454932],[77.4221949,18.4549463],[77.4221679,18.4549624],[77.422167,18.4549629],[77.4221397,18.4549771],[77.4221106,18.454991],[77.4220814,18.4550053],[77.4220518,18.4550191],[77.4220212,18.4550318],[77.4220202,18.4550322],[77.4219941,18.4550476],[77.4219933,18.4550482],[77.4219699,18.455067],[77.4219461,18.4550867],[77.4219453,18.4550874],[77.4219212,18.4551047],[77.4219203,18.4551052],[77.4218919,18.4551177],[77.4218609,18.4551292],[77.4218291,18.4551399],[77.4218281,18.4551403],[77.4218014,18.4551548],[77.4217761,18.455173],[77.4217752,18.4551736],[77.4217484,18.4551888],[77.4217474,18.4551893],[77.4217178,18.4552018],[77.4216849,18.4552125],[77.4216838,18.4552129],[77.4216552,18.455226],[77.4216542,18.4552265],[77.4216285,18.455243],[77.4216015,18.4552593],[77.4215745,18.4552754],[77.4215476,18.4552916],[77.4215208,18.4553077],[77.4214937,18.4553235],[77.4214676,18.4553401],[77.4214425,18.4553576],[77.4214417,18.4553582],[77.4214183,18.4553765],[77.4213939,18.4553954],[77.421393,18.4553959],[77.4213673,18.4554122],[77.4213407,18.4554292],[77.4213146,18.4554466],[77.4212877,18.4554634],[77.4212597,18.4554795],[77.4212587,18.45548],[77.4212295,18.4554944],[77.421199,18.4555086],[77.4211695,18.455522],[77.4211686,18.4555225],[77.4211413,18.4555365],[77.4211142,18.4555522],[77.421087,18.4555675],[77.4210595,18.4555827],[77.4210308,18.4555978],[77.421003,18.455613],[77.4209768,18.4556284],[77.4209516,18.4556443],[77.4209253,18.45566],[77.4209,18.4556764],[77.4208746,18.4556932],[77.4208476,18.4557098],[77.4208203,18.4557266],[77.4207929,18.4557437],[77.4207643,18.4557609],[77.420735,18.4557777],[77.4207065,18.4557935],[77.4207056,18.455794],[77.4206762,18.455807],[77.420675,18.4558073],[77.4206404,18.4558168],[77.4206392,18.4558172],[77.4206109,18.4558299],[77.4206101,18.4558305],[77.4205871,18.4558476],[77.4205646,18.4558667],[77.4205426,18.4558866],[77.4205198,18.4559054],[77.4204959,18.4559235],[77.4204705,18.4559406],[77.4204439,18.4559565],[77.420416,18.4559713],[77.420387,18.455985],[77.4203578,18.4559987],[77.4203291,18.4560133],[77.4203012,18.4560288],[77.4202741,18.4560454],[77.4202732,18.4560459],[77.4202456,18.4560605],[77.4202166,18.4560752],[77.4201888,18.4560916],[77.4201624,18.4561086],[77.4201377,18.4561283],[77.4201369,18.4561289],[77.4201115,18.4561426],[77.4200842,18.4561529],[77.4200614,18.456163],[77.4200607,18.4561633],[77.4200429,18.4561731],[77.4200424,18.4561735],[77.4200295,18.4561847],[77.4200287,18.4561855],[77.4200181,18.4561948],[77.4200081,18.4562029],[77.4200078,18.4562031],[77.4199979,18.4562076],[77.4199957,18.4562082],[77.4199897,18.4562108],[77.4199897,18.4562109],[77.4199889,18.4562155],[77.4199888,18.4562157],[77.4199882,18.4562179],[77.4199881,18.4562179],[77.4199856,18.4562166],[77.4199855,18.4562165],[77.4199811,18.4562132],[77.4199743,18.4562069],[77.4199742,18.4562068],[77.4199749,18.4562072],[77.4199785,18.4562098],[77.4199787,18.4562099],[77.419987,18.4562168],[77.4199904,18.4562195],[77.4199819,18.4562113],[77.4199804,18.4562098],[77.4199806,18.4562099],[77.4199849,18.4562139],[77.4199849,18.456214],[77.4199838,18.4562129],[77.4199837,18.4562128],[77.4199872,18.4562166],[77.4199891,18.4562178],[77.4199921,18.4562198],[77.4199925,18.4562204],[77.4199898,18.4562168],[77.4199898,18.4562168],[77.41999,18.4562166],[77.41999,18.4562165],[77.419988,18.4562145],[77.4199879,18.4562143],[77.419985,18.4562116],[77.4199845,18.4562113],[77.4199833,18.4562101],[77.4199832,18.45621],[77.4199812,18.4562096],[77.4199812,18.4562097],[77.4199847,18.4562129],[77.4199848,18.456213],[77.4199833,18.4562129],[77.4199829,18.4562125],[77.4199818,18.4562118],[77.4199819,18.4562119],[77.4199815,18.4562117],[77.4199814,18.4562117],[77.4199806,18.4562114],[77.4199806,18.4562115],[77.4199842,18.4562152],[77.4199891,18.4562194],[77.4199897,18.4562198],[77.4199917,18.4562214],[77.4199918,18.4562215],[77.4199921,18.4562223],[77.4199921,18.4562223],[77.4199914,18.4562209],[77.4199912,18.4562206]]}},{"type":"Feature","properties":{"flight":29,"sol":465,"date":"2022-06-11","max_alt_m":10.0},"geometry":{"type":"LineString","coordinates":[[77.4206414,18.4571318],[77.4206413,18.4571318],[77.4206409,18.4571319],[77.4206409,18.4571319],[77.4206401,18.4571321],[77.42064,18.4571321],[77.4206385,18.4571323],[77.4206385,18.4571323],[77.4206372,18.4571325],[77.4206372,18.4571325],[77.4206375,18.4571326],[77.4206375,18.4571327],[77.4206383,18.4571328],[77.4206384,18.4571328],[77.4206392,18.4571328],[77.4206392,18.4571328],[77.42064,18.4571328],[77.42064,18.4571328],[77.4206406,18.4571327],[77.4206411,18.4571326],[77.4206411,18.4571326],[77.4206415,18.4571326],[77.4206415,18.4571326],[77.4206418,18.4571327],[77.4206418,18.4571327],[77.420642,18.4571329],[77.420642,18.4571329],[77.4206421,18.4571331],[77.4206421,18.4571332],[77.4206422,18.4571334],[77.4206422,18.4571334],[77.420642,18.4571335],[77.420642,18.4571335],[77.4206418,18.4571336],[77.4206418,18.4571336],[77.4206418,18.4571336],[77.4206418,18.4571336],[77.4206418,18.4571336],[77.4206418,18.4571335],[77.4206418,18.4571336],[77.4206418,18.4571336],[77.4206419,18.4571336],[77.4206419,18.4571336],[77.4206419,18.4571335],[77.4206419,18.4571335],[77.4206418,18.4571333],[77.4206418,18.4571332],[77.4206418,18.4571331],[77.4206418,18.4571331],[77.4206418,18.4571328],[77.4206418,18.4571328],[77.4206418,18.4571325],[77.4206418,18.4571324],[77.4206417,18.4571321],[77.4206417,18.457132],[77.4206416,18.4571317],[77.4206415,18.4571317],[77.4206407,18.4571317],[77.4206407,18.4571317],[77.4206391,18.4571317],[77.420639,18.4571317],[77.4206348,18.4571302],[77.4206298,18.4571281],[77.4206293,18.4571279],[77.420629,18.4571277],[77.420629,18.4571277],[77.4206287,18.4571275],[77.4206284,18.4571275],[77.4206253,18.4571262],[77.4206139,18.457121],[77.4206012,18.4571153],[77.4205861,18.4571088],[77.4205687,18.4571012],[77.4205486,18.4570926],[77.4205256,18.4570827],[77.4204988,18.457071],[77.4204694,18.4570583],[77.4204386,18.4570449],[77.4204054,18.4570305],[77.4203689,18.4570147],[77.4203297,18.4569979],[77.4202893,18.4569806],[77.4202475,18.4569629],[77.4202064,18.4569453],[77.4201656,18.4569279],[77.4201244,18.4569105],[77.4200829,18.4568931],[77.4200416,18.4568755],[77.4200003,18.4568578],[77.4199586,18.45684],[77.4199193,18.4568231],[77.419872,18.4568031],[77.4197891,18.4567689],[77.4197007,18.456733],[77.4196505,18.456713],[77.4196115,18.4566976],[77.4195694,18.4566811],[77.419527,18.4566646],[77.4194846,18.4566479],[77.419442,18.4566311],[77.4193995,18.4566143],[77.4193566,18.4565978],[77.4193141,18.4565813],[77.4192722,18.4565646],[77.41923,18.4565482],[77.4191901,18.4565336],[77.419143,18.4565164],[77.4190612,18.4564856],[77.4189716,18.4564517],[77.4189235,18.4564342],[77.4188856,18.4564206],[77.4188182,18.4563953],[77.4187236,18.4563592],[77.4186611,18.4563362],[77.4186192,18.4563215],[77.4185776,18.4563067],[77.4185352,18.4562911],[77.4184929,18.4562757],[77.4184505,18.4562603],[77.4184079,18.4562453],[77.4183649,18.4562309],[77.4183218,18.4562165],[77.4182788,18.4562017],[77.4182358,18.4561868],[77.4181935,18.4561711],[77.4181514,18.4561552],[77.4181089,18.4561404],[77.4180662,18.4561263],[77.4180229,18.4561129],[77.4179788,18.4561002],[77.4179387,18.4560874],[77.4179026,18.4560744],[77.4178695,18.4560618],[77.4178386,18.4560494],[77.4178105,18.4560376],[77.4177849,18.4560266],[77.4177622,18.4560165],[77.4177427,18.4560073],[77.4177256,18.4559993],[77.417711,18.4559933],[77.4177105,18.4559931],[77.4176985,18.4559886],[77.4176981,18.4559885],[77.4176886,18.4559867],[77.4176804,18.4559858],[77.4176802,18.4559858],[77.4176767,18.455986],[77.4176766,18.4559861],[77.4176751,18.4559868],[77.4176751,18.4559868],[77.4176732,18.4559885],[77.4176731,18.4559887],[77.4176699,18.4559964],[77.4176684,18.4560008],[77.4176701,18.4559987],[77.4176719,18.4559965],[77.4176719,18.4559965],[77.417672,18.4559962],[77.417672,18.4559962],[77.4176719,18.4559966],[77.4176719,18.4559983],[77.4176719,18.456001],[77.4176719,18.4560011],[77.4176722,18.4560017],[77.4176722,18.4560017],[77.417673,18.4560001],[77.4176737,18.4559986],[77.4176754,18.4559943],[77.4176802,18.4559799],[77.4176804,18.4559795],[77.4176817,18.4559746],[77.4176817,18.4559746],[77.4176805,18.4559753],[77.4176804,18.4559754],[77.4176792,18.4559767],[77.4176791,18.4559768],[77.4176781,18.4559783],[77.4176772,18.45598],[77.4176771,18.4559801],[77.4176765,18.4559816],[77.4176765,18.4559817],[77.417676,18.4559832],[77.417676,18.4559834],[77.4176757,18.4559848],[77.4176757,18.4559849],[77.4176757,18.4559864],[77.4176757,18.4559867]]}},{"type":"Feature","properties":{"flight":30,"sol":533,"date":"2022-08-20","max_alt_m":5.0},"geometry":{"type":"LineString","coordinates":[[77.4176757,18.4559867],[77.4176745,18.455986],[77.4176744,18.4559859],[77.4176732,18.4559854],[77.417673,18.4559854],[77.4176717,18.4559851],[77.4176715,18.4559851],[77.4176706,18.4559848],[77.4176705,18.4559848],[77.4176703,18.4559845],[77.4176703,18.4559845],[77.4176704,18.4559843],[77.4176704,18.4559843],[77.4176708,18.4559841],[77.4176709,18.4559841],[77.4176713,18.455984],[77.4176713,18.455984],[77.4176717,18.455984],[77.4176718,18.455984],[77.4176722,18.455984],[77.4176722,18.455984],[77.4176725,18.4559843],[77.4176726,18.4559843],[77.4176728,18.4559847],[77.4176728,18.4559847],[77.4176728,18.4559852],[77.4176728,18.4559852],[77.4176726,18.4559858],[77.4176726,18.4559858],[77.4176724,18.4559864],[77.4176723,18.4559867],[77.4176722,18.4559871],[77.4176722,18.4559871],[77.4176717,18.4559872],[77.4176717,18.4559872],[77.4176701,18.4559866],[77.4176678,18.4559856],[77.4176644,18.455984],[77.4176609,18.4559823],[77.4176578,18.4559806],[77.4176546,18.455979],[77.4176508,18.4559771],[77.4176475,18.4559756],[77.4176452,18.4559744],[77.4176451,18.4559744],[77.4176437,18.4559738],[77.4176436,18.4559738],[77.4176433,18.4559737],[77.4176433,18.4559737],[77.4176432,18.4559736],[77.4176432,18.4559736],[77.417643,18.4559734],[77.417643,18.4559734],[77.4176428,18.4559733],[77.4176428,18.4559733],[77.4176427,18.4559732],[77.4176427,18.4559732],[77.4176427,18.4559732],[77.4176427,18.4559732],[77.4176428,18.4559732],[77.4176428,18.4559732],[77.4176428,18.4559733],[77.4176429,18.4559733],[77.4176429,18.4559734],[77.417643,18.4559734],[77.417643,18.4559736],[77.417643,18.4559736],[77.417643,18.4559738],[77.417643,18.4559738],[77.4176429,18.455974],[77.4176429,18.4559741],[77.4176428,18.4559743],[77.4176428,18.4559743],[77.4176425,18.4559746],[77.4176425,18.4559746],[77.4176422,18.4559747],[77.4176422,18.4559747],[77.4176419,18.4559748],[77.4176419,18.4559748],[77.4176415,18.4559749],[77.4176415,18.4559749],[77.4176407,18.4559747],[77.4176402,18.4559746],[77.4176401,18.4559746],[77.4176398,18.4559745],[77.4176398,18.4559745],[77.4176396,18.4559745],[77.4176396,18.4559745],[77.4176393,18.4559744],[77.4176392,18.4559744],[77.4176391,18.4559744],[77.4176391,18.4559744],[77.417639,18.4559744],[77.417639,18.4559744],[77.4176391,18.4559744],[77.4176391,18.4559744],[77.417639,18.4559744],[77.417639,18.4559744],[77.4176391,18.4559744],[77.4176391,18.4559744],[77.4176391,18.4559744],[77.4176391,18.4559744],[77.4176392,18.4559744],[77.4176392,18.4559744],[77.4176394,18.4559745],[77.4176395,18.4559745],[77.4176397,18.4559746],[77.4176397,18.4559746],[77.41764,18.4559746],[77.41764,18.4559746],[77.4176403,18.4559746],[77.4176404,18.4559746],[77.4176406,18.4559745],[77.4176406,18.4559745],[77.4176409,18.4559745],[77.4176409,18.4559745],[77.4176412,18.4559744],[77.4176412,18.4559744],[77.4176416,18.4559743],[77.4176416,18.4559743],[77.4176421,18.4559742],[77.4176421,18.4559742],[77.4176426,18.4559743],[77.4176429,18.4559743]]}},{"type":"Feature","properties":{"flight":31,"sol":550,"date":"2022-09-06","max_alt_m":10.0},"geometry":{"type":"LineString","coordinates":[[77.417643,18.4559743],[77.4176424,18.4559742],[77.4176414,18.455974],[77.4176397,18.4559738],[77.4176387,18.4559736],[77.4176387,18.4559736],[77.4176392,18.4559738],[77.4176392,18.4559738],[77.4176401,18.455974],[77.4176401,18.455974],[77.417641,18.455974],[77.4176418,18.455974],[77.4176418,18.455974],[77.4176425,18.4559739],[77.417643,18.4559739],[77.417643,18.4559739],[77.4176433,18.4559739],[77.4176433,18.4559739],[77.4176434,18.455974],[77.4176434,18.455974],[77.4176434,18.455974],[77.4176434,18.455974],[77.4176434,18.4559741],[77.4176435,18.4559741],[77.4176436,18.4559742],[77.417644,18.4559745],[77.417644,18.4559746],[77.4176443,18.4559747],[77.4176443,18.4559747],[77.4176445,18.4559747],[77.4176446,18.4559747],[77.4176447,18.4559746],[77.4176447,18.4559746],[77.4176448,18.4559744],[77.4176448,18.4559744],[77.4176449,18.4559743],[77.4176449,18.4559743],[77.4176449,18.4559743],[77.4176449,18.4559742],[77.4176449,18.4559742],[77.4176448,18.4559742],[77.4176445,18.4559742],[77.4176445,18.4559742],[77.4176441,18.4559742],[77.4176441,18.4559742],[77.4176439,18.4559742],[77.4176438,18.4559742],[77.4176429,18.4559742],[77.4176395,18.455974],[77.4176342,18.4559738],[77.4176257,18.4559729],[77.4176253,18.4559728],[77.4176161,18.4559734],[77.4176158,18.4559735],[77.4176062,18.455977],[77.4176058,18.4559771],[77.4175935,18.4559806],[77.417593,18.4559807],[77.4175752,18.455981],[77.4175745,18.455981],[77.4175584,18.4559788],[77.4175377,18.4559758],[77.417513,18.4559723],[77.417485,18.4559686],[77.4174536,18.4559646],[77.4174192,18.4559603],[77.4173824,18.4559559],[77.4173456,18.4559516],[77.4173082,18.4559473],[77.4172699,18.455943],[77.4172308,18.4559386],[77.4171911,18.4559343],[77.4171507,18.45593],[77.41711,18.4559258],[77.4170691,18.4559217],[77.4170275,18.4559173],[77.416985,18.455912],[77.4169425,18.4559071],[77.4169002,18.455902],[77.4168578,18.4558969],[77.4168154,18.4558921],[77.4167724,18.4558873],[77.41673,18.4558827],[77.4166875,18.4558778],[77.4166453,18.4558729],[77.4166031,18.4558681],[77.4165612,18.4558634],[77.4165194,18.4558584],[77.4164775,18.4558533],[77.4164357,18.4558483],[77.4163938,18.4558436],[77.4163519,18.4558388],[77.4163102,18.4558338],[77.4162681,18.4558294],[77.4162263,18.4558251],[77.4161843,18.455821],[77.4161419,18.4558163],[77.4161406,18.4558161],[77.4161025,18.455812],[77.4160949,18.4558118],[77.416066,18.4558074],[77.4160525,18.4558072],[77.416033,18.4558046],[77.416032,18.4558044],[77.4160032,18.4558017],[77.4159764,18.4557991],[77.4159667,18.4557971],[77.4159529,18.4557959],[77.4159522,18.4557958],[77.4159326,18.4557933],[77.4159154,18.4557908],[77.4159016,18.4557893],[77.4158952,18.4557879],[77.415891,18.4557879],[77.4158893,18.4557881],[77.4158839,18.4557864],[77.4158818,18.4557876],[77.4158798,18.4557864],[77.4158798,18.4557863],[77.4158788,18.4557883],[77.4158788,18.4557884],[77.4158783,18.4557877],[77.4158783,18.4557878],[77.4158785,18.4557879],[77.4158784,18.455788],[77.4158786,18.4557875],[77.4158787,18.4557875],[77.415879,18.4557859],[77.4158791,18.4557862],[77.4158795,18.4557854],[77.4158795,18.4557854],[77.4158799,18.4557854],[77.4158799,18.4557854],[77.4158804,18.4557854],[77.4158805,18.4557856],[77.4158806,18.4557849],[77.4158806,18.4557849],[77.415881,18.4557847],[77.415881,18.4557847],[77.4158814,18.455784],[77.4158814,18.4557842],[77.4158816,18.4557843],[77.4158816,18.4557843],[77.4158819,18.4557847],[77.4158819,18.4557848],[77.415882,18.4557848],[77.415882,18.4557848],[77.4158822,18.4557844],[77.4158822,18.4557844],[77.4158855,18.4557894],[77.4158941,18.4558035],[77.4159031,18.4558182],[77.4159072,18.4558248],[77.4159072,18.4558248],[77.4159073,18.4558248],[77.4159073,18.4558248],[77.4159074,18.4558245],[77.4159075,18.4558241],[77.4159075,18.4558241],[77.4159076,18.4558237],[77.4159076,18.4558237],[77.4159077,18.4558235],[77.4159077,18.4558235],[77.4159078,18.4558236],[77.4159078,18.4558236],[77.415908,18.4558239],[77.4159081,18.4558242],[77.4159082,18.4558246],[77.4159082,18.4558247]]}},{"type":"Feature","properties":{"flight":32,"sol":561,"date":"2022-09-17","max_alt_m":10.0},"geometry":{"type":"LineString","coordinates":[[77.4159082,18.4558247],[77.4159072,18.4558251],[77.4159071,18.4558252],[77.415906,18.4558258],[77.4159046,18.4558268],[77.4159035,18.4558276],[77.415903,18.4558281],[77.4159029,18.4558281],[77.4159028,18.4558282],[77.4159028,18.4558282],[77.4159031,18.4558279],[77.4159036,18.4558275],[77.4159036,18.4558275],[77.4159039,18.4558271],[77.4159039,18.4558271],[77.4159043,18.4558268],[77.4159043,18.4558268],[77.4159053,18.4558265],[77.4159067,18.4558263],[77.4159068,18.4558263],[77.4159075,18.4558261],[77.4159081,18.455826],[77.4159081,18.455826],[77.4159082,18.4558259],[77.4159082,18.4558259],[77.4159082,18.4558259],[77.4159082,18.4558259],[77.4159084,18.4558259],[77.4159087,18.4558257],[77.4159088,18.4558257],[77.4159089,18.4558258],[77.4159089,18.4558258],[77.4159089,18.4558259],[77.4159089,18.4558259],[77.415909,18.455826],[77.415909,18.455826],[77.415909,18.4558261],[77.4159091,18.4558262],[77.415909,18.4558263],[77.415909,18.4558263],[77.4159087,18.4558263],[77.4159087,18.4558263],[77.4159082,18.4558264],[77.4159081,18.4558264],[77.4159075,18.4558266],[77.4159075,18.4558266],[77.4159069,18.4558264],[77.4159067,18.4558263],[77.4159064,18.4558261],[77.4159064,18.4558261],[77.4159052,18.455826],[77.4159005,18.455826],[77.4159003,18.455826],[77.4158941,18.4558268],[77.4158846,18.4558288],[77.4158725,18.4558311],[77.415872,18.4558311],[77.4158567,18.4558326],[77.4158417,18.4558334],[77.4158233,18.4558342],[77.4158014,18.4558352],[77.4157749,18.4558365],[77.4157453,18.4558378],[77.4157133,18.4558388],[77.4156795,18.4558398],[77.4156477,18.4558405],[77.4156092,18.4558415],[77.4155412,18.4558448],[77.4154702,18.4558486],[77.4154221,18.4558509],[77.4153919,18.4558523],[77.4153915,18.4558523],[77.415388,18.4558522],[77.4153879,18.4558522],[77.4153861,18.455852],[77.4153856,18.455852],[77.4153616,18.4558531],[77.4153181,18.4558551],[77.4152753,18.4558573],[77.4152318,18.4558593],[77.4151886,18.4558615],[77.4151456,18.4558633],[77.4151026,18.4558651],[77.41506,18.4558674],[77.4150171,18.4558693],[77.4149744,18.4558713],[77.4149315,18.455873],[77.4148888,18.4558752],[77.4148466,18.4558774],[77.4148041,18.4558792],[77.4147615,18.4558811],[77.414719,18.4558829],[77.4146761,18.4558851],[77.4146331,18.455887],[77.4145904,18.4558891],[77.4145478,18.4558911],[77.4145054,18.4558934],[77.4144635,18.4558957],[77.4144238,18.4558977],[77.4143874,18.4559001],[77.4143551,18.4559012],[77.414354,18.4559013],[77.4143242,18.4559023],[77.4143233,18.4559023],[77.4142975,18.4559038],[77.4142736,18.4559049],[77.4142729,18.455905],[77.414253,18.4559055],[77.4142355,18.4559068],[77.4142216,18.4559077],[77.4142212,18.4559077],[77.4142109,18.455908],[77.4142032,18.4559084],[77.4142014,18.4559081],[77.4141998,18.4559099],[77.4141989,18.4559096],[77.4141988,18.4559105],[77.4141988,18.4559107],[77.4141986,18.4559115],[77.4141986,18.4559115],[77.4141987,18.4559128],[77.4141987,18.4559129],[77.4141984,18.4559121],[77.4141984,18.4559121],[77.4141983,18.4559112],[77.4141983,18.4559113],[77.414198,18.4559104],[77.414198,18.4559104],[77.4141984,18.4559087],[77.4141983,18.4559068],[77.4141981,18.4559042],[77.4141978,18.4559031],[77.4141978,18.4559022],[77.4141978,18.4559022],[77.4141974,18.4559014],[77.4141973,18.4559014],[77.4141971,18.4559007],[77.4141971,18.4559007],[77.4141968,18.4559002],[77.4141968,18.4559002],[77.414197,18.4559007],[77.414197,18.4559007],[77.4141971,18.4559008],[77.4141972,18.4559009],[77.4142018,18.455905],[77.4142132,18.4559141],[77.414225,18.4559229],[77.4142253,18.4559231],[77.4142308,18.4559278],[77.4142309,18.4559278],[77.4142315,18.4559291],[77.4142315,18.4559291],[77.4142319,18.4559295],[77.4142321,18.4559296],[77.4142322,18.4559296],[77.4142322,18.4559296],[77.4142321,18.4559292],[77.4142321,18.4559292],[77.4142321,18.4559285],[77.4142322,18.4559275],[77.4142322,18.4559274],[77.4142321,18.4559265],[77.414232,18.4559265],[77.4142317,18.4559257],[77.4142317,18.4559257],[77.4142315,18.4559253]]}},{"type":"Feature","properties":{"flight":33,"sol":567,"date":"2022-09-24","max_alt_m":10.0},"geometry":{"type":"LineString","coordinates":[[77.4142315,18.4559253],[77.4142314,18.4559254],[77.4142307,18.4559264],[77.4142306,18.4559265],[77.4142295,18.4559274],[77.4142294,18.4559274],[77.4142278,18.4559282],[77.4142278,18.4559282],[77.4142265,18.4559288],[77.4142265,18.4559289],[77.414226,18.4559296],[77.414226,18.4559296],[77.4142259,18.4559302],[77.4142259,18.4559302],[77.4142261,18.4559303],[77.4142262,18.4559303],[77.4142266,18.4559302],[77.4142266,18.4559302],[77.414227,18.4559299],[77.414227,18.4559299],[77.4142275,18.4559295],[77.4142279,18.455929],[77.414228,18.455929],[77.4142283,18.4559286],[77.4142283,18.4559285],[77.4142288,18.4559281],[77.4142294,18.4559276],[77.4142294,18.4559276],[77.4142298,18.4559271],[77.4142303,18.4559266],[77.4142306,18.4559262],[77.414231,18.4559258],[77.414231,18.4559258],[77.4142313,18.4559254],[77.4142313,18.4559254],[77.4142316,18.4559249],[77.4142316,18.4559249],[77.4142319,18.4559247],[77.4142322,18.4559246],[77.4142323,18.4559245],[77.4142324,18.4559246],[77.4142324,18.4559246],[77.4142328,18.4559251],[77.4142329,18.4559252],[77.4142324,18.4559252],[77.4142288,18.4559249],[77.4142233,18.4559245],[77.4142136,18.4559232],[77.4141949,18.4559203],[77.4141517,18.4559125],[77.4141504,18.4559122],[77.414132,18.4559113],[77.4141318,18.4559114],[77.4141269,18.4559166],[77.4141267,18.4559168],[77.4141182,18.4559212],[77.4141175,18.4559213],[77.4140884,18.4559182],[77.4140643,18.4559132],[77.4140397,18.4559082],[77.4140122,18.4559028],[77.4139816,18.455897],[77.4139492,18.4558912],[77.4139188,18.455886],[77.4138778,18.4558791],[77.4137972,18.4558658],[77.4137227,18.4558534],[77.413683,18.4558468],[77.4136488,18.455841],[77.4136109,18.4558349],[77.4135728,18.4558286],[77.4135347,18.455822],[77.4134956,18.4558154],[77.4134544,18.4558085],[77.4134123,18.4558008],[77.4133707,18.4557937],[77.4133288,18.4557862],[77.4132869,18.4557794],[77.4132455,18.4557725],[77.413204,18.4557655],[77.4131621,18.4557582],[77.4131215,18.4557515],[77.413079,18.455745],[77.4130378,18.4557384],[77.412996,18.4557316],[77.4129553,18.4557249],[77.4129539,18.4557247],[77.4129125,18.4557172],[77.4128713,18.4557102],[77.4128301,18.4557023],[77.4128288,18.455702],[77.4127887,18.4556952],[77.4127468,18.4556869],[77.4127052,18.4556796],[77.4126633,18.4556719],[77.4126216,18.4556642],[77.4125799,18.4556568],[77.4125375,18.4556508],[77.4124957,18.4556449],[77.412457,18.4556383],[77.4124216,18.4556316],[77.4124169,18.4556309],[77.4123887,18.4556259],[77.4123798,18.4556232],[77.4123593,18.4556237],[77.4123584,18.4556239],[77.4123331,18.4556176],[77.4123094,18.4556133],[77.4123021,18.4556115],[77.412289,18.4556096],[77.4122778,18.4556095],[77.4122721,18.4556073],[77.4122711,18.4556065],[77.4122584,18.4556048],[77.412254,18.4556008],[77.412249,18.4556],[77.4122488,18.4556],[77.4122427,18.4555977],[77.4122425,18.4555976],[77.4122391,18.4556039],[77.4122389,18.4556033],[77.4122387,18.4556057],[77.4122387,18.4556059],[77.4122382,18.4556076],[77.4122382,18.4556078],[77.4122378,18.4556075],[77.4122377,18.4556096],[77.4122377,18.4556094],[77.4122379,18.4556141],[77.4122379,18.455614],[77.4122385,18.455614],[77.4122385,18.455614],[77.4122393,18.4556132],[77.4122393,18.4556132],[77.41224,18.4556125],[77.41224,18.4556124],[77.4122405,18.45561],[77.4122406,18.4556096],[77.4122407,18.4556078],[77.412241,18.4556048],[77.412241,18.4556048],[77.4122415,18.4556023],[77.4122416,18.4556016],[77.4122418,18.4556007],[77.4122418,18.4556008],[77.4122445,18.4556036],[77.4122519,18.4556108],[77.4122596,18.4556187],[77.4122631,18.4556223],[77.4122632,18.4556223],[77.4122633,18.4556222],[77.4122633,18.4556222],[77.4122634,18.455622],[77.4122634,18.455622],[77.4122635,18.455622],[77.4122635,18.455622],[77.4122635,18.4556221],[77.4122635,18.4556221],[77.4122638,18.4556223],[77.4122642,18.4556228],[77.4122644,18.455623],[77.4122644,18.455623],[77.4122644,18.455623],[77.4122644,18.455623],[77.4122644,18.455623]]}},{"type":"Feature","properties":{"flight":34,"sol":625,"date":"2022-11-22","max_alt_m":5.0},"geometry":{"type":"LineString","coordinates":[[77.4122644,18.455623],[77.4122635,18.4556239],[77.4122622,18.4556252],[77.4122619,18.4556255],[77.4122601,18.455627],[77.4122599,18.4556271],[77.4122584,18.4556285],[77.4122584,18.4556285],[77.4122576,18.4556301],[77.4122575,18.4556301],[77.412257,18.4556314],[77.412257,18.4556314],[77.4122571,18.4556322],[77.4122571,18.4556322],[77.4122573,18.4556326],[77.4122573,18.4556327],[77.4122576,18.4556327],[77.4122581,18.4556327],[77.4122587,18.4556327],[77.4122587,18.4556327],[77.4122595,18.4556323],[77.4122595,18.4556323],[77.4122603,18.4556317],[77.4122604,18.4556317],[77.4122612,18.455631],[77.4122613,18.4556309],[77.4122619,18.4556302],[77.4122625,18.4556294],[77.4122631,18.4556284],[77.4122631,18.4556283],[77.4122635,18.4556273],[77.4122639,18.4556261],[77.412264,18.4556261],[77.4122644,18.4556254],[77.4122644,18.4556253],[77.4122649,18.4556249],[77.412265,18.4556249],[77.4122651,18.4556244],[77.4122651,18.455624],[77.4122651,18.455624],[77.4122651,18.4556235],[77.4122651,18.4556235],[77.4122648,18.4556233],[77.4122648,18.4556233],[77.4122646,18.4556233],[77.4122646,18.4556233],[77.4122645,18.4556233],[77.4122645,18.4556233],[77.4122645,18.4556234],[77.4122644,18.4556234],[77.4122644,18.4556236],[77.4122644,18.4556236],[77.4122644,18.4556239],[77.4122644,18.4556239],[77.4122646,18.4556239],[77.4122647,18.4556238],[77.412265,18.4556237],[77.412265,18.4556237],[77.4122654,18.4556234],[77.4122654,18.4556234],[77.4122657,18.4556228],[77.4122658,18.4556225],[77.4122659,18.4556222],[77.4122659,18.4556222],[77.4122659,18.4556217],[77.4122659,18.4556216],[77.4122658,18.4556214]]}},{"type":"Feature","properties":{"flight":35,"sol":635,"date":"2022-12-03","max_alt_m":14.0},"geometry":{"type":"LineString","coordinates":[[77.4122658,18.4556213],[77.412264,18.4556166],[77.412264,18.4556165],[77.4122619,18.4556139],[77.4122618,18.4556139],[77.4122597,18.4556131],[77.4122591,18.455613],[77.4122575,18.4556125],[77.4122574,18.4556125],[77.4122549,18.4556114],[77.4122546,18.4556113],[77.4122526,18.4556105],[77.4122525,18.4556105],[77.4122508,18.4556102],[77.4122495,18.4556101],[77.4122486,18.4556099],[77.4122485,18.4556099],[77.412248,18.4556097],[77.412248,18.4556097],[77.4122477,18.4556095],[77.4122476,18.4556094],[77.4122475,18.4556093],[77.4122475,18.4556093],[77.4122475,18.4556092],[77.4122475,18.4556092],[77.4122477,18.4556092],[77.4122477,18.4556092],[77.4122479,18.4556095],[77.4122479,18.4556095],[77.4122483,18.45561],[77.4122483,18.45561],[77.4122491,18.4556103],[77.4122493,18.4556104],[77.4122502,18.4556108],[77.4122502,18.4556108],[77.4122515,18.4556114],[77.4122532,18.4556122],[77.4122533,18.4556122],[77.4122554,18.4556131],[77.4122577,18.4556138],[77.4122578,18.4556138],[77.4122597,18.4556143],[77.4122613,18.4556146],[77.4122614,18.4556146],[77.4122625,18.4556148],[77.4122626,18.4556148],[77.4122635,18.4556149],[77.4122635,18.4556149],[77.4122645,18.4556142],[77.4122651,18.4556136],[77.4122651,18.4556136],[77.4122645,18.4556142],[77.4122645,18.4556142],[77.4122635,18.4556151],[77.4122635,18.4556151],[77.4122621,18.4556156],[77.4122611,18.4556159],[77.4122611,18.4556159],[77.412261,18.455616],[77.412261,18.4556161],[77.412261,18.4556162],[77.412261,18.4556162],[77.41226,18.4556162],[77.4122598,18.4556162],[77.4122589,18.4556164],[77.4122589,18.4556164],[77.412259,18.4556169],[77.4122591,18.4556169],[77.4122591,18.4556175],[77.4122591,18.4556175],[77.4122569,18.4556202],[77.4122526,18.4556252],[77.4122462,18.4556328],[77.4122374,18.4556432],[77.4122262,18.4556562],[77.4122129,18.4556717],[77.4121981,18.4556893],[77.4121822,18.4557082],[77.4121657,18.4557274],[77.4121499,18.4557459],[77.4121361,18.4557623],[77.4121241,18.4557768],[77.4121143,18.4557887],[77.4121061,18.4557989],[77.4120986,18.4558091],[77.4120942,18.455815],[77.4120935,18.4558155],[77.4120934,18.4558155],[77.412093,18.4558158],[77.412093,18.4558159],[77.4120925,18.4558158],[77.4120925,18.4558157],[77.4120923,18.4558154],[77.4120923,18.4558154],[77.4120922,18.4558154],[77.4120922,18.4558154],[77.4120922,18.4558153],[77.4120922,18.4558153],[77.412092,18.4558151],[77.4120917,18.4558149],[77.4120917,18.4558149],[77.4120917,18.4558147],[77.4120917,18.4558147],[77.4120916,18.4558145],[77.4120916,18.4558145],[77.4120913,18.4558143],[77.4120912,18.4558143],[77.412091,18.4558142],[77.412091,18.4558142],[77.4120909,18.455814],[77.4120908,18.4558137],[77.4120908,18.4558137],[77.4120908,18.4558134],[77.4120908,18.4558134],[77.412091,18.4558132],[77.412091,18.4558132],[77.412091,18.4558133],[77.412091,18.4558133],[77.4120909,18.4558136],[77.4120909,18.4558136],[77.4120907,18.4558138],[77.4120907,18.4558139],[77.4120906,18.455814],[77.4120906,18.455814],[77.4120906,18.4558139],[77.4120906,18.4558139],[77.4120905,18.4558137],[77.4120905,18.4558137],[77.4120901,18.4558135],[77.4120896,18.4558133],[77.4120896,18.4558133],[77.4120896,18.4558136],[77.4120896,18.4558136],[77.4120896,18.4558141],[77.4120896,18.4558142],[77.4120895,18.4558142],[77.4120895,18.4558142],[77.4120893,18.4558141],[77.4120892,18.4558141],[77.4120889,18.455814],[77.4120886,18.4558139],[77.4120886,18.4558139],[77.4120887,18.4558139],[77.4120888,18.4558139],[77.4120892,18.4558139],[77.4120899,18.4558139],[77.4120905,18.4558139],[77.4120905,18.4558139],[77.4120908,18.455814],[77.4120908,18.455814],[77.4120911,18.4558141],[77.4120911,18.4558141],[77.4120915,18.4558141],[77.412092,18.455814],[77.4120921,18.455814],[77.4120922,18.455814],[77.4120923,18.455814],[77.4120923,18.455814],[77.4120923,18.455814],[77.4120922,18.4558141],[77.4120921,18.4558144],[77.4120921,18.4558144],[77.412092,18.4558145],[77.412092,18.4558145],[77.412092,18.4558146],[77.412092,18.4558146],[77.4120921,18.4558145],[77.4120922,18.4558145],[77.4120923,18.4558144],[77.4120923,18.4558144],[77.4120923,18.4558145],[77.4120923,18.4558145],[77.4120924,18.4558145],[77.4120924,18.4558145],[77.4120925,18.4558144],[77.4120925,18.4558144],[77.4120928,18.4558141]]}},{"type":"Feature","properties":{"flight":36,"sol":642,"date":"2022-12-10","max_alt_m":10.0},"geometry":{"type":"LineString","coordinates":[[77.4120928,18.4558141],[77.4120927,18.4558141],[77.4120919,18.4558146],[77.4120919,18.4558146],[77.4120914,18.4558152],[77.4120914,18.4558153],[77.4120912,18.455816],[77.4120912,18.4558161],[77.4120911,18.4558166],[77.4120911,18.4558166],[77.4120908,18.4558171],[77.4120905,18.4558175],[77.4120905,18.4558175],[77.4120903,18.4558179],[77.4120903,18.4558179],[77.4120902,18.4558182],[77.4120902,18.4558182],[77.41209,18.4558181],[77.4120899,18.4558181],[77.4120897,18.4558178],[77.4120897,18.4558178],[77.4120897,18.4558174],[77.4120898,18.455817],[77.4120898,18.4558169],[77.4120897,18.4558168],[77.4120897,18.4558168],[77.4120897,18.4558167],[77.4120897,18.4558167],[77.4120899,18.4558166],[77.4120899,18.4558166],[77.4120901,18.4558166],[77.4120901,18.4558166],[77.4120903,18.4558166],[77.4120903,18.4558166],[77.4120904,18.4558166],[77.4120905,18.4558166],[77.4120906,18.4558166],[77.4120906,18.4558166],[77.4120908,18.4558165],[77.4120908,18.4558165],[77.4120909,18.4558163],[77.4120909,18.4558163],[77.4120909,18.455816],[77.4120909,18.4558157],[77.4120909,18.4558157],[77.4120908,18.4558155],[77.4120908,18.4558154],[77.4120904,18.4558155],[77.4120903,18.4558155],[77.4120882,18.4558172],[77.4120833,18.4558216],[77.4120674,18.4558371],[77.4120511,18.4558537],[77.4120377,18.4558681],[77.4120222,18.455885],[77.411999,18.4559098],[77.4119875,18.4559222],[77.4119864,18.4559234],[77.4119844,18.4559255],[77.411964,18.4559469],[77.4119353,18.4559768],[77.4119083,18.4560047],[77.4118789,18.4560348],[77.4118461,18.4560678],[77.411812,18.4561017],[77.4117791,18.4561344],[77.4117464,18.4561668],[77.4117135,18.4561995],[77.4116809,18.4562321],[77.4116494,18.456264],[77.4116192,18.4562947],[77.4115911,18.4563233],[77.4115649,18.4563498],[77.4115417,18.4563735],[77.4115207,18.4563951],[77.4115011,18.4564149],[77.411483,18.456433],[77.4114669,18.4564489],[77.4114526,18.4564628],[77.4114414,18.4564736],[77.4114323,18.4564821],[77.4114259,18.4564877],[77.4114211,18.4564917],[77.411421,18.4564918],[77.4114196,18.4564926],[77.4114193,18.4564927],[77.4114191,18.4564928],[77.4114191,18.4564928],[77.4114184,18.4564927],[77.4114184,18.4564927],[77.4114174,18.4564919],[77.4114174,18.4564919],[77.4114181,18.4564901],[77.4114182,18.4564899],[77.4114251,18.4564843],[77.4114254,18.456484],[77.411434,18.4564764],[77.4114458,18.456465],[77.4114518,18.4564589],[77.4114534,18.4564572],[77.411457,18.4564536],[77.4114717,18.4564383],[77.4114898,18.4564197],[77.4115085,18.4564008],[77.411529,18.4563797],[77.4115511,18.456356],[77.4115753,18.4563305],[77.4116022,18.4563037],[77.4116312,18.4562749],[77.4116626,18.456243],[77.411695,18.4562099],[77.4117244,18.4561799],[77.4117589,18.4561449],[77.4118226,18.4560805],[77.4118866,18.4560158],[77.4119149,18.4559871],[77.411936,18.4559658],[77.4119636,18.4559377],[77.4119861,18.455915],[77.4119895,18.4559114],[77.4119913,18.4559096],[77.4120021,18.4558982],[77.4120238,18.4558753],[77.4120399,18.4558591],[77.4120536,18.4558457],[77.4120653,18.4558346],[77.4120752,18.4558252],[77.4120821,18.455818],[77.4120824,18.4558178],[77.4120873,18.4558124],[77.4120874,18.4558122],[77.4120878,18.4558098],[77.4120878,18.4558098],[77.412087,18.4558088],[77.412087,18.4558088],[77.4120869,18.455808],[77.4120869,18.455808],[77.4120873,18.4558074],[77.4120874,18.4558074],[77.4120874,18.4558068],[77.4120872,18.455806],[77.4120871,18.4558056],[77.4120871,18.4558055],[77.4120871,18.4558053],[77.4120871,18.4558053],[77.4120872,18.4558053],[77.4120872,18.4558054],[77.4120872,18.4558059],[77.4120872,18.4558059],[77.4120872,18.4558065],[77.4120872,18.4558066],[77.4120871,18.4558071],[77.412087,18.4558071],[77.4120871,18.4558077],[77.4120871,18.4558077],[77.4120877,18.4558079],[77.4120882,18.4558081],[77.4120882,18.4558081],[77.4120886,18.455808],[77.4120886,18.455808],[77.4120887,18.4558079],[77.4120887,18.4558079],[77.4120884,18.4558077],[77.4120884,18.4558077],[77.412088,18.4558075],[77.4120877,18.4558073],[77.4120877,18.4558072],[77.4120874,18.4558069],[77.4120874,18.4558069],[77.4120869,18.4558061],[77.4120868,18.4558061],[77.4120862,18.455805]]}},{"type":"Feature","properties":{"flight":37,"sol":649,"date":"2022-12-17","max_alt_m":14.0},"geometry":{"type":"LineString","coordinates":[[77.4120862,18.455805],[77.4120846,18.455805],[77.4120845,18.455805],[77.412083,18.4558051],[77.412083,18.4558051],[77.4120816,18.4558054],[77.4120815,18.4558054],[77.4120803,18.4558056],[77.4120802,18.4558056],[77.4120788,18.4558054],[77.4120788,18.4558054],[77.4120775,18.4558051],[77.4120774,18.455805],[77.4120766,18.4558047],[77.4120766,18.4558047],[77.412076,18.4558043],[77.412076,18.4558043],[77.4120761,18.4558041],[77.4120761,18.4558041],[77.4120763,18.455804],[77.4120763,18.455804],[77.4120771,18.4558039],[77.4120772,18.4558039],[77.4120778,18.455804],[77.4120778,18.455804],[77.4120784,18.4558041],[77.4120792,18.4558043],[77.4120792,18.4558044],[77.41208,18.4558047],[77.41208,18.4558047],[77.4120808,18.4558052],[77.4120808,18.4558052],[77.4120815,18.4558057],[77.4120822,18.4558061],[77.4120823,18.4558062],[77.4120829,18.4558064],[77.4120829,18.4558064],[77.4120835,18.4558065],[77.4120836,18.4558065],[77.4120841,18.4558065],[77.4120841,18.4558065],[77.4120847,18.4558065],[77.4120855,18.4558064],[77.4120855,18.4558064],[77.4120866,18.4558062],[77.4120866,18.4558062],[77.4120873,18.4558064],[77.4120873,18.4558064],[77.4120867,18.4558076],[77.4120849,18.4558098],[77.4120849,18.4558099],[77.4120794,18.4558155],[77.4120726,18.455822],[77.4120712,18.4558235],[77.4120702,18.4558244],[77.4120646,18.4558297],[77.4120517,18.455842],[77.4120386,18.4558548],[77.4120238,18.4558694],[77.4120083,18.4558851],[77.4119918,18.455902],[77.4119752,18.4559193],[77.4119583,18.4559371],[77.411941,18.4559553],[77.4119231,18.4559742],[77.4119053,18.4559929],[77.4118878,18.4560114],[77.41187,18.4560299],[77.4118518,18.4560486],[77.4118335,18.4560672],[77.411815,18.4560856],[77.4117967,18.4561038],[77.4117789,18.4561219],[77.4117614,18.4561399],[77.4117443,18.4561581],[77.4117273,18.4561763],[77.4117104,18.4561945],[77.4116934,18.4562127],[77.4116757,18.4562315],[77.4116578,18.4562505],[77.4116404,18.456269],[77.4116232,18.4562872],[77.4116053,18.4563056],[77.4115869,18.4563243],[77.4115682,18.4563431],[77.4115493,18.4563622],[77.4115309,18.456381],[77.4115129,18.4563995],[77.4114951,18.456418],[77.4114772,18.4564366],[77.4114612,18.4564535],[77.4114469,18.4564688],[77.4114349,18.4564815],[77.4114249,18.4564922],[77.4114171,18.4565001],[77.4114105,18.4565063],[77.4114073,18.4565092],[77.4114072,18.4565092],[77.4114065,18.4565097],[77.411406,18.4565099],[77.4114059,18.4565099],[77.4114057,18.456509],[77.4114057,18.456509],[77.4114056,18.4565075],[77.4114056,18.4565075],[77.4114065,18.4565069],[77.4114066,18.4565068],[77.4114092,18.4565066],[77.4114147,18.4565069],[77.4114238,18.4565073],[77.4114356,18.4565081],[77.4114509,18.45651],[77.4114514,18.45651],[77.4114672,18.4565135],[77.4114844,18.4565188],[77.411485,18.4565189],[77.4114972,18.4565221],[77.4115072,18.4565246],[77.4115074,18.4565246],[77.4115132,18.4565255],[77.411517,18.4565257],[77.41152,18.456526],[77.4115228,18.4565262],[77.4115228,18.4565263],[77.4115239,18.4565261],[77.4115239,18.4565261],[77.4115243,18.4565256],[77.4115243,18.4565256],[77.4115242,18.456525],[77.4115242,18.456525],[77.4115238,18.4565242],[77.4115238,18.4565242],[77.4115233,18.4565236],[77.4115233,18.4565236],[77.4115225,18.4565234],[77.4115217,18.4565232],[77.4115216,18.4565232],[77.4115215,18.4565232],[77.4115215,18.4565232],[77.4115217,18.4565232],[77.4115217,18.4565232],[77.4115216,18.4565232],[77.4115216,18.4565231],[77.4115216,18.4565232],[77.4115216,18.4565232],[77.4115218,18.4565232],[77.4115218,18.4565232],[77.4115222,18.4565235],[77.4115222,18.4565235],[77.4115227,18.4565243],[77.4115233,18.4565253],[77.4115233,18.4565253],[77.4115235,18.4565253],[77.4115235,18.4565253],[77.4115236,18.4565245],[77.4115236,18.4565245],[77.4115238,18.4565243],[77.4115238,18.4565242],[77.4115239,18.4565243],[77.411524,18.4565243],[77.411524,18.4565244]]}},{"type":"Feature","properties":{"flight":38,"sol":667,"date":"2023-01-05","max_alt_m":10.0},"geometry":{"type":"LineString","coordinates":[[77.411524,18.4565244],[77.4115236,18.4565244],[77.4115225,18.4565244],[77.4115225,18.4565244],[77.4115211,18.4565252],[77.41152,18.4565263],[77.4115199,18.4565263],[77.411519,18.4565266],[77.4115186,18.4565265],[77.4115182,18.4565265],[77.4115182,18.4565265],[77.411517,18.4565269],[77.411517,18.4565269],[77.4115158,18.4565271],[77.4115158,18.4565271],[77.4115148,18.4565267],[77.4115148,18.4565267],[77.411514,18.4565261],[77.411514,18.4565261],[77.4115134,18.4565254],[77.4115134,18.4565254],[77.4115132,18.4565245],[77.4115132,18.4565245],[77.4115134,18.4565238],[77.4115134,18.4565238],[77.411514,18.4565234],[77.4115146,18.456523],[77.4115147,18.4565229],[77.4115157,18.4565226],[77.4115157,18.4565226],[77.4115167,18.4565226],[77.4115167,18.4565227],[77.4115177,18.4565232],[77.4115177,18.4565232],[77.4115188,18.4565242],[77.4115189,18.4565243],[77.4115199,18.4565252],[77.41152,18.4565252],[77.4115211,18.4565259],[77.4115211,18.4565259],[77.4115218,18.4565265],[77.4115219,18.4565265],[77.4115224,18.4565271],[77.4115224,18.4565271],[77.4115224,18.4565274],[77.4115224,18.4565274],[77.4115224,18.4565274],[77.4115225,18.4565257],[77.4115225,18.4565256],[77.4115226,18.4565249],[77.4115226,18.4565249],[77.4115226,18.4565248],[77.4115226,18.4565248],[77.4115212,18.4565255],[77.4115161,18.4565274],[77.4115079,18.456531],[77.4114962,18.4565364],[77.4114808,18.456544],[77.4114605,18.4565536],[77.4114341,18.4565655],[77.4114037,18.4565789],[77.4113716,18.4565934],[77.4113415,18.4566083],[77.4113117,18.4566229],[77.4112821,18.4566373],[77.4112504,18.4566523],[77.4112175,18.4566674],[77.4111849,18.4566821],[77.4111516,18.4566968],[77.4111172,18.4567118],[77.4110833,18.4567267],[77.4110497,18.4567415],[77.4110158,18.4567566],[77.4109818,18.4567719],[77.4109478,18.4567873],[77.4109149,18.4568018],[77.4108829,18.4568155],[77.4108484,18.45683],[77.4108128,18.4568448],[77.4107779,18.4568602],[77.4107441,18.4568753],[77.4107125,18.4568895],[77.4106589,18.4569118],[77.4105913,18.4569386],[77.4105511,18.4569547],[77.4105319,18.4569624],[77.4105278,18.456964],[77.4105134,18.4569694],[77.4104728,18.4569844],[77.4104383,18.4569986],[77.4104046,18.4570131],[77.4103711,18.4570276],[77.4103375,18.4570426],[77.4103038,18.4570579],[77.4102699,18.4570717],[77.4102357,18.4570847],[77.4102006,18.4570977],[77.4101651,18.4571098],[77.4101286,18.4571206],[77.410094,18.4571323],[77.4100612,18.4571449],[77.4100292,18.4571576],[77.4099965,18.457171],[77.4099603,18.4571854],[77.4099591,18.4571859],[77.4099277,18.4572021],[77.4098995,18.4572216],[77.4098986,18.4572222],[77.4098755,18.4572335],[77.4098747,18.4572338],[77.4098545,18.4572415],[77.4098351,18.4572478],[77.4098345,18.457248],[77.4098195,18.4572516],[77.4098073,18.4572538],[77.409807,18.4572539],[77.4098013,18.4572541],[77.4098011,18.4572541],[77.409798,18.4572536],[77.4097979,18.4572536],[77.4097963,18.4572517],[77.4097963,18.4572516],[77.4097955,18.4572489],[77.4097955,18.4572488],[77.4097951,18.4572457],[77.4097951,18.4572456],[77.4097953,18.4572443],[77.4097953,18.4572442],[77.409796,18.4572436],[77.4097962,18.4572435],[77.409797,18.457243],[77.4097971,18.457243],[77.409798,18.4572426],[77.409798,18.4572426],[77.4097984,18.457243],[77.4097986,18.4572435],[77.4097987,18.4572439],[77.4097988,18.4572446],[77.409799,18.4572455],[77.409799,18.4572455],[77.4098026,18.4572457],[77.4098132,18.4572456],[77.4098135,18.4572456],[77.4098267,18.4572469],[77.4098432,18.4572496],[77.4098622,18.4572536],[77.4098628,18.4572537],[77.4098772,18.457256],[77.4098883,18.4572573],[77.4098886,18.4572574],[77.4098952,18.4572567],[77.4098954,18.4572566],[77.409898,18.4572557],[77.409898,18.4572557],[77.4098941,18.4572568],[77.4098925,18.4572573],[77.4098928,18.457257],[77.4098951,18.457255],[77.4098952,18.4572549],[77.4098968,18.4572536],[77.4098982,18.4572525],[77.4098983,18.4572525],[77.4099,18.4572513],[77.4099,18.4572513],[77.409901,18.4572503],[77.409901,18.4572503],[77.4099013,18.4572498],[77.4099013,18.4572498],[77.4099015,18.4572495],[77.4099015,18.4572495],[77.4099016,18.4572496],[77.4099015,18.4572496],[77.4099012,18.4572512],[77.4099008,18.4572536],[77.4099006,18.457255],[77.4099004,18.457256],[77.4099004,18.4572561],[77.4099004,18.4572569],[77.4099004,18.457257],[77.4099003,18.4572573],[77.4099003,18.4572573],[77.4099004,18.457257],[77.4099004,18.4572569],[77.4099008,18.4572553],[77.4099008,18.4572551],[77.4099014,18.4572535],[77.4099015,18.4572534],[77.4099024,18.4572522],[77.4099024,18.4572522],[77.4099024,18.4572521],[77.4099024,18.4572521],[77.4099022,18.4572523],[77.4099022,18.4572523],[77.409902,18.4572525],[77.4099019,18.4572525],[77.4099017,18.4572528],[77.4099014,18.4572533],[77.409901,18.4572538],[77.409901,18.4572538],[77.4099007,18.4572544],[77.4099006,18.4572545],[77.4099003,18.4572552],[77.4098999,18.4572561],[77.4098995,18.4572572],[77.4098991,18.4572583],[77.4098987,18.4572596],[77.4098983,18.4572611],[77.409898,18.4572627],[77.4098976,18.4572644],[77.4098972,18.4572663],[77.4098969,18.4572683],[77.4098965,18.4572704],[77.4098962,18.4572728],[77.4098959,18.4572752],[77.4098956,18.457278],[77.4098954,18.4572808],[77.4098952,18.4572825]]}},{"type":"Feature","properties":{"flight":39,"sol":673,"date":"2023-01-11","max_alt_m":10.0},"geometry":{"type":"LineString","coordinates":[[77.4098952,18.4572826],[77.4098937,18.4572847],[77.4098934,18.457285],[77.4098915,18.4572872],[77.4098892,18.4572896],[77.4098891,18.4572898],[77.4098875,18.4572912],[77.4098874,18.4572913],[77.4098862,18.4572921],[77.4098862,18.4572921],[77.409886,18.4572921],[77.409886,18.4572921],[77.4098864,18.4572916],[77.4098864,18.4572915],[77.409887,18.457291],[77.409887,18.457291],[77.4098877,18.4572902],[77.4098877,18.4572902],[77.4098881,18.4572891],[77.4098885,18.457288],[77.4098887,18.457287],[77.4098887,18.457287],[77.4098888,18.4572862],[77.4098888,18.4572862],[77.4098887,18.4572855],[77.4098887,18.4572854],[77.4098886,18.4572851],[77.4098886,18.4572851],[77.4098885,18.4572851],[77.4098885,18.4572851],[77.4098885,18.4572853],[77.4098885,18.4572853],[77.4098884,18.4572858],[77.4098884,18.4572858],[77.4098883,18.4572862],[77.4098882,18.4572862],[77.4098881,18.4572865],[77.4098881,18.4572865],[77.4098882,18.4572867],[77.4098883,18.4572871],[77.4098885,18.4572874],[77.4098885,18.4572875],[77.4098909,18.4572903],[77.4098943,18.4572945],[77.4098996,18.4573008],[77.4098998,18.4573011],[77.4099124,18.4573189],[77.4099356,18.4573523],[77.4099538,18.4573767],[77.4099722,18.4574012],[77.4099985,18.4574381],[77.4100126,18.4574584],[77.4100148,18.4574617],[77.4100209,18.4574713],[77.4100429,18.4575052],[77.4100784,18.4575562],[77.410126,18.4576227],[77.4101541,18.4576619],[77.4101701,18.4576841],[77.4101729,18.4576881],[77.410177,18.457694],[77.4101988,18.4577263],[77.4102227,18.4577615],[77.4102445,18.4577927],[77.4102659,18.4578236],[77.410287,18.4578543],[77.4103085,18.4578849],[77.4103304,18.4579156],[77.4103532,18.4579474],[77.4103759,18.4579793],[77.4103977,18.4580102],[77.4104196,18.4580411],[77.4104419,18.4580723],[77.4104426,18.4580734],[77.4104619,18.4581041],[77.41048,18.458136],[77.4104968,18.4581632],[77.4105126,18.4581865],[77.4105268,18.4582066],[77.4105396,18.4582241],[77.4105509,18.4582401],[77.4105607,18.458253],[77.4105697,18.4582632],[77.4105753,18.4582697],[77.4105787,18.4582739],[77.4105788,18.458274],[77.4105805,18.4582756],[77.4105805,18.4582756],[77.4105817,18.4582762],[77.4105817,18.4582762],[77.410583,18.4582746],[77.410583,18.4582745],[77.4105842,18.4582709],[77.4105842,18.4582708],[77.4105852,18.4582662],[77.4105852,18.458266],[77.4105853,18.4582611],[77.4105852,18.4582609],[77.4105795,18.4582562],[77.4105793,18.458256],[77.4105711,18.4582497],[77.4105682,18.4582476],[77.4105596,18.4582408],[77.4105592,18.4582404],[77.4105506,18.458227],[77.4105428,18.4582066],[77.4105425,18.4582059],[77.4105297,18.4581853],[77.4105132,18.4581611],[77.4104976,18.4581369],[77.410475,18.4581032],[77.4104268,18.4580326],[77.4103885,18.4579803],[77.4103654,18.4579519],[77.4103314,18.4579062],[77.4102881,18.4578439],[77.4102642,18.4578086],[77.4102462,18.4577818],[77.4102211,18.4577444],[77.4102063,18.4577225],[77.4102046,18.4577202],[77.4102002,18.4577138],[77.4101783,18.4576819],[77.4101568,18.4576504],[77.4101367,18.4576207],[77.4101165,18.4575903],[77.410096,18.4575592],[77.410076,18.4575289],[77.4100522,18.457493],[77.4100094,18.4574307],[77.4099782,18.4573856],[77.4099638,18.4573647],[77.4099495,18.4573439],[77.4099351,18.457323],[77.4099332,18.4573202],[77.4099331,18.4573202],[77.4099329,18.4573199],[77.4099328,18.4573198],[77.409928,18.4573122],[77.4099199,18.4572997],[77.4099157,18.4572929],[77.4099156,18.4572928],[77.4099129,18.457289],[77.4099128,18.4572889],[77.4099108,18.4572872],[77.4099108,18.4572871],[77.4099104,18.4572864],[77.4099104,18.4572864],[77.4099113,18.4572861],[77.4099113,18.4572861],[77.4099124,18.4572859],[77.4099125,18.4572859],[77.4099138,18.4572858],[77.4099139,18.4572858],[77.4099151,18.4572861],[77.4099152,18.4572861],[77.4099159,18.4572863],[77.4099159,18.4572863],[77.4099147,18.4572854],[77.4099146,18.4572854],[77.4099131,18.4572833],[77.409913,18.4572832],[77.409912,18.4572792],[77.4099119,18.457279],[77.4099107,18.4572757],[77.4099106,18.4572756],[77.4099091,18.4572736],[77.409909,18.4572735],[77.4099076,18.457273],[77.4099075,18.457273],[77.4099063,18.457273],[77.4099062,18.457273],[77.4099055,18.4572725],[77.4099055,18.4572724],[77.4099051,18.4572716],[77.4099051,18.4572716],[77.4099049,18.4572707],[77.4099049,18.4572707],[77.4099049,18.4572698],[77.4099049,18.4572698],[77.4099051,18.4572691],[77.4099052,18.4572691],[77.4099057,18.4572686],[77.4099057,18.4572686],[77.4099068,18.4572682],[77.4099069,18.4572682],[77.4099078,18.4572681],[77.4099079,18.4572681],[77.4099087,18.4572681],[77.4099087,18.4572681],[77.4099082,18.4572681],[77.4099082,18.4572681],[77.4099074,18.4572681],[77.4099074,18.4572681],[77.4099085,18.4572684],[77.4099086,18.4572684],[77.4099097,18.4572688],[77.4099097,18.4572688],[77.4099083,18.4572691],[77.4099082,18.4572691],[77.4099075,18.4572692],[77.4099075,18.4572692],[77.4099086,18.4572681],[77.4099086,18.4572681],[77.4099092,18.4572674],[77.4099092,18.4572674],[77.4099093,18.4572672],[77.4099093,18.4572672],[77.4099093,18.457267],[77.4099093,18.457267],[77.4099092,18.4572668],[77.4099092,18.4572668],[77.409909,18.4572666],[77.409909,18.4572666],[77.4099087,18.4572665],[77.4099086,18.4572665],[77.4099082,18.4572663],[77.4099082,18.4572663],[77.4099077,18.4572662],[77.4099076,18.4572662],[77.409907,18.457266],[77.409907,18.457266],[77.4099062,18.4572659],[77.4099061,18.4572659],[77.4099052,18.4572657],[77.4099041,18.4572656],[77.4099028,18.4572654],[77.4099014,18.4572652],[77.4098998,18.457265],[77.4098981,18.4572648],[77.4098961,18.4572646],[77.4098912,18.4572643],[77.4098876,18.457264],[77.4098849,18.4572638],[77.4098838,18.4572638]]}},{"type":"Feature","properties":{"flight":40,"sol":681,"date":"2023-01-19","max_alt_m":10.0},"geometry":{"type":"LineString","coordinates":[[77.4098838,18.4572638],[77.4098897,18.4572595],[77.4098925,18.4572573],[77.4098926,18.4572573],[77.4098917,18.4572577],[77.4098893,18.4572584],[77.4098892,18.4572584],[77.409887,18.4572594],[77.4098848,18.4572608],[77.4098833,18.4572617],[77.4098825,18.4572622],[77.4098825,18.4572622],[77.4098822,18.4572625],[77.4098822,18.4572625],[77.4098824,18.4572627],[77.4098824,18.4572627],[77.4098827,18.4572627],[77.4098827,18.4572627],[77.4098832,18.4572626],[77.4098832,18.4572626],[77.4098836,18.4572624],[77.4098836,18.4572624],[77.4098838,18.4572622],[77.4098838,18.4572622],[77.409884,18.4572621],[77.409884,18.4572621],[77.4098843,18.4572619],[77.4098843,18.4572619],[77.4098846,18.4572618],[77.4098846,18.4572618],[77.4098849,18.4572617],[77.4098852,18.4572617],[77.4098852,18.4572616],[77.4098855,18.4572617],[77.4098855,18.4572617],[77.4098857,18.4572618],[77.4098858,18.4572619],[77.4098859,18.4572619],[77.4098859,18.4572621],[77.4098859,18.4572621],[77.409886,18.4572621],[77.409886,18.4572621],[77.4098863,18.4572618],[77.4098863,18.4572618],[77.4098867,18.4572615],[77.409887,18.4572612],[77.409887,18.4572612],[77.4098872,18.4572609],[77.4098872,18.4572609],[77.4098848,18.4572623],[77.409875,18.4572677],[77.4098649,18.4572735],[77.409854,18.4572799],[77.4098415,18.457288],[77.4098246,18.4573005],[77.4098145,18.4573082],[77.4098126,18.4573097],[77.4098106,18.4573112],[77.4097998,18.45732],[77.4097799,18.4573359],[77.4097597,18.4573504],[77.4097371,18.4573654],[77.4097142,18.4573805],[77.4096907,18.4573957],[77.4096673,18.4574114],[77.4096438,18.4574279],[77.4096213,18.4574437],[77.4096,18.4574584],[77.4095787,18.4574729],[77.4095563,18.4574878],[77.4095335,18.4575028],[77.4095105,18.457518],[77.4094873,18.4575332],[77.4094647,18.4575474],[77.4094425,18.4575609],[77.4094208,18.4575739],[77.4093997,18.4575864],[77.4093786,18.4575987],[77.4093572,18.4576107],[77.4093354,18.4576229],[77.4093129,18.4576358],[77.4092905,18.4576487],[77.4092713,18.45766],[77.4092499,18.4576727],[77.4091957,18.457704],[77.4091171,18.4577489],[77.4091008,18.4577581],[77.4090988,18.4577591],[77.4090926,18.4577625],[77.4090688,18.4577766],[77.4090429,18.4577915],[77.4090204,18.4578039],[77.4089976,18.4578163],[77.408974,18.457829],[77.4089503,18.4578422],[77.4089292,18.4578556],[77.4089075,18.4578701],[77.4088726,18.4578915],[77.4088239,18.4579197],[77.4087905,18.4579378],[77.4087682,18.4579491],[77.408746,18.4579602],[77.4087232,18.4579718],[77.4086993,18.4579836],[77.4086729,18.4579957],[77.4086469,18.4580084],[77.4086461,18.4580088],[77.4086239,18.458024],[77.408602,18.4580404],[77.4086013,18.4580409],[77.4085801,18.4580531],[77.4085794,18.4580535],[77.4085583,18.4580638],[77.4085575,18.4580642],[77.4085355,18.4580728],[77.408511,18.4580817],[77.4084862,18.4580904],[77.4084609,18.4580988],[77.4084361,18.4581079],[77.4084105,18.4581178],[77.4084097,18.4581182],[77.4083892,18.458131],[77.4083887,18.4581316],[77.4083761,18.4581575],[77.4083754,18.4581596],[77.4083636,18.4581837],[77.4083631,18.4581842],[77.4083434,18.4581929],[77.4083426,18.4581931],[77.4083173,18.4581987],[77.4082901,18.4582049],[77.4082608,18.458211],[77.4082325,18.4582174],[77.4082052,18.4582242],[77.4081776,18.4582313],[77.4081492,18.4582388],[77.4081216,18.4582468],[77.4080953,18.4582554],[77.4080698,18.4582645],[77.4080447,18.4582745],[77.4080201,18.4582847],[77.4079958,18.4582944],[77.4079717,18.4583038],[77.4079469,18.4583128],[77.4079215,18.4583216],[77.4078956,18.4583298],[77.4078691,18.4583374],[77.4078424,18.4583453],[77.4078195,18.4583525],[77.4077871,18.4583633],[77.4077855,18.4583638],[77.4076888,18.458404],[77.407583,18.4584512],[77.4075516,18.4584671],[77.4075327,18.4584773],[77.4075099,18.4584892],[77.407486,18.4585018],[77.4074626,18.4585139],[77.4074397,18.4585255],[77.4074172,18.4585375],[77.4073952,18.4585505],[77.4073727,18.4585629],[77.4073494,18.4585746],[77.4073486,18.4585749],[77.4073253,18.458585],[77.4073244,18.4585853],[77.4072992,18.4585933],[77.4072729,18.4586006],[77.4072494,18.4586079],[77.407228,18.4586148],[77.4072102,18.4586207],[77.407195,18.4586257],[77.4071829,18.4586296],[77.4071729,18.4586331],[77.4071726,18.4586332],[77.4071659,18.4586345],[77.4071655,18.4586345],[77.407161,18.4586344],[77.4071609,18.4586344],[77.4071575,18.4586338],[77.4071574,18.4586337],[77.4071548,18.4586316],[77.4071547,18.4586315],[77.4071531,18.458629],[77.4071531,18.4586289],[77.4071529,18.4586276],[77.4071529,18.4586276],[77.4071527,18.4586269],[77.4071527,18.4586269],[77.4071529,18.4586272],[77.4071529,18.4586272],[77.4071538,18.4586279],[77.4071538,18.4586279],[77.407155,18.4586289],[77.407155,18.4586289],[77.4071566,18.4586306],[77.4071566,18.4586307],[77.4071569,18.458633],[77.4071569,18.458633],[77.4071562,18.4586363],[77.4071552,18.4586408],[77.4071551,18.458641],[77.4071522,18.4586469],[77.4071521,18.4586471],[77.4071489,18.458655],[77.4071489,18.4586553],[77.4071471,18.4586677],[77.4071454,18.4586822],[77.4071453,18.4586826],[77.4071421,18.4586917],[77.4071377,18.458699],[77.4071376,18.4586993],[77.4071358,18.4587048],[77.4071346,18.4587096],[77.4071341,18.4587115],[77.407134,18.4587123],[77.407134,18.4587123],[77.407135,18.4587141],[77.4071353,18.4587145],[77.4071359,18.4587155],[77.4071359,18.4587155],[77.4071363,18.4587168],[77.4071363,18.4587168],[77.4071365,18.4587181],[77.4071365,18.4587181],[77.4071362,18.4587185],[77.4071362,18.4587184],[77.4071357,18.4587182],[77.4071357,18.4587182],[77.4071351,18.4587181],[77.4071344,18.4587181],[77.4071344,18.458718],[77.4071338,18.458718],[77.4071338,18.458718],[77.4071334,18.458718],[77.4071333,18.4587181],[77.4071331,18.4587181],[77.4071331,18.4587181],[77.4071332,18.4587182],[77.4071332,18.4587182],[77.4071334,18.4587185],[77.4071338,18.4587194],[77.4071339,18.4587194],[77.4071336,18.4587195],[77.4071336,18.4587194],[77.4071326,18.4587158],[77.4071325,18.4587156],[77.4071314,18.4587117],[77.4071313,18.4587115],[77.4071313,18.4587107],[77.4071314,18.4587107],[77.4071328,18.4587113],[77.4071328,18.4587114],[77.4071332,18.4587117]]}},{"type":"Feature","properties":{"flight":41,"sol":689,"date":"2023-01-27","max_alt_m":10.0},"geometry":{"type":"LineString","coordinates":[[77.4071332,18.4587117],[77.407133,18.4587118],[77.4071324,18.4587122],[77.4071323,18.4587122],[77.4071311,18.4587125],[77.4071294,18.4587127],[77.4071294,18.4587127],[77.407128,18.4587128],[77.4071279,18.4587128],[77.4071264,18.4587128],[77.4071251,18.4587127],[77.4071251,18.4587127],[77.4071245,18.4587128],[77.4071245,18.4587128],[77.4071244,18.4587129],[77.4071244,18.4587129],[77.4071245,18.4587127],[77.4071249,18.4587123],[77.4071249,18.4587123],[77.4071249,18.458712],[77.4071248,18.4587119],[77.4071247,18.4587118],[77.4071247,18.4587118],[77.4071252,18.4587118],[77.4071252,18.4587118],[77.4071259,18.4587118],[77.407126,18.4587118],[77.4071267,18.458712],[77.4071267,18.458712],[77.4071274,18.4587124],[77.4071274,18.4587124],[77.4071281,18.4587127],[77.4071281,18.4587127],[77.407129,18.458713],[77.4071291,18.458713],[77.4071298,18.4587131],[77.4071299,18.4587131],[77.4071305,18.4587131],[77.4071311,18.4587131],[77.4071311,18.4587131],[77.4071316,18.4587131],[77.4071316,18.458713],[77.4071319,18.4587131],[77.4071319,18.4587131],[77.4071322,18.4587133],[77.4071322,18.4587133],[77.4071324,18.4587135],[77.4071324,18.4587135],[77.4071334,18.4587137],[77.4071334,18.4587137],[77.4071342,18.458714],[77.4071342,18.4587141],[77.407134,18.4587148],[77.407134,18.4587148],[77.4071335,18.4587156],[77.4071335,18.4587156],[77.4071333,18.4587158],[77.4071333,18.4587158],[77.4071331,18.458716],[77.407133,18.4587161],[77.4071303,18.4587182],[77.4071238,18.4587232],[77.4071153,18.4587298],[77.4071037,18.458739],[77.4070907,18.4587498],[77.4070756,18.458763],[77.4070589,18.4587779],[77.4070403,18.4587949],[77.407022,18.4588116],[77.4070037,18.4588281],[77.4069857,18.4588443],[77.4069677,18.4588601],[77.4069497,18.4588764],[77.4069315,18.4588931],[77.4069131,18.4589101],[77.4068944,18.4589278],[77.4068759,18.4589449],[77.4068581,18.4589609],[77.4068398,18.458977],[77.4068207,18.4589938],[77.4068009,18.4590111],[77.4067802,18.4590289],[77.4067595,18.459047],[77.4067409,18.4590635],[77.4067207,18.4590817],[77.4066892,18.4591103],[77.4066547,18.4591417],[77.4066306,18.459163],[77.4066131,18.4591781],[77.4066084,18.4591823],[77.406606,18.4591845],[77.4066058,18.4591846],[77.4065959,18.4591929],[77.4065731,18.4592116],[77.4065528,18.4592284],[77.4065336,18.4592445],[77.4065145,18.4592612],[77.4064955,18.4592788],[77.4064777,18.4592962],[77.4064613,18.4593133],[77.4064451,18.4593299],[77.406429,18.4593459],[77.4064126,18.4593623],[77.4063955,18.4593794],[77.4063779,18.4593966],[77.40636,18.4594137],[77.4063415,18.4594311],[77.4063221,18.4594494],[77.4063024,18.4594677],[77.4062825,18.4594859],[77.4062621,18.459504],[77.4062409,18.4595218],[77.4062194,18.4595395],[77.4061986,18.4595569],[77.4061779,18.4595738],[77.4061567,18.4595899],[77.4061353,18.4596054],[77.4061142,18.4596209],[77.4060933,18.4596365],[77.4060927,18.459637],[77.4060735,18.4596532],[77.4060544,18.4596707],[77.4060351,18.4596875],[77.4060157,18.4597038],[77.4059968,18.4597204],[77.4059784,18.4597371],[77.4059604,18.4597547],[77.4059425,18.4597735],[77.4059275,18.4597894],[77.405915,18.4598026],[77.4059054,18.4598134],[77.405898,18.4598226],[77.4058926,18.4598292],[77.4058884,18.4598343],[77.4058865,18.4598365],[77.4058864,18.4598365],[77.4058863,18.4598366],[77.4058863,18.4598366],[77.4058861,18.4598366],[77.4058861,18.4598366],[77.4058853,18.459836],[77.4058853,18.4598359],[77.4058846,18.4598351],[77.4058846,18.4598351],[77.4058846,18.4598346],[77.4058846,18.4598346],[77.4058846,18.4598343],[77.4058846,18.4598343],[77.4058849,18.4598345],[77.4058855,18.4598347],[77.4058855,18.4598347],[77.4058851,18.459834],[77.4058843,18.4598326],[77.4058842,18.4598324],[77.4058842,18.4598323],[77.4058841,18.4598323],[77.4058841,18.4598323],[77.4058841,18.4598323],[77.4058846,18.4598318],[77.4058871,18.4598304],[77.4058874,18.4598302],[77.4058915,18.4598277],[77.4059002,18.459822],[77.4059106,18.4598153],[77.4059236,18.4598068],[77.4059385,18.4597969],[77.4059558,18.4597849],[77.4059744,18.4597715],[77.4059947,18.4597562],[77.4060151,18.4597406],[77.406035,18.4597254],[77.4060548,18.4597102],[77.4060746,18.4596951],[77.4060943,18.4596802],[77.4061139,18.4596654],[77.4061334,18.4596506],[77.4061529,18.4596355],[77.4061725,18.4596202],[77.4061923,18.4596046],[77.4062124,18.4595887],[77.4062332,18.4595725],[77.4062543,18.4595565],[77.4062748,18.4595416],[77.406295,18.4595272],[77.4063149,18.4595126],[77.4063345,18.4594978],[77.4063544,18.4594825],[77.4063744,18.4594668],[77.4063939,18.4594518],[77.4064129,18.4594374],[77.4064413,18.459416],[77.4064853,18.4593829],[77.406518,18.4593584],[77.4065393,18.4593423],[77.40656,18.4593269],[77.4065815,18.4593112],[77.4066022,18.4592962],[77.4066216,18.4592819],[77.4066408,18.4592675],[77.4066605,18.4592526],[77.4066804,18.4592375],[77.4067006,18.4592221],[77.4067212,18.4592066],[77.4067424,18.4591908],[77.4067636,18.459175],[77.4067838,18.4591598],[77.4068035,18.4591448],[77.4068231,18.4591293],[77.4068426,18.4591138],[77.4068628,18.4590985],[77.4068832,18.4590835],[77.4069035,18.4590685],[77.4069234,18.4590535],[77.4069427,18.459038],[77.4069612,18.4590222],[77.4069782,18.4590089],[77.4069939,18.4589975],[77.4070061,18.4589889],[77.4070157,18.4589823],[77.4070226,18.4589774],[77.4070279,18.4589734],[77.4070282,18.4589732],[77.4070306,18.4589711],[77.4070307,18.4589711],[77.4070316,18.4589699],[77.4070316,18.4589699],[77.4070327,18.4589695],[77.4070328,18.4589695],[77.4070351,18.4589694],[77.4070352,18.4589694],[77.4070364,18.4589693],[77.4070364,18.4589693],[77.4070364,18.4589691],[77.4070364,18.4589691],[77.4070363,18.4589691],[77.4070363,18.4589691],[77.4070369,18.4589693],[77.4070369,18.4589694],[77.407038,18.4589696],[77.407038,18.4589696],[77.4070401,18.4589714],[77.4070435,18.458975],[77.4070436,18.4589751],[77.4070482,18.4589792],[77.4070546,18.4589851],[77.4070549,18.4589853],[77.407064,18.4589955],[77.4070754,18.4590092],[77.407086,18.4590204],[77.4070949,18.4590292],[77.4070951,18.4590293],[77.4070971,18.4590302],[77.4070971,18.4590302],[77.4070976,18.4590294],[77.4070976,18.4590294],[77.407097,18.459028],[77.4070953,18.4590254],[77.4070953,18.4590253],[77.4070937,18.4590233],[77.4070937,18.4590232],[77.4070922,18.4590216],[77.4070921,18.4590216],[77.4070905,18.4590203],[77.4070905,18.4590203],[77.4070888,18.4590194],[77.4070876,18.4590189],[77.4070875,18.4590189],[77.4070871,18.4590188],[77.4070871,18.4590188],[77.4070868,18.4590189],[77.4070868,18.4590189],[77.4070872,18.4590194],[77.4070872,18.4590194],[77.4070881,18.45902],[77.4070881,18.45902],[77.4070896,18.4590205],[77.4070897,18.4590206],[77.4070911,18.4590215],[77.4070912,18.4590215],[77.4070922,18.4590229],[77.4070922,18.4590229],[77.407093,18.4590243],[77.407093,18.4590244],[77.4070933,18.4590259],[77.4070933,18.4590261],[77.4070936,18.4590274],[77.4070936,18.4590275],[77.4070947,18.4590289],[77.4070948,18.459029],[77.4070959,18.4590303],[77.4070959,18.4590303],[77.4070962,18.4590314],[77.4070962,18.4590314],[77.4070958,18.4590319],[77.4070957,18.459032]]}},{"type":"Feature","properties":{"flight":42,"sol":697,"date":"2023-02-04","max_alt_m":10.0},"geometry":{"type":"LineString","coordinates":[[77.4070957,18.459032],[77.4070957,18.459032],[77.4070958,18.459032],[77.4070958,18.459032],[77.4070955,18.459032],[77.4070955,18.459032],[77.4070949,18.4590318],[77.4070949,18.4590318],[77.4070941,18.4590318],[77.4070928,18.4590322],[77.4070927,18.4590322],[77.4070915,18.4590327],[77.4070914,18.4590327],[77.4070904,18.4590333],[77.4070904,18.4590333],[77.4070896,18.4590338],[77.4070896,18.4590338],[77.4070891,18.4590336],[77.407089,18.4590336],[77.4070887,18.4590332],[77.4070887,18.4590332],[77.4070886,18.4590332],[77.4070886,18.4590332],[77.4070887,18.4590333],[77.4070887,18.4590333],[77.4070889,18.4590333],[77.4070889,18.4590333],[77.4070893,18.4590333],[77.4070893,18.4590333],[77.4070899,18.4590333],[77.4070899,18.4590333],[77.4070906,18.4590334],[77.4070906,18.4590334],[77.4070912,18.4590337],[77.4070915,18.459034],[77.4070918,18.4590342],[77.4070918,18.4590342],[77.4070925,18.4590345],[77.4070926,18.4590345],[77.4070933,18.4590346],[77.4070933,18.4590346],[77.4070941,18.4590345],[77.407095,18.4590342],[77.407095,18.4590342],[77.4070961,18.459034],[77.4070976,18.4590338],[77.4070977,18.4590338],[77.4070985,18.4590336],[77.4070985,18.4590336],[77.4070991,18.4590334],[77.4070991,18.4590334],[77.4070996,18.4590331],[77.4071001,18.4590327],[77.4071001,18.4590327],[77.4070977,18.4590342],[77.407086,18.4590414],[77.4070752,18.459048],[77.4070651,18.4590543],[77.4070499,18.4590637],[77.4070269,18.4590779],[77.4070197,18.4590824],[77.4070187,18.459083],[77.4070133,18.4590865],[77.4069875,18.4591031],[77.4069627,18.459119],[77.4069419,18.4591322],[77.4069209,18.4591454],[77.4068997,18.4591586],[77.4068782,18.4591721],[77.4068562,18.459186],[77.4068343,18.4592],[77.4068123,18.4592139],[77.4067902,18.4592277],[77.4067679,18.4592411],[77.4067453,18.4592545],[77.4067224,18.4592679],[77.4066993,18.4592812],[77.4066758,18.4592947],[77.4066521,18.4593085],[77.4066282,18.4593226],[77.4066047,18.4593365],[77.406582,18.4593497],[77.4065596,18.4593629],[77.4065374,18.4593765],[77.4065157,18.4593898],[77.4064953,18.4594026],[77.4064748,18.4594152],[77.4064536,18.459428],[77.4064318,18.459441],[77.4064094,18.4594546],[77.4063865,18.4594685],[77.4063631,18.4594827],[77.4063394,18.459497],[77.4063153,18.4595113],[77.4062912,18.4595254],[77.4062679,18.4595393],[77.4062448,18.4595529],[77.4062213,18.459566],[77.4061977,18.4595788],[77.4061742,18.4595911],[77.4061508,18.4596033],[77.4061281,18.4596155],[77.4061058,18.4596277],[77.4060834,18.4596401],[77.406061,18.4596525],[77.4060396,18.4596642],[77.4060173,18.4596763],[77.4059796,18.4596971],[77.4059298,18.459725],[77.4058969,18.4597432],[77.4058736,18.459756],[77.4058692,18.4597585],[77.4058681,18.4597591],[77.4058595,18.4597639],[77.4058324,18.459779],[77.4058085,18.4597925],[77.4057861,18.4598054],[77.4057636,18.4598185],[77.405741,18.4598319],[77.4057183,18.4598452],[77.4056953,18.4598582],[77.4056716,18.4598713],[77.4056469,18.4598844],[77.405623,18.4598971],[77.4055999,18.4599096],[77.4055764,18.459922],[77.4055524,18.4599345],[77.4055286,18.4599471],[77.4055051,18.45996],[77.4054818,18.4599727],[77.4054587,18.459985],[77.4054353,18.4599975],[77.4054115,18.4600104],[77.4053874,18.4600228],[77.4053631,18.4600342],[77.4053389,18.4600457],[77.4053151,18.4600576],[77.4052913,18.46007],[77.4052673,18.4600832],[77.4052434,18.4600962],[77.4052198,18.4601087],[77.4051961,18.4601211],[77.4051719,18.4601338],[77.4051477,18.4601464],[77.4051237,18.4601591],[77.4050998,18.4601716],[77.4050759,18.4601834],[77.4050521,18.460195],[77.4050286,18.4602059],[77.4050049,18.4602172],[77.4049806,18.4602301],[77.4049561,18.4602432],[77.4049318,18.4602558],[77.4049073,18.4602677],[77.4049065,18.4602681],[77.4048821,18.4602775],[77.4048571,18.4602872],[77.4048563,18.4602876],[77.404834,18.4602996],[77.4048115,18.460313],[77.4047886,18.4603254],[77.4047655,18.4603377],[77.4047419,18.4603507],[77.4047177,18.4603639],[77.4046924,18.4603772],[77.4046669,18.4603902],[77.404643,18.4604024],[77.4046209,18.4604137],[77.4046023,18.4604233],[77.4045864,18.4604316],[77.4045734,18.4604378],[77.404563,18.4604426],[77.4045566,18.4604457],[77.4045522,18.4604478],[77.4045521,18.4604479],[77.4045505,18.4604481],[77.4045504,18.4604481],[77.4045495,18.460448],[77.4045494,18.4604479],[77.404548,18.4604471],[77.4045478,18.460447],[77.404546,18.4604452],[77.404546,18.4604452],[77.4045457,18.4604438],[77.4045456,18.4604427],[77.4045456,18.4604426],[77.4045458,18.4604425],[77.4045458,18.4604424],[77.4045466,18.4604424],[77.4045469,18.4604424],[77.404547,18.4604424],[77.4045472,18.4604424],[77.4045472,18.4604424],[77.4045474,18.4604428],[77.4045474,18.4604428],[77.4045478,18.4604446],[77.4045478,18.4604446],[77.4045473,18.4604475],[77.4045472,18.4604476],[77.4045444,18.4604531],[77.4045404,18.4604604],[77.4045344,18.4604707],[77.4045341,18.4604711],[77.4045275,18.460484],[77.4045198,18.4605024],[77.4045195,18.460503],[77.4045106,18.4605216],[77.4044994,18.4605414],[77.4044877,18.4605611],[77.404476,18.4605804],[77.404464,18.4606],[77.4044517,18.4606198],[77.4044391,18.4606403],[77.4044265,18.4606615],[77.4044137,18.4606829],[77.4044007,18.4607045],[77.4043881,18.460726],[77.404376,18.4607472],[77.404364,18.4607686],[77.4043526,18.460789],[77.4043382,18.4608146],[77.4043128,18.4608595],[77.4042897,18.4609],[77.404273,18.4609286],[77.4042651,18.460942],[77.4042647,18.4609426],[77.4042643,18.4609434],[77.4042541,18.4609602],[77.404238,18.4609862],[77.4042247,18.4610069],[77.4042112,18.4610276],[77.4041989,18.4610466],[77.4041851,18.4610685],[77.4041615,18.4611085],[77.4041372,18.4611516],[77.4041232,18.4611784],[77.4041147,18.4611952],[77.4041134,18.4611979],[77.4041125,18.4611997],[77.4041055,18.4612132],[77.4040917,18.4612392],[77.4040803,18.4612604],[77.4040689,18.4612812],[77.4040567,18.4613024],[77.4040441,18.4613239],[77.4040313,18.4613451],[77.4040183,18.4613663],[77.4040046,18.4613876],[77.4039904,18.4614089],[77.4039765,18.4614303],[77.4039628,18.4614515],[77.4039485,18.4614716],[77.4039339,18.4614908],[77.4039199,18.4615103],[77.4039063,18.4615302],[77.4038923,18.4615504],[77.4038778,18.4615708],[77.403863,18.4615916],[77.403848,18.4616126],[77.4038334,18.4616324],[77.4038192,18.4616512],[77.4038188,18.4616518],[77.4038089,18.461667],[77.4038011,18.4616804],[77.4037951,18.4616911],[77.40379,18.4616999],[77.4037899,18.4617001],[77.4037871,18.4617059],[77.4037854,18.4617106],[77.4037854,18.4617107],[77.4037842,18.4617116],[77.4037842,18.4617116],[77.4037834,18.4617106],[77.4037833,18.4617106],[77.4037825,18.4617097],[77.4037814,18.4617091],[77.4037813,18.461709],[77.4037811,18.4617088],[77.4037811,18.4617088],[77.403781,18.4617088],[77.403781,18.4617088],[77.403781,18.4617087],[77.4037811,18.4617087],[77.4037818,18.4617086],[77.4037819,18.4617086],[77.4037823,18.4617086],[77.4037823,18.4617087],[77.4037823,18.4617088],[77.4037823,18.4617088],[77.4037822,18.4617089],[77.4037822,18.4617089],[77.4037816,18.4617079],[77.4037816,18.4617079],[77.4037813,18.4617065],[77.4037813,18.4617065],[77.4037815,18.4617051],[77.4037815,18.4617049],[77.4037819,18.4617037],[77.403782,18.4617035],[77.4037825,18.4617022],[77.4037826,18.4617022],[77.4037836,18.4617018],[77.4037836,18.4617018],[77.4037866,18.4617054],[77.4037886,18.4617084],[77.4037886,18.4617084],[77.4037888,18.4617084],[77.4037888,18.4617084],[77.4037887,18.4617085],[77.4037886,18.4617098],[77.4037886,18.4617099],[77.4037883,18.4617112],[77.4037883,18.4617112],[77.4037874,18.4617115],[77.4037874,18.4617115],[77.4037861,18.4617116],[77.4037861,18.4617116],[77.4037842,18.4617111],[77.4037841,18.461711],[77.4037824,18.4617102],[77.4037824,18.4617102],[77.4037817,18.4617096],[77.403781,18.461709],[77.4037809,18.4617089],[77.4037807,18.4617082],[77.4037807,18.4617081],[77.4037807,18.4617076],[77.4037807,18.4617076],[77.403781,18.4617081],[77.4037811,18.4617081],[77.4037815,18.4617087],[77.4037815,18.4617087],[77.4037815,18.4617089],[77.4037815,18.4617089],[77.4037814,18.4617087],[77.4037813,18.4617087],[77.4037809,18.4617079],[77.4037804,18.4617066],[77.4037803,18.4617065],[77.4037804,18.4617064],[77.4037804,18.4617064],[77.4037804,18.4617064],[77.4037804,18.4617064],[77.4037794,18.4617057],[77.4037794,18.4617057],[77.4037783,18.4617048],[77.4037783,18.4617048],[77.4037776,18.4617045],[77.4037776,18.4617045],[77.4037776,18.4617046],[77.4037777,18.4617047],[77.4037779,18.4617049],[77.4037779,18.461705],[77.4037787,18.4617055],[77.4037787,18.4617055],[77.4037796,18.4617058],[77.4037796,18.4617058],[77.4037805,18.4617056],[77.4037806,18.4617056],[77.403781,18.4617056],[77.4037811,18.4617056],[77.4037811,18.4617056],[77.4037811,18.4617056],[77.4037811,18.4617056]]}},{"type":"Feature","properties":{"flight":43,"sol":708,"date":"2023-02-16","max_alt_m":12.0},"geometry":{"type":"LineString","coordinates":[[77.4037811,18.4617056],[77.403779,18.4617064],[77.4037789,18.4617064],[77.4037775,18.4617068],[77.4037775,18.4617068],[77.4037766,18.4617067],[77.4037758,18.4617066],[77.4037749,18.4617065],[77.4037748,18.4617065],[77.4037742,18.4617065],[77.4037741,18.4617065],[77.4037736,18.4617066],[77.4037736,18.4617066],[77.4037733,18.4617068],[77.4037733,18.4617069],[77.4037733,18.4617071],[77.4037736,18.4617075],[77.4037736,18.4617075],[77.4037738,18.461708],[77.4037738,18.4617081],[77.4037741,18.4617086],[77.4037741,18.4617086],[77.4037746,18.4617089],[77.4037751,18.4617091],[77.4037752,18.4617091],[77.4037753,18.4617093],[77.4037754,18.4617094],[77.4037755,18.4617094],[77.4037755,18.4617094],[77.4037759,18.4617092],[77.403776,18.4617091],[77.4037764,18.4617087],[77.4037764,18.4617087],[77.4037768,18.461708],[77.4037768,18.4617079],[77.4037771,18.4617073],[77.4037771,18.4617073],[77.4037771,18.4617069],[77.4037771,18.4617069],[77.403777,18.4617067],[77.4037769,18.4617067],[77.4037768,18.4617066],[77.4037768,18.4617065],[77.4037767,18.4617064],[77.4037766,18.4617064],[77.4037765,18.4617064],[77.4037765,18.4617064],[77.4037763,18.4617064],[77.4037763,18.4617064],[77.4037765,18.4617062],[77.4037765,18.4617062],[77.4037767,18.4617061],[77.4037767,18.4617061],[77.4037772,18.4617062],[77.4037772,18.4617062],[77.4037779,18.4617064],[77.4037779,18.4617064],[77.4037781,18.4617066],[77.4037781,18.4617066],[77.4037782,18.4617068],[77.4037782,18.4617068],[77.403778,18.4617076],[77.4037773,18.4617091],[77.4037765,18.4617109],[77.4037757,18.4617127],[77.4037757,18.4617128],[77.4037754,18.4617132],[77.4037754,18.4617132],[77.4037753,18.4617133],[77.4037753,18.4617133],[77.4037735,18.4617158],[77.4037686,18.4617228],[77.4037625,18.4617314],[77.4037541,18.461743],[77.4037442,18.4617569],[77.4037324,18.4617739],[77.4037189,18.4617934],[77.4037034,18.461816],[77.403686,18.4618412],[77.4036669,18.461869],[77.403648,18.4618965],[77.4036291,18.4619241],[77.4036101,18.4619522],[77.4035909,18.4619807],[77.4035712,18.4620098],[77.4035512,18.4620395],[77.4035312,18.4620688],[77.4035113,18.4620978],[77.403491,18.4621274],[77.4034706,18.4621574],[77.4034507,18.4621868],[77.4034313,18.4622158],[77.4034119,18.4622441],[77.4033927,18.4622719],[77.4033741,18.4622997],[77.4033558,18.4623275],[77.4033383,18.4623545],[77.403321,18.4623814],[77.4032949,18.4624227],[77.4032577,18.462482],[77.403231,18.4625238],[77.403211,18.4625545],[77.4032054,18.4625632],[77.403204,18.4625653],[77.4031973,18.4625755],[77.4031741,18.4626092],[77.4031523,18.4626401],[77.4031321,18.462668],[77.4031123,18.4626959],[77.4030929,18.4627237],[77.4030741,18.4627515],[77.4030559,18.4627794],[77.4030373,18.4628068],[77.4030182,18.4628336],[77.4029978,18.4628612],[77.4029758,18.4628896],[77.402955,18.4629184],[77.4029357,18.4629475],[77.4029167,18.4629763],[77.4028979,18.4630048],[77.4028792,18.4630325],[77.4028612,18.4630585],[77.4028362,18.4630947],[77.4027976,18.4631512],[77.4027692,18.4631942],[77.4027514,18.4632223],[77.4027328,18.4632516],[77.4027098,18.4632871],[77.4027002,18.4633018],[77.4026983,18.4633046],[77.4026934,18.4633118],[77.4026735,18.4633422],[77.4026522,18.4633747],[77.4026328,18.4634042],[77.4026134,18.463433],[77.4025942,18.4634606],[77.4025751,18.4634884],[77.4025574,18.4635149],[77.4025335,18.4635506],[77.4024932,18.4636104],[77.4024621,18.4636567],[77.4024449,18.4636827],[77.4024277,18.4637082],[77.402405,18.4637408],[77.4023923,18.4637584],[77.402389,18.4637627],[77.4023837,18.4637699],[77.4023646,18.4637979],[77.4023431,18.4638301],[77.4023241,18.4638586],[77.4023054,18.463887],[77.4022886,18.4639131],[77.4022669,18.4639467],[77.4022276,18.4640063],[77.4021947,18.4640556],[77.4021773,18.4640813],[77.402161,18.4641054],[77.4021388,18.464139],[77.4021251,18.4641592],[77.4021219,18.4641633],[77.4021177,18.4641689],[77.4020996,18.4641955],[77.4020772,18.4642292],[77.4020584,18.464258],[77.4020396,18.4642868],[77.4020208,18.4643158],[77.4020016,18.4643445],[77.4019813,18.4643725],[77.4019613,18.4644003],[77.4019425,18.464428],[77.4019237,18.4644562],[77.4019039,18.4644856],[77.4018839,18.4645151],[77.4018644,18.4645435],[77.4018451,18.4645718],[77.4018256,18.4646004],[77.4018064,18.4646294],[77.401788,18.4646594],[77.4017699,18.4646891],[77.4017521,18.4647173],[77.401734,18.4647448],[77.4017144,18.4647722],[77.4016944,18.4647994],[77.4016753,18.4648259],[77.4016564,18.4648528],[77.4016366,18.4648816],[77.4016168,18.4649109],[77.4015974,18.4649396],[77.4015784,18.4649683],[77.4015602,18.4649978],[77.4015422,18.4650276],[77.401524,18.4650574],[77.4015058,18.4650872],[77.4014874,18.4651165],[77.4014688,18.4651456],[77.4014501,18.4651746],[77.4014312,18.4652037],[77.4014124,18.4652328],[77.4013934,18.4652621],[77.4013741,18.465292],[77.4013546,18.4653219],[77.401335,18.4653503],[77.4013151,18.465378],[77.4012945,18.4654056],[77.4012736,18.4654331],[77.401253,18.4654604],[77.4012327,18.4654877],[77.4012129,18.4655154],[77.4011936,18.4655435],[77.4011748,18.4655721],[77.4011562,18.4656009],[77.4011373,18.4656293],[77.401118,18.4656576],[77.4010983,18.4656869],[77.4010783,18.4657168],[77.4010589,18.4657457],[77.4010398,18.4657741],[77.4010203,18.4658023],[77.4010007,18.4658304],[77.4009812,18.4658587],[77.4009618,18.4658871],[77.4009441,18.4659145],[77.4009261,18.465943],[77.400895,18.4659907],[77.4008534,18.4660533],[77.4008296,18.4660894],[77.4008131,18.4661145],[77.4007941,18.4661457],[77.4007758,18.4661767],[77.4007709,18.4661845],[77.400769,18.4661873],[77.4007602,18.4662013],[77.4007383,18.4662362],[77.4007189,18.4662671],[77.4007002,18.4662965],[77.4006818,18.4663257],[77.4006635,18.4663547],[77.4006455,18.4663822],[77.400627,18.4664092],[77.4005957,18.4664526],[77.4005492,18.4665146],[77.4005208,18.4665515],[77.4005023,18.4665749],[77.4004824,18.4666023],[77.4004619,18.466632],[77.4004548,18.4666419],[77.4004525,18.4666451],[77.4004443,18.4666565],[77.400422,18.4666887],[77.4004018,18.4667192],[77.4003836,18.4667484],[77.4003661,18.4667778],[77.4003492,18.4668076],[77.4003314,18.466838],[77.4003126,18.466869],[77.4002953,18.4668992],[77.4002797,18.4669281],[77.4002791,18.4669291],[77.4002552,18.4669662],[77.4002153,18.4670175],[77.4001907,18.4670489],[77.4001768,18.4670668],[77.4001645,18.4670824],[77.4001523,18.4670974],[77.4001521,18.4670978],[77.4001493,18.4671017],[77.4001491,18.4671022],[77.4001489,18.4671027],[77.4001479,18.4671041],[77.4001421,18.467112],[77.4001419,18.4671123],[77.4001393,18.4671171],[77.4001384,18.4671198],[77.4001384,18.4671199],[77.4001381,18.4671209],[77.4001379,18.4671213],[77.4001378,18.4671215],[77.4001378,18.4671216],[77.4001378,18.4671216],[77.4001381,18.4671217],[77.4001381,18.4671217],[77.4001382,18.4671219],[77.400138,18.4671221],[77.4001379,18.4671221],[77.4001379,18.4671222],[77.400138,18.4671222],[77.4001387,18.4671221],[77.4001387,18.4671221],[77.4001392,18.4671217],[77.4001392,18.4671217],[77.4001393,18.4671208],[77.4001393,18.4671207],[77.4001394,18.4671204],[77.4001394,18.4671204],[77.4001395,18.4671205],[77.4001395,18.4671205],[77.4001401,18.4671208],[77.4001448,18.4671232],[77.400145,18.4671232],[77.4001505,18.4671243],[77.4001506,18.4671243],[77.4001563,18.4671227],[77.4001566,18.4671226],[77.4001642,18.4671205],[77.4001757,18.4671181],[77.4001896,18.4671152],[77.4002065,18.4671112],[77.4002253,18.4671062],[77.4002459,18.4670995],[77.4002466,18.4670993],[77.4002674,18.4670937],[77.4002896,18.4670897],[77.4003134,18.4670856],[77.4003433,18.4670799],[77.4003619,18.4670767],[77.4003696,18.4670756],[77.40037,18.4670756],[77.4003734,18.4670755],[77.4003735,18.4670755],[77.4003747,18.4670763],[77.4003747,18.4670763],[77.4003752,18.4670772],[77.4003752,18.4670772],[77.4003753,18.4670773],[77.4003753,18.4670773],[77.4003756,18.4670773],[77.4003756,18.4670773],[77.4003772,18.4670778],[77.4003784,18.4670781],[77.4003784,18.4670781],[77.4003785,18.4670778],[77.4003785,18.4670778],[77.4003786,18.4670778],[77.4003794,18.4670785],[77.4003794,18.4670785],[77.4003799,18.4670791],[77.4003799,18.4670791],[77.40038,18.4670792],[77.40038,18.4670792],[77.4003794,18.4670789],[77.4003794,18.4670789],[77.4003778,18.4670779],[77.4003778,18.4670778],[77.4003763,18.4670773],[77.4003763,18.4670773],[77.4003766,18.4670775],[77.4003766,18.4670776],[77.400378,18.4670787],[77.4003781,18.4670788],[77.4003807,18.467081],[77.4003837,18.4670833],[77.4003837,18.4670833],[77.4003862,18.4670849],[77.4003863,18.467085],[77.400387,18.4670863],[77.400387,18.4670864],[77.4003859,18.4670858],[77.4003858,18.4670857],[77.4003846,18.4670848],[77.4003846,18.4670848],[77.4003854,18.4670858],[77.4003855,18.4670859],[77.4003858,18.4670868],[77.4003857,18.4670868],[77.4003838,18.4670857],[77.4003837,18.4670856],[77.4003811,18.4670826]]}},{"type":"Feature","properties":{"flight":44,"sol":711,"date":"2023-02-19","max_alt_m":12.0},"geometry":{"type":"LineString","coordinates":[[77.4003811,18.4670826],[77.400381,18.4670826],[77.40038,18.4670827],[77.40038,18.4670827],[77.4003789,18.4670829],[77.4003788,18.467083],[77.4003775,18.4670835],[77.4003774,18.4670836],[77.4003763,18.467084],[77.4003763,18.467084],[77.4003754,18.4670839],[77.4003748,18.4670837],[77.4003748,18.4670837],[77.4003747,18.4670837],[77.4003747,18.4670837],[77.4003749,18.4670837],[77.400375,18.4670837],[77.4003754,18.4670839],[77.4003754,18.467084],[77.4003761,18.4670843],[77.400377,18.4670848],[77.4003771,18.4670849],[77.400378,18.4670853],[77.400378,18.4670853],[77.4003789,18.4670854],[77.400379,18.4670854],[77.4003797,18.4670854],[77.4003798,18.4670854],[77.4003804,18.4670853],[77.4003804,18.4670853],[77.4003808,18.4670851],[77.4003808,18.4670851],[77.4003812,18.467085],[77.4003812,18.467085],[77.4003814,18.4670848],[77.4003814,18.4670848],[77.4003814,18.4670846],[77.4003814,18.4670846],[77.4003812,18.4670844],[77.4003812,18.4670844],[77.4003809,18.4670841],[77.4003806,18.4670838],[77.4003805,18.4670838],[77.4003802,18.4670834],[77.4003801,18.4670834],[77.4003797,18.467083],[77.4003797,18.4670829],[77.4003792,18.4670826],[77.4003792,18.4670826],[77.4003787,18.4670823],[77.4003787,18.4670823],[77.4003785,18.4670823],[77.4003785,18.4670823],[77.4003783,18.4670826],[77.4003783,18.4670826],[77.4003786,18.4670829],[77.4003786,18.4670829],[77.4003792,18.4670831],[77.4003792,18.4670832],[77.4003792,18.4670845],[77.4003787,18.4670878],[77.4003787,18.4670879],[77.4003784,18.467089],[77.4003784,18.467089],[77.4003784,18.4670891],[77.4003784,18.4670891],[77.4003776,18.4670908],[77.4003737,18.4670996],[77.4003691,18.4671103],[77.4003635,18.4671236],[77.400357,18.4671393],[77.4003494,18.4671577],[77.4003407,18.4671793],[77.4003301,18.467205],[77.4003194,18.4672317],[77.4003087,18.4672586],[77.4002979,18.4672854],[77.4002871,18.4673117],[77.4002762,18.4673383],[77.4002652,18.4673654],[77.4002541,18.4673929],[77.4002428,18.4674209],[77.4002315,18.467449],[77.40022,18.4674772],[77.4002085,18.4675051],[77.4001973,18.4675325],[77.400186,18.4675598],[77.4001745,18.4675874],[77.4001631,18.4676149],[77.4001519,18.4676418],[77.4001406,18.4676685],[77.4001293,18.4676952],[77.400118,18.4677219],[77.4001068,18.4677488],[77.4000955,18.4677757],[77.4000837,18.4678026],[77.400072,18.4678294],[77.4000609,18.4678558],[77.40005,18.4678825],[77.4000385,18.4679105],[77.400027,18.467939],[77.4000159,18.4679671],[77.4000048,18.467995],[77.399993,18.4680225],[77.3999809,18.4680498],[77.3999693,18.4680774],[77.399958,18.468105],[77.3999473,18.4681319],[77.3999369,18.4681584],[77.3999262,18.468185],[77.3999154,18.4682115],[77.3999047,18.4682377],[77.3998942,18.4682637],[77.399884,18.4682898],[77.3998741,18.4683159],[77.3998639,18.4683418],[77.3998535,18.4683677],[77.3998429,18.4683944],[77.3998319,18.468422],[77.3998203,18.4684497],[77.399808,18.4684776],[77.3997959,18.4685058],[77.399784,18.4685343],[77.3997725,18.4685628],[77.3997614,18.4685912],[77.3997499,18.4686196],[77.3997381,18.468648],[77.399726,18.4686765],[77.3997135,18.4687052],[77.3997016,18.4687331],[77.3996903,18.46876],[77.3996793,18.468787],[77.3996684,18.468814],[77.3996576,18.4688408],[77.3996468,18.4688675],[77.3996361,18.4688945],[77.3996254,18.4689218],[77.3996147,18.4689493],[77.3996038,18.4689771],[77.3995927,18.4690047],[77.3995814,18.4690318],[77.3995705,18.4690592],[77.3995605,18.4690873],[77.3995499,18.4691156],[77.399538,18.4691441],[77.3995264,18.4691727],[77.3995157,18.4692015],[77.3995051,18.4692299],[77.3994944,18.4692579],[77.3994833,18.4692855],[77.3994716,18.4693129],[77.3994596,18.46934],[77.3994474,18.4693668],[77.3994353,18.4693935],[77.3994238,18.4694201],[77.3994123,18.469447],[77.3994004,18.4694748],[77.3993886,18.4695028],[77.3993779,18.4695306],[77.3993775,18.4695315],[77.3993664,18.4695576],[77.399366,18.4695585],[77.399351,18.4695826],[77.399334,18.4696064],[77.3993179,18.4696293],[77.3993174,18.46963],[77.3993033,18.4696528],[77.3993029,18.4696536],[77.3992927,18.4696803],[77.3992833,18.4697101],[77.3992732,18.46974],[77.3992634,18.4697705],[77.3992547,18.4698015],[77.3992469,18.4698326],[77.3992409,18.4698605],[77.3992351,18.4698894],[77.3992348,18.4698905],[77.3992206,18.4699386],[77.3991984,18.4699996],[77.3991844,18.4700344],[77.3991735,18.4700596],[77.3991625,18.470087],[77.3991518,18.4701149],[77.3991403,18.4701424],[77.3991283,18.4701698],[77.399117,18.470197],[77.3991063,18.4702242],[77.3990953,18.470252],[77.3990842,18.4702801],[77.3990732,18.4703078],[77.3990623,18.4703353],[77.3990506,18.4703625],[77.399038,18.4703895],[77.3990259,18.4704167],[77.3990143,18.4704443],[77.3990035,18.4704721],[77.3989937,18.4705001],[77.3989835,18.470528],[77.3989729,18.4705558],[77.3989616,18.4705839],[77.3989494,18.4706124],[77.3989374,18.4706406],[77.3989257,18.4706683],[77.398914,18.4706959],[77.3989022,18.4707236],[77.3988905,18.470751],[77.3988787,18.470778],[77.3988671,18.4708052],[77.3988553,18.4708327],[77.3988444,18.4708606],[77.3988348,18.4708891],[77.3988252,18.4709175],[77.3988153,18.470945],[77.3988057,18.4709732],[77.3987968,18.4710031],[77.3987873,18.4710325],[77.398776,18.4710601],[77.3987641,18.4710874],[77.3987513,18.4711146],[77.3987508,18.4711155],[77.3987396,18.4711424],[77.3987393,18.4711433],[77.3987307,18.4711718],[77.398722,18.4712012],[77.3987116,18.4712295],[77.3987006,18.4712574],[77.3986889,18.4712845],[77.3986771,18.4713116],[77.3986663,18.4713398],[77.3986556,18.4713682],[77.3986447,18.4713964],[77.3986334,18.4714244],[77.3986216,18.47145],[77.3986083,18.4714784],[77.3986077,18.4714796],[77.3985856,18.4715359],[77.3985654,18.4715902],[77.3985642,18.4715937],[77.3985637,18.4715951],[77.3985637,18.4715952],[77.3985572,18.4716107],[77.398543,18.4716444],[77.3985317,18.4716727],[77.3985207,18.4717008],[77.3985093,18.4717286],[77.3984977,18.4717564],[77.3984866,18.4717851],[77.3984757,18.4718145],[77.3984653,18.4718437],[77.3984554,18.471873],[77.3984471,18.4719031],[77.3984395,18.4719337],[77.3984308,18.471963],[77.3984209,18.4719912],[77.3984095,18.4720188],[77.3983966,18.4720458],[77.3983847,18.4720733],[77.3983735,18.4721012],[77.3983635,18.4721302],[77.3983547,18.4721602],[77.3983543,18.4721611],[77.3983384,18.4721827],[77.3983375,18.4721833],[77.3983079,18.4721989],[77.3983069,18.4721994],[77.3982888,18.472216],[77.3982884,18.4722166],[77.3982776,18.4722341],[77.3982689,18.4722495],[77.3982621,18.4722625],[77.3982618,18.4722629],[77.3982538,18.4722739],[77.3982535,18.4722743],[77.3982427,18.4722847],[77.3982424,18.4722849],[77.3982378,18.4722887],[77.3982362,18.4722898],[77.3982357,18.4722902],[77.3982356,18.4722902],[77.3982356,18.4722902],[77.3982354,18.4722899],[77.3982354,18.4722899],[77.3982353,18.47229],[77.3982353,18.47229],[77.3982365,18.4722908],[77.3982366,18.4722909],[77.3982378,18.4722914],[77.3982378,18.4722914],[77.3982387,18.4722915],[77.3982388,18.4722915],[77.3982401,18.4722916],[77.3982402,18.4722917],[77.3982426,18.4722923],[77.3982459,18.4722933],[77.3982499,18.4722946],[77.3982545,18.472296],[77.3982592,18.4722976],[77.3982593,18.4722976],[77.3982658,18.4722986],[77.3982661,18.4722986],[77.3982794,18.4722982],[77.3982958,18.472297],[77.3982964,18.4722969],[77.3983119,18.4722943],[77.3983295,18.4722901],[77.3983301,18.4722899],[77.3983542,18.4722823],[77.3983693,18.4722768],[77.3983694,18.4722767],[77.39837,18.4722766],[77.39837,18.4722766],[77.3983706,18.4722764],[77.3983707,18.4722763],[77.3983835,18.4722708],[77.3984021,18.4722628],[77.3984141,18.4722577],[77.3984145,18.4722575],[77.3984228,18.4722533],[77.398423,18.4722532],[77.3984274,18.4722497],[77.3984275,18.4722496],[77.3984295,18.4722471],[77.3984295,18.472247],[77.3984282,18.4722455],[77.3984281,18.4722455],[77.3984264,18.472245],[77.3984263,18.472245],[77.3984328,18.4722464],[77.398444,18.4722481],[77.3984442,18.4722482],[77.3984465,18.4722491],[77.3984466,18.4722492],[77.3984472,18.4722498],[77.3984472,18.4722498],[77.3984464,18.4722501],[77.3984463,18.4722501],[77.3984452,18.4722501],[77.3984435,18.4722501],[77.3984415,18.4722501],[77.3984414,18.4722501],[77.3984411,18.4722502],[77.3984411,18.4722502],[77.3984415,18.4722503],[77.3984415,18.4722503],[77.3984409,18.4722501],[77.39844,18.4722497],[77.3984399,18.4722497],[77.3984384,18.4722493],[77.3984357,18.4722487],[77.3984356,18.4722487],[77.398432,18.4722476],[77.3984273,18.4722461],[77.3984254,18.4722455],[77.3984252,18.4722454],[77.398424,18.4722453],[77.3984239,18.4722453],[77.3984235,18.472246],[77.3984235,18.472246],[77.3984256,18.4722473],[77.3984256,18.4722473],[77.3984266,18.4722482],[77.3984266,18.4722482],[77.3984267,18.4722487],[77.3984267,18.4722487],[77.3984274,18.4722495],[77.3984274,18.4722496],[77.3984288,18.4722508],[77.3984297,18.4722515]]}},{"type":"Feature","properties":{"flight":45,"sol":714,"date":"2023-02-22","max_alt_m":12.0},"geometry":{"type":"LineString","coordinates":[[77.3984297,18.4722515],[77.3984246,18.4722523],[77.3984207,18.4722528],[77.3984183,18.472253],[77.3984183,18.472253],[77.3984163,18.472253],[77.3984162,18.472253],[77.3984141,18.4722525],[77.398414,18.4722525],[77.3984123,18.4722523],[77.3984123,18.4722523],[77.3984111,18.472253],[77.3984111,18.4722531],[77.3984103,18.4722542],[77.3984103,18.4722543],[77.3984097,18.4722556],[77.3984095,18.4722566],[77.3984094,18.4722567],[77.3984093,18.4722567],[77.3984093,18.4722567],[77.3984096,18.4722565],[77.3984096,18.4722565],[77.3984104,18.4722559],[77.3984104,18.4722559],[77.3984114,18.4722552],[77.3984115,18.4722552],[77.398413,18.4722546],[77.3984144,18.4722539],[77.3984144,18.4722539],[77.3984154,18.4722534],[77.3984154,18.4722534],[77.3984161,18.472253],[77.3984161,18.472253],[77.3984165,18.4722529],[77.3984166,18.4722529],[77.3984168,18.4722528],[77.3984168,18.4722528],[77.398417,18.4722527],[77.398417,18.4722527],[77.3984173,18.4722525],[77.3984177,18.4722524],[77.3984177,18.4722523],[77.3984181,18.4722521],[77.3984181,18.4722521],[77.3984188,18.4722518],[77.3984188,18.4722518],[77.3984194,18.4722515],[77.3984199,18.4722512],[77.3984202,18.4722509],[77.3984202,18.4722509],[77.3984203,18.4722508],[77.3984203,18.4722508],[77.3984199,18.4722511],[77.3984199,18.4722512],[77.3984185,18.4722597],[77.398417,18.4722739],[77.3984154,18.472296],[77.3984146,18.4723093],[77.3984146,18.4723103],[77.3984145,18.472312],[77.3984134,18.4723334],[77.3984115,18.4723645],[77.3984086,18.4723959],[77.3984058,18.4724308],[77.3984042,18.4724696],[77.3984029,18.4725101],[77.3984015,18.4725507],[77.3984001,18.4725921],[77.3983983,18.4726342],[77.3983964,18.4726771],[77.398395,18.4727211],[77.3983929,18.4727653],[77.3983901,18.4728092],[77.398387,18.4728526],[77.3983835,18.472895],[77.3983803,18.4729373],[77.3983777,18.4729797],[77.3983752,18.4730219],[77.3983727,18.473064],[77.3983704,18.4731064],[77.3983682,18.4731495],[77.398366,18.4731931],[77.3983639,18.4732373],[77.3983617,18.4732809],[77.3983594,18.4733201],[77.3983566,18.4733704],[77.3983529,18.4734577],[77.3983494,18.4735311],[77.3983469,18.4735744],[77.3983441,18.4736166],[77.3983397,18.4736736],[77.398338,18.4736976],[77.398338,18.4736987],[77.398338,18.4736987],[77.398338,18.4737024],[77.398337,18.4737462],[77.3983363,18.4737973],[77.3983379,18.4738402],[77.3983379,18.4738416],[77.3983363,18.4738818],[77.3983326,18.473919],[77.3983283,18.4739692],[77.3983229,18.4740587],[77.3983191,18.474132],[77.3983172,18.4741775],[77.3983157,18.4742165],[77.3983139,18.4742571],[77.3983134,18.474275],[77.3983134,18.4742781],[77.3983136,18.4742846],[77.3983153,18.4743125],[77.3983154,18.4743136],[77.3983151,18.4743397],[77.3983135,18.4743605],[77.3983123,18.4743766],[77.3983116,18.4743897],[77.3983109,18.474397],[77.3983109,18.4743971],[77.3983094,18.4744009],[77.3983094,18.474401],[77.3983082,18.4744018],[77.3983082,18.4744018],[77.3983074,18.4744015],[77.3983073,18.4744015],[77.3983065,18.4744015],[77.3983065,18.4744015],[77.3983055,18.4744024],[77.3983054,18.4744024],[77.3983051,18.4744036],[77.398305,18.4744053],[77.398305,18.4744054],[77.3983049,18.474406],[77.3983048,18.474406],[77.398304,18.4744057],[77.398304,18.4744057],[77.3983039,18.474405],[77.398304,18.474405],[77.3983062,18.4744036],[77.3983064,18.4744035],[77.398307,18.4744028],[77.398307,18.4744028],[77.3983057,18.4744027],[77.3983056,18.4744027],[77.3983032,18.474403],[77.3983031,18.474403],[77.3982971,18.4744058],[77.3982878,18.4744099],[77.3982721,18.4744162],[77.3982526,18.4744237],[77.398228,18.4744326],[77.3982008,18.474443],[77.3981707,18.4744554],[77.3981392,18.4744693],[77.3981067,18.4744847],[77.3980705,18.4745015],[77.3980294,18.4745201],[77.3979856,18.4745389],[77.3979404,18.4745571],[77.3978743,18.4745849],[77.3977638,18.4746346],[77.3977257,18.4746518],[77.397722,18.4746534],[77.3977093,18.474659],[77.3976552,18.4746832],[77.3975996,18.4747075],[77.3975474,18.4747297],[77.3974969,18.4747519],[77.3974485,18.4747742],[77.3973997,18.4747968],[77.3973501,18.4748197],[77.3973007,18.4748423],[77.3972517,18.4748644],[77.3972028,18.4748863],[77.397154,18.4749079],[77.3971051,18.4749293],[77.397056,18.4749503],[77.3970073,18.4749716],[77.3969591,18.4749931],[77.3969108,18.4750147],[77.3968626,18.4750361],[77.3968138,18.4750583],[77.3967645,18.4750812],[77.3967157,18.4751035],[77.3966673,18.4751251],[77.3966191,18.475147],[77.396571,18.4751694],[77.3965224,18.4751917],[77.3964733,18.4752137],[77.3964249,18.4752365],[77.3963771,18.4752601],[77.3963296,18.4752834],[77.3962824,18.4753066],[77.3962338,18.4753298],[77.3961839,18.4753533],[77.3961354,18.4753763],[77.3960883,18.475399],[77.3960411,18.4754214],[77.3959937,18.4754434],[77.3959457,18.4754652],[77.3958972,18.4754868],[77.3958492,18.4755092],[77.3958017,18.4755323],[77.3957538,18.4755554],[77.3957055,18.4755783],[77.395656,18.475602],[77.3956053,18.4756266],[77.3955565,18.4756508],[77.3955093,18.4756747],[77.395462,18.4756983],[77.3954144,18.4757216],[77.3953666,18.4757449],[77.3953184,18.4757683],[77.395269,18.4757893],[77.3952186,18.4758084],[77.3952169,18.4758091],[77.3951706,18.4758306],[77.3951247,18.4758559],[77.3950784,18.4758811],[77.3950317,18.4759063],[77.3949831,18.4759308],[77.3949329,18.4759547],[77.3948851,18.4759778],[77.3948392,18.4760001],[77.3947926,18.4760231],[77.3947455,18.4760464],[77.3946978,18.4760699],[77.3946494,18.4760935],[77.394601,18.4761171],[77.3945526,18.4761409],[77.3945511,18.4761417],[77.3945068,18.4761677],[77.3944629,18.4761972],[77.3944614,18.4761981],[77.3944167,18.476223],[77.3943687,18.4762463],[77.3943186,18.4762693],[77.3942665,18.4762919],[77.3942153,18.4763146],[77.3941646,18.4763373],[77.3941144,18.4763599],[77.3940649,18.4763825],[77.3940184,18.4764045],[77.3939726,18.4764271],[77.3938957,18.4764684],[77.3937978,18.476524],[77.3937766,18.4765353],[77.3937707,18.4765382],[77.3937462,18.4765507],[77.3936905,18.476579],[77.3936886,18.47658],[77.3936386,18.4766018],[77.3935865,18.4766225],[77.3935363,18.4766449],[77.3934876,18.4766688],[77.39344,18.4766941],[77.3933935,18.4767208],[77.393348,18.4767486],[77.3933031,18.476777],[77.3933016,18.4767779],[77.3932561,18.4768018],[77.3932076,18.4768244],[77.39316,18.4768476],[77.393113,18.4768711],[77.3930663,18.476895],[77.3930195,18.4769194],[77.3929713,18.476944],[77.3929222,18.4769687],[77.3928739,18.476993],[77.3928261,18.4770168],[77.3927783,18.47704],[77.3927313,18.4770625],[77.3926887,18.4770841],[77.3926495,18.4771047],[77.3926134,18.477123],[77.3925803,18.4771397],[77.392551,18.4771559],[77.3925251,18.4771713],[77.3925243,18.4771718],[77.3925033,18.4771865],[77.3924846,18.4772007],[77.3924683,18.4772125],[77.3924547,18.4772221],[77.3924544,18.4772224],[77.392445,18.4772277],[77.3924447,18.4772278],[77.3924384,18.4772315],[77.3924383,18.4772317],[77.3924379,18.477235],[77.3924379,18.4772353],[77.3924381,18.4772376],[77.3924381,18.4772376],[77.3924382,18.477238],[77.3924382,18.477238],[77.3924382,18.4772382],[77.3924382,18.4772382],[77.3924382,18.477238],[77.3924381,18.477237],[77.3924381,18.4772352],[77.392438,18.4772316],[77.392438,18.4772309],[77.3924365,18.4772246],[77.3924339,18.4772167],[77.3924338,18.4772164],[77.3924353,18.4772177],[77.3924354,18.4772178],[77.392438,18.4772207],[77.3924381,18.4772208],[77.3924383,18.4772218],[77.3924384,18.4772226],[77.3924384,18.4772227],[77.3924389,18.4772243],[77.392439,18.4772244],[77.3924398,18.4772266],[77.3924398,18.4772267],[77.3924397,18.4772291],[77.3924394,18.4772311],[77.3924394,18.4772311],[77.3924321,18.4772221],[77.3924316,18.4772215],[77.3924166,18.477205],[77.3924163,18.4772047],[77.3924081,18.4772002],[77.3924078,18.4772001],[77.3924026,18.4771983],[77.3924025,18.4771983],[77.3924019,18.4771985],[77.3924016,18.4771987],[77.3924013,18.4771989],[77.3924013,18.4771989],[77.392401,18.4771985],[77.3924008,18.4771976],[77.3924008,18.4771976],[77.3924006,18.4771972],[77.3924006,18.4771972],[77.3924004,18.4771968],[77.3924003,18.4771966],[77.3923992,18.4771953],[77.3923977,18.4771932],[77.3923974,18.4771928],[77.392397,18.4771921],[77.392397,18.4771921],[77.3923964,18.4771914],[77.3923963,18.4771914],[77.3923959,18.4771911],[77.3923958,18.477191],[77.3923953,18.4771907],[77.3923953,18.4771906],[77.3923941,18.4771891],[77.3923922,18.4771865],[77.3923921,18.4771864],[77.3923897,18.4771823],[77.3923895,18.477182],[77.3923872,18.4771789],[77.3923872,18.4771789],[77.3923875,18.47718],[77.3923875,18.47718],[77.3923891,18.4771817],[77.3923894,18.477182],[77.3923903,18.477183],[77.3923903,18.477183],[77.3923908,18.4771839],[77.3923908,18.4771839],[77.3923903,18.4771837],[77.3923903,18.4771836],[77.3923895,18.4771821],[77.3923895,18.4771821],[77.3923885,18.4771785],[77.3923885,18.4771783],[77.3923875,18.4771752],[77.3923875,18.4771752],[77.3923877,18.4771757],[77.3923879,18.4771758],[77.3923896,18.4771773],[77.3923896,18.4771774],[77.3923919,18.477181],[77.3923947,18.4771861],[77.3923969,18.4771905],[77.3923987,18.4771949],[77.3923989,18.4771952]]}},{"type":"Feature","properties":{"flight":46,"sol":717,"date":"2023-02-25","max_alt_m":12.0},"geometry":{"type":"LineString","coordinates":[[77.3923989,18.4771952],[77.3923988,18.4771953],[77.3923981,18.477196],[77.392398,18.4771961],[77.392397,18.4771968],[77.392397,18.4771968],[77.3923955,18.4771976],[77.392394,18.4771983],[77.3923939,18.4771984],[77.3923931,18.4771989],[77.3923931,18.4771989],[77.3923927,18.4771992],[77.3923927,18.4771993],[77.3923926,18.4771995],[77.3923926,18.4771995],[77.3923927,18.4771996],[77.3923927,18.4771996],[77.3923929,18.4771995],[77.3923929,18.4771995],[77.3923931,18.4771994],[77.3923932,18.4771994],[77.3923933,18.4771993],[77.3923933,18.4771993],[77.3923934,18.477199],[77.3923934,18.477199],[77.3923935,18.4771987],[77.3923935,18.4771987],[77.3923936,18.4771983],[77.3923937,18.4771982],[77.3923937,18.4771978],[77.3923937,18.4771978],[77.392394,18.4771971],[77.392394,18.4771971],[77.392395,18.4771963],[77.3923965,18.4771953],[77.3923976,18.4771945],[77.3923977,18.4771944],[77.3923982,18.477194],[77.3923984,18.4771937],[77.3923985,18.4771937],[77.3923986,18.4771936],[77.3923986,18.4771937],[77.3923985,18.4771937],[77.3923985,18.4771937],[77.3923986,18.4771935],[77.3923986,18.4771935],[77.3923987,18.4771932],[77.3923988,18.4771932],[77.3923989,18.477193],[77.3923989,18.477193],[77.392399,18.477193],[77.392399,18.477193],[77.3923991,18.477193],[77.3923991,18.477193],[77.392399,18.4771931],[77.392399,18.4771931],[77.3923989,18.4771931],[77.3923988,18.4771931],[77.3923986,18.4771932],[77.3923984,18.4771932],[77.3923984,18.4771932],[77.3923981,18.4771931],[77.3923981,18.4771931],[77.3923979,18.4771932],[77.3923978,18.4771932],[77.3923976,18.4771932],[77.3923976,18.4771932],[77.3923974,18.4771931],[77.3923974,18.4771931],[77.3923971,18.477193],[77.3923971,18.4771929],[77.392397,18.4771928],[77.392397,18.4771928],[77.3923971,18.4771928],[77.3923971,18.4771928],[77.3923972,18.4771928],[77.3923972,18.4771928],[77.3923966,18.4771923],[77.3923945,18.477191],[77.3923913,18.4771889],[77.3923847,18.4771843],[77.3923763,18.4771784],[77.3923657,18.477171],[77.3923526,18.4771617],[77.3923376,18.4771513],[77.39232,18.477139],[77.3923002,18.4771251],[77.3922776,18.4771093],[77.3922527,18.4770921],[77.3922257,18.477074],[77.3921965,18.4770547],[77.392166,18.4770342],[77.3921337,18.4770124],[77.3921017,18.4769908],[77.3920702,18.4769696],[77.3920385,18.4769483],[77.3920063,18.4769267],[77.3919739,18.4769048],[77.3919411,18.4768827],[77.391908,18.4768601],[77.391875,18.4768376],[77.3918422,18.4768152],[77.3918094,18.4767927],[77.3917762,18.4767698],[77.3917427,18.4767467],[77.39171,18.4767241],[77.3916779,18.476702],[77.3916458,18.4766799],[77.3916134,18.4766577],[77.391581,18.4766355],[77.3915489,18.4766135],[77.3915168,18.4765917],[77.3914847,18.4765698],[77.3914524,18.4765479],[77.3914201,18.4765258],[77.3913903,18.4765055],[77.3913577,18.4764832],[77.391306,18.4764475],[77.3912335,18.4763971],[77.3911821,18.476362],[77.3911517,18.4763415],[77.3911233,18.4763224],[77.3910822,18.4762946],[77.3910447,18.4762693],[77.3910374,18.4762643],[77.3910362,18.4762635],[77.3910327,18.4762612],[77.3910036,18.4762414],[77.3909633,18.476214],[77.3909309,18.4761919],[77.3908989,18.4761698],[77.3908674,18.4761473],[77.3908364,18.4761241],[77.3908047,18.4761015],[77.3907717,18.4760795],[77.3907385,18.4760577],[77.3907083,18.4760373],[77.390679,18.4760168],[77.390636,18.4759868],[77.3905655,18.4759377],[77.390504,18.4758965],[77.390467,18.4758743],[77.3904364,18.4758565],[77.3904017,18.4758352],[77.3903662,18.4758128],[77.3903505,18.4758021],[77.3903464,18.475799],[77.3903414,18.475795],[77.3903412,18.4757948],[77.3903217,18.4757755],[77.3902883,18.4757431],[77.3902871,18.4757421],[77.3902553,18.4757178],[77.3902202,18.4756953],[77.3901849,18.475674],[77.3901501,18.475654],[77.3901156,18.4756344],[77.3900818,18.4756141],[77.3900484,18.4755936],[77.3900155,18.4755731],[77.3899831,18.4755524],[77.3899507,18.4755318],[77.3899184,18.4755108],[77.3898863,18.4754896],[77.3898545,18.4754678],[77.3898232,18.475445],[77.3897922,18.4754222],[77.3897616,18.4753988],[77.3897304,18.4753757],[77.3896974,18.4753531],[77.3896638,18.4753309],[77.3896307,18.4753094],[77.3895981,18.4752881],[77.3895654,18.4752668],[77.3895324,18.4752456],[77.389499,18.4752245],[77.3894648,18.475204],[77.3894304,18.4751836],[77.3893971,18.4751623],[77.3893645,18.4751405],[77.3893319,18.4751186],[77.3892992,18.4750965],[77.3892663,18.4750741],[77.3892331,18.4750509],[77.3891998,18.4750273],[77.3891671,18.4750045],[77.3891348,18.4749825],[77.3891026,18.4749605],[77.3890701,18.4749385],[77.3890378,18.4749163],[77.3890058,18.4748933],[77.388974,18.4748701],[77.3889416,18.4748478],[77.3889081,18.4748267],[77.3888747,18.4748057],[77.3888417,18.4747844],[77.3888088,18.4747628],[77.3887766,18.4747407],[77.3887449,18.474718],[77.3887126,18.4746951],[77.3886793,18.4746721],[77.3886461,18.4746491],[77.3886142,18.474626],[77.3885826,18.4746033],[77.3885496,18.4745818],[77.3885156,18.4745613],[77.3884826,18.4745399],[77.3884513,18.4745169],[77.3884202,18.4744938],[77.3883879,18.4744722],[77.3883551,18.4744512],[77.3883228,18.4744294],[77.3882908,18.474407],[77.3882581,18.4743851],[77.3882247,18.474364],[77.3881904,18.4743433],[77.3881541,18.474323],[77.3881162,18.4743034],[77.3880801,18.4742839],[77.3880455,18.4742648],[77.388012,18.4742448],[77.3879802,18.474223],[77.3879489,18.4742003],[77.3879167,18.4741775],[77.3878839,18.4741544],[77.3878508,18.4741315],[77.3878172,18.4741089],[77.3877845,18.4740861],[77.3877538,18.4740627],[77.3877241,18.4740391],[77.3876943,18.4740154],[77.3876652,18.4739911],[77.3876642,18.4739903],[77.3876341,18.4739686],[77.387633,18.4739679],[77.3875995,18.4739489],[77.3875647,18.4739288],[77.3875636,18.473928],[77.3875322,18.4739044],[77.3875006,18.4738787],[77.3874996,18.4738779],[77.3874688,18.4738582],[77.3874373,18.4738406],[77.3874083,18.4738241],[77.3873825,18.4738076],[77.3873589,18.4737918],[77.3873364,18.4737771],[77.3873155,18.4737633],[77.3872973,18.4737508],[77.3872819,18.4737396],[77.3872814,18.4737392],[77.3872662,18.4737294],[77.3872656,18.4737291],[77.3872446,18.4737199],[77.3872438,18.4737196],[77.3872278,18.4737119],[77.3872275,18.4737117],[77.3872275,18.4737064],[77.3872275,18.4737062],[77.3872298,18.4737018],[77.3872305,18.4737007],[77.3872302,18.473701],[77.3872275,18.4737037],[77.3872233,18.473708],[77.3872232,18.4737082],[77.3872161,18.4737163],[77.3872089,18.473725],[77.3872084,18.4737256],[77.3872091,18.4737246],[77.387213,18.4737192],[77.3872153,18.4737158],[77.3872153,18.4737158],[77.3872157,18.4737148],[77.3872157,18.4737148],[77.3872162,18.4737138],[77.3872162,18.4737138],[77.3872184,18.4737118],[77.3872185,18.4737118],[77.3872221,18.4737096],[77.3872223,18.4737094],[77.3872254,18.4737081],[77.3872255,18.4737081],[77.3872287,18.473707],[77.3872289,18.473707],[77.3872315,18.4737069],[77.3872316,18.4737069],[77.3872331,18.4737123],[77.3872345,18.4737213],[77.3872346,18.4737216],[77.3872376,18.4737312],[77.3872424,18.4737435],[77.3872478,18.4737574],[77.3872541,18.4737733],[77.3872613,18.4737914],[77.3872691,18.473813],[77.3872782,18.4738367],[77.3872785,18.4738375],[77.3872897,18.4738603],[77.3873037,18.4738846],[77.3873041,18.4738854],[77.3873176,18.4739117],[77.3873313,18.4739428],[77.3873452,18.4739757],[77.3873581,18.4740068],[77.3873721,18.4740416],[77.3873956,18.474102],[77.3874294,18.4741916],[77.3874425,18.4742259],[77.3874436,18.4742287],[77.3874449,18.4742319],[77.3874542,18.4742548],[77.3874722,18.4742987],[77.3874882,18.474336],[77.3875038,18.4743709],[77.3875194,18.4744056],[77.3875352,18.4744405],[77.387551,18.4744753],[77.3875663,18.4745097],[77.3875813,18.474544],[77.3875962,18.4745784],[77.3876109,18.4746129],[77.3876258,18.4746476],[77.3876415,18.4746828],[77.3876573,18.4747182],[77.3876722,18.4747538],[77.3876865,18.4747896],[77.3877009,18.4748253],[77.3877155,18.4748616],[77.3877295,18.4748961],[77.387741,18.4749243],[77.3877534,18.4749539],[77.3877736,18.4750003],[77.3878053,18.4750695],[77.3878323,18.4751278]]}},{"type":"Feature","properties":{"flight":47,"sol":729,"date":"2023-03-09","max_alt_m":12.0},"geometry":{"type":"LineString","coordinates":[[77.3878331,18.4751296],[77.387833,18.4751297],[77.3878321,18.4751305],[77.387832,18.4751305],[77.387831,18.4751309],[77.387831,18.4751309],[77.3878299,18.4751305],[77.3878299,18.4751305],[77.3878289,18.47513],[77.3878288,18.4751299],[77.3878279,18.47513],[77.3878279,18.47513],[77.3878271,18.4751302],[77.3878265,18.4751305],[77.3878264,18.4751305],[77.387826,18.4751307],[77.387826,18.4751307],[77.3878259,18.4751308],[77.3878259,18.4751308],[77.3878261,18.4751307],[77.3878261,18.4751307],[77.3878265,18.4751305],[77.3878265,18.4751305],[77.3878272,18.4751305],[77.3878272,18.4751305],[77.387828,18.4751303],[77.387828,18.4751303],[77.3878286,18.4751298],[77.3878287,18.4751298],[77.3878292,18.4751291],[77.3878292,18.4751291],[77.3878294,18.4751288],[77.3878295,18.4751288],[77.3878294,18.4751289],[77.3878294,18.4751289],[77.3878292,18.4751287],[77.3878291,18.4751287],[77.3878286,18.4751282],[77.3878286,18.4751282],[77.3878282,18.4751279],[77.3878282,18.4751279],[77.387828,18.475128],[77.387828,18.475128],[77.3878279,18.4751283],[77.3878279,18.4751283],[77.387828,18.4751285],[77.387828,18.4751285],[77.3878281,18.4751288],[77.3878281,18.4751288],[77.3878283,18.4751289],[77.3878283,18.4751289],[77.3878285,18.475129],[77.3878285,18.475129],[77.3878286,18.475129],[77.3878286,18.4751291],[77.3878287,18.4751292],[77.3878287,18.4751292],[77.3878287,18.4751293],[77.3878287,18.4751293],[77.3878285,18.4751295],[77.3878285,18.4751296],[77.3878285,18.4751298],[77.3878285,18.4751298],[77.3878288,18.4751304],[77.3878291,18.4751309],[77.3878291,18.4751309],[77.3878292,18.4751312],[77.3878292,18.4751312],[77.3878292,18.4751313],[77.3878292,18.4751313],[77.3878292,18.475131],[77.3878292,18.4751309],[77.387829,18.4751302],[77.387829,18.4751302],[77.3878288,18.4751299],[77.3878288,18.4751298],[77.3878287,18.4751298],[77.3878287,18.4751298],[77.3878284,18.4751295],[77.387825,18.4751268],[77.3878191,18.4751221],[77.3878109,18.4751161],[77.3877997,18.4751081],[77.3877867,18.4750985],[77.3877708,18.4750869],[77.3877527,18.4750739],[77.3877317,18.475059],[77.3877086,18.4750428],[77.3876829,18.475025],[77.3876548,18.4750056],[77.387623,18.4749839],[77.3875893,18.4749613],[77.3875559,18.4749386],[77.3875222,18.4749155],[77.3874884,18.4748924],[77.3874545,18.4748691],[77.3874194,18.4748452],[77.3873832,18.4748206],[77.3873476,18.4747963],[77.3873155,18.4747743],[77.387277,18.474748],[77.3872124,18.4747033],[77.3871444,18.4746562],[77.3871045,18.4746288],[77.3870738,18.4746078],[77.3870377,18.4745832],[77.3869986,18.4745566],[77.3869823,18.4745455],[77.386978,18.4745425],[77.3869703,18.4745373],[77.3869385,18.4745148],[77.3868978,18.4744857],[77.3868638,18.4744606],[77.3868299,18.4744353],[77.386796,18.4744103],[77.3867619,18.4743853],[77.3867285,18.474361],[77.3866961,18.4743374],[77.3866525,18.4743063],[77.3865835,18.4742588],[77.3865237,18.474218],[77.3864867,18.4741926],[77.3864541,18.4741704],[77.3864116,18.4741425],[77.3863746,18.4741184],[77.3863673,18.4741134],[77.3863651,18.4741118],[77.3863549,18.4741045],[77.3863165,18.4740775],[77.3862768,18.47405],[77.386242,18.4740266],[77.3862074,18.4740031],[77.3861734,18.4739785],[77.3861395,18.4739538],[77.3861052,18.4739296],[77.3860706,18.4739054],[77.3860374,18.4738822],[77.3860049,18.4738596],[77.3859603,18.4738268],[77.3858927,18.473774],[77.3858369,18.47373],[77.3857947,18.4736966],[77.38577,18.4736775],[77.3857649,18.473674],[77.385761,18.4736715],[77.3857412,18.4736579],[77.3856991,18.4736288],[77.3856624,18.4736038],[77.3856284,18.4735808],[77.3855944,18.4735575],[77.3855605,18.4735339],[77.3855267,18.4735101],[77.3854959,18.4734877],[77.3854603,18.4734615],[77.3853999,18.473417],[77.38533,18.473366],[77.3852885,18.4733374],[77.3852589,18.4733174],[77.3852235,18.4732929],[77.3851805,18.4732618],[77.3851613,18.4732474],[77.3851578,18.4732446],[77.3851529,18.4732407],[77.3851247,18.4732209],[77.385083,18.4731914],[77.3850495,18.4731662],[77.3850167,18.473141],[77.3849831,18.4731164],[77.384949,18.4730923],[77.3849147,18.4730688],[77.3848814,18.473047],[77.3848802,18.4730462],[77.3848409,18.4730173],[77.3848392,18.4730159],[77.3847815,18.4729614],[77.3847794,18.4729593],[77.3847252,18.4729107],[77.3846878,18.4728853],[77.3846556,18.4728652],[77.3846153,18.4728413],[77.3845759,18.4728188],[77.3845625,18.4728114],[77.3845579,18.472809],[77.3845466,18.4728025],[77.3845085,18.4727793],[77.3844662,18.472753],[77.3844299,18.4727295],[77.3843932,18.4727064],[77.3843919,18.4727056],[77.3843543,18.4726853],[77.3843143,18.472665],[77.3842748,18.4726421],[77.3842356,18.4726177],[77.3841994,18.4725929],[77.3841669,18.4725687],[77.3841235,18.4725359],[77.3840521,18.4724825],[77.3839896,18.4724347],[77.3839453,18.472399],[77.3839185,18.4723771],[77.3839154,18.4723745],[77.3839139,18.4723732],[77.3839011,18.4723631],[77.3838624,18.4723327],[77.3838273,18.4723043],[77.383796,18.4722782],[77.3837652,18.472252],[77.383735,18.4722257],[77.3837045,18.4721993],[77.3836756,18.4721749],[77.383643,18.4721477],[77.3835933,18.4721047],[77.3835273,18.4720479],[77.3834587,18.4719943],[77.3833854,18.4719416],[77.3833331,18.4719039],[77.3832987,18.4718788],[77.3832664,18.4718548],[77.3832326,18.4718287],[77.3831989,18.471803],[77.3831664,18.4717801],[77.3831316,18.471756],[77.3830784,18.4717174],[77.3830118,18.4716679],[77.3829724,18.471639],[77.382946,18.4716197],[77.3829372,18.4716135],[77.3829361,18.4716128],[77.3829344,18.4716116],[77.3829206,18.4716012],[77.3829015,18.4715868],[77.3828882,18.4715776],[77.382877,18.4715701],[77.3828767,18.4715699],[77.3828693,18.4715638],[77.3828676,18.4715622],[77.3828635,18.4715585],[77.3828633,18.4715584],[77.3828576,18.4715582],[77.3828574,18.4715583],[77.3828506,18.4715631],[77.3828481,18.4715654],[77.3828485,18.4715649],[77.3828562,18.4715547],[77.3828621,18.471547],[77.382862,18.471547],[77.3828603,18.4715482],[77.3828581,18.4715499],[77.382858,18.47155],[77.382858,18.4715504],[77.3828581,18.4715505],[77.3828582,18.4715507],[77.3828582,18.4715507],[77.3828573,18.4715518],[77.3828537,18.4715551],[77.3828534,18.4715553],[77.3828498,18.4715589],[77.3828457,18.4715638],[77.3828455,18.471564],[77.382841,18.4715662],[77.3828408,18.4715662],[77.3828352,18.4715657],[77.3828279,18.4715644],[77.3828274,18.4715643],[77.3828184,18.4715625],[77.3828063,18.4715598],[77.382792,18.471557],[77.3827746,18.4715541],[77.3827546,18.4715513],[77.382731,18.4715488],[77.3827042,18.4715469],[77.3826731,18.4715459],[77.3826388,18.4715448],[77.3826008,18.4715432],[77.3825606,18.4715411],[77.3825203,18.4715382],[77.3824795,18.4715344],[77.3824391,18.4715305],[77.382399,18.4715262],[77.3823581,18.4715227],[77.3823161,18.4715195],[77.3822744,18.4715174],[77.3822334,18.4715164],[77.3821923,18.4715157],[77.3821543,18.4715157],[77.3821112,18.4715157],[77.3820368,18.4715144],[77.3819422,18.4715122],[77.3818823,18.4715117],[77.3818403,18.4715115],[77.3817973,18.4715112],[77.3817524,18.4715105],[77.3817088,18.4715095],[77.3816663,18.4715078],[77.3816267,18.4715057],[77.3815948,18.4715043],[77.3815623,18.4715027],[77.3815017,18.4714986],[77.381427,18.4714927],[77.3814145,18.4714918],[77.3814145,18.4714918],[77.3814151,18.471492],[77.3814152,18.471492],[77.3814157,18.4714924],[77.3814157,18.4714925],[77.3814158,18.4714945],[77.3814159,18.4714946],[77.3814163,18.4714958],[77.3814163,18.4714957],[77.3814173,18.4714946],[77.3814186,18.4714923],[77.3814187,18.4714921],[77.3814202,18.471489],[77.381422,18.4714844],[77.3814237,18.4714792],[77.3814252,18.4714737],[77.3814253,18.4714733],[77.3814253,18.4714723],[77.3814253,18.4714723],[77.3814243,18.4714722],[77.3814243,18.4714722],[77.3814237,18.4714727],[77.3814236,18.4714728],[77.3814231,18.471477],[77.3814227,18.47148],[77.3814227,18.47148],[77.3814221,18.4714776],[77.3814208,18.4714723],[77.3814187,18.4714621],[77.3814162,18.4714487],[77.3814157,18.4714444],[77.3814157,18.4714443],[77.3814151,18.4714433],[77.3814151,18.4714432],[77.3814145,18.4714382],[77.3814116,18.4714193],[77.381409,18.4713988],[77.3814077,18.4713799],[77.3814063,18.4713636],[77.3814062,18.4713631],[77.3814035,18.4713515],[77.3814033,18.4713508],[77.3814013,18.4713417],[77.3814013,18.4713414],[77.381401,18.471334],[77.3814008,18.4713281],[77.3814006,18.4713244],[77.3814005,18.4713224],[77.3814005,18.4713223],[77.3814003,18.4713213],[77.3814003,18.4713213],[77.3813998,18.471321],[77.3813998,18.471321],[77.3813995,18.4713208],[77.3813995,18.4713208],[77.3814001,18.4713202],[77.3814001,18.4713202],[77.3814007,18.4713199],[77.3814007,18.4713199],[77.3814006,18.4713205],[77.3814003,18.4713214],[77.3814003,18.4713214],[77.3814004,18.471322],[77.3814006,18.4713221],[77.3814008,18.4713223],[77.3814008,18.4713224],[77.3814006,18.4713233],[77.3814,18.4713246],[77.3814,18.4713246],[77.3813995,18.4713257],[77.3813995,18.4713257],[77.3813997,18.4713257],[77.3814,18.4713253],[77.3814001,18.4713253],[77.3814002,18.4713251],[77.3814002,18.4713251],[77.3814003,18.4713248],[77.3814003,18.4713247]]}},{"type":"Feature","properties":{"flight":48,"sol":741,"date":"2023-03-21","max_alt_m":12.0},"geometry":{"type":"LineString","coordinates":[[77.3814003,18.4713247],[77.3813988,18.4713252],[77.3813973,18.4713258],[77.3813957,18.4713264],[77.3813944,18.471327],[77.3813935,18.4713273],[77.3813929,18.4713276],[77.3813929,18.4713276],[77.3813924,18.4713279],[77.3813924,18.4713279],[77.381392,18.471328],[77.381392,18.471328],[77.3813915,18.4713276],[77.3813915,18.4713276],[77.381391,18.4713272],[77.381391,18.4713272],[77.3813908,18.4713269],[77.3813908,18.4713269],[77.3813908,18.4713266],[77.3813908,18.4713262],[77.3813908,18.4713261],[77.3813909,18.4713257],[77.381391,18.4713257],[77.3813912,18.4713252],[77.3813912,18.4713251],[77.3813918,18.4713245],[77.3813931,18.4713237],[77.3813943,18.4713229],[77.3813944,18.4713228],[77.381395,18.4713221],[77.3813951,18.4713218],[77.3813953,18.4713215],[77.3813953,18.4713215],[77.3813958,18.4713213],[77.3813958,18.4713213],[77.3813963,18.4713213],[77.3813964,18.4713213],[77.3813973,18.4713215],[77.3813974,18.4713215],[77.3813985,18.4713218],[77.3813985,18.4713219],[77.3813993,18.4713225],[77.3813994,18.4713226],[77.3814002,18.471323],[77.3814002,18.4713229],[77.381402,18.4713207],[77.3814021,18.4713205],[77.3814042,18.471317],[77.3814042,18.4713169],[77.3814048,18.4713154],[77.3814052,18.4713144],[77.3814052,18.4713144],[77.381403,18.4713138],[77.3813987,18.4713133],[77.3813977,18.4713132],[77.3813977,18.4713132],[77.381397,18.4713134],[77.3813969,18.4713134],[77.3813906,18.4713143],[77.3813758,18.4713162],[77.3813597,18.4713188],[77.38134,18.4713226],[77.3813165,18.4713275],[77.3812887,18.4713338],[77.3812577,18.4713412],[77.381223,18.4713499],[77.3811851,18.4713592],[77.3811447,18.471369],[77.3811051,18.4713786],[77.3810657,18.471388],[77.3810253,18.4713972],[77.3809843,18.471406],[77.380943,18.4714144],[77.3809015,18.4714225],[77.3808604,18.4714301],[77.3808195,18.4714375],[77.3807791,18.4714448],[77.3807389,18.4714522],[77.3806972,18.4714597],[77.3806547,18.4714674],[77.3806132,18.4714748],[77.3805723,18.4714821],[77.3805313,18.4714897],[77.3804902,18.4714976],[77.3804495,18.4715055],[77.380409,18.4715135],[77.3803688,18.471521],[77.3803288,18.4715282],[77.3802886,18.4715351],[77.380248,18.4715418],[77.380208,18.4715489],[77.3801672,18.4715567],[77.3801025,18.471569],[77.3800121,18.4715863],[77.3799605,18.4715958],[77.3799286,18.4716014],[77.3798859,18.4716087],[77.379836,18.471617],[77.3798232,18.4716191],[77.3798204,18.4716194],[77.3798053,18.4716215],[77.3797569,18.4716279],[77.3797126,18.4716342],[77.3796712,18.4716405],[77.3796286,18.4716479],[77.3795847,18.4716576],[77.3795832,18.4716579],[77.3795427,18.4716703],[77.3795021,18.4716869],[77.3795008,18.4716874],[77.3794628,18.4716987],[77.3794244,18.4717074],[77.3793853,18.4717148],[77.3793454,18.4717213],[77.379304,18.4717265],[77.3792608,18.4717305],[77.3792178,18.4717348],[77.379175,18.4717392],[77.3791321,18.4717442],[77.3790892,18.4717498],[77.3790465,18.4717544],[77.3790042,18.4717581],[77.3789615,18.4717618],[77.378918,18.4717658],[77.3788754,18.4717709],[77.378834,18.4717777],[77.3787925,18.471785],[77.3787509,18.4717925],[77.3787089,18.4718015],[77.3786665,18.4718127],[77.3786249,18.4718256],[77.3785843,18.4718412],[77.378583,18.4718417],[77.3785444,18.4718492],[77.3785051,18.4718517],[77.3784646,18.4718546],[77.3784225,18.4718587],[77.3783806,18.4718639],[77.3783393,18.4718707],[77.3782981,18.4718775],[77.3782571,18.4718837],[77.378216,18.4718898],[77.3781748,18.4718959],[77.3781336,18.4719025],[77.3780947,18.4719094],[77.3780421,18.4719184],[77.3779548,18.4719324],[77.3778851,18.4719435],[77.3778419,18.4719504],[77.3777996,18.4719573],[77.3777466,18.4719663],[77.3777246,18.4719702],[77.3777225,18.4719707],[77.3777223,18.4719707],[77.3777169,18.4719716],[77.3776748,18.4719775],[77.377626,18.4719854],[77.3775835,18.4719952],[77.3775417,18.4720045],[77.3775012,18.4720123],[77.377461,18.4720194],[77.3774237,18.4720255],[77.3773755,18.4720334],[77.3772902,18.4720488],[77.3772231,18.4720592],[77.377189,18.472063],[77.3771614,18.4720658],[77.3771316,18.4720686],[77.3771166,18.4720702],[77.3771165,18.4720703],[77.3771143,18.4720711],[77.3771142,18.4720711],[77.377111,18.4720713],[77.377095,18.4720705],[77.3770943,18.4720705],[77.3770793,18.472069],[77.377079,18.4720689],[77.3770704,18.4720656],[77.3770702,18.4720655],[77.3770649,18.4720612],[77.3770648,18.472061],[77.3770621,18.4720556],[77.377062,18.4720554],[77.3770605,18.4720503],[77.3770604,18.47205],[77.3770596,18.4720462],[77.3770589,18.4720424],[77.3770578,18.4720382],[77.3770577,18.4720379],[77.3770572,18.4720354],[77.3770573,18.4720343],[77.3770573,18.4720343],[77.3770573,18.4720339],[77.3770573,18.4720339],[77.3770577,18.4720383],[77.3770579,18.4720432],[77.3770579,18.4720432],[77.3770576,18.4720446],[77.3770576,18.4720446],[77.3770573,18.4720464],[77.377057,18.4720556],[77.3770565,18.47207],[77.3770561,18.472086],[77.3770554,18.4721055],[77.3770529,18.4721301],[77.3770502,18.4721573],[77.3770483,18.4721863],[77.3770466,18.4722113],[77.3770451,18.4722275],[77.3770436,18.47224],[77.3770425,18.4722519],[77.3770418,18.4722586],[77.3770418,18.4722586],[77.3770417,18.4722585],[77.3770417,18.4722585],[77.3770417,18.4722584],[77.3770417,18.4722584],[77.3770416,18.4722585],[77.3770416,18.4722585],[77.3770415,18.4722588],[77.3770415,18.4722588],[77.3770409,18.4722603],[77.3770398,18.4722634],[77.3770378,18.472269],[77.3770349,18.4722779],[77.3770318,18.4722902],[77.3770282,18.4723065],[77.3770242,18.4723257],[77.3770197,18.4723487],[77.377014,18.472376],[77.3770072,18.4724068],[77.3769992,18.4724385],[77.3769905,18.4724718],[77.3769819,18.4725069],[77.3769738,18.4725441],[77.3769674,18.4725813],[77.3769609,18.472624],[77.3769485,18.4726979],[77.3769331,18.4727811],[77.3769326,18.4727831],[77.3769218,18.4728235],[77.3769122,18.4728556],[77.3769119,18.4728568],[77.3769033,18.4728994],[77.376896,18.4729371],[77.3768958,18.4729377],[77.3768933,18.4729443],[77.3768913,18.4729486],[77.3768912,18.4729488],[77.3768846,18.4729711],[77.3768737,18.4730141],[77.3768649,18.4730509],[77.3768572,18.4730879],[77.3768522,18.4731246],[77.3768473,18.4731648],[77.3768471,18.4731664],[77.3768357,18.4732311],[77.376818,18.4733115],[77.3768075,18.4733625],[77.3768006,18.4733968],[77.3767994,18.4734028],[77.3767989,18.4734054],[77.3767961,18.4734253],[77.3767896,18.4734715],[77.3767838,18.4735102],[77.3767777,18.4735474],[77.3767701,18.4735845],[77.3767612,18.4736214],[77.3767527,18.4736587],[77.3767445,18.4736964],[77.3767365,18.4737333],[77.3767283,18.4737719],[77.3767119,18.473839],[77.3766905,18.4739207],[77.3766878,18.4739307],[77.3766876,18.4739315],[77.376684,18.4739454],[77.3766725,18.4739896],[77.3766634,18.4740282],[77.3766552,18.4740656],[77.3766465,18.4741029],[77.3766374,18.4741401],[77.3766274,18.4741771],[77.3766168,18.474214],[77.3766083,18.4742511],[77.3766012,18.4742881],[77.3765952,18.4743207],[77.3765901,18.47435],[77.3765853,18.4743763],[77.3765809,18.4743998],[77.3765777,18.4744192],[77.3765753,18.4744355],[77.3765732,18.4744477],[77.3765714,18.4744571],[77.3765714,18.4744574],[77.3765708,18.4744625],[77.3765709,18.4744659],[77.3765709,18.4744661],[77.3765706,18.4744674],[77.3765706,18.4744675],[77.3765701,18.4744682],[77.37657,18.4744682],[77.3765699,18.4744684],[77.3765699,18.4744684],[77.3765704,18.4744683],[77.3765704,18.4744683],[77.3765715,18.4744683],[77.3765735,18.4744685],[77.3765736,18.4744685],[77.3765735,18.4744683],[77.3765713,18.4744672],[77.3765684,18.4744657],[77.3765643,18.4744634],[77.3765642,18.4744633],[77.3765606,18.4744606],[77.3765605,18.4744604],[77.3765572,18.4744573],[77.3765571,18.4744572],[77.3765559,18.4744549],[77.3765558,18.4744548],[77.3765553,18.474453],[77.3765553,18.474453],[77.3765558,18.4744527],[77.3765608,18.4744532],[77.3765683,18.4744541],[77.3765806,18.4744559],[77.3765956,18.4744582],[77.3766144,18.4744615],[77.3766345,18.4744651],[77.3766559,18.4744692],[77.376675,18.474473],[77.3766919,18.4744765],[77.3767052,18.4744794],[77.3767157,18.4744822],[77.376716,18.4744823],[77.3767218,18.4744835],[77.3767219,18.4744835],[77.376725,18.4744837],[77.3767272,18.4744837],[77.3767273,18.4744837],[77.3767286,18.4744833],[77.3767287,18.4744833],[77.3767296,18.4744829],[77.3767298,18.4744828],[77.3767306,18.4744822],[77.3767306,18.4744822],[77.3767304,18.4744818],[77.3767303,18.4744818],[77.3767295,18.4744816],[77.3767287,18.4744815],[77.3767287,18.4744815],[77.3767287,18.4744814],[77.3767287,18.4744814],[77.3767286,18.4744814],[77.3767281,18.4744811],[77.3767281,18.4744811],[77.3767275,18.474481],[77.3767275,18.4744811],[77.376727,18.4744814],[77.376727,18.4744814],[77.3767266,18.4744816],[77.3767266,18.4744816],[77.3767267,18.4744817],[77.3767267,18.4744817],[77.376727,18.4744817],[77.376727,18.4744816],[77.3767276,18.4744814],[77.3767276,18.4744814],[77.3767274,18.4744811],[77.376727,18.4744808],[77.3767265,18.4744805],[77.3767265,18.4744804],[77.3767263,18.4744812],[77.3767264,18.4744813],[77.3767319,18.4744831],[77.3767321,18.4744832],[77.3767344,18.4744847],[77.3767343,18.4744848],[77.3767335,18.4744847],[77.3767334,18.4744846],[77.3767319,18.4744839],[77.3767248,18.474482],[77.3767201,18.4744809],[77.37672,18.4744809],[77.3767203,18.4744813],[77.3767203,18.4744813],[77.3767228,18.4744823]]}},{"type":"Feature","properties":{"flight":49,"sol":752,"date":"2023-04-02","max_alt_m":16.0},"geometry":{"type":"LineString","coordinates":[[77.3767229,18.4744824],[77.3767229,18.4744823],[77.3767228,18.4744819],[77.3767228,18.4744819],[77.3767226,18.4744817],[77.3767225,18.4744817],[77.3767222,18.4744816],[77.3767222,18.4744816],[77.3767217,18.4744816],[77.3767217,18.4744816],[77.376721,18.474482],[77.376721,18.474482],[77.3767204,18.4744824],[77.3767204,18.4744824],[77.37672,18.4744824],[77.3767199,18.4744824],[77.3767196,18.4744822],[77.3767196,18.4744822],[77.3767195,18.4744818],[77.3767195,18.4744818],[77.3767196,18.4744813],[77.3767196,18.4744813],[77.3767198,18.4744811],[77.3767198,18.4744811],[77.3767201,18.4744812],[77.3767201,18.4744812],[77.3767202,18.4744812],[77.3767202,18.4744812],[77.3767202,18.4744812],[77.3767201,18.4744812],[77.3767202,18.4744812],[77.3767202,18.4744812],[77.3767203,18.4744812],[77.3767203,18.4744812],[77.3767204,18.4744812],[77.3767204,18.4744812],[77.3767206,18.4744812],[77.3767206,18.4744811],[77.3767207,18.4744811],[77.3767208,18.4744811],[77.3767208,18.4744811],[77.3767208,18.4744811],[77.3767208,18.4744814],[77.3767208,18.4744815],[77.3767207,18.4744821],[77.3767207,18.4744822],[77.3767203,18.4744831],[77.3767203,18.4744831],[77.3767191,18.4744843],[77.376719,18.4744844],[77.3767186,18.4744852],[77.3767187,18.4744853],[77.3767189,18.4744858],[77.3767189,18.4744858],[77.3767193,18.4744856],[77.3767193,18.4744856],[77.3767206,18.4744848],[77.3767222,18.4744839],[77.3767223,18.4744838],[77.376724,18.4744824],[77.3767241,18.4744823],[77.3767251,18.4744811],[77.3767252,18.474481],[77.3767254,18.4744802],[77.3767254,18.4744801],[77.3767256,18.4744796],[77.3767256,18.4744795],[77.3767257,18.4744794],[77.3767257,18.4744794],[77.3767255,18.4744796],[77.3767255,18.4744796],[77.3767244,18.47448],[77.3767218,18.4744809],[77.3767216,18.4744809],[77.3767164,18.4744829],[77.3767065,18.4744869],[77.3766944,18.4744913],[77.3766786,18.4744967],[77.3766596,18.474503],[77.3766367,18.4745104],[77.3766141,18.4745185],[77.3765913,18.4745275],[77.3765691,18.4745362],[77.3765473,18.4745445],[77.3765243,18.4745528],[77.3764997,18.4745611],[77.3764756,18.4745694],[77.3764525,18.4745777],[77.3764289,18.474586],[77.3764049,18.4745945],[77.3763799,18.4746032],[77.3763534,18.4746123],[77.3763274,18.4746212],[77.3763045,18.4746291],[77.3762771,18.4746385],[77.3762309,18.4746545],[77.3761867,18.4746698],[77.3761608,18.4746789],[77.3761378,18.4746869],[77.3761051,18.4746985],[77.376081,18.4747071],[77.3760796,18.4747076],[77.3760796,18.4747076],[77.376079,18.4747078],[77.3760787,18.474708],[77.3760657,18.4747126],[77.3760354,18.4747233],[77.3760106,18.4747324],[77.3759863,18.4747415],[77.3759627,18.47475],[77.3759385,18.4747584],[77.3759002,18.4747714],[77.3758469,18.4747888],[77.375814,18.4747991],[77.3757929,18.4748054],[77.3757693,18.4748131],[77.3757424,18.4748225],[77.3757315,18.4748262],[77.3757286,18.4748271],[77.3757217,18.4748294],[77.3756965,18.4748379],[77.3756692,18.4748472],[77.3756444,18.4748556],[77.3756198,18.4748639],[77.3755975,18.4748713],[77.3755699,18.4748808],[77.375523,18.4748978],[77.3754796,18.4749134],[77.3754523,18.4749229],[77.3754306,18.4749301],[77.3754095,18.4749364],[77.3753959,18.4749404],[77.3753958,18.4749404],[77.3753938,18.4749412],[77.3753923,18.4749419],[77.3753842,18.4749451],[77.3753718,18.4749497],[77.3753654,18.4749518],[77.3753613,18.4749532],[77.3753612,18.4749533],[77.3753599,18.4749539],[77.3753599,18.4749539],[77.3753592,18.4749543],[77.3753592,18.4749543],[77.3753592,18.4749545],[77.3753592,18.4749545],[77.3753593,18.4749544],[77.3753593,18.4749544],[77.3753587,18.4749546],[77.3753558,18.4749549],[77.3753557,18.4749549],[77.3753507,18.474956],[77.3753401,18.4749599],[77.3753256,18.4749652],[77.3753049,18.4749732],[77.3752969,18.4749761],[77.3752955,18.4749765],[77.3752911,18.4749779],[77.3752663,18.4749861],[77.3752367,18.4749963],[77.3752067,18.4750073],[77.375174,18.4750192],[77.3751389,18.4750315],[77.3751008,18.4750448],[77.3750589,18.4750594],[77.3750134,18.4750749],[77.3749639,18.4750914],[77.3749117,18.4751084],[77.3748623,18.4751239],[77.3748052,18.4751417],[77.3747069,18.4751729],[77.3745977,18.4752077],[77.3745287,18.4752295],[77.3744823,18.4752442],[77.3744716,18.4752479],[77.3744661,18.4752498],[77.3744385,18.4752589],[77.3743761,18.4752792],[77.3743216,18.4752977],[77.3742692,18.4753159],[77.3742166,18.4753337],[77.3741637,18.475351],[77.3741109,18.4753685],[77.3740579,18.475386],[77.3740049,18.4754025],[77.3739518,18.4754182],[77.3738979,18.4754338],[77.3738426,18.4754497],[77.373788,18.4754655],[77.3737345,18.4754812],[77.3736817,18.475498],[77.3736298,18.4755169],[77.3735781,18.4755357],[77.3735263,18.4755538],[77.3734744,18.4755711],[77.3734221,18.4755873],[77.3733695,18.4756034],[77.3733168,18.4756205],[77.373264,18.4756379],[77.3732115,18.4756548],[77.3731587,18.4756719],[77.3731046,18.4756897],[77.3730501,18.4757079],[77.3730003,18.4757245],[77.3729477,18.475742],[77.3728557,18.4757697],[77.3727366,18.4758043],[77.3726669,18.4758259],[77.3726179,18.4758419],[77.3725679,18.4758575],[77.3725178,18.4758729],[77.3724474,18.4758946],[77.3723531,18.4759238],[77.3722984,18.4759416],[77.3722675,18.475952],[77.3722405,18.4759624],[77.3722158,18.4759733],[77.3721948,18.4759826],[77.3721768,18.4759907],[77.3721625,18.4759969],[77.3721508,18.476002],[77.3721505,18.4760021],[77.3721433,18.476004],[77.3721389,18.4760043],[77.3721388,18.4760043],[77.3721363,18.4760042],[77.3721362,18.4760042],[77.3721346,18.4760029],[77.3721346,18.4760028],[77.372134,18.4760014],[77.372134,18.4760014],[77.372134,18.4760008],[77.3721341,18.4760001],[77.3721341,18.4760001],[77.3721343,18.4759991],[77.3721343,18.475999],[77.3721345,18.4759977],[77.3721345,18.4759976],[77.3721342,18.475996],[77.3721337,18.4759941],[77.3721334,18.4759919],[77.3721334,18.4759917],[77.3721332,18.4759893],[77.3721332,18.4759892],[77.3721334,18.4759847],[77.3721339,18.4759798],[77.3721339,18.4759797],[77.372134,18.4759792],[77.372134,18.4759792],[77.372134,18.4759794],[77.372134,18.4759794],[77.372134,18.4759796],[77.372134,18.4759796],[77.372134,18.4759799],[77.372134,18.4759799],[77.372134,18.4759805],[77.372134,18.4759821],[77.372134,18.4759822],[77.3721341,18.4759836],[77.3721343,18.475985],[77.3721346,18.4759864],[77.372135,18.4759876],[77.372135,18.4759877],[77.3721352,18.4759888],[77.3721353,18.4759898],[77.3721353,18.4759899],[77.3721354,18.4759909],[77.3721357,18.4759923],[77.3721357,18.4759924],[77.3721357,18.4759933],[77.3721357,18.4759933],[77.3721355,18.4759938],[77.3721355,18.4759938],[77.3721354,18.4759941],[77.3721354,18.4759941],[77.3721357,18.4759944],[77.3721357,18.4759944],[77.3721359,18.4759946],[77.3721359,18.4759946],[77.3721359,18.4759946],[77.3721359,18.4759946],[77.3721359,18.4759944],[77.3721359,18.4759944],[77.3721358,18.4759939],[77.3721357,18.4759933],[77.3721357,18.4759932],[77.3721354,18.4759924],[77.3721354,18.4759923],[77.3721352,18.4759914],[77.3721352,18.4759914],[77.3721351,18.4759908],[77.3721351,18.4759904],[77.3721351,18.4759903],[77.3721352,18.4759899],[77.3721352,18.4759894],[77.3721352,18.4759894],[77.3721352,18.4759888],[77.3721351,18.4759882],[77.3721351,18.4759882],[77.3721352,18.4759882],[77.3721352,18.4759882],[77.3721355,18.4759883],[77.3721356,18.4759883],[77.3721356,18.4759883],[77.3721357,18.4759883],[77.3721357,18.4759883],[77.3721357,18.4759883],[77.3721358,18.4759885],[77.3721358,18.4759885],[77.3721361,18.4759888],[77.3721362,18.4759888],[77.3721364,18.475989],[77.3721365,18.475989],[77.3721367,18.4759889],[77.3721368,18.4759889],[77.372137,18.4759889],[77.372137,18.4759889],[77.3721372,18.475989],[77.3721372,18.475989],[77.3721374,18.4759893],[77.3721374,18.4759894],[77.3721374,18.4759898],[77.3721374,18.4759899],[77.3721374,18.4759905],[77.3721376,18.4759918],[77.3721376,18.4759919],[77.3721374,18.4759932],[77.3721371,18.4759944],[77.3721371,18.4759945],[77.3721369,18.4759948],[77.3721369,18.4759948],[77.3721363,18.475993],[77.3721355,18.4759907],[77.3721347,18.4759887],[77.3721347,18.4759886],[77.3721343,18.4759877],[77.3721343,18.4759877],[77.3721342,18.4759883],[77.3721342,18.4759883],[77.3721343,18.4759889],[77.3721343,18.475989],[77.3721341,18.4759893],[77.3721341,18.4759893],[77.372134,18.4759896],[77.372134,18.4759896],[77.3721341,18.4759897],[77.3721341,18.4759897],[77.3721344,18.4759898],[77.3721345,18.4759898],[77.3721362,18.4759903],[77.3721409,18.4759915],[77.3721411,18.4759915],[77.3721487,18.475993],[77.3721612,18.4759952],[77.3721617,18.4759953],[77.3721764,18.4759991],[77.3721952,18.4760053],[77.3721958,18.4760054],[77.3722147,18.4760103],[77.3722351,18.4760147],[77.3722523,18.4760177],[77.3722671,18.4760201],[77.3722793,18.4760215],[77.3722896,18.4760225],[77.3722952,18.476023],[77.3722953,18.476023],[77.3722981,18.4760226],[77.3722982,18.4760226],[77.3722989,18.4760223],[77.3722988,18.4760223],[77.3722983,18.4760223],[77.3722983,18.4760223],[77.372298,18.4760223],[77.372298,18.4760223],[77.3722988,18.4760221],[77.3722988,18.4760221],[77.3722995,18.476022],[77.3722995,18.4760219],[77.3722997,18.4760217],[77.3722997,18.4760216],[77.3722998,18.4760215],[77.3722998,18.4760215],[77.3723,18.4760216],[77.3723001,18.4760217],[77.3723002,18.4760219],[77.3723003,18.4760219],[77.3723004,18.476022],[77.3723004,18.476022],[77.3723006,18.4760221],[77.372301,18.4760226],[77.372301,18.4760226],[77.3723012,18.4760232],[77.3723012,18.4760232],[77.3723011,18.4760238],[77.3723009,18.4760245],[77.3723009,18.4760245],[77.3723007,18.476025],[77.3723007,18.476025],[77.3723005,18.4760254],[77.3723002,18.476026],[77.3722999,18.4760266],[77.3722997,18.4760269],[77.3722997,18.4760269],[77.3722997,18.4760267],[77.3722997,18.4760267],[77.3722995,18.4760262],[77.3722995,18.4760262],[77.3722992,18.4760251],[77.372299,18.4760245]]}},{"type":"Feature","properties":{"flight":50,"sol":763,"date":"2023-04-13","max_alt_m":18.0},"geometry":{"type":"LineString","coordinates":[[77.372299,18.4760245],[77.3722983,18.4760255],[77.3722977,18.4760264],[77.3722976,18.4760264],[77.3722972,18.4760273],[77.3722971,18.4760274],[77.3722968,18.4760279],[77.3722968,18.4760279],[77.3722963,18.4760282],[77.3722963,18.4760283],[77.372296,18.4760284],[77.372296,18.4760284],[77.3722959,18.4760283],[77.3722959,18.4760283],[77.3722959,18.476028],[77.3722959,18.4760276],[77.3722959,18.4760276],[77.372296,18.4760272],[77.372296,18.4760272],[77.3722961,18.476027],[77.3722962,18.476027],[77.3722964,18.4760269],[77.3722964,18.4760269],[77.3722966,18.4760267],[77.3722966,18.4760267],[77.3722969,18.4760267],[77.3722969,18.4760267],[77.3722973,18.4760267],[77.3722978,18.4760268],[77.3722978,18.4760268],[77.3722982,18.4760268],[77.3722983,18.4760268],[77.3722985,18.4760268],[77.3722985,18.4760268],[77.3722986,18.4760267],[77.3722986,18.4760267],[77.3722987,18.4760265],[77.3722987,18.4760265],[77.3722992,18.4760264],[77.3722993,18.4760264],[77.3722998,18.4760261],[77.3722998,18.4760261],[77.3723003,18.4760255],[77.3723003,18.4760254],[77.3723006,18.4760248],[77.3723006,18.4760248],[77.3723006,18.4760246],[77.3723006,18.4760246],[77.3723006,18.4760246],[77.3723006,18.4760246],[77.3723008,18.4760242],[77.3723008,18.4760242],[77.372301,18.4760239],[77.372301,18.4760239],[77.372301,18.4760238],[77.372301,18.4760238],[77.3723011,18.4760237],[77.3723011,18.4760237],[77.3723012,18.4760236],[77.3723012,18.4760236],[77.3723012,18.4760238],[77.3723011,18.4760239],[77.3722989,18.4760264],[77.3722935,18.4760321],[77.3722863,18.4760398],[77.3722762,18.4760505],[77.3722644,18.4760633],[77.37225,18.476079],[77.3722327,18.4760975],[77.3722124,18.4761191],[77.3721901,18.4761432],[77.3721658,18.4761695],[77.3721407,18.4761968],[77.3721146,18.4762251],[77.3720885,18.4762536],[77.3720621,18.4762825],[77.3720355,18.4763115],[77.3720088,18.4763407],[77.3719819,18.47637],[77.3719548,18.4763993],[77.3719276,18.4764285],[77.3719003,18.4764578],[77.3718732,18.4764867],[77.3718463,18.4765157],[77.3718188,18.4765457],[77.3717911,18.4765761],[77.3717643,18.476606],[77.371738,18.4766354],[77.3717113,18.4766643],[77.3716844,18.4766927],[77.371658,18.476721],[77.3716317,18.4767494],[77.3716054,18.476778],[77.371579,18.4768069],[77.3715524,18.476836],[77.3715257,18.4768652],[77.3714984,18.4768942],[77.3714707,18.4769231],[77.3714429,18.4769532],[77.3714151,18.4769839],[77.371388,18.4770136],[77.3713612,18.4770426],[77.3713342,18.4770716],[77.3713072,18.4771006],[77.3712801,18.4771295],[77.3712529,18.4771585],[77.3712258,18.4771873],[77.3711987,18.4772159],[77.3711725,18.4772447],[77.371147,18.4772735],[77.3711209,18.4773024],[77.3710944,18.4773314],[77.3710676,18.4773603],[77.3710406,18.4773893],[77.3710125,18.4774185],[77.3709837,18.477448],[77.3709563,18.477477],[77.3709299,18.4775058],[77.3709034,18.4775345],[77.3708769,18.4775631],[77.3708504,18.4775921],[77.3708241,18.4776213],[77.3707975,18.4776502],[77.3707708,18.4776791],[77.3707435,18.4777092],[77.3707158,18.4777405],[77.3706879,18.4777704],[77.3706599,18.4777993],[77.3706317,18.477828],[77.3706034,18.4778567],[77.3705756,18.4778858],[77.3705481,18.4779151],[77.3705215,18.4779428],[77.3704955,18.4779694],[77.3704569,18.4780116],[77.3704023,18.4780746],[77.3703659,18.478115],[77.3703413,18.4781413],[77.370313,18.4781716],[77.3702815,18.4782055],[77.3702726,18.4782151],[77.3702707,18.478217],[77.3702619,18.4782265],[77.370231,18.4782598],[77.3702021,18.4782911],[77.3701752,18.4783201],[77.3701488,18.4783486],[77.370123,18.4783764],[77.3700857,18.4784165],[77.370031,18.4784752],[77.3699927,18.4785169],[77.3699672,18.4785451],[77.3699397,18.4785766],[77.3699085,18.4786134],[77.3698964,18.4786271],[77.3698931,18.4786305],[77.369883,18.4786405],[77.3698514,18.4786707],[77.3698196,18.4787],[77.3697893,18.4787268],[77.3697883,18.4787277],[77.3697614,18.4787553],[77.3697362,18.4787861],[77.3697114,18.4788163],[77.3696868,18.4788457],[77.3696611,18.4788745],[77.3696347,18.4789017],[77.3695978,18.4789406],[77.3695411,18.4790021],[77.3694994,18.4790467],[77.3694726,18.4790743],[77.3694451,18.4791035],[77.3694131,18.4791386],[77.3694011,18.4791518],[77.3693991,18.479154],[77.3693929,18.4791612],[77.3693652,18.4791945],[77.3693356,18.4792276],[77.3693076,18.4792553],[77.3692801,18.4792832],[77.3692538,18.4793118],[77.369226,18.4793398],[77.3691953,18.4793669],[77.3691943,18.4793678],[77.3691671,18.4793956],[77.3691426,18.4794271],[77.3691417,18.4794281],[77.3691168,18.4794572],[77.3690884,18.4794847],[77.3690874,18.4794856],[77.369061,18.4795135],[77.3690359,18.4795449],[77.3690351,18.4795459],[77.3690099,18.479575],[77.3689819,18.4796028],[77.3689547,18.4796315],[77.368929,18.4796624],[77.368903,18.4796931],[77.3688763,18.4797231],[77.3688488,18.4797526],[77.3688199,18.4797817],[77.3687915,18.4798105],[77.3687641,18.4798398],[77.3687374,18.4798665],[77.3687108,18.4798897],[77.3687099,18.4798904],[77.3686879,18.4799115],[77.3686693,18.4799328],[77.368653,18.4799513],[77.3686381,18.4799668],[77.3686258,18.4799792],[77.3686154,18.4799892],[77.3686078,18.4799959],[77.368602,18.4800005],[77.3686018,18.4800006],[77.3685988,18.4800021],[77.3685988,18.4800021],[77.3685974,18.480002],[77.3685973,18.480002],[77.3685969,18.4800021],[77.3685969,18.4800022],[77.3685975,18.4800036],[77.3685976,18.4800037],[77.3685984,18.4800048],[77.3685984,18.4800048],[77.3685994,18.4800052],[77.3685995,18.4800053],[77.3685999,18.4800053],[77.3685998,18.4800053],[77.3685984,18.4800035],[77.3685966,18.4800015],[77.3685951,18.4799997],[77.368595,18.4799996],[77.3685946,18.4799989],[77.3685986,18.4800021],[77.3686037,18.480006],[77.3686078,18.4800093],[77.3686105,18.4800114],[77.3686106,18.4800115],[77.3686115,18.4800123],[77.3686115,18.4800124],[77.3686125,18.4800133],[77.3686147,18.4800156],[77.368615,18.4800158],[77.3686164,18.480017],[77.3686171,18.4800173],[77.3686171,18.4800173],[77.3686172,18.4800175],[77.3686172,18.4800175],[77.3686169,18.4800174],[77.3686169,18.4800174],[77.3686167,18.4800169],[77.3686167,18.4800169],[77.3686152,18.4800151],[77.3686128,18.4800127],[77.3686102,18.4800099],[77.3686073,18.480007],[77.3686039,18.4800036],[77.3686011,18.4800009],[77.3685993,18.4799991],[77.3685992,18.4799991],[77.3685983,18.4799983],[77.3685982,18.4799983],[77.3685979,18.4799982],[77.3685978,18.4799982],[77.3685976,18.4799983],[77.3685976,18.4799983],[77.3685975,18.4799985],[77.3685975,18.4799985],[77.3685975,18.4799987],[77.3685975,18.4799987],[77.3685976,18.4799992],[77.3685976,18.4799992],[77.3685978,18.4799999],[77.3685978,18.4799999],[77.3685984,18.4800006],[77.368599,18.4800013],[77.3685997,18.4800022],[77.3685998,18.4800022],[77.3686004,18.4800029],[77.3686004,18.4800029],[77.3686009,18.4800035],[77.3686009,18.4800035],[77.3686013,18.480004],[77.3686013,18.480004],[77.3686019,18.4800043],[77.368602,18.4800043],[77.3686023,18.4800044],[77.3686023,18.4800044],[77.3686023,18.4800045],[77.3686023,18.4800045],[77.3686022,18.4800044],[77.3686022,18.4800044],[77.3686025,18.4800045],[77.3686026,18.4800046],[77.3686029,18.4800046],[77.3686029,18.4800046],[77.3686031,18.4800046],[77.3686031,18.4800046],[77.3686032,18.4800044],[77.3686032,18.4800044],[77.3686033,18.480004],[77.3686033,18.480004],[77.3686034,18.4800037],[77.3686035,18.4800038],[77.3686041,18.480004],[77.3686041,18.480004],[77.3686045,18.4800043],[77.3686045,18.4800043],[77.3686043,18.4800041],[77.3686043,18.480004],[77.368604,18.4800039],[77.368604,18.4800039],[77.3686042,18.4800044],[77.3686046,18.4800049],[77.3686046,18.480005],[77.3686049,18.4800053],[77.3686049,18.4800053],[77.368605,18.4800055],[77.368605,18.4800055],[77.3686041,18.4800045],[77.368604,18.4800043],[77.3686031,18.4800031],[77.3686031,18.4800031],[77.368603,18.4800027],[77.368603,18.4800027],[77.368603,18.4800025],[77.368603,18.4800025],[77.368603,18.4800024],[77.368603,18.4800024],[77.3686029,18.4800025],[77.3686029,18.4800025],[77.3686031,18.4800031],[77.3686031,18.4800031],[77.3686038,18.4800037],[77.3686038,18.4800038],[77.3686059,18.4800028],[77.3686098,18.4800002],[77.36861,18.4800001],[77.3686174,18.4799965],[77.3686295,18.4799911],[77.3686443,18.4799844],[77.3686627,18.479976],[77.3686837,18.4799656],[77.3687074,18.4799539],[77.3687332,18.4799426],[77.3687595,18.4799319],[77.3687832,18.4799226],[77.3688044,18.4799146],[77.3688213,18.4799076],[77.3688351,18.4799019],[77.3688355,18.4799018],[77.3688462,18.4798986],[77.3688465,18.4798985],[77.3688542,18.4798962],[77.3688544,18.4798961],[77.3688572,18.4798944],[77.3688574,18.4798944],[77.3688584,18.4798935],[77.3688584,18.4798935],[77.3688581,18.4798925],[77.3688581,18.4798925],[77.3688575,18.4798919],[77.3688575,18.4798919],[77.3688572,18.4798919],[77.3688572,18.4798919],[77.368857,18.4798922],[77.3688569,18.4798923],[77.3688567,18.4798927],[77.3688564,18.4798933],[77.3688564,18.4798934],[77.3688562,18.4798938],[77.3688562,18.4798938],[77.368856,18.479894],[77.368856,18.479894],[77.3688555,18.4798937],[77.3688555,18.4798937],[77.3688548,18.4798929],[77.3688548,18.4798928],[77.3688544,18.4798921],[77.3688544,18.479892],[77.3688543,18.4798913],[77.3688543,18.4798913],[77.3688546,18.4798911],[77.3688546,18.4798911],[77.3688551,18.4798913],[77.3688551,18.4798913],[77.3688552,18.4798913],[77.3688552,18.4798913],[77.3688551,18.4798912],[77.3688551,18.4798912],[77.3688549,18.4798911],[77.3688549,18.4798911],[77.3688547,18.4798909],[77.3688547,18.4798909],[77.3688542,18.4798903],[77.3688542,18.4798903],[77.3688536,18.4798897],[77.3688536,18.4798897],[77.368854,18.4798906],[77.3688552,18.4798921],[77.3688555,18.4798925],[77.3688557,18.4798927],[77.3688557,18.4798927],[77.3688558,18.4798924],[77.3688558,18.4798924],[77.3688556,18.4798922],[77.3688556,18.4798922],[77.3688552,18.4798918],[77.368855,18.4798917]]}},{"type":"Feature","properties":{"flight":51,"sol":772,"date":"2023-04-22","max_alt_m":12.0},"geometry":{"type":"LineString","coordinates":[[77.368855,18.4798917],[77.368855,18.4798917],[77.3688549,18.4798916],[77.3688549,18.4798916],[77.3688544,18.4798908],[77.3688533,18.4798893],[77.3688532,18.4798891],[77.3688522,18.4798881],[77.3688521,18.479888],[77.368851,18.4798875],[77.3688509,18.4798875],[77.3688501,18.4798872],[77.3688501,18.4798872],[77.3688496,18.4798873],[77.3688496,18.4798873],[77.3688493,18.4798875],[77.3688493,18.4798875],[77.3688493,18.4798877],[77.3688493,18.4798877],[77.3688496,18.479888],[77.3688496,18.479888],[77.3688502,18.4798882],[77.3688508,18.4798884],[77.3688509,18.4798884],[77.3688511,18.4798886],[77.3688511,18.4798886],[77.3688513,18.4798887],[77.3688513,18.4798887],[77.3688513,18.4798889],[77.3688513,18.4798889],[77.3688514,18.4798891],[77.3688517,18.4798895],[77.368852,18.4798899],[77.3688525,18.4798905],[77.3688525,18.4798905],[77.3688529,18.479891],[77.3688529,18.479891],[77.3688528,18.4798913],[77.3688527,18.4798913],[77.3688525,18.4798915],[77.3688525,18.4798915],[77.3688524,18.4798918],[77.3688524,18.4798918],[77.3688523,18.479892],[77.3688523,18.479892],[77.3688521,18.4798918],[77.3688521,18.4798918],[77.368852,18.4798916],[77.3688523,18.4798914],[77.3688523,18.4798913],[77.3688526,18.4798911],[77.3688526,18.479891],[77.3688529,18.4798905],[77.368853,18.4798903],[77.3688531,18.47989],[77.3688531,18.47989],[77.368853,18.4798898],[77.368853,18.4798898],[77.3688528,18.4798897],[77.3688528,18.4798897],[77.3688529,18.4798895],[77.3688529,18.4798895],[77.368853,18.4798894],[77.368853,18.4798894],[77.3688532,18.4798895],[77.3688532,18.4798895],[77.3688534,18.4798896],[77.3688534,18.4798896],[77.3688515,18.479889],[77.3688474,18.4798878],[77.3688471,18.4798877],[77.3688402,18.4798854],[77.3688294,18.4798816],[77.3688146,18.4798767],[77.3687961,18.4798706],[77.3687751,18.4798636],[77.3687508,18.4798556],[77.3687226,18.4798461],[77.3686919,18.4798355],[77.3686604,18.4798244],[77.3686283,18.479813],[77.3685958,18.4798014],[77.3685643,18.4797902],[77.3685345,18.4797796],[77.3685073,18.47977],[77.3684831,18.4797615],[77.3684621,18.4797541],[77.3684443,18.4797477],[77.36843,18.4797427],[77.3684187,18.4797387],[77.3684183,18.4797386],[77.3684109,18.4797365],[77.3684066,18.4797357],[77.3684039,18.4797351],[77.3684039,18.4797351],[77.3684025,18.4797345],[77.3684024,18.4797344],[77.3684013,18.4797341],[77.3684013,18.4797341],[77.3684003,18.4797355],[77.3684001,18.4797362],[77.368399,18.4797384],[77.3683965,18.4797426],[77.3683964,18.4797428],[77.3683929,18.479749],[77.3683928,18.4797492],[77.3683884,18.4797599],[77.3683827,18.4797746],[77.3683754,18.4797924],[77.3683674,18.479813],[77.368359,18.4798363],[77.3683507,18.4798607],[77.3683431,18.4798844],[77.3683355,18.4799083],[77.3683273,18.479933],[77.3683191,18.4799565],[77.3683109,18.4799784],[77.3683035,18.479997],[77.3682971,18.4800119],[77.3682924,18.4800232],[77.3682893,18.4800313],[77.3682893,18.4800315],[77.3682877,18.4800365],[77.3682872,18.4800398],[77.368287,18.4800411],[77.368287,18.4800411],[77.3682871,18.4800405],[77.3682872,18.4800404],[77.3682873,18.4800392],[77.3682873,18.4800391],[77.368285,18.4800364],[77.3682847,18.4800361],[77.3682804,18.4800328],[77.3682802,18.4800327],[77.3682729,18.4800294],[77.3682624,18.4800253],[77.368262,18.4800252],[77.3682479,18.4800204],[77.3682305,18.4800145],[77.3682103,18.4800069],[77.3681901,18.4799993],[77.3681715,18.4799927],[77.3681561,18.4799873],[77.3681442,18.4799832],[77.3681357,18.4799804],[77.3681302,18.4799788],[77.36813,18.4799788],[77.3681265,18.4799776],[77.3681264,18.4799775],[77.3681241,18.4799764],[77.368124,18.4799763],[77.3681229,18.4799758],[77.3681228,18.4799758],[77.3681225,18.4799762],[77.3681224,18.4799764],[77.368122,18.4799772],[77.368122,18.4799773],[77.3681205,18.4799802],[77.368118,18.4799853],[77.3681143,18.4799929],[77.3681094,18.4800034],[77.3681036,18.4800176],[77.3680965,18.4800352],[77.3680876,18.480057],[77.368078,18.4800807],[77.3680685,18.4801039],[77.368059,18.4801276],[77.3680501,18.480152],[77.3680413,18.4801767],[77.3680327,18.4802011],[77.3680239,18.4802256],[77.3680146,18.4802503],[77.3680052,18.4802751],[77.367996,18.4802998],[77.3679867,18.4803241],[77.3679769,18.4803473],[77.3679671,18.4803704],[77.3679574,18.4803938],[77.3679476,18.4804174],[77.3679378,18.4804411],[77.3679281,18.480465],[77.3679186,18.4804894],[77.3679093,18.4805138],[77.3679007,18.4805387],[77.3678922,18.4805623],[77.3678832,18.4805837],[77.3678754,18.480603],[77.3678694,18.4806205],[77.3678646,18.4806346],[77.3678605,18.4806453],[77.3678604,18.4806456],[77.3678583,18.4806525],[77.3678576,18.4806572],[77.3678576,18.4806576],[77.3678572,18.4806594],[77.3678571,18.4806594],[77.3678566,18.4806597],[77.3678566,18.4806597],[77.3678564,18.4806601],[77.3678564,18.4806602],[77.3678602,18.4806636],[77.3678628,18.480666],[77.3678628,18.4806659],[77.3678575,18.4806644],[77.3678482,18.4806615],[77.3678348,18.4806563],[77.3678174,18.4806495],[77.3677959,18.4806414],[77.3677706,18.4806318],[77.3677409,18.4806205],[77.3677084,18.4806074],[77.367672,18.4805913],[77.3676708,18.4805908],[77.3676387,18.480578],[77.3676117,18.4805696],[77.3675895,18.4805635],[77.367572,18.4805591],[77.3675574,18.4805553],[77.3675443,18.4805513],[77.3675348,18.4805482],[77.3675284,18.4805459],[77.3675244,18.4805446],[77.3675218,18.4805439],[77.3675218,18.4805439],[77.3675204,18.4805435],[77.3675204,18.4805435],[77.36752,18.4805432],[77.3675199,18.4805431],[77.3675193,18.4805428],[77.3675193,18.4805428],[77.367517,18.4805421],[77.3675129,18.4805409],[77.367505,18.4805386],[77.3674937,18.4805352],[77.3674779,18.48053],[77.3674584,18.480523],[77.367434,18.4805126],[77.3674096,18.4805027],[77.3673882,18.4804958],[77.3673668,18.4804893],[77.3673445,18.4804825],[77.3673213,18.4804754],[77.367297,18.4804673],[77.3672723,18.4804594],[77.3672479,18.4804523],[77.367223,18.480445],[77.3671973,18.480437],[77.3671711,18.4804286],[77.3671447,18.4804199],[77.3671181,18.4804111],[77.3670915,18.4804023],[77.3670649,18.4803933],[77.3670385,18.480384],[77.3670125,18.4803746],[77.3669867,18.4803651],[77.3669614,18.4803558],[77.3669365,18.4803467],[77.3669116,18.4803383],[77.3668864,18.4803306],[77.3668613,18.4803231],[77.3668362,18.4803153],[77.3668112,18.4803074],[77.3667865,18.4802994],[77.3667616,18.4802914],[77.366736,18.4802834],[77.3667103,18.4802754],[77.3666848,18.4802676],[77.3666592,18.4802597],[77.3666334,18.4802516],[77.3666077,18.4802435],[77.3665822,18.4802353],[77.3665579,18.4802276],[77.3665347,18.4802208],[77.3665151,18.4802148],[77.3664992,18.4802095],[77.3664874,18.4802053],[77.3664783,18.4802014],[77.366478,18.4802013],[77.366474,18.4802001],[77.3664739,18.4802001],[77.3664728,18.4802014],[77.3664727,18.4802016],[77.3664719,18.4802023],[77.3664719,18.4802022],[77.3664707,18.4802009],[77.3664707,18.4802009],[77.3664702,18.4802002],[77.3664702,18.4802003],[77.3664705,18.4802012],[77.3664706,18.4802013],[77.3664706,18.4802018],[77.3664706,18.4802018],[77.3664701,18.4802008],[77.36647,18.4802007],[77.3664694,18.4801985],[77.3664685,18.480194],[77.3664685,18.4801938],[77.3664679,18.4801885],[77.3664678,18.4801813],[77.3664678,18.4801782],[77.3664678,18.4801783],[77.3664693,18.4801795],[77.3664694,18.4801796],[77.3664714,18.4801818],[77.3664714,18.4801819],[77.3664738,18.480187],[77.3664739,18.4801873],[77.3664754,18.4801931],[77.3664755,18.4801933],[77.3664761,18.4801995],[77.3664761,18.4801997],[77.366476,18.480204],[77.366476,18.4802042],[77.3664755,18.4802069],[77.3664754,18.480207],[77.3664749,18.4802079],[77.3664748,18.4802079],[77.366474,18.4802073],[77.3664739,18.4802072],[77.366473,18.4802054],[77.366473,18.4802053],[77.3664727,18.4801973],[77.3664726,18.4801856],[77.3664729,18.4801702],[77.3664732,18.4801529],[77.3664735,18.4801342],[77.3664737,18.480117],[77.3664737,18.4801019],[77.3664738,18.4800906],[77.3664739,18.4800823],[77.366474,18.4800774],[77.366474,18.4800773],[77.3664739,18.4800753],[77.3664738,18.4800744],[77.3664738,18.4800744],[77.366474,18.4800741],[77.366474,18.4800741],[77.3664738,18.4800738],[77.3664738,18.4800738],[77.3664732,18.480073],[77.3664725,18.4800721],[77.3664725,18.4800721],[77.3664722,18.4800713],[77.3664721,18.4800711],[77.3664719,18.4800706],[77.3664719,18.4800705],[77.3664717,18.4800701],[77.3664717,18.4800701],[77.3664716,18.4800701],[77.3664716,18.4800701],[77.3664718,18.4800704],[77.3664718,18.4800704],[77.3664719,18.480071],[77.3664722,18.4800719],[77.3664724,18.4800727],[77.3664724,18.4800728],[77.3664725,18.4800731],[77.3664725,18.4800731],[77.3664727,18.4800733],[77.3664727,18.4800733],[77.3664728,18.4800735],[77.3664729,18.4800735],[77.3664731,18.4800736],[77.3664731,18.4800736],[77.3664735,18.4800735],[77.3664735,18.4800735],[77.3664739,18.4800732],[77.366474,18.4800732],[77.3664743,18.4800727],[77.3664748,18.480072],[77.3664753,18.4800707],[77.3664754,18.4800707],[77.3664758,18.4800705],[77.3664758,18.4800705],[77.3664761,18.4800717],[77.3664761,18.4800718],[77.3664762,18.480073],[77.3664762,18.4800731],[77.3664761,18.4800739],[77.3664761,18.4800739],[77.3664758,18.4800744]]}},{"type":"Feature","properties":{"flight":52,"sol":776,"date":"2023-04-26","max_alt_m":12.0},"geometry":{"type":"LineString","coordinates":[[77.3664758,18.4800744],[77.3664759,18.4800745],[77.3664782,18.4800779],[77.3664783,18.480078],[77.3664793,18.4800798],[77.3664793,18.4800798],[77.3664788,18.4800801],[77.3664788,18.4800801],[77.3664778,18.48008],[77.3664778,18.48008],[77.3664774,18.4800799],[77.3664774,18.4800799],[77.366477,18.4800799],[77.3664769,18.4800799],[77.3664761,18.48008],[77.3664761,18.48008],[77.3664753,18.4800802],[77.3664752,18.4800802],[77.3664748,18.4800805],[77.3664748,18.4800806],[77.3664745,18.4800809],[77.3664745,18.4800809],[77.3664744,18.480081],[77.3664744,18.480081],[77.3664745,18.480081],[77.3664746,18.480081],[77.3664749,18.4800807],[77.3664753,18.4800803],[77.3664757,18.48008],[77.3664757,18.4800799],[77.3664762,18.4800796],[77.3664768,18.4800792],[77.3664768,18.4800792],[77.3664774,18.4800789],[77.3664774,18.4800789],[77.3664778,18.4800787],[77.3664779,18.4800787],[77.3664784,18.4800786],[77.3664784,18.4800786],[77.3664792,18.4800783],[77.3664793,18.4800783],[77.3664801,18.4800781],[77.3664801,18.4800781],[77.3664808,18.4800779],[77.3664809,18.4800779],[77.3664815,18.4800779],[77.3664815,18.4800779],[77.3664817,18.480078],[77.3664817,18.480078],[77.3664816,18.480078],[77.3664816,18.480078],[77.3664817,18.480078],[77.3664817,18.4800779],[77.3664818,18.4800779],[77.3664818,18.4800779],[77.3664818,18.480078],[77.3664818,18.480078],[77.3664818,18.4800781],[77.3664818,18.4800781],[77.3664814,18.4800782],[77.3664814,18.4800782],[77.3664809,18.4800784],[77.3664809,18.4800784],[77.3664809,18.4800787],[77.3664809,18.4800787],[77.366481,18.480079],[77.366481,18.480079],[77.3664774,18.4800793],[77.3664671,18.4800794],[77.3664529,18.4800799],[77.3664368,18.4800804],[77.3664323,18.4800806],[77.3664298,18.4800807],[77.3664017,18.4800825],[77.3663348,18.4800872],[77.3662946,18.4800899],[77.3662638,18.4800921],[77.3662318,18.4800946],[77.3661998,18.4800974],[77.3661691,18.4801],[77.3661391,18.4801025],[77.3661076,18.4801049],[77.3660749,18.4801072],[77.3660414,18.4801096],[77.3660071,18.4801119],[77.3659729,18.4801142],[77.3659387,18.4801164],[77.3659057,18.4801186],[77.3658736,18.4801208],[77.3658406,18.4801228],[77.3658071,18.480125],[77.3657739,18.4801271],[77.3657408,18.4801292],[77.3657079,18.4801312],[77.3656751,18.4801333],[77.3656423,18.4801353],[77.3656095,18.4801372],[77.3655769,18.4801392],[77.3655445,18.4801413],[77.3655123,18.4801433],[77.3654804,18.4801452],[77.3654487,18.4801472],[77.3654171,18.4801495],[77.3653843,18.4801515],[77.3653502,18.4801533],[77.3653169,18.4801554],[77.3652842,18.4801577],[77.3652515,18.4801606],[77.3652186,18.480164],[77.365186,18.4801668],[77.3651537,18.480169],[77.3651212,18.4801711],[77.3650885,18.4801731],[77.3650559,18.4801751],[77.3650235,18.480177],[77.3649911,18.4801791],[77.3649589,18.4801813],[77.3649262,18.4801837],[77.3648928,18.4801863],[77.3648595,18.4801887],[77.3648261,18.480191],[77.3647933,18.4801928],[77.364761,18.4801945],[77.3647289,18.4801961],[77.3646969,18.4801981],[77.3646646,18.4802002],[77.364632,18.4802024],[77.3645991,18.4802046],[77.3645658,18.4802067],[77.364532,18.4802093],[77.3644977,18.4802126],[77.3644642,18.4802158],[77.3644319,18.4802184],[77.3643995,18.4802209],[77.3643666,18.480223],[77.3643336,18.4802255],[77.3643005,18.4802286],[77.3642678,18.4802314],[77.3642356,18.4802337],[77.3642036,18.4802357],[77.3641717,18.4802374],[77.3641396,18.480239],[77.3641075,18.4802404],[77.3640748,18.4802422],[77.3640409,18.4802445],[77.3640074,18.4802468],[77.3639749,18.4802488],[77.3639423,18.480251],[77.3639094,18.480254],[77.3638767,18.4802565],[77.3638444,18.4802584],[77.3638124,18.4802601],[77.3637806,18.480262],[77.3637487,18.4802636],[77.3637164,18.4802648],[77.3636841,18.4802651],[77.3636521,18.4802649],[77.3636199,18.4802651],[77.3636188,18.4802651],[77.3635899,18.4802673],[77.3635523,18.4802709],[77.3634847,18.480277],[77.3634259,18.4802825],[77.3633961,18.4802854],[77.363368,18.480288],[77.3633246,18.4802923],[77.3632995,18.4802948],[77.3632976,18.480295],[77.363295,18.4802953],[77.3632673,18.4802962],[77.3632282,18.4802977],[77.3631962,18.4802997],[77.363164,18.4803021],[77.3631305,18.4803049],[77.3630972,18.4803074],[77.363068,18.4803087],[77.3630333,18.4803102],[77.3629728,18.4803138],[77.3629027,18.4803182],[77.3628373,18.480322],[77.3627818,18.4803252],[77.3627466,18.4803271],[77.362716,18.4803291],[77.3626744,18.4803326],[77.3626444,18.4803355],[77.3626398,18.4803361],[77.3626357,18.4803366],[77.3626104,18.4803393],[77.3625702,18.4803429],[77.3625372,18.4803447],[77.3625047,18.4803462],[77.362473,18.4803483],[77.3624412,18.4803517],[77.3624401,18.4803519],[77.3624075,18.4803624],[77.3624017,18.4803649],[77.3623739,18.4803752],[77.3623728,18.4803754],[77.3623454,18.4803798],[77.3623445,18.4803799],[77.3623148,18.4803814],[77.362261,18.4803793],[77.3622003,18.4803768],[77.3621655,18.4803756],[77.3621365,18.4803734],[77.3621354,18.4803733],[77.3620944,18.4803668],[77.3620589,18.4803594],[77.3620585,18.4803593],[77.3620552,18.4803608],[77.3620549,18.4803615],[77.3620534,18.4803631],[77.3620533,18.4803631],[77.3620329,18.4803622],[77.3619893,18.4803595],[77.3619529,18.4803582],[77.3619167,18.4803576],[77.3618807,18.4803587],[77.3618451,18.4803602],[77.3618106,18.4803623],[77.3617768,18.4803648],[77.361745,18.4803667],[77.3617119,18.4803689],[77.3617106,18.480369],[77.3616594,18.480375],[77.361596,18.4803855],[77.3615584,18.4803921],[77.3615303,18.4803974],[77.3614943,18.4804043],[77.3614602,18.4804109],[77.3614539,18.4804123],[77.3614517,18.4804128],[77.3614363,18.4804163],[77.3613984,18.4804244],[77.3613649,18.4804305],[77.3613638,18.4804307],[77.3613319,18.4804354],[77.3613308,18.4804355],[77.3612998,18.4804365],[77.3612683,18.4804369],[77.3612364,18.4804378],[77.3612042,18.4804397],[77.3611731,18.4804402],[77.3611414,18.4804403],[77.3611402,18.4804403],[77.361092,18.4804436],[77.3610257,18.4804517],[77.3609842,18.4804565],[77.3609553,18.48046],[77.3609544,18.48046],[77.3609241,18.4804606],[77.3608914,18.4804606],[77.3608512,18.4804623],[77.3608071,18.4804662],[77.3607993,18.4804671],[77.3607992,18.4804671],[77.3607986,18.4804671],[77.3607979,18.4804672],[77.3607886,18.4804675],[77.3607492,18.4804685],[77.3607137,18.4804699],[77.3606808,18.4804724],[77.3606476,18.4804749],[77.3606141,18.4804777],[77.3605819,18.4804805],[77.3605509,18.4804831],[77.360505,18.4804853],[77.3604382,18.4804877],[77.3603904,18.4804906],[77.3603554,18.4804947],[77.3603428,18.4804963],[77.3603389,18.4804968],[77.3603267,18.4804985],[77.3602901,18.4805035],[77.3602549,18.4805069],[77.3602225,18.4805089],[77.3601904,18.4805114],[77.3601587,18.4805147],[77.36013,18.4805165],[77.3601038,18.4805176],[77.3600819,18.4805182],[77.3600633,18.4805178],[77.3600489,18.4805178],[77.3600372,18.4805182],[77.3600369,18.4805182],[77.3600313,18.4805166],[77.3600312,18.4805164],[77.3600283,18.4805087],[77.3600282,18.4805082],[77.360027,18.480506],[77.3600269,18.480506],[77.3600261,18.4805064],[77.360026,18.4805065],[77.3600253,18.4805067],[77.3600252,18.4805067],[77.3600246,18.4805065],[77.3600245,18.4805065],[77.3600243,18.4805064],[77.3600243,18.4805064],[77.3600243,18.4805064],[77.3600243,18.4805064],[77.3600242,18.4805065],[77.3600242,18.4805066],[77.3600237,18.4805075],[77.3600237,18.4805076],[77.3600234,18.4805091],[77.3600234,18.4805092],[77.3600237,18.4805122],[77.3600237,18.4805123],[77.3600241,18.4805141],[77.3600242,18.4805142],[77.3600245,18.480515],[77.3600246,18.4805151],[77.3600254,18.4805152],[77.3600255,18.4805151],[77.3600273,18.4805128],[77.3600274,18.4805127],[77.3600306,18.4805095],[77.3600307,18.4805093],[77.3600374,18.4805053],[77.3600499,18.4804979],[77.360083,18.4804786],[77.3600842,18.4804779],[77.3601072,18.4804659],[77.3601179,18.4804617],[77.3601253,18.4804588],[77.3601316,18.480456],[77.3601318,18.4804559],[77.3601344,18.4804545],[77.3601344,18.4804544],[77.3601345,18.4804544],[77.3601344,18.4804545],[77.3601345,18.4804546],[77.3601353,18.4804545],[77.3601354,18.4804545],[77.3601359,18.4804541],[77.3601359,18.480454],[77.360136,18.4804523],[77.360136,18.4804504],[77.3601361,18.4804489],[77.3601361,18.4804489],[77.3601363,18.4804477],[77.3601364,18.4804476],[77.3601371,18.4804465],[77.3601371,18.4804464],[77.3601379,18.4804457],[77.3601379,18.4804457],[77.3601385,18.4804455],[77.3601391,18.4804455],[77.3601391,18.4804455],[77.3601395,18.4804456],[77.3601395,18.4804456],[77.3601398,18.4804457],[77.3601398,18.4804457],[77.3601399,18.4804458],[77.3601399,18.4804458],[77.3601399,18.480446],[77.3601399,18.480446],[77.36014,18.480446],[77.36014,18.480446],[77.3601401,18.4804467],[77.3601401,18.4804467],[77.36014,18.4804482],[77.36014,18.4804483],[77.3601401,18.4804496],[77.3601401,18.4804496],[77.3601404,18.4804496],[77.3601407,18.4804492],[77.3601407,18.4804492],[77.3601407,18.4804489],[77.3601407,18.4804489],[77.3601407,18.4804492],[77.3601406,18.4804492],[77.3601403,18.4804504],[77.3601403,18.4804505],[77.3601399,18.4804517],[77.3601399,18.4804518],[77.3601401,18.4804522],[77.3601401,18.4804522],[77.3601404,18.4804521],[77.3601404,18.4804521],[77.3601405,18.4804518],[77.3601405,18.4804518],[77.3601406,18.4804512]]}},{"type":"Feature","properties":{"flight":53,"sol":864,"date":"2023-07-22","max_alt_m":5.0},"geometry":{"type":"LineString","coordinates":[[77.3601406,18.4804512],[77.3601399,18.4804508],[77.3601399,18.4804508],[77.3601395,18.4804502],[77.3601395,18.4804502],[77.3601394,18.4804494],[77.3601394,18.4804494],[77.3601393,18.4804489],[77.3601393,18.4804489],[77.3601388,18.4804487],[77.3601388,18.4804487],[77.3601382,18.4804488],[77.3601382,18.4804488],[77.3601379,18.480449],[77.3601379,18.480449],[77.3601378,18.4804493],[77.3601376,18.4804496],[77.3601376,18.4804496],[77.3601375,18.4804499],[77.3601375,18.4804499],[77.3601376,18.4804501],[77.3601376,18.4804501],[77.3601377,18.4804502],[77.3601378,18.4804502],[77.3601381,18.48045],[77.3601382,18.48045],[77.3601386,18.4804498],[77.3601386,18.4804498],[77.360139,18.4804496],[77.360139,18.4804496],[77.3601395,18.4804493],[77.3601395,18.4804493],[77.36014,18.4804492],[77.36014,18.4804492],[77.3601405,18.4804491],[77.3601405,18.4804491],[77.3601415,18.4804494],[77.3601415,18.4804495],[77.3601431,18.4804509],[77.3601431,18.4804509],[77.3601435,18.4804514],[77.3601435,18.4804514],[77.3601435,18.4804515],[77.3601435,18.4804515],[77.3601435,18.4804516],[77.3601435,18.4804515],[77.3601435,18.4804516],[77.3601435,18.4804516],[77.3601435,18.4804523],[77.3601431,18.4804568],[77.3601427,18.4804635],[77.3601427,18.4804638],[77.3601431,18.4804743],[77.3601439,18.480488],[77.3601453,18.4805062],[77.3601469,18.4805256],[77.3601489,18.4805455],[77.360151,18.4805656],[77.3601529,18.4805857],[77.3601548,18.4806059],[77.3601568,18.4806263],[77.3601588,18.4806467],[77.3601608,18.4806671],[77.3601627,18.4806876],[77.3601646,18.4807083],[77.3601666,18.4807289],[77.3601687,18.4807495],[77.3601707,18.4807702],[77.3601728,18.4807917],[77.3601748,18.4808131],[77.3601767,18.4808334],[77.3601786,18.4808533],[77.3601805,18.4808734],[77.3601824,18.4808937],[77.3601844,18.4809143],[77.3601864,18.4809349],[77.3601882,18.4809557],[77.3601899,18.4809765],[77.3601914,18.4809974],[77.3601929,18.4810184],[77.3601945,18.4810391],[77.3601962,18.4810594],[77.360198,18.48108],[77.3601998,18.4811007],[77.3602014,18.4811211],[77.360203,18.4811413],[77.3602048,18.4811614],[77.3602069,18.4811816],[77.360209,18.4812017],[77.360211,18.4812218],[77.3602131,18.4812422],[77.3602152,18.4812629],[77.3602173,18.4812839],[77.3602194,18.4813054],[77.3602213,18.4813266],[77.3602229,18.4813472],[77.3602245,18.4813679],[77.3602263,18.4813887],[77.3602277,18.4814095],[77.3602287,18.4814304],[77.3602296,18.4814511],[77.3602305,18.4814717],[77.3602313,18.4814921],[77.3602319,18.4815125],[77.3602326,18.4815328],[77.3602332,18.4815531],[77.3602343,18.4815735],[77.3602362,18.4815951],[77.3602386,18.4816167],[77.3602409,18.4816372],[77.3602434,18.4816572],[77.3602458,18.4816773],[77.360248,18.4816973],[77.3602502,18.4817175],[77.3602523,18.4817378],[77.3602541,18.4817579],[77.3602557,18.481778],[77.3602572,18.4817983],[77.3602585,18.4818187],[77.3602599,18.4818393],[77.3602613,18.4818599],[77.3602626,18.4818804],[77.3602639,18.4819008],[77.3602652,18.4819217],[77.3602666,18.481943],[77.3602678,18.4819639],[77.360269,18.4819845],[77.3602705,18.4820053],[77.3602722,18.4820262],[77.3602738,18.4820467],[77.3602752,18.482066],[77.3602771,18.4820939],[77.3602803,18.4821399],[77.360283,18.4821733],[77.3602847,18.4821923],[77.3602865,18.4822115],[77.3602888,18.4822372],[77.3602899,18.4822496],[77.36029,18.4822514],[77.3602902,18.4822545],[77.3602917,18.4822734],[77.3602935,18.4822973],[77.360295,18.4823178],[77.3602964,18.4823384],[77.3602977,18.4823589],[77.360299,18.4823794],[77.3603005,18.4823998],[77.3603018,18.4824201],[77.3603028,18.4824408],[77.3603035,18.4824617],[77.360304,18.4824814],[77.3603045,18.4825033],[77.3603066,18.4825404],[77.3603097,18.4825826],[77.3603117,18.4826065],[77.3603135,18.4826247],[77.3603158,18.4826473],[77.3603179,18.482668],[77.3603182,18.4826727],[77.3603182,18.4826747],[77.3603186,18.4826846],[77.3603198,18.4827089],[77.360321,18.4827303],[77.3603225,18.4827508],[77.3603241,18.4827715],[77.3603259,18.4827923],[77.3603276,18.4828103],[77.3603292,18.4828262],[77.3603306,18.4828383],[77.3603317,18.4828482],[77.3603321,18.4828524],[77.3603321,18.4828525],[77.3603321,18.4828545],[77.3603321,18.4828545],[77.3603311,18.4828562],[77.360331,18.4828562],[77.3603291,18.4828564],[77.360329,18.4828564],[77.3603272,18.482856]]}},{"type":"Feature","properties":{"flight":54,"sol":872,"date":"2023-08-03","max_alt_m":5.0},"geometry":{"type":"LineString","coordinates":[[77.3603272,18.482856],[77.3603269,18.4828558],[77.3603257,18.4828552],[77.3603257,18.4828552],[77.3603245,18.4828551],[77.3603244,18.4828551],[77.3603235,18.4828559],[77.3603235,18.482856],[77.3603228,18.4828568],[77.3603227,18.4828568],[77.3603217,18.4828566],[77.3603208,18.4828563],[77.3603207,18.4828563],[77.3603205,18.4828561],[77.3603204,18.482856],[77.3603204,18.4828559],[77.3603204,18.4828558],[77.3603206,18.4828557],[77.3603206,18.4828557],[77.3603209,18.4828557],[77.3603209,18.4828557],[77.3603212,18.4828558],[77.3603216,18.482856],[77.3603217,18.4828561],[77.3603223,18.4828563],[77.3603223,18.4828563],[77.360323,18.4828565],[77.360323,18.4828565],[77.3603238,18.4828566],[77.3603247,18.4828566],[77.3603258,18.4828567],[77.3603266,18.4828568],[77.3603266,18.4828568],[77.3603271,18.4828568],[77.3603273,18.4828568],[77.3603273,18.4828568],[77.3603271,18.4828569],[77.3603271,18.4828569],[77.3603267,18.4828569],[77.3603267,18.4828569],[77.3603261,18.4828566],[77.3603255,18.4828564],[77.3603254,18.4828563],[77.3603251,18.4828563],[77.360325,18.4828563],[77.3603246,18.4828565],[77.3603245,18.4828566],[77.3603245,18.4828566],[77.3603245,18.4828566],[77.3603247,18.4828565],[77.3603247,18.4828565],[77.3603251,18.4828563],[77.3603252,18.4828562],[77.3603258,18.4828556],[77.3603265,18.4828549],[77.3603265,18.4828549],[77.3603271,18.4828544],[77.3603271,18.4828544],[77.3603276,18.4828541],[77.3603276,18.4828541],[77.3603276,18.4828539],[77.3603276,18.4828539],[77.3603274,18.4828539],[77.3603274,18.4828539],[77.3603272,18.4828543],[77.3603271,18.4828548],[77.3603271,18.4828549],[77.3603271,18.4828554],[77.3603271,18.4828554],[77.3603274,18.4828561],[77.3603277,18.4828566],[77.3603277,18.4828566],[77.3603279,18.4828567],[77.3603279,18.4828568],[77.3603281,18.4828569],[77.3603281,18.4828569],[77.3603281,18.4828571],[77.3603281,18.4828571],[77.3603279,18.4828574],[77.3603279,18.4828575],[77.3603278,18.4828574],[77.3603278,18.4828574],[77.3603276,18.4828571],[77.3603276,18.482857],[77.3603275,18.4828568],[77.3603275,18.4828568],[77.3603275,18.4828567],[77.3603275,18.4828567],[77.3603276,18.4828567]]}},{"type":"Feature","properties":{"flight":55,"sol":881,"date":"2023-08-12","max_alt_m":10.0},"geometry":{"type":"LineString","coordinates":[[77.3603276,18.4828567],[77.3603282,18.4828584],[77.3603282,18.4828584],[77.3603287,18.4828588],[77.3603288,18.4828588],[77.3603292,18.4828581],[77.3603293,18.482858],[77.3603296,18.4828572],[77.3603296,18.4828571],[77.3603295,18.4828562],[77.3603295,18.4828561],[77.3603295,18.4828555],[77.3603295,18.4828554],[77.3603298,18.4828551],[77.3603298,18.4828551],[77.3603302,18.4828552],[77.3603303,18.4828552],[77.3603305,18.4828555],[77.3603305,18.4828556],[77.3603306,18.4828561],[77.3603306,18.4828561],[77.3603306,18.4828567],[77.3603306,18.4828567],[77.3603306,18.4828571],[77.3603306,18.4828572],[77.3603305,18.4828571],[77.3603305,18.4828571],[77.3603304,18.4828569],[77.3603304,18.4828569],[77.3603303,18.4828569],[77.3603303,18.4828569],[77.3603302,18.4828571],[77.3603302,18.4828571],[77.3603301,18.4828571],[77.3603301,18.4828571],[77.36033,18.4828571],[77.36033,18.4828571],[77.3603297,18.4828574],[77.3603297,18.4828574],[77.3603294,18.4828579],[77.3603294,18.4828579],[77.3603291,18.4828585],[77.3603291,18.4828586],[77.3603289,18.4828592],[77.3603289,18.4828592],[77.3603289,18.4828597],[77.3603289,18.4828597],[77.3603289,18.4828601],[77.3603289,18.4828601],[77.3603289,18.4828605],[77.3603289,18.4828606],[77.3603289,18.4828609],[77.3603289,18.4828609],[77.360329,18.4828608],[77.3603291,18.4828608],[77.3603292,18.4828607],[77.3603292,18.4828607],[77.3603291,18.4828603],[77.3603291,18.4828603],[77.360328,18.4828595],[77.360328,18.4828595],[77.3603241,18.482858],[77.3603151,18.4828549],[77.3603113,18.4828538],[77.3603099,18.4828533],[77.360304,18.4828517],[77.360286,18.4828465],[77.3602657,18.4828409],[77.360242,18.4828345],[77.3602157,18.4828271],[77.3601863,18.4828187],[77.3601533,18.4828092],[77.3601157,18.4827986],[77.3600775,18.4827878],[77.3600388,18.482777],[77.3600008,18.482766],[77.3599637,18.4827548],[77.3599255,18.4827433],[77.359886,18.4827315],[77.3598458,18.4827193],[77.3598051,18.4827068],[77.3597643,18.4826937],[77.3597235,18.4826796],[77.3596832,18.4826661],[77.3596432,18.4826537],[77.3596032,18.4826421],[77.3595625,18.482632],[77.3595233,18.4826208],[77.3594863,18.4826079],[77.3594492,18.482595],[77.3594112,18.4825829],[77.3593731,18.4825709],[77.3593349,18.4825592],[77.3592961,18.4825473],[77.3592566,18.4825345],[77.3592167,18.4825218],[77.35918,18.4825105],[77.3591351,18.4824971],[77.3590551,18.4824741],[77.3589809,18.4824529],[77.3589412,18.4824413],[77.3589064,18.4824316],[77.3588588,18.4824197],[77.3588253,18.4824115],[77.358819,18.4824097],[77.358813,18.4824079],[77.3587832,18.4823983],[77.3587382,18.4823834],[77.3587003,18.4823711],[77.3586622,18.4823591],[77.3586239,18.4823471],[77.358585,18.4823352],[77.3585442,18.4823237],[77.3585029,18.4823122],[77.3584638,18.4823003],[77.3584256,18.482288],[77.3583871,18.4822749],[77.3583485,18.4822615],[77.3583097,18.4822493],[77.3582707,18.4822376],[77.3582324,18.4822257],[77.3581941,18.4822137],[77.3581543,18.482202],[77.3581134,18.4821903],[77.358112,18.4821899],[77.3580734,18.4821765],[77.3580336,18.4821617],[77.3579926,18.4821488],[77.3579509,18.482137],[77.3579111,18.482125],[77.3578724,18.4821132],[77.3578331,18.4821018],[77.3577933,18.4820907],[77.357754,18.4820797],[77.357715,18.4820689],[77.3576761,18.4820574],[77.3576372,18.4820454],[77.3575982,18.4820335],[77.3575591,18.4820218],[77.3575205,18.4820097],[77.3574822,18.4819972],[77.3574433,18.4819854],[77.3574037,18.4819743],[77.3573643,18.4819629],[77.3573251,18.4819512],[77.3572855,18.4819389],[77.3572454,18.4819259],[77.3572059,18.4819134],[77.357167,18.4819017],[77.357128,18.4818899],[77.3570888,18.4818777],[77.357049,18.4818666],[77.3570084,18.4818571],[77.3569687,18.4818463],[77.3569301,18.4818336],[77.3568906,18.4818206],[77.3568494,18.4818074],[77.3568087,18.4817944],[77.356769,18.4817816],[77.3567294,18.481769],[77.3566886,18.4817566],[77.3566507,18.4817446],[77.356616,18.4817333],[77.3565852,18.4817222],[77.3565582,18.4817107],[77.3565574,18.4817103],[77.3565347,18.4817014],[77.356514,18.4816947],[77.3565133,18.4816946],[77.3564967,18.4816903],[77.356482,18.4816879],[77.3564811,18.4816878],[77.3564714,18.4816857],[77.3564711,18.4816856],[77.3564648,18.481682],[77.3564646,18.4816819],[77.3564602,18.4816799],[77.3564601,18.48168],[77.356456,18.4816836],[77.3564558,18.4816837],[77.3564538,18.4816867],[77.3564538,18.4816867],[77.3564542,18.4816864],[77.3564549,18.4816857],[77.3564558,18.481685],[77.3564558,18.4816849],[77.356457,18.4816838],[77.356457,18.4816838],[77.3564585,18.4816818],[77.3564603,18.4816792],[77.3564624,18.4816761],[77.3564638,18.4816741],[77.3564638,18.4816741],[77.3564639,18.481674],[77.3564639,18.481674],[77.3564639,18.4816741],[77.3564639,18.4816741],[77.3564631,18.4816755],[77.3564619,18.4816773],[77.3564619,18.4816773],[77.356462,18.4816771],[77.356462,18.4816771],[77.3564622,18.4816768],[77.3564622,18.4816768],[77.3564615,18.4816782],[77.3564605,18.4816806],[77.3564605,18.4816806],[77.3564603,18.481681],[77.3564602,18.481681],[77.3564602,18.4816811],[77.3564602,18.4816812],[77.3564601,18.4816814],[77.3564601,18.4816815],[77.3564599,18.4816819],[77.3564599,18.4816819],[77.3564598,18.4816823],[77.3564597,18.4816824],[77.3564596,18.4816827],[77.3564596,18.4816827],[77.3564594,18.4816827],[77.3564594,18.4816827],[77.3564592,18.4816827],[77.3564592,18.4816827],[77.3564589,18.481683],[77.3564589,18.481683],[77.3564586,18.4816835],[77.3564586,18.4816836],[77.3564586,18.4816832],[77.3564588,18.4816822],[77.3564589,18.4816822],[77.3564589,18.481682],[77.3564589,18.481682],[77.356459,18.4816819],[77.356459,18.4816819],[77.3564598,18.4816809],[77.356462,18.4816783],[77.3564621,18.4816781],[77.3564621,18.4816786],[77.356461,18.4816811],[77.356461,18.4816812],[77.35646,18.4816825],[77.35646,18.4816826],[77.3564591,18.4816834],[77.356459,18.4816834],[77.3564579,18.481684],[77.3564578,18.481684],[77.3564564,18.4816844],[77.3564561,18.4816845],[77.3564561,18.4816845],[77.3564561,18.4816845],[77.3564561,18.4816845],[77.3564563,18.4816841],[77.3564573,18.4816822],[77.3564583,18.4816803],[77.3564594,18.4816782],[77.3564594,18.4816781],[77.3564598,18.4816778],[77.3564598,18.4816778],[77.3564598,18.4816782],[77.3564598,18.4816783],[77.3564602,18.4816789],[77.3564603,18.4816789],[77.3564632,18.4816801],[77.3564635,18.4816802],[77.3564682,18.4816814],[77.3564687,18.4816815],[77.356478,18.4816828],[77.3564784,18.4816828],[77.3564909,18.4816836],[77.3565087,18.4816842],[77.3565287,18.4816845],[77.3565509,18.4816835],[77.3565735,18.4816823],[77.3565963,18.4816813],[77.3566189,18.4816805],[77.3566414,18.48168],[77.3566634,18.4816798],[77.3566849,18.4816798],[77.3567059,18.4816803],[77.3567265,18.481681],[77.3567472,18.4816815],[77.3567683,18.4816817],[77.3567901,18.4816815],[77.356813,18.4816813],[77.3568361,18.4816809],[77.3568587,18.4816806],[77.3568811,18.4816803],[77.3569028,18.4816801],[77.3569242,18.4816799],[77.356945,18.4816797],[77.3569671,18.4816795],[77.3569989,18.4816786],[77.3570215,18.4816777],[77.357027,18.4816773],[77.3570298,18.4816771],[77.3570299,18.4816771],[77.3570315,18.4816769],[77.3570324,18.4816769],[77.3570324,18.4816769],[77.3570325,18.4816768],[77.3570325,18.4816768],[77.3570326,18.4816769],[77.3570326,18.4816769],[77.3570333,18.4816771],[77.3570333,18.4816771],[77.3570339,18.4816773],[77.3570339,18.4816773],[77.3570339,18.4816775],[77.3570339,18.4816775],[77.3570338,18.4816777],[77.3570338,18.4816777],[77.3570336,18.4816779],[77.3570336,18.4816779],[77.3570332,18.4816781],[77.3570332,18.4816781],[77.3570328,18.4816782],[77.3570327,18.4816782],[77.3570323,18.4816783],[77.3570322,18.4816783],[77.3570319,18.4816786],[77.3570318,18.4816786],[77.3570316,18.4816789],[77.3570316,18.4816789],[77.3570314,18.4816792],[77.3570313,18.4816794],[77.3570313,18.4816794],[77.3570311,18.4816798],[77.3570308,18.4816801],[77.3570308,18.4816801],[77.3570307,18.4816802],[77.3570307,18.4816802],[77.3570307,18.4816802],[77.3570307,18.4816802],[77.3570306,18.4816801],[77.3570306,18.4816801],[77.3570302,18.48168],[77.3570302,18.48168],[77.3570298,18.4816798],[77.3570298,18.4816798],[77.3570294,18.4816797],[77.3570294,18.4816797],[77.3570293,18.4816795],[77.3570293,18.4816794],[77.3570294,18.4816792],[77.3570294,18.4816792],[77.3570296,18.481679],[77.3570297,18.4816789],[77.3570298,18.4816788],[77.3570298,18.4816788],[77.35703,18.4816783],[77.3570302,18.4816775],[77.3570303,18.4816775],[77.3570304,18.4816773],[77.3570304,18.4816773],[77.3570306,18.4816773],[77.3570306,18.4816773],[77.3570306,18.4816776],[77.3570306,18.4816777],[77.3570305,18.4816784],[77.3570305,18.4816784],[77.3570302,18.4816788],[77.3570302,18.4816789],[77.3570298,18.4816792],[77.3570285,18.4816806],[77.3570228,18.4816861],[77.3570156,18.481693],[77.3570061,18.4817019],[77.3569979,18.4817098],[77.3569906,18.4817169],[77.3569904,18.4817171],[77.3569869,18.4817218],[77.3569849,18.4817255],[77.3569848,18.4817256],[77.3569839,18.4817271],[77.3569839,18.4817271],[77.3569837,18.4817277],[77.3569837,18.4817277],[77.3569834,18.4817283],[77.3569833,18.4817283],[77.3569829,18.4817287],[77.3569828,18.4817287],[77.3569822,18.481729],[77.3569822,18.481729],[77.3569815,18.481729],[77.3569814,18.481729],[77.3569807,18.4817291],[77.3569807,18.4817291],[77.3569804,18.4817292],[77.3569804,18.4817292],[77.3569801,18.4817292],[77.35698,18.4817292],[77.3569797,18.481729],[77.3569797,18.4817289],[77.3569795,18.4817287],[77.3569795,18.4817287],[77.3569797,18.4817287],[77.3569797,18.4817287],[77.3569799,18.4817288],[77.3569799,18.4817288],[77.35698,18.4817291],[77.35698,18.4817291],[77.3569801,18.4817295],[77.3569801,18.4817296],[77.3569801,18.48173],[77.3569801,18.4817301],[77.35698,18.4817304],[77.35698,18.4817305],[77.3569798,18.4817304],[77.3569798,18.4817304],[77.3569797,18.4817303],[77.3569797,18.4817302],[77.3569798,18.48173],[77.3569798,18.48173],[77.35698,18.4817298],[77.3569801,18.4817298],[77.3569808,18.4817296],[77.3569808,18.4817296],[77.3569819,18.4817296]]}},{"type":"Feature","properties":{"flight":56,"sol":894,"date":"2023-08-25","max_alt_m":12.0},"geometry":{"type":"LineString","coordinates":[[77.3569819,18.4817296],[77.356982,18.4817297],[77.3569826,18.4817301],[77.3569826,18.4817301],[77.3569838,18.4817305],[77.3569854,18.4817309],[77.3569854,18.481731],[77.3569868,18.4817314],[77.3569879,18.4817319],[77.3569879,18.481732],[77.3569887,18.4817325],[77.3569888,18.4817325],[77.3569889,18.4817332],[77.3569888,18.4817332],[77.3569884,18.4817338],[77.3569884,18.4817338],[77.356988,18.4817341],[77.356988,18.4817341],[77.3569874,18.4817341],[77.3569874,18.4817341],[77.3569868,18.4817341],[77.3569868,18.4817341],[77.3569862,18.4817338],[77.3569862,18.4817338],[77.3569856,18.4817335],[77.356985,18.481733],[77.356985,18.481733],[77.3569843,18.4817326],[77.3569843,18.4817326],[77.3569837,18.4817322],[77.3569837,18.4817322],[77.3569833,18.4817318],[77.3569833,18.4817318],[77.3569832,18.4817315],[77.3569832,18.4817315],[77.3569834,18.4817313],[77.3569834,18.4817313],[77.3569836,18.4817311],[77.3569836,18.4817311],[77.3569834,18.4817313],[77.3569834,18.4817313],[77.3569831,18.4817315],[77.3569831,18.4817315],[77.3569829,18.4817315],[77.3569829,18.4817315],[77.3569826,18.4817315],[77.3569826,18.4817315],[77.3569821,18.4817316],[77.3569821,18.4817316],[77.3569815,18.4817317],[77.3569815,18.4817317],[77.3569814,18.4817316],[77.3569814,18.4817316],[77.3569813,18.4817314],[77.3569813,18.4817314],[77.3569805,18.4817311],[77.3569795,18.4817308],[77.3569793,18.4817307],[77.3569792,18.4817307],[77.3569791,18.4817307],[77.3569791,18.4817307],[77.356979,18.4817307],[77.356979,18.4817304],[77.356979,18.4817304],[77.3569788,18.4817301],[77.3569788,18.48173],[77.3569767,18.4817302],[77.3569711,18.481731],[77.3569709,18.481731],[77.3569628,18.4817325],[77.3569502,18.4817351],[77.3569348,18.4817383],[77.3569155,18.4817423],[77.3568924,18.4817472],[77.356865,18.4817531],[77.3568344,18.4817596],[77.3568001,18.481767],[77.3567624,18.4817752],[77.3567216,18.4817841],[77.3566808,18.481793],[77.3566397,18.481802],[77.356598,18.4818112],[77.3565558,18.4818204],[77.3565146,18.4818296],[77.356474,18.4818387],[77.356433,18.4818475],[77.3563919,18.4818559],[77.3563508,18.4818644],[77.3563097,18.481873],[77.3562686,18.4818815],[77.3562272,18.4818902],[77.3561847,18.481899],[77.3561412,18.4819079],[77.3560982,18.4819169],[77.3560557,18.4819259],[77.3560133,18.4819343],[77.3559709,18.4819423],[77.3559301,18.4819507],[77.3558898,18.4819594],[77.3558283,18.481972],[77.3557409,18.4819902],[77.3556791,18.4820037],[77.3556335,18.4820141],[77.3556218,18.4820168],[77.3556192,18.4820174],[77.3556053,18.4820203],[77.355558,18.4820298],[77.3555135,18.4820389],[77.3554714,18.4820476],[77.3554291,18.4820562],[77.3553866,18.4820646],[77.3553444,18.4820727],[77.3553026,18.4820808],[77.3552604,18.4820888],[77.3552178,18.4820969],[77.3551747,18.4821053],[77.3551308,18.482114],[77.3550879,18.4821225],[77.3550461,18.4821311],[77.3550043,18.4821393],[77.3549624,18.4821472],[77.3549202,18.4821551],[77.3548778,18.482163],[77.3548351,18.4821712],[77.3547919,18.4821798],[77.3547491,18.4821887],[77.3547068,18.482198],[77.3546641,18.4822065],[77.3546209,18.4822145],[77.3545781,18.4822226],[77.3545356,18.4822313],[77.3544931,18.4822396],[77.3544503,18.4822474],[77.3544079,18.4822557],[77.3543661,18.482265],[77.3543242,18.4822735],[77.3542821,18.4822808],[77.3542405,18.4822881],[77.3542019,18.4822955],[77.3541465,18.4823065],[77.3540396,18.4823289],[77.3539975,18.4823386],[77.3539966,18.4823392],[77.3539955,18.4823399],[77.3539925,18.4823426],[77.3539918,18.4823433],[77.353952,18.4823755],[77.3539503,18.4823767],[77.3539051,18.4823927],[77.3538638,18.4823931],[77.3538219,18.4823939],[77.3538205,18.482394],[77.3537801,18.4823985],[77.3537363,18.4824031],[77.353689,18.4824064],[77.3536424,18.4824092],[77.3535977,18.4824119],[77.3535549,18.4824149],[77.3535145,18.4824185],[77.353475,18.4824225],[77.3534341,18.4824288],[77.3534328,18.482429],[77.3533966,18.4824325],[77.3533955,18.4824324],[77.3533654,18.4824245],[77.3533644,18.4824241],[77.3533333,18.4824199],[77.3532971,18.4824229],[77.3532579,18.482427],[77.353218,18.4824328],[77.3531664,18.4824423],[77.353164,18.4824428],[77.3530719,18.4824673],[77.3529908,18.4824906],[77.3529507,18.4825018],[77.3529138,18.4825119],[77.352861,18.4825255],[77.3528261,18.4825342],[77.352818,18.4825362],[77.3528083,18.4825386],[77.3527675,18.4825497],[77.3527146,18.4825665],[77.3527131,18.4825671],[77.3526697,18.4825886],[77.3526682,18.4825894],[77.3526246,18.4826089],[77.3525784,18.4826229],[77.3525768,18.4826233],[77.3525316,18.4826299],[77.3525301,18.4826299],[77.3524843,18.4826186],[77.3524827,18.4826181],[77.3524371,18.4826081],[77.3523909,18.4826103],[77.3523452,18.4826144],[77.3523437,18.4826145],[77.3523002,18.4826229],[77.3522559,18.4826353],[77.3522119,18.4826484],[77.3521689,18.4826623],[77.3521278,18.4826757],[77.3520874,18.482689],[77.3520469,18.4827022],[77.3520061,18.4827143],[77.3520048,18.4827146],[77.3519644,18.4827232],[77.3519221,18.4827315],[77.3518792,18.4827418],[77.3518367,18.4827523],[77.3517955,18.4827608],[77.3517561,18.4827682],[77.351719,18.4827744],[77.3516855,18.4827799],[77.3516594,18.4827854],[77.3516586,18.4827856],[77.3516354,18.48279],[77.3516345,18.4827901],[77.3516031,18.4827927],[77.3515756,18.4827943],[77.3515751,18.4827943],[77.3515674,18.4827942],[77.3515672,18.4827942],[77.3515632,18.4827935],[77.3515631,18.4827935],[77.3515614,18.4827903],[77.3515604,18.4827862],[77.3515603,18.4827861],[77.3515591,18.4827854],[77.3515583,18.482785],[77.3515582,18.482785],[77.3515582,18.4827851],[77.3515582,18.4827851],[77.3515582,18.4827852],[77.3515582,18.4827852],[77.351558,18.4827847],[77.351558,18.4827846],[77.3515574,18.4827835],[77.3515574,18.4827835],[77.3515569,18.4827829],[77.3515568,18.4827828],[77.3515564,18.4827824],[77.3515564,18.4827823],[77.3515558,18.4827811],[77.3515552,18.4827796],[77.3515552,18.4827796],[77.351555,18.4827808],[77.3515545,18.4827851],[77.3515544,18.4827852],[77.3515529,18.4827933],[77.3515496,18.4828075],[77.3515461,18.4828224],[77.3515419,18.4828396],[77.3515367,18.4828595],[77.3515304,18.4828828],[77.351523,18.4829103],[77.3515144,18.4829424],[77.3515042,18.4829784],[77.3514923,18.4830182],[77.35148,18.483057],[77.3514672,18.4830959],[77.3514545,18.4831363],[77.3514415,18.483178],[77.3514282,18.4832187],[77.3514145,18.483259],[77.3514002,18.4833003],[77.3513854,18.4833426],[77.3513709,18.4833852],[77.3513566,18.4834284],[77.3513426,18.4834735],[77.3513289,18.4835197],[77.351316,18.483559],[77.3513032,18.4835951],[77.3512801,18.4836657],[77.351248,18.4837682],[77.351243,18.483785],[77.3512427,18.483786],[77.3512425,18.4837866],[77.3512385,18.4838004],[77.3512225,18.4838532],[77.3512084,18.4838983],[77.3511951,18.4839392],[77.3511815,18.4839807],[77.3511677,18.4840228],[77.3511536,18.4840656],[77.3511392,18.484109],[77.3511245,18.4841503],[77.3511092,18.4841898],[77.3510938,18.4842297],[77.3510783,18.4842698],[77.3510635,18.4843098],[77.3510492,18.4843497],[77.3510312,18.4844055],[77.3510075,18.4844844],[77.3510021,18.4845038],[77.3510018,18.484505],[77.3510005,18.4845118],[77.3509944,18.4845385],[77.3509941,18.4845395],[77.3509878,18.4845596],[77.3509876,18.4845601],[77.3509809,18.4845747],[77.3509743,18.4845866],[77.350968,18.4845962],[77.3509677,18.4845968],[77.3509646,18.4846019],[77.3509628,18.4846055],[77.3509627,18.4846056],[77.3509612,18.4846064],[77.3509611,18.4846064],[77.3509594,18.4846059],[77.3509593,18.4846059],[77.3509589,18.484605],[77.3509588,18.4846038],[77.3509588,18.4846038],[77.3509588,18.4846029],[77.3509588,18.4846029],[77.3509592,18.4846022],[77.3509592,18.4846022],[77.3509599,18.4846022],[77.3509599,18.4846023],[77.3509619,18.4846033],[77.350962,18.4846033],[77.3509629,18.4846031],[77.3509629,18.4846029],[77.3509636,18.4845967],[77.3509642,18.4845879],[77.3509648,18.4845759],[77.350965,18.484564],[77.3509645,18.4845523],[77.3509645,18.484552],[77.3509629,18.4845431],[77.3509628,18.4845428],[77.3509593,18.4845351],[77.3509592,18.4845349],[77.3509578,18.4845331],[77.3509579,18.4845332],[77.3509591,18.4845348],[77.3509591,18.4845349],[77.3509597,18.4845358],[77.3509597,18.4845358],[77.3509596,18.4845337],[77.3509596,18.4845335],[77.3509591,18.4845308],[77.350959,18.4845307],[77.3509568,18.4845271],[77.3509567,18.484527],[77.3509552,18.4845255],[77.3509552,18.4845255],[77.3509548,18.4845258],[77.3509548,18.4845258],[77.3509547,18.4845266],[77.3509547,18.4845267],[77.3509559,18.4845279],[77.3509561,18.484528],[77.350957,18.4845289],[77.350957,18.484529],[77.3509574,18.4845287],[77.3509574,18.4845286],[77.3509578,18.4845289],[77.3509584,18.4845305],[77.3509585,18.4845305],[77.3509588,18.4845318],[77.3509588,18.4845318],[77.3509588,18.4845317],[77.3509588,18.4845317],[77.3509584,18.4845316],[77.3509584,18.4845316],[77.3509577,18.4845319],[77.3509576,18.4845319],[77.350957,18.4845325],[77.350957,18.4845326],[77.3509571,18.4845337],[77.3509571,18.4845338],[77.3509564,18.4845343],[77.3509564,18.4845343],[77.3509538,18.4845308],[77.3509537,18.4845307],[77.3509516,18.4845266],[77.35095,18.4845227],[77.3509499,18.4845226],[77.3509483,18.4845223],[77.3509483,18.4845224],[77.3509495,18.4845254],[77.3509496,18.4845255],[77.3509527,18.4845289]]}},{"type":"Feature","properties":{"flight":57,"sol":902,"date":"2023-09-03","max_alt_m":10.0},"geometry":{"type":"LineString","coordinates":[[77.3509527,18.4845289],[77.350959,18.4845222],[77.3509631,18.4845174],[77.3509632,18.4845173],[77.350964,18.4845147],[77.350964,18.4845146],[77.3509632,18.4845127],[77.3509632,18.4845126],[77.3509636,18.4845115],[77.3509636,18.4845115],[77.350964,18.4845107],[77.3509647,18.4845098],[77.3509648,18.4845097],[77.3509656,18.4845087],[77.3509656,18.4845087],[77.3509665,18.4845078],[77.3509666,18.4845077],[77.3509675,18.4845069],[77.3509676,18.4845069],[77.3509681,18.4845067],[77.3509681,18.4845067],[77.3509679,18.4845074],[77.3509679,18.4845074],[77.3509675,18.4845083],[77.3509671,18.4845094],[77.3509671,18.4845095],[77.3509668,18.4845106],[77.3509668,18.4845107],[77.3509667,18.4845118],[77.3509665,18.4845131],[77.3509663,18.4845145],[77.3509663,18.4845145],[77.3509661,18.4845157],[77.3509661,18.4845157],[77.3509662,18.4845166],[77.3509662,18.4845166],[77.3509662,18.4845171],[77.3509662,18.4845172],[77.3509662,18.4845174],[77.3509662,18.4845174],[77.3509663,18.4845175],[77.3509664,18.4845175],[77.3509668,18.4845175],[77.3509668,18.4845175],[77.3509675,18.4845174],[77.3509675,18.4845174],[77.3509683,18.484517],[77.3509683,18.484517],[77.3509692,18.4845166],[77.3509692,18.4845165],[77.3509701,18.4845163],[77.3509702,18.4845163],[77.3509712,18.4845162],[77.3509712,18.4845162],[77.3509718,18.4845162],[77.3509718,18.4845162],[77.3509721,18.4845163],[77.3509722,18.4845164],[77.3509722,18.4845163],[77.3509722,18.4845163],[77.3509718,18.4845161],[77.3509718,18.4845161],[77.3509713,18.484516],[77.3509709,18.4845158],[77.3509708,18.4845158],[77.3509706,18.4845157],[77.3509706,18.4845157],[77.3509705,18.4845157],[77.3509705,18.4845157],[77.3509705,18.4845158],[77.3509705,18.4845158],[77.3509711,18.4845161],[77.3509712,18.4845162],[77.3509717,18.4845171],[77.3509717,18.4845171],[77.3509709,18.4845222],[77.3509693,18.4845317],[77.3509673,18.4845427],[77.3509646,18.4845567],[77.3509614,18.4845744],[77.3509576,18.4845963],[77.3509537,18.4846201],[77.3509498,18.4846461],[77.3509462,18.4846717],[77.3509428,18.4846973],[77.3509391,18.4847222],[77.350935,18.4847463],[77.3509312,18.4847699],[77.3509278,18.4847931],[77.3509246,18.4848159],[77.3509211,18.4848389],[77.3509174,18.4848621],[77.3509129,18.4848857],[77.3509091,18.4849095],[77.3509063,18.4849333],[77.3509034,18.4849573],[77.3509008,18.4849794],[77.3508979,18.4850032],[77.3508923,18.4850442],[77.3508842,18.4850968],[77.3508792,18.4851271],[77.3508756,18.4851477],[77.3508723,18.4851729],[77.3508691,18.4852016],[77.3508683,18.48521],[77.3508682,18.4852111],[77.3508678,18.4852153],[77.350865,18.4852397],[77.3508619,18.485267],[77.3508594,18.485291],[77.3508569,18.4853149],[77.3508544,18.4853384],[77.3508518,18.485362],[77.3508492,18.4853858],[77.3508465,18.4854097],[77.3508439,18.4854335],[77.3508411,18.4854573],[77.350838,18.4854812],[77.3508347,18.4855054],[77.3508319,18.4855301],[77.3508294,18.4855551],[77.3508271,18.4855796],[77.3508248,18.4856035],[77.3508222,18.4856275],[77.350819,18.4856515],[77.3508157,18.4856757],[77.3508124,18.4857002],[77.3508098,18.4857242],[77.350808,18.4857476],[77.3508063,18.485771],[77.3508046,18.4857947],[77.3508028,18.4858182],[77.3508008,18.4858413],[77.3507986,18.4858646],[77.3507963,18.4858884],[77.3507937,18.4859125],[77.3507908,18.4859369],[77.3507878,18.4859616],[77.3507857,18.485985],[77.3507838,18.4860088],[77.3507811,18.4860469],[77.3507777,18.486101],[77.3507756,18.4861339],[77.3507738,18.4861532],[77.350772,18.4861759],[77.3507696,18.4862061],[77.3507686,18.48622],[77.3507685,18.4862227],[77.3507685,18.4862228],[77.3507683,18.4862271],[77.3507663,18.4862495],[77.350764,18.4862779],[77.3507624,18.4863024],[77.3507608,18.486327],[77.3507593,18.4863519],[77.3507582,18.4863767],[77.3507577,18.4864007],[77.3507573,18.4864242],[77.350756,18.4864485],[77.3507547,18.4864731],[77.3507534,18.4864976],[77.350752,18.486522],[77.3507508,18.4865463],[77.3507498,18.4865706],[77.3507484,18.4865946],[77.3507464,18.4866186],[77.3507446,18.4866426],[77.3507432,18.4866668],[77.350742,18.4866912],[77.3507412,18.4867158],[77.3507402,18.4867403],[77.3507386,18.4867645],[77.3507369,18.4867887],[77.3507359,18.4868134],[77.3507353,18.4868381],[77.3507344,18.4868627],[77.3507335,18.4868871],[77.3507322,18.4869113],[77.3507301,18.486936],[77.3507301,18.4869368],[77.3507297,18.4869608],[77.3507301,18.4869857],[77.3507301,18.4870096],[77.3507291,18.4870333],[77.3507286,18.4870677],[77.3507287,18.4871206],[77.3507285,18.4871577],[77.3507281,18.4871785],[77.3507273,18.4871996],[77.350726,18.4872242],[77.3507248,18.48725],[77.3507246,18.487283],[77.3507247,18.4873032],[77.3507247,18.4873048],[77.3507246,18.4873062],[77.3507246,18.4873063],[77.3507251,18.4873221],[77.3507259,18.4873524],[77.3507255,18.4873773],[77.350725,18.4874018],[77.3507247,18.4874262],[77.3507246,18.4874505],[77.3507246,18.4874748],[77.3507245,18.4874991],[77.350724,18.4875233],[77.3507229,18.4875474],[77.3507225,18.4875719],[77.3507238,18.4875971],[77.3507239,18.4875988],[77.3507243,18.4876212],[77.3507226,18.4876461],[77.3507215,18.4876708],[77.3507213,18.4876952],[77.3507211,18.4877197],[77.3507205,18.4877444],[77.3507199,18.4877693],[77.3507205,18.4877952],[77.3507221,18.4878212],[77.3507235,18.4878462],[77.3507249,18.4878705],[77.3507257,18.4878946],[77.3507264,18.4879177],[77.3507264,18.4879184],[77.350728,18.4879363],[77.3507301,18.4879517],[77.3507301,18.4879521],[77.3507299,18.4879635],[77.3507293,18.4879731],[77.3507287,18.4879787],[77.3507286,18.4879789],[77.3507272,18.487982],[77.3507272,18.4879821],[77.350726,18.4879844],[77.3507251,18.4879862],[77.350725,18.4879863],[77.3507247,18.4879875],[77.3507247,18.4879876],[77.3507255,18.4879887],[77.3507258,18.487989],[77.350726,18.4879894],[77.350726,18.4879894],[77.3507248,18.4879894],[77.3507248,18.4879893],[77.3507229,18.4879891],[77.3507228,18.4879891],[77.3507205,18.4879885],[77.3507204,18.4879885],[77.3507186,18.4879877],[77.3507186,18.4879877],[77.3507189,18.4879871],[77.3507189,18.4879871],[77.35072,18.4879866],[77.3507201,18.4879866],[77.3507216,18.4879866],[77.3507235,18.4879866],[77.3507235,18.4879866],[77.3507229,18.4879862],[77.3507227,18.4879862],[77.3507206,18.4879854],[77.3507206,18.4879854],[77.3507205,18.4879856],[77.3507206,18.4879857],[77.3507231,18.4879868],[77.3507259,18.4879881],[77.3507291,18.4879895],[77.3507292,18.4879896],[77.3507311,18.4879903],[77.3507312,18.4879903],[77.3507321,18.4879906],[77.3507321,18.4879906],[77.350733,18.4879908],[77.3507331,18.4879909],[77.3507344,18.4879909],[77.3507344,18.4879909],[77.3507354,18.4879908],[77.3507354,18.4879908],[77.350736,18.4879906],[77.350736,18.4879905],[77.3507362,18.4879902],[77.3507362,18.4879902],[77.3507362,18.4879897],[77.3507361,18.4879897],[77.3507361,18.4879892],[77.350736,18.4879892],[77.3507367,18.487989],[77.3507381,18.487989],[77.3507381,18.487989],[77.3507385,18.4879889],[77.3507385,18.4879889],[77.3507386,18.4879888],[77.3507386,18.4879888],[77.3507381,18.4879888],[77.3507381,18.4879888],[77.350737,18.4879887],[77.350737,18.4879887],[77.3507369,18.487989],[77.3507369,18.487989],[77.3507378,18.4879895],[77.3507379,18.4879895],[77.3507402,18.4879896],[77.3507473,18.4879887],[77.3507567,18.4879877],[77.3507698,18.4879864],[77.350786,18.4879849],[77.3508066,18.487983],[77.3508301,18.487981],[77.3508557,18.4879787],[77.3508842,18.4879762],[77.3509219,18.4879731],[77.3509527,18.4879704],[77.3509626,18.4879693],[77.3509631,18.4879692],[77.3509683,18.4879683],[77.3509684,18.4879682],[77.3509718,18.487967],[77.3509719,18.4879669],[77.3509738,18.4879659],[77.3509739,18.4879659],[77.3509743,18.4879653],[77.3509743,18.4879653],[77.3509742,18.4879651],[77.3509742,18.4879651],[77.3509749,18.4879655],[77.350975,18.4879655],[77.3509769,18.4879663],[77.350977,18.4879663],[77.3509789,18.4879667],[77.350979,18.4879667],[77.3509811,18.4879664],[77.3509812,18.4879663],[77.3509818,18.4879661],[77.3509818,18.4879661],[77.3509814,18.487966],[77.3509814,18.487966],[77.3509813,18.4879659],[77.3509814,18.4879659],[77.3509821,18.4879659],[77.3509821,18.4879659],[77.350983,18.4879657],[77.350983,18.4879657],[77.3509837,18.4879647],[77.3509838,18.4879646],[77.3509846,18.4879643],[77.3509846,18.4879643],[77.3509857,18.4879653],[77.3509857,18.4879653],[77.3509864,18.4879666],[77.3509864,18.4879666],[77.350986,18.4879672],[77.350986,18.4879672],[77.3509848,18.4879671],[77.3509846,18.4879671]]}},{"type":"Feature","properties":{"flight":58,"sol":910,"date":"2023-09-11","max_alt_m":10.0},"geometry":{"type":"LineString","coordinates":[[77.3509845,18.4879671],[77.3509896,18.4879641],[77.3509897,18.487964],[77.3509925,18.4879627],[77.3509926,18.4879626],[77.3509935,18.4879626],[77.3509939,18.4879627],[77.3509939,18.4879627],[77.3509938,18.4879626],[77.3509937,18.4879626],[77.350994,18.4879626],[77.3509957,18.4879628],[77.3509959,18.4879628],[77.3509975,18.4879632],[77.3509975,18.4879632],[77.3509982,18.4879636],[77.3509982,18.4879636],[77.3509981,18.487964],[77.3509981,18.4879641],[77.3509981,18.4879644],[77.3509981,18.4879644],[77.3509978,18.4879649],[77.3509978,18.4879649],[77.3509972,18.4879653],[77.3509966,18.4879657],[77.3509959,18.4879663],[77.3509958,18.4879663],[77.3509955,18.4879666],[77.3509955,18.4879666],[77.350996,18.4879664],[77.3509964,18.4879661],[77.3509964,18.4879661],[77.3509965,18.4879661],[77.3509965,18.4879661],[77.3509965,18.487966],[77.3509965,18.487966],[77.3509966,18.4879657],[77.3509967,18.4879654],[77.3509968,18.4879654],[77.3509968,18.4879654],[77.3509968,18.4879654],[77.3509968,18.4879654],[77.3509968,18.4879654],[77.3509971,18.4879651],[77.3509971,18.4879651],[77.3509974,18.4879648],[77.3509974,18.4879648],[77.3509977,18.4879648],[77.3509977,18.4879648],[77.350998,18.487965],[77.350998,18.487965],[77.3509984,18.4879649],[77.3509985,18.4879649],[77.350999,18.4879647],[77.350999,18.4879646],[77.3509993,18.4879643],[77.3509996,18.4879637],[77.3509996,18.4879637],[77.3509997,18.4879637],[77.3509997,18.4879638],[77.3509998,18.4879638],[77.3509998,18.4879638],[77.3510002,18.4879635],[77.3510003,18.4879634],[77.3510007,18.4879631],[77.3510007,18.487963],[77.3510008,18.4879627],[77.3510008,18.4879627],[77.3510006,18.4879625],[77.3510005,18.4879625],[77.3510002,18.4879627],[77.3510001,18.4879627],[77.3509997,18.4879632],[77.3509996,18.4879633],[77.3509995,18.4879636],[77.3509995,18.4879637],[77.3509994,18.487964],[77.3509994,18.487964],[77.3509993,18.4879639],[77.3509993,18.4879639],[77.3509991,18.4879637],[77.3509991,18.4879637],[77.3509981,18.4879642],[77.3509952,18.4879662],[77.3509951,18.4879663],[77.3509893,18.4879694],[77.3509779,18.487975],[77.3509646,18.4879818],[77.3509481,18.4879906],[77.3509289,18.4880011],[77.3509069,18.4880137],[77.3508849,18.4880267],[77.3508626,18.4880404],[77.3508406,18.4880535],[77.3508188,18.4880663],[77.3507976,18.4880786],[77.3507762,18.4880908],[77.3507419,18.4881104],[77.3506927,18.4881385],[77.3506583,18.4881583],[77.3506331,18.4881729],[77.3506276,18.4881761],[77.3506266,18.4881767],[77.3506191,18.4881808],[77.350592,18.4881958],[77.350567,18.4882094],[77.3505437,18.4882219],[77.350521,18.4882343],[77.3504987,18.4882466],[77.3504763,18.4882585],[77.3504537,18.4882701],[77.3504302,18.4882825],[77.3504057,18.4882957],[77.3503818,18.4883086],[77.3503587,18.4883211],[77.3503353,18.4883336],[77.3503114,18.4883463],[77.3502878,18.4883589],[77.3502645,18.4883715],[77.3502413,18.4883841],[77.3502181,18.4883969],[77.3501953,18.4884096],[77.3501729,18.4884223],[77.3501506,18.4884347],[77.3501285,18.4884467],[77.3501055,18.488459],[77.3500813,18.4884716],[77.3500576,18.4884841],[77.3500348,18.4884967],[77.3500121,18.488509],[77.3499892,18.488521],[77.3499662,18.488533],[77.3499428,18.4885451],[77.3499189,18.4885574],[77.349894,18.4885699],[77.3498696,18.4885826],[77.3498459,18.4885957],[77.3498229,18.4886086],[77.3498007,18.4886215],[77.3497781,18.4886336],[77.3497545,18.4886445],[77.349731,18.4886559],[77.3497092,18.4886679],[77.3496806,18.4886836],[77.349633,18.4887096],[77.3495938,18.4887305],[77.3495658,18.4887449],[77.3495529,18.4887512],[77.3495502,18.4887524],[77.3495455,18.4887546],[77.3495214,18.4887658],[77.3494931,18.4887793],[77.349468,18.4887919],[77.3494435,18.4888045],[77.3494203,18.4888169],[77.349397,18.4888289],[77.3493747,18.4888393],[77.3493468,18.4888524],[77.3493193,18.4888667],[77.3492982,18.488878],[77.3492562,18.4888996],[77.3492334,18.4889101],[77.3492125,18.4889201],[77.3491838,18.488935],[77.3491675,18.4889436],[77.3491656,18.4889445],[77.349163,18.4889457],[77.3491418,18.4889568],[77.349113,18.4889718],[77.3490888,18.4889839],[77.3490647,18.4889958],[77.3490406,18.489008],[77.3490166,18.4890199],[77.348993,18.4890311],[77.3489694,18.4890421],[77.3489455,18.4890532],[77.3489216,18.4890646],[77.3488997,18.4890758],[77.3488743,18.4890889],[77.3488294,18.4891103],[77.3487842,18.4891317],[77.3487593,18.4891438],[77.3487373,18.4891545],[77.348704,18.4891704],[77.348681,18.4891814],[77.3486802,18.4891818],[77.3486802,18.4891818],[77.3486795,18.4891821],[77.3486794,18.4891822],[77.3486627,18.4891908],[77.3486326,18.4892066],[77.3486089,18.4892193],[77.3485853,18.4892317],[77.3485614,18.4892433],[77.3485373,18.4892544],[77.3485123,18.4892654],[77.3484873,18.4892764],[77.3484636,18.4892873],[77.3484403,18.4892986],[77.3484173,18.489311],[77.3483926,18.4893249],[77.3483528,18.4893452],[77.3483175,18.4893625],[77.3483171,18.4893627],[77.3483154,18.4893633],[77.3483146,18.4893634],[77.3483143,18.4893635],[77.3483079,18.4893647],[77.3482961,18.4893669],[77.3482901,18.4893683],[77.3482861,18.4893693],[77.348286,18.4893693],[77.3482842,18.4893693],[77.3482841,18.4893693],[77.3482831,18.4893686],[77.3482831,18.4893686],[77.3482836,18.4893677],[77.3482836,18.4893677],[77.3482854,18.4893669],[77.3482855,18.4893669],[77.3482874,18.4893674],[77.3482895,18.4893681],[77.3482895,18.4893681],[77.3482904,18.4893683],[77.3482905,18.4893683],[77.348291,18.4893681],[77.348291,18.4893681],[77.3482917,18.4893679],[77.3482917,18.4893679],[77.3482924,18.4893676],[77.3482924,18.4893676],[77.3482928,18.4893669],[77.3482929,18.4893668],[77.3482932,18.4893662],[77.3482932,18.4893662],[77.3482949,18.4893666],[77.3482995,18.4893682],[77.3483,18.4893684],[77.3483056,18.4893708],[77.3483134,18.4893746],[77.3483138,18.4893749],[77.3483184,18.4893776],[77.348322,18.48938],[77.3483221,18.48938],[77.3483241,18.4893807],[77.3483256,18.4893811],[77.3483256,18.4893811],[77.3483275,18.4893827],[77.3483297,18.4893861],[77.3483298,18.4893862],[77.3483311,18.489387],[77.3483312,18.489387],[77.3483321,18.4893872],[77.3483321,18.4893872],[77.3483326,18.4893874],[77.3483326,18.4893875],[77.3483327,18.4893876],[77.3483327,18.4893876],[77.3483328,18.4893877],[77.3483328,18.4893877],[77.3483328,18.4893876],[77.3483328,18.4893876],[77.3483329,18.4893874],[77.3483329,18.4893874],[77.3483331,18.489387],[77.3483331,18.489387],[77.3483332,18.4893865],[77.3483332,18.4893865],[77.3483332,18.489386],[77.3483332,18.489386],[77.348333,18.4893855],[77.348333,18.4893855],[77.3483325,18.489385],[77.3483325,18.489385],[77.3483321,18.4893844],[77.3483317,18.4893837],[77.3483317,18.4893837],[77.3483313,18.4893835],[77.3483313,18.4893835],[77.3483309,18.4893836],[77.3483309,18.4893837],[77.3483303,18.4893841],[77.3483302,18.4893841],[77.3483295,18.4893847],[77.3483288,18.4893853],[77.3483287,18.4893853],[77.3483282,18.4893857],[77.3483282,18.4893857],[77.3483279,18.4893865],[77.3483279,18.4893865],[77.3483279,18.4893877],[77.3483279,18.4893878],[77.348328,18.4893882],[77.348328,18.4893882],[77.3483283,18.4893866],[77.3483286,18.4893852]]}},{"type":"Feature","properties":{"flight":59,"sol":915,"date":"2023-09-16","max_alt_m":20.0},"geometry":{"type":"LineString","coordinates":[[77.3483286,18.4893851],[77.3483278,18.4893849],[77.3483276,18.4893848],[77.3483272,18.4893847],[77.3483272,18.4893847],[77.3483271,18.4893845],[77.3483271,18.4893845],[77.3483272,18.4893844],[77.3483272,18.4893844],[77.3483274,18.4893843],[77.3483274,18.4893843],[77.3483275,18.4893842],[77.3483276,18.4893841],[77.3483276,18.4893841],[77.3483277,18.489384],[77.3483277,18.489384],[77.3483278,18.4893839],[77.3483278,18.4893838],[77.3483278,18.4893838],[77.3483278,18.4893838],[77.3483277,18.4893837],[77.3483277,18.4893837],[77.3483278,18.4893836],[77.3483278,18.4893836],[77.348328,18.4893836],[77.348328,18.4893836],[77.3483281,18.4893835],[77.3483281,18.4893835],[77.3483281,18.4893833],[77.3483281,18.4893833],[77.348328,18.4893831],[77.348328,18.4893831],[77.3483278,18.4893829],[77.3483278,18.4893828],[77.3483274,18.4893826],[77.3483274,18.4893826],[77.3483268,18.4893823],[77.3483268,18.4893823],[77.3483262,18.4893821],[77.3483262,18.4893821],[77.3483255,18.489382],[77.3483247,18.4893819],[77.3483247,18.4893819],[77.3483241,18.4893818],[77.3483241,18.4893818],[77.3483237,18.4893815],[77.3483237,18.4893815],[77.3483234,18.4893812],[77.3483234,18.4893812],[77.3483229,18.4893811],[77.3483229,18.4893811],[77.3483222,18.489381],[77.3483222,18.489381],[77.3483216,18.489381],[77.3483215,18.489381],[77.3483212,18.4893811],[77.3483212,18.4893811],[77.348321,18.4893811],[77.348321,18.4893811],[77.3483208,18.4893812],[77.3483208,18.4893812],[77.3483206,18.4893815],[77.3483206,18.4893816],[77.3483204,18.4893821],[77.3483204,18.4893822],[77.3483203,18.4893829],[77.3483203,18.4893829],[77.3483204,18.4893836],[77.3483205,18.4893844],[77.3483205,18.4893844],[77.3483206,18.4893851],[77.3483206,18.4893852],[77.3483208,18.4893858],[77.348321,18.4893865],[77.348321,18.4893866],[77.3483212,18.4893874],[77.3483212,18.4893874],[77.3483217,18.4893891],[77.3483226,18.4893911],[77.3483233,18.4893927],[77.3483233,18.4893927],[77.3483239,18.4893935],[77.3483239,18.4893935],[77.3483245,18.4893943],[77.3483245,18.4893943],[77.3483251,18.4893957],[77.348326,18.4893984],[77.3483267,18.4894007],[77.3483268,18.4894008],[77.3483269,18.4894015],[77.3483269,18.4894015],[77.3483268,18.4894017],[77.3483268,18.4894018],[77.3483268,18.4894018],[77.3483268,18.4894017],[77.3483271,18.4893992],[77.3483278,18.4893908],[77.3483283,18.4893839],[77.3483284,18.4893834],[77.3483283,18.4893823],[77.3483283,18.4893822],[77.3483277,18.4893813],[77.3483277,18.4893813],[77.3483272,18.4893807],[77.3483271,18.4893807],[77.3483267,18.4893802],[77.3483267,18.4893801],[77.3483264,18.4893795],[77.3483264,18.4893795],[77.3483261,18.4893791],[77.3483261,18.489379],[77.3483257,18.4893788],[77.3483257,18.4893788],[77.3483255,18.4893788],[77.3483255,18.4893788],[77.3483254,18.4893788],[77.3483254,18.4893788],[77.3483255,18.4893789],[77.3483256,18.4893789],[77.3483256,18.4893791],[77.3483256,18.4893791],[77.3483256,18.4893794],[77.3483256,18.4893795],[77.3483255,18.4893802],[77.3483255,18.4893802],[77.3483253,18.4893811],[77.3483253,18.4893811],[77.3483253,18.4893816],[77.3483253,18.4893817],[77.3483254,18.4893821],[77.3483254,18.4893821],[77.3483254,18.4893825],[77.3483254,18.4893825],[77.3483253,18.4893831],[77.3483252,18.4893838],[77.3483252,18.4893838],[77.3483251,18.4893846],[77.3483251,18.4893847],[77.3483253,18.4893861],[77.3483254,18.4893861],[77.348326,18.4893879],[77.348326,18.489388],[77.3483267,18.4893889],[77.3483267,18.4893889],[77.3483274,18.4893888],[77.3483275,18.4893888],[77.3483282,18.4893885],[77.3483282,18.4893885],[77.3483287,18.4893884],[77.3483287,18.4893884],[77.3483289,18.4893883],[77.3483289,18.4893883],[77.3483291,18.4893882],[77.3483291,18.4893882],[77.3483294,18.4893881],[77.3483304,18.4893876],[77.3483315,18.4893872],[77.3483315,18.4893872],[77.3483318,18.4893871],[77.3483318,18.4893871],[77.3483319,18.4893875],[77.3483319,18.4893878],[77.348332,18.4893879],[77.348332,18.4893881],[77.348332,18.4893881],[77.3483319,18.4893884],[77.3483319,18.4893886],[77.3483319,18.4893886],[77.3483317,18.4893885],[77.3483313,18.4893882],[77.3483313,18.4893882],[77.348331,18.4893879],[77.348331,18.4893879],[77.3483309,18.4893877],[77.3483309,18.4893876],[77.3483308,18.4893873],[77.3483308,18.4893869],[77.3483308,18.4893869],[77.3483307,18.4893868],[77.3483307,18.4893868],[77.3483306,18.4893869],[77.3483306,18.4893869],[77.3483304,18.4893869],[77.3483302,18.4893867],[77.3483301,18.4893867],[77.3483299,18.4893865],[77.3483299,18.4893865],[77.3483297,18.4893862],[77.3483297,18.4893862],[77.3483294,18.4893856],[77.3483294,18.4893855],[77.3483289,18.489385],[77.3483289,18.489385],[77.3483284,18.489385],[77.3483276,18.489385],[77.3483276,18.489385],[77.3483269,18.4893851],[77.3483269,18.4893851],[77.3483265,18.4893851],[77.3483265,18.4893851],[77.3483261,18.4893853],[77.3483258,18.4893856],[77.3483258,18.4893856],[77.3483255,18.4893857],[77.3483253,18.4893858],[77.3483253,18.4893858],[77.3483252,18.4893859],[77.3483252,18.4893859],[77.3483251,18.4893861],[77.3483251,18.4893861],[77.3483251,18.4893865],[77.3483251,18.4893865],[77.3483251,18.4893868],[77.3483252,18.4893868],[77.348326,18.4893867],[77.3483275,18.4893864],[77.3483278,18.4893864],[77.3483288,18.4893863],[77.3483288,18.4893863],[77.34833,18.4893868],[77.3483301,18.4893869],[77.348331,18.4893876],[77.348331,18.4893876],[77.3483312,18.489388],[77.3483312,18.489388],[77.3483309,18.4893883],[77.3483306,18.4893885],[77.3483306,18.4893885],[77.3483306,18.4893886],[77.3483306,18.4893886],[77.3483305,18.4893888],[77.3483305,18.4893888],[77.3483305,18.4893889],[77.3483305,18.4893889],[77.3483304,18.4893889],[77.3483304,18.4893889],[77.34833,18.4893887],[77.3483299,18.4893887],[77.3483296,18.4893885],[77.3483296,18.4893885],[77.3483295,18.4893883],[77.3483295,18.4893883],[77.3483295,18.4893881],[77.3483295,18.4893881],[77.3483294,18.4893879],[77.3483294,18.4893879],[77.3483294,18.4893878],[77.3483294,18.4893878],[77.3483294,18.4893879],[77.3483294,18.4893879],[77.3483295,18.489388],[77.3483295,18.489388],[77.3483299,18.4893881],[77.3483299,18.4893881],[77.3483306,18.4893882],[77.3483306,18.4893882],[77.3483313,18.4893883],[77.3483313,18.4893883],[77.348332,18.4893881],[77.3483327,18.4893879],[77.3483327,18.4893879],[77.3483328,18.4893879],[77.3483328,18.4893879],[77.3483329,18.4893882],[77.3483329,18.4893882],[77.3483329,18.4893885],[77.3483329,18.4893885],[77.348333,18.4893886],[77.348333,18.4893886],[77.3483332,18.4893886],[77.3483334,18.4893885],[77.3483337,18.4893885],[77.3483339,18.4893885],[77.3483339,18.4893885],[77.3483342,18.4893884],[77.3483343,18.4893884],[77.3483347,18.4893882],[77.3483347,18.4893881],[77.3483351,18.4893878],[77.3483351,18.4893878],[77.3483352,18.4893877],[77.3483352,18.4893877],[77.3483351,18.489388],[77.3483351,18.489388],[77.3483349,18.4893883],[77.3483349,18.4893883],[77.3483348,18.4893886],[77.3483347,18.4893887],[77.3483346,18.4893891],[77.3483344,18.4893896],[77.3483343,18.4893897],[77.3483343,18.4893897],[77.3483344,18.4893896],[77.3483344,18.4893895],[77.3483344,18.4893894],[77.3483344,18.4893893],[77.3483344,18.4893893],[77.3483344,18.4893893],[77.3483345,18.4893895],[77.3483345,18.4893895],[77.3483346,18.4893896],[77.3483346,18.4893896],[77.3483346,18.4893895],[77.3483346,18.4893895],[77.3483346,18.4893893],[77.3483346,18.4893893],[77.3483346,18.489389],[77.3483346,18.489389],[77.3483346,18.4893889],[77.3483346,18.4893889],[77.3483346,18.4893888],[77.3483346,18.4893888],[77.3483346,18.4893887],[77.3483346,18.4893887],[77.3483347,18.4893886],[77.3483347,18.4893886],[77.3483349,18.4893884],[77.3483349,18.4893884],[77.348335,18.4893884],[77.348335,18.4893884],[77.3483352,18.4893883],[77.3483352,18.4893883],[77.3483354,18.4893882],[77.3483354,18.4893882],[77.3483355,18.4893882],[77.3483355,18.4893882],[77.3483358,18.4893879],[77.3483358,18.4893879],[77.3483362,18.4893876],[77.3483363,18.4893876],[77.3483365,18.4893875],[77.3483365,18.4893875],[77.3483367,18.489388],[77.3483367,18.489388],[77.3483369,18.4893885],[77.3483369,18.4893885],[77.3483369,18.4893886],[77.3483369,18.4893886],[77.3483367,18.4893883],[77.3483367,18.4893883],[77.3483365,18.489388],[77.3483365,18.489388],[77.3483365,18.4893879],[77.3483365,18.4893879],[77.3483365,18.4893878],[77.3483365,18.4893878],[77.3483365,18.4893878],[77.3483365,18.4893878],[77.3483364,18.4893882],[77.3483362,18.4893889],[77.3483362,18.4893889],[77.348336,18.4893895],[77.348336,18.4893895],[77.3483359,18.4893896],[77.3483359,18.4893896],[77.3483359,18.4893894],[77.3483359,18.4893894],[77.3483357,18.4893893],[77.3483357,18.4893893],[77.3483353,18.4893893],[77.3483353,18.4893893],[77.3483349,18.4893893],[77.3483349,18.4893893],[77.3483347,18.4893891],[77.3483347,18.4893891],[77.3483349,18.4893889],[77.3483356,18.4893886],[77.3483356,18.4893885],[77.3483362,18.4893881],[77.3483362,18.489388],[77.3483369,18.4893869],[77.3483376,18.4893859],[77.3483376,18.4893859],[77.348338,18.4893856],[77.348338,18.4893856],[77.3483382,18.4893856],[77.3483382,18.4893856],[77.3483384,18.4893857],[77.3483384,18.4893857],[77.3483385,18.489386],[77.3483385,18.489386],[77.3483386,18.4893863],[77.3483386,18.4893863],[77.3483386,18.4893866],[77.3483386,18.4893866],[77.3483385,18.4893869],[77.3483383,18.4893871],[77.3483383,18.4893871],[77.3483382,18.4893873],[77.3483382,18.4893873],[77.3483383,18.4893874],[77.3483383,18.4893875],[77.3483384,18.4893877],[77.3483384,18.4893877],[77.3483386,18.4893878],[77.3483386,18.4893878],[77.348339,18.4893878],[77.348339,18.4893878],[77.3483394,18.4893878],[77.3483395,18.4893878],[77.3483397,18.4893878],[77.3483397,18.4893878],[77.3483397,18.4893877],[77.3483397,18.4893877],[77.3483397,18.4893876],[77.3483397,18.4893876],[77.3483397,18.4893875],[77.3483398,18.4893875],[77.34834,18.4893875],[77.34834,18.4893875],[77.3483402,18.4893875],[77.3483402,18.4893875],[77.3483402,18.4893874],[77.3483402,18.4893874],[77.3483401,18.4893874],[77.3483401,18.4893874],[77.3483399,18.4893874],[77.3483398,18.4893873],[77.3483397,18.4893873],[77.3483397,18.4893873],[77.3483394,18.4893872],[77.3483394,18.4893872],[77.3483392,18.489387],[77.3483392,18.489387],[77.3483392,18.4893864],[77.3483392,18.4893864],[77.3483393,18.4893855],[77.3483394,18.4893849],[77.3483394,18.4893848],[77.3483394,18.4893848],[77.3483394,18.4893848],[77.3483394,18.4893849],[77.3483394,18.4893849],[77.3483392,18.4893849],[77.3483391,18.4893849],[77.3483386,18.4893845],[77.3483385,18.4893844],[77.3483379,18.4893841],[77.3483378,18.4893841],[77.3483376,18.4893842],[77.3483377,18.4893843],[77.3483389,18.4893858],[77.3483405,18.4893875],[77.3483405,18.4893875],[77.3483406,18.489388],[77.3483406,18.489388],[77.3483403,18.4893881],[77.3483403,18.4893881],[77.3483401,18.4893881],[77.3483401,18.4893881],[77.3483398,18.489388],[77.3483394,18.4893877],[77.3483394,18.4893877],[77.348339,18.4893876],[77.3483389,18.4893876],[77.3483385,18.4893876],[77.3483385,18.4893876],[77.3483381,18.4893878],[77.3483381,18.4893878],[77.3483378,18.4893879],[77.3483378,18.4893879],[77.3483376,18.4893881],[77.3483376,18.4893881],[77.3483375,18.4893884],[77.3483375,18.4893884],[77.3483375,18.4893886],[77.3483374,18.4893886],[77.3483376,18.4893885],[77.348338,18.4893881],[77.348338,18.489388],[77.3483383,18.4893877],[77.3483383,18.4893877],[77.3483386,18.4893876],[77.3483386,18.4893876],[77.348339,18.4893874],[77.348339,18.4893874],[77.3483393,18.4893872],[77.3483393,18.4893872],[77.3483396,18.4893869],[77.3483397,18.4893869],[77.34834,18.4893866],[77.34834,18.4893866],[77.3483406,18.4893865],[77.3483406,18.4893865],[77.3483413,18.4893865],[77.3483421,18.4893865],[77.3483421,18.4893865],[77.3483429,18.4893865],[77.3483429,18.4893865],[77.3483436,18.4893863],[77.3483437,18.4893863],[77.3483443,18.4893861],[77.3483444,18.4893861],[77.3483449,18.4893861],[77.348345,18.4893861],[77.3483455,18.4893862],[77.3483455,18.4893863],[77.3483461,18.4893864],[77.3483461,18.4893864],[77.3483469,18.4893865],[77.3483478,18.4893866],[77.3483478,18.4893866],[77.3483485,18.4893867],[77.3483485,18.4893867],[77.3483489,18.4893868],[77.3483489,18.4893868],[77.3483492,18.489387],[77.3483492,18.489387],[77.3483492,18.4893871],[77.3483493,18.4893872],[77.3483495,18.4893872],[77.3483495,18.4893872],[77.3483493,18.4893874],[77.348348,18.4893884],[77.3483479,18.4893885],[77.348346,18.4893903],[77.348344,18.4893921],[77.3483438,18.4893922],[77.3483425,18.489393],[77.3483424,18.489393],[77.3483423,18.4893925],[77.3483423,18.4893925],[77.3483428,18.4893917],[77.3483428,18.4893916],[77.3483433,18.4893912],[77.3483433,18.4893912],[77.3483446,18.4893909],[77.3483447,18.4893909],[77.3483465,18.4893907],[77.3483468,18.4893907]]}},{"type":"Feature","properties":{"flight":60,"sol":924,"date":"2023-09-26","max_alt_m":16.0},"geometry":{"type":"LineString","coordinates":[[77.3483469,18.4893907],[77.3483454,18.489391],[77.3483453,18.489391],[77.3483444,18.4893913],[77.3483443,18.4893913],[77.348344,18.4893915],[77.348344,18.4893915],[77.3483438,18.4893917],[77.3483438,18.4893917],[77.3483433,18.4893918],[77.3483428,18.4893919],[77.3483428,18.4893919],[77.3483425,18.4893921],[77.3483425,18.4893921],[77.348342,18.4893923],[77.348342,18.4893923],[77.3483399,18.4893923],[77.3483353,18.4893921],[77.3483351,18.489392],[77.3483336,18.4893917],[77.3483336,18.4893917],[77.3483335,18.4893913],[77.3483335,18.4893913],[77.3483342,18.4893906],[77.3483351,18.4893898],[77.3483351,18.4893898],[77.3483366,18.4893888],[77.3483386,18.4893875],[77.3483388,18.4893874],[77.3483408,18.4893864],[77.348341,18.4893863],[77.348343,18.4893855],[77.3483431,18.4893855],[77.3483447,18.489385],[77.3483447,18.489385],[77.3483454,18.4893853],[77.3483456,18.4893855],[77.348346,18.4893857],[77.3483461,18.4893857],[77.3483468,18.4893857],[77.3483469,18.4893857],[77.3483475,18.4893857],[77.3483476,18.4893857],[77.3483471,18.4893858],[77.348347,18.4893858],[77.3483453,18.4893862],[77.3483453,18.4893862],[77.348344,18.4893879],[77.3483439,18.489388],[77.3483429,18.4893907],[77.3483428,18.4893908],[77.3483429,18.4893922],[77.3483429,18.4893923],[77.3483431,18.4893931],[77.3483431,18.4893931],[77.3483433,18.4893935],[77.3483433,18.4893935],[77.3483434,18.4893937],[77.3483434,18.4893937],[77.3483433,18.489394],[77.3483433,18.489394],[77.3483429,18.4893945],[77.3483425,18.4893953],[77.3483419,18.4893962],[77.3483419,18.4893963],[77.348341,18.4893979],[77.3483384,18.4894015],[77.3483346,18.489407],[77.3483289,18.4894147],[77.3483216,18.4894251],[77.3483131,18.4894384],[77.3483029,18.4894548],[77.3482913,18.4894732],[77.3482779,18.4894944],[77.3482626,18.4895187],[77.3482454,18.4895465],[77.3482265,18.4895768],[77.3482058,18.4896101],[77.3481831,18.4896461],[77.3481581,18.4896852],[77.3481306,18.4897279],[77.3480998,18.4897755],[77.3480688,18.4898228],[77.3480383,18.4898684],[77.3480076,18.4899147],[77.3479767,18.4899626],[77.3479455,18.4900111],[77.3479139,18.49006],[77.3478816,18.4901093],[77.3478477,18.4901585],[77.3478138,18.4902086],[77.3477816,18.4902606],[77.3477806,18.4902623],[77.3477518,18.4903144],[77.3477509,18.4903162],[77.3477291,18.4903723],[77.3477092,18.4904317],[77.3477084,18.4904336],[77.347679,18.490481],[77.3476777,18.4904825],[77.3476375,18.4905234],[77.3476361,18.4905248],[77.3476002,18.4905672],[77.3475663,18.4906119],[77.3475651,18.4906133],[77.3475292,18.4906486],[77.3475279,18.4906497],[77.3474876,18.4906777],[77.3474863,18.4906786],[77.3474508,18.4907078],[77.3474497,18.4907089],[77.3474208,18.4907419],[77.3474198,18.490743],[77.3473885,18.4907692],[77.3473872,18.4907699],[77.3473435,18.4907858],[77.347342,18.4907863],[77.3473159,18.4908052],[77.3473156,18.490806],[77.347309,18.4908383],[77.3473032,18.4908715],[77.347303,18.4908724],[77.3472948,18.4908952],[77.3472863,18.490915],[77.3472794,18.4909321],[77.3472792,18.4909326],[77.3472741,18.490947],[77.347274,18.4909475],[77.3472715,18.4909608],[77.3472698,18.4909729],[77.3472698,18.4909733],[77.3472712,18.4909823],[77.3472713,18.4909826],[77.3472776,18.49099],[77.3472779,18.4909902],[77.3472831,18.4909928],[77.3472833,18.4909928],[77.347288,18.4909936],[77.3472882,18.4909937],[77.3472957,18.4909964],[77.3473086,18.4910033],[77.3473132,18.4910056],[77.3473132,18.4910056],[77.3473132,18.4910055],[77.3473132,18.4910055],[77.3473135,18.4910056],[77.3473135,18.4910057],[77.3473156,18.4910061],[77.3473156,18.4910061],[77.3473181,18.4910067],[77.3473182,18.4910068],[77.3473213,18.4910081],[77.3473214,18.4910082],[77.347323,18.4910101],[77.347323,18.4910101],[77.347321,18.4910129],[77.3473168,18.4910172],[77.3473162,18.4910178],[77.3473095,18.4910243],[77.3472993,18.4910349],[77.3472989,18.4910352],[77.3472901,18.4910475],[77.3472804,18.4910633],[77.34728,18.4910639],[77.3472672,18.491082],[77.3472503,18.4911041],[77.3472334,18.4911282],[77.3472162,18.4911547],[77.3471966,18.4911844],[77.3471741,18.4912181],[77.3471492,18.4912545],[77.3471214,18.4912941],[77.3470908,18.4913354],[77.3470563,18.491378],[77.3470204,18.4914234],[77.3469838,18.4914725],[77.3469476,18.4915245],[77.3469464,18.4915263],[77.3469138,18.4915804],[77.3468793,18.4916374],[77.3468781,18.4916393],[77.3468401,18.4916916],[77.3467993,18.4917451],[77.3467619,18.4917994],[77.3467259,18.491854],[77.3466916,18.4919063],[77.3466571,18.4919598],[77.3465995,18.4920508],[77.3465191,18.4921798],[77.3464989,18.4922134],[77.3464968,18.4922173],[77.3464891,18.4922314],[77.3464546,18.4922921],[77.346417,18.4923553],[77.3463821,18.4924094],[77.346346,18.4924639],[77.3463085,18.4925198],[77.3462705,18.4925757],[77.3462322,18.4926303],[77.3461944,18.4926853],[77.3461588,18.4927422],[77.3461237,18.4927996],[77.3460875,18.4928558],[77.3460507,18.4929114],[77.346013,18.4929665],[77.3459747,18.493021],[77.3459373,18.4930741],[77.3459005,18.4931261],[77.3458642,18.4931799],[77.3458284,18.4932357],[77.3457907,18.4932909],[77.3457502,18.4933452],[77.3457112,18.4934],[77.3456748,18.4934559],[77.3456375,18.493511],[77.3455971,18.4935644],[77.3455589,18.4936174],[77.3455216,18.49367],[77.3455205,18.4936717],[77.3454951,18.4937233],[77.3454947,18.4937251],[77.3454853,18.4937822],[77.3454766,18.4938365],[77.3454762,18.493838],[77.3454511,18.4938727],[77.3454498,18.4938737],[77.3454112,18.4939017],[77.34541,18.4939026],[77.3453832,18.4939319],[77.3453584,18.4939629],[77.3453217,18.4940075],[77.3452779,18.4940605],[77.3452678,18.4940718],[77.3452663,18.494073],[77.3452663,18.494073],[77.3452619,18.4940776],[77.3452488,18.4940946],[77.3452483,18.4940952],[77.3452392,18.4941097],[77.345234,18.4941214],[77.3452338,18.4941217],[77.34523,18.494129],[77.345227,18.4941341],[77.3452269,18.4941342],[77.3452243,18.4941361],[77.3452242,18.4941361],[77.3452216,18.4941344],[77.3452205,18.4941334],[77.3452185,18.4941316],[77.3452141,18.4941284],[77.3452102,18.4941258],[77.3452101,18.4941257],[77.3452087,18.4941253],[77.3452086,18.4941253],[77.3452078,18.494125],[77.3452078,18.494125],[77.3452081,18.4941232],[77.3452089,18.4941199],[77.3452089,18.4941198],[77.3452088,18.4941176],[77.3452087,18.4941174],[77.3452082,18.4941158],[77.3452079,18.4941148],[77.345207,18.4941134],[77.3452069,18.4941133],[77.3452044,18.4941107],[77.3452043,18.4941106],[77.3452036,18.4941096],[77.3452036,18.4941095],[77.3452035,18.4941094],[77.3452035,18.4941094],[77.3452031,18.4941092],[77.3452031,18.4941091],[77.3452018,18.4941084],[77.3452017,18.4941083],[77.3452003,18.494108],[77.3452002,18.494108],[77.3451987,18.494108],[77.3451987,18.494108],[77.3451977,18.4941083],[77.3451977,18.4941083],[77.3451973,18.4941095],[77.3451972,18.4941096],[77.3451968,18.4941105],[77.3451968,18.4941105],[77.3451951,18.4941104],[77.3451935,18.4941102],[77.3451934,18.4941102],[77.3451947,18.4941117],[77.345197,18.4941142],[77.3451974,18.4941146],[77.3451979,18.4941151],[77.3451979,18.4941151],[77.3451985,18.4941156],[77.3451985,18.4941157],[77.3451993,18.4941158],[77.3451997,18.4941157],[77.3452003,18.4941157],[77.3452003,18.4941157],[77.3452021,18.4941162],[77.3452022,18.4941162],[77.3452051,18.4941173],[77.3452081,18.4941186],[77.3452111,18.4941202],[77.3452135,18.4941214],[77.3452152,18.4941222],[77.3452154,18.4941222],[77.3452171,18.4941232],[77.3452172,18.4941233],[77.3452199,18.4941251],[77.34522,18.4941252],[77.3452209,18.4941262],[77.3452209,18.4941262],[77.3452203,18.494126],[77.3452203,18.494126],[77.3452196,18.4941256],[77.3452196,18.4941256],[77.3452187,18.4941252],[77.3452187,18.4941252],[77.345218,18.4941252],[77.345218,18.4941252],[77.3452185,18.4941264],[77.3452186,18.4941265],[77.3452198,18.4941279],[77.3452198,18.494128],[77.3452203,18.4941284],[77.3452203,18.4941284],[77.3452206,18.4941286],[77.3452206,18.4941286],[77.3452196,18.494128],[77.3452172,18.4941264],[77.3452172,18.4941263],[77.3452172,18.4941266],[77.3452187,18.4941279],[77.3452189,18.4941283],[77.3452189,18.4941281],[77.3452189,18.494128],[77.3452188,18.4941261],[77.3452187,18.4941242],[77.3452175,18.4941215],[77.3452172,18.4941212],[77.3452068,18.494107],[77.3452064,18.4941064],[77.3451963,18.4940906],[77.345196,18.49409],[77.3451887,18.4940741],[77.3451806,18.4940564],[77.3451711,18.4940369],[77.345161,18.4940166],[77.3451499,18.4939952],[77.3451399,18.4939751],[77.3451325,18.4939579],[77.3451269,18.4939438],[77.3451235,18.493934],[77.345121,18.4939268],[77.345121,18.4939266],[77.3451188,18.4939224],[77.3451186,18.4939222],[77.3451167,18.4939199],[77.3451166,18.4939197],[77.3451161,18.4939191],[77.345116,18.4939191],[77.345116,18.4939192],[77.345116,18.4939192],[77.3451156,18.4939192],[77.3451155,18.4939192],[77.345115,18.4939191],[77.3451149,18.4939191],[77.3451136,18.4939182],[77.34511,18.4939151],[77.3451099,18.493915],[77.3451079,18.4939129],[77.3451071,18.4939116],[77.3451071,18.4939116],[77.3451066,18.4939124],[77.3451066,18.4939124],[77.3451086,18.4939148],[77.3451087,18.4939148],[77.3451097,18.4939171],[77.3451097,18.4939171],[77.3451085,18.493916],[77.3451084,18.4939158],[77.3451072,18.4939143],[77.3451072,18.4939143],[77.3451081,18.4939155],[77.3451103,18.4939172],[77.3451105,18.4939175],[77.3451114,18.4939183],[77.3451115,18.4939184],[77.3451117,18.4939189],[77.3451117,18.4939189],[77.3451099,18.4939175],[77.3451091,18.4939163],[77.3451078,18.4939147],[77.3451077,18.4939147],[77.3451071,18.4939151],[77.3451072,18.4939151],[77.3451094,18.4939167],[77.3451095,18.4939167],[77.3451104,18.4939175],[77.3451104,18.4939175],[77.3451104,18.493917],[77.3451104,18.493917],[77.3451108,18.4939169],[77.3451108,18.4939169],[77.3451116,18.4939172],[77.3451117,18.4939172],[77.3451124,18.4939176]]}},{"type":"Feature","properties":{"flight":61,"sol":933,"date":"2023-10-05","max_alt_m":24.0},"geometry":{"type":"LineString","coordinates":[[77.3451124,18.4939176],[77.3451113,18.4939154],[77.3451113,18.4939154],[77.3451107,18.4939138],[77.3451107,18.4939138],[77.3451109,18.4939132],[77.3451109,18.4939131],[77.3451109,18.4939123],[77.3451109,18.4939122],[77.3451101,18.4939105],[77.3451101,18.4939103],[77.3451095,18.4939088],[77.3451095,18.4939088],[77.3451099,18.493908],[77.3451099,18.493908],[77.3451106,18.4939078],[77.3451107,18.4939077],[77.3451111,18.4939076],[77.3451112,18.4939076],[77.3451117,18.4939076],[77.3451117,18.4939076],[77.345112,18.4939079],[77.345112,18.4939079],[77.3451122,18.4939084],[77.3451122,18.4939084],[77.3451123,18.493909],[77.3451123,18.4939099],[77.3451123,18.4939099],[77.3451124,18.4939108],[77.3451126,18.4939118],[77.3451127,18.4939124],[77.3451127,18.4939125],[77.3451127,18.4939129],[77.3451127,18.4939129],[77.3451124,18.4939135],[77.3451124,18.4939135],[77.3451119,18.4939141],[77.3451119,18.4939141],[77.3451114,18.493914],[77.3451114,18.493914],[77.3451109,18.4939136],[77.3451108,18.4939136],[77.3451103,18.4939132],[77.3451098,18.4939128],[77.3451098,18.4939128],[77.3451098,18.4939127],[77.3451098,18.4939127],[77.34511,18.4939128],[77.34511,18.4939128],[77.3451102,18.4939128],[77.3451102,18.4939128],[77.3451103,18.4939127],[77.3451103,18.4939127],[77.3451102,18.4939127],[77.3451102,18.4939127],[77.3451099,18.4939126],[77.3451099,18.4939126],[77.3451098,18.493913],[77.3451098,18.4939139],[77.3451098,18.493914],[77.3451098,18.4939145],[77.3451098,18.4939145],[77.3451099,18.4939146],[77.34511,18.4939146],[77.34511,18.4939148],[77.34511,18.4939148],[77.34511,18.4939149],[77.34511,18.4939149],[77.34511,18.493915],[77.34511,18.493915],[77.34511,18.493915],[77.34511,18.493915],[77.34511,18.493915],[77.34511,18.493915],[77.3451099,18.4939151],[77.3451099,18.4939152],[77.3451098,18.4939152],[77.3451098,18.4939152],[77.3451096,18.4939152],[77.3451096,18.4939152],[77.3451095,18.4939152],[77.3451095,18.4939152],[77.3451096,18.4939153],[77.3451096,18.4939153],[77.3451097,18.4939152],[77.3451097,18.4939152],[77.3451097,18.4939148],[77.3451097,18.4939147],[77.3451097,18.4939144],[77.3451097,18.4939144],[77.3451095,18.4939141],[77.3451095,18.493914],[77.3451095,18.4939138],[77.3451095,18.4939138],[77.3451097,18.4939138],[77.3451097,18.4939138],[77.3451099,18.4939138],[77.3451099,18.4939138],[77.3451099,18.4939138],[77.3451099,18.4939138],[77.3451098,18.4939137],[77.3451098,18.4939137],[77.3451098,18.4939136],[77.3451098,18.4939136],[77.3451098,18.4939134],[77.3451098,18.4939134],[77.3451098,18.4939132],[77.3451099,18.4939132],[77.34511,18.4939131],[77.3451101,18.4939131],[77.3451103,18.4939131],[77.3451103,18.4939131],[77.3451106,18.4939132],[77.3451106,18.4939132],[77.345111,18.4939134],[77.345111,18.4939134],[77.3451116,18.4939135],[77.3451116,18.4939135],[77.3451121,18.4939134],[77.3451121,18.4939134],[77.3451125,18.4939133],[77.3451125,18.4939133],[77.345113,18.4939133],[77.3451131,18.4939133],[77.3451136,18.4939135],[77.3451136,18.4939135],[77.3451137,18.4939136],[77.3451137,18.4939136],[77.3451138,18.4939136],[77.3451138,18.4939136],[77.3451136,18.4939138],[77.3451128,18.493914],[77.3451128,18.493914],[77.3451122,18.4939143],[77.3451121,18.4939144],[77.3451116,18.4939148],[77.3451111,18.4939152],[77.3451111,18.4939152],[77.3451107,18.4939155],[77.3451107,18.4939155],[77.3451104,18.4939158],[77.3451104,18.4939158],[77.3451103,18.493916],[77.3451103,18.4939161],[77.34511,18.4939162],[77.34511,18.4939162],[77.3451097,18.4939161],[77.3451097,18.4939161],[77.3451097,18.4939161],[77.3451097,18.4939161],[77.3451098,18.4939161],[77.3451098,18.4939161],[77.34511,18.4939161],[77.34511,18.4939161],[77.3451104,18.493916],[77.3451104,18.493916],[77.3451105,18.4939157],[77.3451105,18.4939157],[77.3451102,18.4939151],[77.3451102,18.493915],[77.34511,18.4939147],[77.34511,18.4939147],[77.34511,18.4939144],[77.34511,18.4939143],[77.34511,18.493914],[77.34511,18.493913],[77.34511,18.4939129],[77.34511,18.493912],[77.3451101,18.493912],[77.3451109,18.4939114],[77.3451117,18.4939111],[77.3451118,18.4939111],[77.3451122,18.4939109],[77.3451122,18.4939109],[77.3451127,18.493911],[77.3451132,18.4939113],[77.3451133,18.4939113],[77.3451134,18.4939115],[77.3451134,18.4939115],[77.3451133,18.4939117],[77.3451133,18.4939117],[77.3451133,18.4939118],[77.345114,18.4939127],[77.345114,18.4939127],[77.3451143,18.4939134],[77.3451143,18.4939135],[77.345114,18.493914],[77.3451138,18.4939143],[77.3451138,18.4939143],[77.3451138,18.4939145],[77.3451138,18.4939145],[77.3451138,18.4939146],[77.3451138,18.4939146],[77.3451137,18.4939143],[77.3451137,18.4939143],[77.3451135,18.493914],[77.3451135,18.493914],[77.3451132,18.4939138],[77.3451128,18.4939135],[77.3451128,18.4939135],[77.3451124,18.4939136],[77.3451124,18.4939136],[77.3451123,18.4939139],[77.3451123,18.4939139],[77.3451124,18.4939143],[77.3451125,18.4939143],[77.3451126,18.4939146],[77.3451126,18.4939146],[77.3451126,18.4939144],[77.3451126,18.4939144],[77.3451126,18.4939143],[77.3451126,18.4939143],[77.3451127,18.4939141],[77.3451127,18.4939141],[77.3451127,18.493914],[77.3451127,18.493914],[77.3451121,18.4939137],[77.3451121,18.4939137],[77.3451111,18.4939132],[77.345111,18.4939132],[77.3451109,18.4939131],[77.3451109,18.4939131],[77.3451109,18.4939131],[77.3451109,18.4939131],[77.3451109,18.4939134],[77.3451108,18.4939134],[77.3451107,18.4939139],[77.3451107,18.4939139],[77.3451103,18.4939143],[77.3451103,18.4939143],[77.3451096,18.4939147],[77.3451096,18.4939147],[77.345109,18.4939151],[77.345109,18.4939151],[77.3451084,18.4939156],[77.3451084,18.4939156],[77.3451084,18.4939157],[77.3451084,18.4939157],[77.3451086,18.4939157],[77.3451086,18.4939157],[77.3451089,18.4939157],[77.3451096,18.4939154],[77.3451096,18.4939154],[77.3451101,18.4939153],[77.3451102,18.4939152],[77.3451105,18.4939152],[77.3451105,18.4939152],[77.3451112,18.4939153],[77.3451123,18.4939157],[77.3451123,18.4939157],[77.3451128,18.4939156],[77.3451128,18.4939156],[77.3451131,18.4939146],[77.3451132,18.4939145],[77.3451135,18.4939144],[77.3451136,18.4939144],[77.3451141,18.4939147],[77.3451144,18.4939148],[77.3451146,18.4939149],[77.3451146,18.4939149],[77.3451147,18.4939152],[77.3451147,18.4939152],[77.3451145,18.4939154],[77.3451144,18.4939153],[77.3451136,18.4939147],[77.3451135,18.4939146],[77.3451131,18.4939146],[77.3451131,18.4939146],[77.3451131,18.493915],[77.3451131,18.4939151],[77.3451131,18.4939154],[77.3451131,18.4939154],[77.3451129,18.4939156],[77.3451129,18.4939156],[77.3451128,18.4939156],[77.3451124,18.4939158],[77.3451124,18.4939158],[77.3451122,18.4939159],[77.3451122,18.4939159],[77.3451122,18.4939161],[77.3451122,18.4939161],[77.3451122,18.4939163],[77.3451122,18.4939162],[77.3451113,18.4939157],[77.3451113,18.4939157],[77.3451108,18.4939154],[77.3451108,18.4939154],[77.345111,18.4939159],[77.3451111,18.4939163],[77.3451111,18.4939163],[77.3451112,18.4939163],[77.3451112,18.4939163],[77.3451113,18.4939163],[77.3451113,18.4939163],[77.3451117,18.4939163],[77.3451117,18.4939163],[77.3451121,18.4939163],[77.3451121,18.4939162],[77.3451123,18.4939159],[77.3451124,18.4939159],[77.3451127,18.4939155],[77.3451127,18.4939155],[77.3451131,18.4939155],[77.3451132,18.4939155],[77.3451135,18.4939155],[77.3451135,18.4939155],[77.3451136,18.4939154],[77.3451136,18.4939154],[77.3451137,18.4939153],[77.3451137,18.4939153],[77.3451137,18.4939155],[77.3451138,18.4939159],[77.3451138,18.4939159],[77.3451136,18.4939157],[77.3451136,18.4939157],[77.3451133,18.4939155],[77.3451133,18.4939155],[77.3451132,18.4939154],[77.3451132,18.4939154],[77.3451131,18.4939153],[77.3451131,18.4939154],[77.3451133,18.4939156],[77.345114,18.4939158],[77.3451141,18.4939159],[77.3451142,18.493916],[77.3451142,18.493916],[77.3451143,18.4939158],[77.3451143,18.4939158],[77.3451138,18.4939153],[77.3451137,18.4939153],[77.3451127,18.4939145],[77.3451127,18.4939145],[77.3451127,18.4939146],[77.3451128,18.4939146],[77.3451136,18.4939151],[77.3451137,18.4939151],[77.3451139,18.4939153],[77.3451139,18.4939153],[77.3451139,18.4939154],[77.3451139,18.4939154],[77.3451136,18.4939155],[77.3451133,18.4939157],[77.3451131,18.4939158],[77.3451132,18.4939159],[77.3451132,18.493916],[77.3451138,18.4939163],[77.3451139,18.4939163],[77.3451138,18.4939162],[77.3451138,18.4939161],[77.3451135,18.4939156],[77.3451135,18.4939155],[77.3451136,18.4939156],[77.3451136,18.4939156],[77.3451142,18.4939158],[77.3451142,18.4939158],[77.3451147,18.4939157],[77.3451147,18.4939157],[77.3451149,18.4939151],[77.3451149,18.4939151],[77.3451153,18.4939152],[77.3451153,18.4939152],[77.345116,18.4939161],[77.3451161,18.4939161],[77.3451165,18.4939164],[77.3451165,18.4939164],[77.3451167,18.4939165],[77.3451169,18.4939165],[77.345117,18.4939166],[77.345117,18.4939166],[77.3451175,18.493917],[77.3451175,18.493917],[77.3451174,18.4939175],[77.3451174,18.4939175],[77.3451169,18.4939171],[77.3451168,18.493917],[77.3451165,18.4939164],[77.3451165,18.4939164],[77.3451168,18.4939157],[77.3451168,18.4939157],[77.3451167,18.4939148],[77.3451163,18.4939138],[77.3451162,18.4939137],[77.3451158,18.4939128],[77.3451157,18.4939127],[77.3451151,18.493912],[77.3451151,18.493912],[77.3451146,18.4939116],[77.3451146,18.4939116],[77.3451143,18.4939114],[77.3451142,18.4939114],[77.345114,18.4939115],[77.345114,18.4939115],[77.3451145,18.4939118],[77.3451145,18.4939118],[77.345115,18.4939123],[77.345115,18.4939123],[77.3451149,18.493913],[77.3451149,18.493913],[77.3451148,18.4939137],[77.3451148,18.4939137],[77.345115,18.4939142],[77.345115,18.4939142],[77.3451152,18.4939147],[77.3451152,18.4939153],[77.3451152,18.4939153],[77.3451151,18.4939158],[77.3451151,18.4939159],[77.3451146,18.4939165],[77.3451141,18.4939171],[77.345114,18.4939171],[77.3451141,18.4939171],[77.3451145,18.4939167],[77.3451145,18.4939167],[77.3451148,18.4939164],[77.345115,18.4939162],[77.3451151,18.4939162],[77.3451151,18.4939162],[77.3451151,18.4939162],[77.3451152,18.4939162],[77.3451152,18.4939162],[77.3451154,18.4939159],[77.3451154,18.4939159],[77.3451156,18.4939154],[77.3451156,18.4939154],[77.3451158,18.4939152],[77.3451159,18.4939152],[77.345116,18.4939152],[77.345116,18.4939152],[77.345116,18.4939149],[77.345116,18.4939149],[77.3451159,18.4939144],[77.3451159,18.4939144],[77.3451158,18.4939143],[77.3451158,18.4939143],[77.3451157,18.4939145],[77.3451157,18.4939146],[77.3451156,18.493915],[77.3451154,18.4939155],[77.3451154,18.4939156],[77.3451153,18.4939158],[77.3451153,18.4939158],[77.3451153,18.4939156],[77.3451153,18.4939156],[77.3451152,18.4939156],[77.3451152,18.4939156],[77.3451151,18.4939156],[77.3451151,18.4939156],[77.3451149,18.4939156],[77.3451149,18.4939156],[77.3451147,18.4939157],[77.3451146,18.4939157],[77.3451144,18.4939157],[77.3451144,18.4939157],[77.3451141,18.4939157],[77.3451141,18.4939157],[77.3451142,18.4939154],[77.3451142,18.4939153],[77.3451147,18.4939144],[77.3451148,18.4939144],[77.3451155,18.4939138],[77.3451156,18.4939138],[77.3451167,18.4939137],[77.3451174,18.4939137],[77.3451174,18.4939137],[77.3451174,18.4939138],[77.3451174,18.4939138],[77.3451175,18.4939138],[77.3451176,18.4939137],[77.3451177,18.4939135],[77.3451177,18.4939135],[77.3451181,18.4939139],[77.3451189,18.4939151],[77.345119,18.4939152],[77.3451194,18.493916],[77.3451194,18.493916],[77.3451194,18.4939162],[77.3451193,18.4939162],[77.3451192,18.4939162],[77.3451192,18.4939162],[77.3451189,18.4939161],[77.3451189,18.4939161],[77.3451185,18.493916],[77.3451185,18.493916],[77.3451179,18.493916],[77.3451179,18.493916],[77.3451172,18.493916],[77.3451172,18.493916],[77.3451167,18.4939157],[77.3451167,18.4939157],[77.3451163,18.4939153]]}},{"type":"Feature","properties":{"flight":62,"sol":940,"date":"2023-10-12","max_alt_m":18.0},"geometry":{"type":"LineString","coordinates":[[77.3451163,18.4939153],[77.3451178,18.4939121],[77.3451179,18.4939121],[77.3451186,18.4939102],[77.3451188,18.4939096],[77.3451188,18.4939096],[77.3451187,18.4939092],[77.3451186,18.4939091],[77.3451182,18.4939082],[77.3451182,18.4939081],[77.3451179,18.4939075],[77.3451179,18.4939075],[77.3451181,18.4939076],[77.3451181,18.4939076],[77.3451184,18.493908],[77.3451184,18.4939081],[77.3451188,18.493908],[77.3451188,18.493908],[77.3451192,18.4939078],[77.3451192,18.4939078],[77.3451196,18.4939072],[77.34512,18.4939066],[77.34512,18.4939066],[77.3451201,18.4939064],[77.3451201,18.4939064],[77.3451202,18.4939064],[77.3451202,18.4939064],[77.3451203,18.4939064],[77.3451203,18.4939064],[77.3451204,18.4939065],[77.3451204,18.4939065],[77.3451202,18.4939063],[77.3451202,18.4939063],[77.3451201,18.4939062],[77.3451201,18.4939063],[77.3451204,18.493907],[77.3451208,18.4939081],[77.3451208,18.4939082],[77.3451209,18.4939088],[77.3451209,18.4939094],[77.3451209,18.4939094],[77.345121,18.4939097],[77.345121,18.4939097],[77.3451211,18.4939099],[77.3451211,18.4939099],[77.3451207,18.4939103],[77.3451206,18.4939103],[77.34512,18.4939106],[77.3451199,18.4939106],[77.3451193,18.4939106],[77.3451192,18.4939106],[77.3451186,18.4939105],[77.3451177,18.4939102],[77.3451177,18.4939102],[77.345117,18.4939099],[77.345117,18.4939099],[77.3451175,18.4939099],[77.3451175,18.4939099],[77.3451186,18.4939102],[77.3451187,18.4939102],[77.3451216,18.4939125],[77.3451264,18.4939169],[77.3451271,18.4939177],[77.3451274,18.4939179],[77.3451275,18.493918],[77.3451278,18.4939182],[77.345128,18.4939186],[77.3451315,18.4939225],[77.3451434,18.4939349],[77.3451559,18.4939482],[77.3451708,18.4939646],[77.3451887,18.4939848],[77.3452103,18.4940097],[77.3452338,18.4940366],[77.3452598,18.4940661],[77.3452882,18.494098],[77.3453196,18.4941325],[77.3453542,18.4941707],[77.3453926,18.4942127],[77.3454332,18.4942565],[77.3454761,18.494303],[77.3455224,18.4943533],[77.3455724,18.4944075],[77.345625,18.494465],[77.3456805,18.4945258],[77.3457383,18.4945883],[77.3457984,18.4946523],[77.345856,18.4947161],[77.3459114,18.4947797],[77.3459661,18.4948451],[77.34602,18.4949126],[77.3460219,18.4949148],[77.3460843,18.4949711],[77.3460868,18.4949728],[77.3461622,18.4950208],[77.3461647,18.4950224],[77.3462266,18.4950724],[77.3462791,18.4951255],[77.346327,18.4951777],[77.3463706,18.4952294],[77.3464117,18.4952791],[77.3464506,18.4953269],[77.346487,18.4953738],[77.3465214,18.4954204],[77.3465519,18.4954628],[77.3465792,18.4955008],[77.346602,18.4955361],[77.3466107,18.4955474],[77.3466234,18.4955672],[77.3466239,18.4955683],[77.3466262,18.4956142],[77.3466142,18.4957066],[77.3466138,18.4957094],[77.3466119,18.4957427],[77.3466123,18.4957429],[77.3466339,18.4957477],[77.3466348,18.4957478],[77.3466508,18.495749],[77.3466512,18.495749],[77.3466602,18.4957484],[77.3466628,18.4957481],[77.3466628,18.4957481],[77.3466627,18.4957483],[77.3466627,18.4957483],[77.3466625,18.4957492],[77.3466618,18.4957563],[77.3466618,18.4957566],[77.3466616,18.4957625],[77.3466617,18.4957626],[77.3466637,18.4957658],[77.3466641,18.4957663],[77.3466658,18.4957687],[77.3466671,18.4957716],[77.3466672,18.4957717],[77.3466689,18.4957737],[77.346669,18.4957738],[77.3466715,18.4957753],[77.3466716,18.4957754],[77.3466745,18.495776],[77.3466747,18.4957759],[77.3466783,18.4957745],[77.3466823,18.4957722],[77.3466826,18.495772],[77.3466868,18.4957692],[77.3466869,18.4957691],[77.3466902,18.4957659],[77.3466903,18.4957658],[77.3466922,18.4957626],[77.3466924,18.4957623],[77.3466943,18.495759],[77.3466977,18.4957542],[77.3466998,18.4957513],[77.3467003,18.4957507],[77.3467009,18.4957498],[77.3467009,18.4957497],[77.3467035,18.4957447],[77.3467065,18.4957377],[77.3467084,18.4957322],[77.3467085,18.4957321],[77.3467103,18.4957251],[77.3467104,18.4957248],[77.3467126,18.4957108],[77.3467149,18.495696],[77.3467171,18.4956858],[77.3467172,18.4956855],[77.3467196,18.4956774],[77.3467197,18.4956771],[77.3467233,18.4956701],[77.3467267,18.4956641],[77.346729,18.4956589],[77.3467291,18.4956586],[77.3467306,18.4956558],[77.3467307,18.4956557],[77.3467317,18.4956551],[77.3467323,18.4956547],[77.3467323,18.4956547],[77.3467326,18.4956545],[77.3467326,18.4956545],[77.3467327,18.4956545],[77.3467327,18.4956545],[77.3467334,18.4956549],[77.3467336,18.495655],[77.3467344,18.4956555],[77.3467344,18.4956555],[77.3467348,18.4956564],[77.3467348,18.4956564],[77.3467348,18.4956576],[77.3467348,18.4956577],[77.3467337,18.4956604],[77.3467336,18.4956605],[77.3467314,18.4956628],[77.3467313,18.4956628],[77.3467291,18.4956627],[77.3467252,18.495662],[77.3467246,18.4956619],[77.3467056,18.495655],[77.3466733,18.4956412],[77.3466724,18.4956408],[77.3466513,18.4956295],[77.3466304,18.4956164],[77.3466296,18.4956159],[77.3466004,18.4955938],[77.3465744,18.4955722],[77.3465741,18.4955719],[77.3465703,18.4955692],[77.3465697,18.4955688],[77.3465677,18.4955675],[77.3465667,18.4955668],[77.3465465,18.4955534],[77.3465015,18.4955235],[77.3464597,18.4954947],[77.3464146,18.4954629],[77.3463666,18.495429],[77.3463153,18.4953925],[77.3462608,18.4953532],[77.3462028,18.495311],[77.3461413,18.4952663],[77.3460763,18.4952193],[77.346011,18.4951704],[77.345944,18.4951194],[77.3458729,18.4950666],[77.3457982,18.4950124],[77.3457224,18.4949574],[77.345645,18.4949027],[77.3456424,18.4949009],[77.3455646,18.4948539],[77.3454833,18.4948092],[77.3454111,18.4947664],[77.3454088,18.494765],[77.3453461,18.4947245],[77.3453441,18.494723],[77.3452922,18.4946726],[77.3452451,18.4946159],[77.3452434,18.4946144],[77.3451913,18.4945828],[77.3451894,18.494582],[77.3451327,18.4945614],[77.3451308,18.4945607],[77.3450785,18.4945393],[77.3450282,18.4945172],[77.3450267,18.4945165],[77.3449879,18.4944927],[77.3449867,18.4944918],[77.3449545,18.4944664],[77.3449253,18.4944429],[77.3448997,18.4944215],[77.3448794,18.494404],[77.3448628,18.4943893],[77.34485,18.4943781],[77.3448398,18.4943694],[77.3448395,18.4943691],[77.3448366,18.4943626],[77.3448366,18.4943623],[77.3448355,18.4943571],[77.3448355,18.494357],[77.3448357,18.4943548],[77.3448358,18.4943548],[77.3448379,18.4943542],[77.344838,18.4943542],[77.3448411,18.4943545],[77.3448458,18.494355],[77.3448502,18.4943554],[77.3448545,18.494356],[77.3448584,18.4943566],[77.3448619,18.4943571],[77.344862,18.4943571],[77.3448639,18.4943579],[77.344864,18.494358],[77.3448651,18.4943597],[77.3448651,18.4943598],[77.3448653,18.4943607],[77.3448653,18.4943611],[77.3448653,18.4943611],[77.3448651,18.4943614],[77.3448651,18.4943614],[77.3448638,18.4943619],[77.3448616,18.4943626],[77.3448574,18.4943637],[77.3448552,18.4943644],[77.3448551,18.4943644],[77.3448543,18.4943642],[77.3448543,18.4943641],[77.3448534,18.4943641],[77.3448533,18.4943641],[77.3448521,18.4943644],[77.344852,18.4943644],[77.3448514,18.4943646],[77.3448514,18.4943646],[77.3448513,18.4943645],[77.3448513,18.4943645],[77.3448513,18.4943642],[77.3448513,18.4943642],[77.3448513,18.4943634],[77.3448513,18.4943627],[77.3448514,18.4943624],[77.3448514,18.4943624],[77.3448512,18.4943626],[77.3448511,18.4943626],[77.3448507,18.4943631],[77.3448507,18.4943631],[77.3448503,18.4943635],[77.3448503,18.4943635],[77.3448503,18.4943634],[77.3448503,18.4943634],[77.3448502,18.4943636],[77.3448502,18.494364],[77.3448502,18.494364],[77.34485,18.4943644],[77.34485,18.4943644],[77.3448496,18.494366],[77.3448496,18.4943662],[77.3448494,18.4943671],[77.3448494,18.4943671],[77.3448502,18.4943667],[77.3448514,18.4943662],[77.3448526,18.4943655],[77.3448527,18.4943655],[77.3448533,18.4943652],[77.3448533,18.4943653],[77.3448535,18.4943655],[77.3448535,18.4943655],[77.3448535,18.4943657],[77.3448535,18.4943657],[77.3448534,18.4943655],[77.3448534,18.4943654],[77.3448532,18.4943652],[77.3448532,18.4943652],[77.3448533,18.4943653],[77.3448533,18.4943653],[77.3448532,18.4943654],[77.3448532,18.4943655],[77.344853,18.4943656],[77.344853,18.4943656],[77.3448526,18.4943656],[77.3448526,18.4943656],[77.3448518,18.4943648],[77.3448518,18.4943648],[77.3448509,18.4943639],[77.3448508,18.4943639],[77.3448487,18.4943634],[77.3448486,18.4943634],[77.3448468,18.4943631],[77.3448467,18.4943631],[77.3448464,18.4943626],[77.3448464,18.4943626],[77.3448465,18.4943621],[77.3448465,18.4943621],[77.3448469,18.494361],[77.344847,18.4943609],[77.3448474,18.4943604],[77.3448474,18.4943604],[77.3448475,18.4943611],[77.3448475,18.4943612],[77.3448476,18.494362],[77.3448476,18.494362],[77.3448481,18.4943618],[77.3448487,18.4943612],[77.3448487,18.4943612],[77.344849,18.494361],[77.344849,18.494361],[77.3448489,18.4943612],[77.3448489,18.4943612],[77.3448484,18.4943617],[77.3448476,18.4943626],[77.3448466,18.4943637],[77.3448457,18.4943645],[77.3448457,18.4943646],[77.3448469,18.4943634],[77.3448471,18.4943632],[77.3448485,18.4943616],[77.3448485,18.4943616],[77.3448481,18.4943617],[77.344848,18.4943617],[77.3448472,18.4943623],[77.3448471,18.4943623],[77.3448471,18.4943624],[77.3448471,18.4943624],[77.3448473,18.4943625],[77.3448473,18.4943625],[77.3448469,18.4943631],[77.3448462,18.4943641],[77.3448461,18.4943642]]}},{"type":"Feature","properties":{"flight":63,"sol":947,"date":"2023-10-19","max_alt_m":12.0},"geometry":{"type":"LineString","coordinates":[[77.3448461,18.4943642],[77.3448459,18.494364],[77.3448459,18.494364],[77.344846,18.4943641],[77.344846,18.4943641],[77.3448463,18.4943642],[77.3448463,18.4943643],[77.3448465,18.4943645],[77.3448465,18.4943645],[77.3448461,18.4943648],[77.3448461,18.4943648],[77.3448458,18.494365],[77.3448458,18.494365],[77.3448458,18.4943649],[77.3448458,18.4943649],[77.3448459,18.4943646],[77.3448459,18.4943646],[77.344846,18.4943645],[77.344846,18.4943645],[77.344846,18.4943645],[77.344846,18.4943645],[77.3448461,18.4943646],[77.3448461,18.4943646],[77.3448461,18.4943646],[77.3448461,18.4943647],[77.3448461,18.4943647],[77.3448461,18.4943647],[77.344846,18.4943647],[77.344846,18.4943647],[77.3448459,18.4943646],[77.3448459,18.4943646],[77.3448457,18.4943646],[77.3448456,18.4943646],[77.3448454,18.4943648],[77.3448453,18.4943648],[77.344845,18.494365],[77.344845,18.494365],[77.3448446,18.494365],[77.3448446,18.494365],[77.3448441,18.4943645],[77.344844,18.4943644],[77.3448428,18.4943633],[77.3448428,18.4943633],[77.3448407,18.4943619],[77.3448404,18.4943617],[77.344837,18.4943591],[77.344831,18.4943545],[77.344818,18.4943456],[77.3448056,18.4943372],[77.3448051,18.4943369],[77.3448049,18.4943367],[77.3448049,18.4943366],[77.3448045,18.4943364],[77.3448043,18.4943364],[77.3447931,18.4943295],[77.3447691,18.494314],[77.3447457,18.4942986],[77.344719,18.494281],[77.3446888,18.4942618],[77.3446549,18.4942408],[77.3446174,18.4942173],[77.3445782,18.4941925],[77.3445427,18.4941696],[77.3445083,18.4941474],[77.3444727,18.4941244],[77.3444368,18.494101],[77.3444007,18.4940775],[77.3443644,18.4940538],[77.3443273,18.4940298],[77.3442899,18.4940056],[77.3442527,18.4939815],[77.3442158,18.4939577],[77.3441802,18.4939348],[77.3441459,18.4939128],[77.3441124,18.4938919],[77.344081,18.4938721],[77.3440544,18.4938539],[77.3440313,18.4938376],[77.3440113,18.4938242],[77.3439942,18.4938135],[77.3439937,18.4938132],[77.3439803,18.493807],[77.3439691,18.4938024],[77.3439665,18.4938011],[77.3439615,18.493799],[77.3439612,18.4937989],[77.3439565,18.4937959],[77.3439565,18.4937957],[77.3439665,18.4937844],[77.3439875,18.4937673],[77.3439888,18.4937663],[77.3439861,18.493767],[77.3439782,18.4937696],[77.343978,18.4937697],[77.3439733,18.4937725],[77.3439724,18.4937733],[77.3439691,18.4937755],[77.3439689,18.4937756],[77.3439623,18.4937769],[77.343962,18.4937769],[77.3439544,18.4937775],[77.3439542,18.4937775],[77.3439517,18.4937774],[77.3439516,18.4937774],[77.3439501,18.493777],[77.3439491,18.4937768],[77.3439433,18.4937753],[77.3439278,18.4937709],[77.3439273,18.4937707],[77.3439115,18.493765],[77.3438925,18.4937568],[77.3438698,18.4937475],[77.3438432,18.4937362],[77.3438423,18.4937357],[77.3438147,18.4937216],[77.3437835,18.4937032],[77.3437502,18.4936809],[77.343714,18.4936544],[77.343674,18.493624],[77.3436306,18.4935893],[77.3435878,18.4935539],[77.3435448,18.493518],[77.3435434,18.4935169],[77.343501,18.493487],[77.3434564,18.4934593],[77.3434112,18.4934314],[77.3433655,18.4934035],[77.3433208,18.4933758],[77.3432754,18.493347],[77.3432074,18.4933027],[77.3431172,18.4932423],[77.3430553,18.4932008],[77.3430092,18.4931698],[77.3429594,18.4931364],[77.3429104,18.4931038],[77.3429093,18.493103],[77.3428942,18.4930942],[77.342888,18.4930912],[77.3428637,18.4930796],[77.3428031,18.4930502],[77.3428011,18.4930492],[77.3427539,18.4930195],[77.3427115,18.4929867],[77.3426683,18.4929548],[77.3426247,18.4929236],[77.3425804,18.4928929],[77.3425355,18.4928628],[77.3424913,18.4928312],[77.3424478,18.4927981],[77.3424463,18.492797],[77.3424001,18.4927676],[77.3423485,18.492739],[77.3422996,18.49271],[77.3422529,18.4926805],[77.3422081,18.4926494],[77.3421651,18.4926163],[77.3421204,18.4925847],[77.3420743,18.4925545],[77.3420288,18.4925239],[77.341984,18.492493],[77.341938,18.4924631],[77.3418908,18.4924339],[77.3418435,18.4924058],[77.3417964,18.4923787],[77.3417491,18.4923502],[77.3417017,18.4923201],[77.3416547,18.4922907],[77.3416082,18.4922622],[77.3415622,18.4922325],[77.341517,18.4922014],[77.3414702,18.4921718],[77.3414214,18.4921437],[77.3413729,18.4921162],[77.3413248,18.4920896],[77.3412776,18.4920616],[77.3412313,18.492032],[77.341186,18.4920019],[77.3411418,18.4919716],[77.3410964,18.4919401],[77.3410496,18.4919072],[77.3410052,18.4918727],[77.3409639,18.4918359],[77.3409625,18.4918347],[77.3409192,18.491804],[77.3409177,18.491803],[77.3408707,18.4917762],[77.340869,18.4917753],[77.3408193,18.4917532],[77.3407632,18.491736],[77.3407614,18.4917354],[77.3407159,18.4917128],[77.3407146,18.4917118],[77.340679,18.4916781],[77.3406778,18.4916769],[77.3406407,18.4916441],[77.3406008,18.4916139],[77.3405993,18.4916128],[77.3405461,18.4915669],[77.3404629,18.4914801],[77.3404599,18.4914776],[77.3403809,18.4914448],[77.3403781,18.4914446],[77.3403008,18.4914415],[77.3402984,18.4914414],[77.3402436,18.4914283],[77.340242,18.4914269],[77.3402023,18.4913723],[77.3401899,18.4913514],[77.3401898,18.4913514],[77.3401886,18.4913514],[77.3401886,18.4913514],[77.3401821,18.4913482],[77.3401327,18.4913188],[77.3400777,18.4912885],[77.3400255,18.4912642],[77.3400237,18.4912634],[77.3399761,18.4912366],[77.3399746,18.4912355],[77.3399316,18.4912023],[77.3398886,18.4911663],[77.3398469,18.4911293],[77.3398063,18.4910908],[77.3397673,18.4910498],[77.339766,18.4910484],[77.339727,18.4910126],[77.3397257,18.4910115],[77.3396874,18.4909825],[77.3396317,18.490943],[77.3395329,18.4908768],[77.3394573,18.4908269],[77.3394158,18.4907994],[77.3393745,18.490773],[77.3393209,18.4907412],[77.3392937,18.4907243],[77.3392878,18.4907198],[77.3392876,18.4907197],[77.3392768,18.4907121],[77.3392319,18.4906841],[77.3391807,18.4906517],[77.339134,18.4906208],[77.3390878,18.490589],[77.3390433,18.4905558],[77.3389981,18.4905231],[77.3389513,18.4904916],[77.3389042,18.4904604],[77.3388577,18.4904287],[77.3388102,18.4903989],[77.3387603,18.4903724],[77.338711,18.4903461],[77.3386639,18.4903186],[77.3386174,18.490291],[77.3385748,18.4902658],[77.3385193,18.4902321],[77.3384058,18.4901603],[77.338346,18.4901223],[77.3383458,18.4901222],[77.3383432,18.490121],[77.338343,18.4901209],[77.338338,18.4901186],[77.338291,18.4900947],[77.3382889,18.4900936],[77.3382346,18.4900617],[77.3382331,18.4900607],[77.338194,18.4900263],[77.3381927,18.4900251],[77.3381526,18.4899925],[77.3381072,18.4899643],[77.3380595,18.4899386],[77.3380579,18.4899377],[77.3380086,18.4899156],[77.3379556,18.4898944],[77.3379538,18.4898938],[77.3378999,18.4898759],[77.337898,18.4898753],[77.3378458,18.4898544],[77.3378441,18.4898535],[77.3377954,18.4898248],[77.337747,18.4897932],[77.3377009,18.4897621],[77.3376557,18.4897309],[77.3376103,18.4897001],[77.3375655,18.4896693],[77.3375217,18.4896379],[77.3374778,18.4896068],[77.3374334,18.4895765],[77.3373881,18.4895468],[77.3373405,18.4895187],[77.3372925,18.4894897],[77.3372451,18.4894566],[77.3371982,18.4894227],[77.3371516,18.4893904],[77.3371063,18.4893575],[77.3370635,18.489322],[77.3370216,18.4892857],[77.3369794,18.4892504],[77.3369373,18.4892152],[77.3368951,18.4891796],[77.3368528,18.4891445],[77.3368109,18.4891092],[77.3368095,18.4891081],[77.3367684,18.489077],[77.3367669,18.4890761],[77.3367261,18.4890532],[77.3367247,18.4890525],[77.3366795,18.4890269],[77.3366777,18.4890257],[77.3366049,18.4889672],[77.3365538,18.4889218],[77.3365536,18.4889217],[77.3365518,18.4889204],[77.3365517,18.4889203],[77.3365499,18.4889191],[77.3365498,18.488919],[77.3365293,18.4889043],[77.3365282,18.4889035],[77.3364968,18.4888844],[77.3364718,18.4888734],[77.336471,18.4888731],[77.3364472,18.4888678],[77.3364463,18.4888678],[77.3364173,18.4888724],[77.3363945,18.4888775],[77.3363942,18.4888775],[77.3363872,18.4888725],[77.336387,18.4888722],[77.336384,18.4888647],[77.336384,18.4888645],[77.3363838,18.4888608],[77.3363838,18.4888606],[77.3363839,18.4888567],[77.3363839,18.4888565],[77.3363918,18.4888468],[77.3364016,18.4888382],[77.3364017,18.4888381],[77.3364022,18.4888375],[77.3364022,18.4888375],[77.3364023,18.4888374],[77.3364023,18.4888374],[77.3364017,18.4888387],[77.3364004,18.4888415],[77.3363976,18.4888474],[77.3363951,18.4888528],[77.3363951,18.4888529],[77.3364004,18.4888525],[77.3364131,18.4888514],[77.3364135,18.4888514],[77.3364312,18.4888477],[77.3364319,18.4888475],[77.336452,18.4888441],[77.3364526,18.4888441],[77.3364653,18.4888484],[77.3364657,18.4888486],[77.3364755,18.4888558],[77.3364835,18.4888606],[77.3364893,18.4888644],[77.3364895,18.4888644],[77.3364933,18.4888661],[77.3364935,18.4888662],[77.3364952,18.4888678],[77.3364952,18.4888678],[77.3364903,18.4888731],[77.3364832,18.4888797],[77.3364829,18.4888801],[77.3364825,18.4888794],[77.3364825,18.4888794],[77.336483,18.4888763],[77.336483,18.4888762],[77.336486,18.4888713],[77.3364908,18.4888652],[77.3364909,18.488865],[77.3364928,18.4888617],[77.3364938,18.4888596],[77.336494,18.4888592],[77.336494,18.4888592],[77.336494,18.4888592],[77.3364941,18.4888591],[77.336498,18.4888541],[77.3365029,18.4888478],[77.336503,18.4888478],[77.3365014,18.4888491],[77.3364988,18.4888512],[77.3364987,18.4888513],[77.3365005,18.4888496],[77.336506,18.4888437],[77.3365104,18.4888388],[77.3365106,18.4888386],[77.3365135,18.4888349],[77.3365136,18.4888349],[77.3365123,18.488835],[77.3365122,18.4888351],[77.3365102,18.4888367],[77.3365102,18.4888367],[77.3365084,18.4888378],[77.3365084,18.4888379],[77.336507,18.488839],[77.3365066,18.4888393]]}},{"type":"Feature","properties":{"flight":64,"sol":955,"date":"2023-10-27","max_alt_m":12.0},"geometry":{"type":"LineString","coordinates":[[77.3365066,18.4888393],[77.3365066,18.4888392],[77.3365059,18.4888383],[77.3365058,18.4888382],[77.3365057,18.4888373],[77.3365057,18.4888373],[77.3365061,18.4888365],[77.3365066,18.4888358],[77.3365066,18.4888358],[77.3365071,18.4888351],[77.3365071,18.4888351],[77.3365073,18.4888346],[77.3365073,18.4888346],[77.3365072,18.4888342],[77.336507,18.4888341],[77.3365069,18.488834],[77.3365069,18.488834],[77.3365067,18.4888337],[77.3365067,18.4888337],[77.3365062,18.488834],[77.3365062,18.4888341],[77.3365054,18.4888352],[77.3365054,18.4888352],[77.3365051,18.4888363],[77.3365051,18.4888364],[77.3365052,18.4888374],[77.3365052,18.4888374],[77.3365056,18.4888381],[77.3365056,18.4888381],[77.3365062,18.4888385],[77.3365062,18.4888385],[77.3365067,18.4888386],[77.3365067,18.4888386],[77.3365072,18.4888384],[77.3365072,18.4888384],[77.3365075,18.4888381],[77.3365075,18.4888381],[77.3365075,18.4888379],[77.3365075,18.4888379],[77.3365074,18.4888381],[77.3365074,18.4888381],[77.3365073,18.4888383],[77.3365073,18.4888382],[77.3365075,18.4888376],[77.3365076,18.4888375],[77.3365076,18.488837],[77.3365076,18.488837],[77.336505,18.4888396],[77.3364992,18.4888461],[77.3364906,18.4888545],[77.3364784,18.4888665],[77.3364627,18.4888832],[77.3364438,18.4889036],[77.3364177,18.4889317],[77.3364026,18.4889481],[77.3364019,18.4889488],[77.3364002,18.4889505],[77.3363761,18.4889755],[77.3363452,18.4890082],[77.336317,18.4890395],[77.3362869,18.4890727],[77.3362547,18.4891081],[77.3362198,18.4891442],[77.3361814,18.4891809],[77.3361432,18.4892176],[77.3361056,18.4892544],[77.3360698,18.4892921],[77.3360356,18.4893308],[77.3359986,18.4893695],[77.335959,18.4894085],[77.3359188,18.4894485],[77.3358782,18.4894888],[77.3358396,18.4895248],[77.3358028,18.4895585],[77.3357684,18.4895941],[77.3357356,18.4896305],[77.3357027,18.489667],[77.3356699,18.4897038],[77.3356373,18.4897411],[77.3356045,18.4897785],[77.335571,18.4898163],[77.3355363,18.4898533],[77.3355351,18.4898545],[77.3354989,18.4898873],[77.3354977,18.4898885],[77.3354621,18.4899227],[77.335461,18.4899239],[77.3354308,18.4899601],[77.3353912,18.4900081],[77.335321,18.4900872],[77.3352656,18.4901522],[77.3352301,18.4901969],[77.3352154,18.4902167],[77.3352119,18.490222],[77.3352117,18.4902222],[77.335195,18.4902437],[77.3351163,18.4903371],[77.3350637,18.4903943],[77.3350345,18.4904226],[77.3350018,18.4904554],[77.3349656,18.4904928],[77.3349223,18.4905334],[77.3348771,18.490573],[77.3348667,18.4905822],[77.3348628,18.4905856],[77.3348626,18.4905858],[77.3348367,18.4905978],[77.334835,18.4905985],[77.3347836,18.4906217],[77.3347822,18.4906226],[77.3347507,18.4906506],[77.3347498,18.4906517],[77.3347245,18.4906835],[77.3347021,18.4907127],[77.3346833,18.4907393],[77.3346684,18.490763],[77.3346561,18.4907829],[77.3346557,18.4907834],[77.3346449,18.4907978],[77.3346446,18.4907982],[77.334638,18.4908105],[77.334638,18.490811],[77.3346357,18.4908249],[77.3346357,18.4908253],[77.334634,18.4908312],[77.3346339,18.4908312],[77.3346305,18.4908308],[77.33463,18.4908307],[77.334629,18.4908307],[77.3346316,18.4908338],[77.3346327,18.4908351],[77.3346299,18.4908329],[77.3346297,18.4908328],[77.334628,18.4908323],[77.334628,18.4908324],[77.334627,18.4908358],[77.334627,18.4908359],[77.3346247,18.4908411],[77.3346245,18.4908413],[77.3346176,18.4908498],[77.3346082,18.4908602],[77.3345953,18.490873],[77.3345948,18.4908734],[77.334579,18.4908871],[77.3345583,18.4909031],[77.3345576,18.4909037],[77.3345383,18.490923],[77.3345179,18.4909473],[77.3345172,18.4909481],[77.3344922,18.4909732],[77.334462,18.4910016],[77.334461,18.4910026],[77.3344352,18.4910321],[77.3344068,18.4910678],[77.3343558,18.4911285],[77.3342953,18.4911959],[77.3342938,18.4911974],[77.3342581,18.4912284],[77.3342264,18.4912553],[77.3342252,18.4912564],[77.3341839,18.4913005],[77.3341577,18.49133],[77.3341564,18.4913311],[77.3341564,18.4913311],[77.3341547,18.4913328],[77.3341545,18.4913332],[77.3341352,18.4913664],[77.3341342,18.4913681],[77.3341,18.4914203],[77.3340983,18.4914225],[77.3340279,18.4915002],[77.3339844,18.4915457],[77.3339727,18.4915595],[77.3339724,18.4915598],[77.3339674,18.4915626],[77.3339673,18.4915626],[77.3339652,18.4915617],[77.3339632,18.4915607],[77.3339595,18.4915578],[77.3339406,18.4915404],[77.33394,18.4915399],[77.3339339,18.4915361],[77.3339338,18.4915362],[77.3339326,18.4915399],[77.3339325,18.4915401],[77.3339308,18.4915432],[77.3339297,18.4915443],[77.3339284,18.4915459],[77.3339284,18.491546],[77.3339283,18.4915485],[77.3339283,18.4915486],[77.3339299,18.4915512],[77.3339307,18.4915525],[77.3339341,18.4915561],[77.3339428,18.4915635],[77.3339453,18.4915658],[77.3339504,18.4915697],[77.3339506,18.4915699],[77.3339568,18.4915756],[77.333957,18.4915758],[77.3339593,18.491583],[77.3339607,18.4915927],[77.3339608,18.4915931],[77.3339651,18.491609],[77.3339708,18.491631],[77.3339709,18.4916317],[77.333974,18.4916538],[77.3339765,18.4916791],[77.333979,18.491707],[77.3339807,18.4917378],[77.3339818,18.4917725],[77.3339818,18.4917737],[77.3339802,18.4918075],[77.33398,18.4918086],[77.3339696,18.4918392],[77.3339691,18.4918402],[77.3339604,18.4918731],[77.3339558,18.4919122],[77.33395,18.4919545],[77.3339497,18.491956],[77.3339389,18.4919996],[77.3339386,18.4920011],[77.333932,18.4920489],[77.3339319,18.4920506],[77.3339317,18.4921033],[77.3339318,18.4921052],[77.3339378,18.4921633],[77.3339384,18.4921655],[77.3339603,18.4922312],[77.3339608,18.4922333],[77.3339601,18.4922808],[77.3339597,18.4922821],[77.3339426,18.492316],[77.3339235,18.4923498],[77.3339184,18.4923572],[77.3339037,18.4923829],[77.3339032,18.4923841],[77.3339008,18.4924258],[77.333901,18.4924274],[77.333911,18.4924811],[77.333923,18.4925625],[77.3339356,18.4926627],[77.3339358,18.4926654],[77.3339368,18.4927198],[77.3339359,18.4927615],[77.333933,18.4928132],[77.3339302,18.4928555],[77.3339296,18.4928641],[77.3339292,18.4928708],[77.3339264,18.492906],[77.333922,18.492959],[77.3339184,18.4930038],[77.3339144,18.4930489],[77.3339098,18.4930943],[77.3339052,18.493141],[77.3339022,18.4931901],[77.3339008,18.4932399],[77.3339022,18.4932899],[77.3339034,18.493339],[77.3339036,18.4933869],[77.3339031,18.493434],[77.3339019,18.4934802],[77.3339014,18.4935271],[77.3339021,18.4935751],[77.333902,18.4936222],[77.3339013,18.4936682],[77.3339012,18.4936697],[77.3338972,18.4937114],[77.3338906,18.4937524],[77.3338904,18.4937538],[77.3338868,18.4937977],[77.3338849,18.4938466],[77.3338839,18.4938956],[77.3338831,18.493945],[77.333883,18.4939466],[77.3338776,18.4939905],[77.3338703,18.4940389],[77.3338701,18.4940408],[77.3338956,18.4941375],[77.3339381,18.4942297],[77.3339384,18.4942304],[77.3339391,18.4942334],[77.3339395,18.4942356],[77.3339482,18.4942786],[77.3339486,18.4942809],[77.3339547,18.4943461],[77.3339509,18.4943967],[77.3339464,18.4944463],[77.333939,18.4944969],[77.3339322,18.4945467],[77.3339278,18.4945965],[77.3339233,18.4946398],[77.3339176,18.4946754],[77.333911,18.4947062],[77.3339023,18.4947326],[77.3339021,18.4947335],[77.3338977,18.494758],[77.3338952,18.4947827],[77.3338951,18.4947835],[77.3338948,18.4948062],[77.3338949,18.494807],[77.3338992,18.4948289],[77.3338994,18.4948296],[77.333901,18.4948474],[77.3339013,18.4948627],[77.3339013,18.4948631],[77.3338986,18.4948677],[77.3338983,18.4948678],[77.3338886,18.4948694],[77.3338883,18.4948695],[77.3338785,18.4948691],[77.3338782,18.4948691],[77.3338687,18.4948671],[77.3338684,18.494867],[77.3338642,18.4948635],[77.3338641,18.4948633],[77.3338616,18.4948574],[77.333861,18.494856],[77.3338594,18.4948506],[77.3338592,18.4948499],[77.3338574,18.4948438],[77.3338573,18.4948437],[77.333854,18.4948401],[77.333853,18.4948394],[77.3338503,18.4948369],[77.3338502,18.4948368],[77.3338479,18.4948322],[77.3338478,18.494832],[77.3338466,18.4948271],[77.3338466,18.494827],[77.333847,18.4948231],[77.333847,18.4948229],[77.3338473,18.4948191],[77.3338473,18.494819],[77.3338465,18.4948141],[77.3338465,18.4948139],[77.3338449,18.4948107],[77.3338449,18.4948106],[77.3338423,18.4948099],[77.3338422,18.4948099],[77.3338396,18.4948085],[77.3338395,18.4948084],[77.3338375,18.4948025],[77.3338374,18.4948023],[77.3338363,18.4947948],[77.3338359,18.4947856],[77.3338359,18.4947853],[77.3338348,18.4947773],[77.3338347,18.494777],[77.3338312,18.4947697],[77.3338311,18.4947695],[77.3338303,18.4947654],[77.3338303,18.4947653],[77.3338309,18.4947631],[77.3338309,18.4947631],[77.3338309,18.4947605],[77.3338308,18.4947604],[77.3338297,18.4947573],[77.3338297,18.4947572],[77.3338295,18.4947565],[77.3338295,18.4947564],[77.3338293,18.4947564],[77.3338293,18.4947564],[77.3338294,18.4947568],[77.3338294,18.4947568],[77.33383,18.4947579],[77.33383,18.4947579],[77.3338287,18.4947589],[77.3338286,18.4947589],[77.3338257,18.4947602],[77.3338257,18.4947602],[77.3338351,18.4947744],[77.333854,18.4947991],[77.3338542,18.4947995],[77.3338509,18.4947987],[77.3338507,18.4947985],[77.3338452,18.4947953],[77.3338451,18.4947952],[77.3338457,18.4947949],[77.3338469,18.4947949],[77.3338469,18.4947949],[77.3338469,18.4947948],[77.3338469,18.4947948],[77.3338465,18.4947946],[77.3338464,18.4947946],[77.3338446,18.4947936],[77.333842,18.4947923],[77.3338399,18.4947914],[77.3338398,18.4947914],[77.3338371,18.4947907],[77.333837,18.4947907],[77.3338318,18.49479],[77.3338314,18.49479],[77.3338274,18.4947897],[77.3338273,18.4947898],[77.3338249,18.49479],[77.3338247,18.49479],[77.3338223,18.4947906],[77.3338189,18.4947916],[77.3338188,18.4947916],[77.3338172,18.4947923],[77.3338172,18.4947923],[77.3338174,18.494792],[77.3338174,18.494792],[77.3338162,18.4947929],[77.3338161,18.4947929],[77.3338131,18.4947943],[77.333813,18.4947943],[77.3338102,18.494796],[77.3338073,18.4947981],[77.3338045,18.4948003],[77.3338017,18.4948029],[77.3338005,18.4948041],[77.3337972,18.4948078],[77.3337969,18.4948081],[77.3337909,18.4948161],[77.3337907,18.4948163],[77.3337876,18.4948216],[77.3337849,18.4948262],[77.3337825,18.4948314],[77.3337799,18.494837],[77.3337796,18.4948377]]}},{"type":"Feature","properties":{"flight":65,"sol":961,"date":"2023-11-02","max_alt_m":10.0},"geometry":{"type":"LineString","coordinates":[[77.3337795,18.4948379],[77.3337825,18.4948345],[77.3337826,18.4948345],[77.3337845,18.494833],[77.3337846,18.494833],[77.3337855,18.4948333],[77.3337855,18.4948334],[77.3337861,18.4948341],[77.3337864,18.4948344],[77.3337869,18.494835],[77.3337876,18.4948359],[77.3337882,18.4948367],[77.3337882,18.4948367],[77.3337886,18.4948373],[77.3337886,18.4948373],[77.3337887,18.4948372],[77.3337887,18.4948372],[77.3337887,18.494837],[77.3337885,18.4948364],[77.3337885,18.4948364],[77.3337883,18.4948359],[77.3337882,18.4948358],[77.3337878,18.4948353],[77.3337878,18.4948352],[77.3337872,18.4948347],[77.3337871,18.4948346],[77.3337864,18.4948341],[77.3337864,18.4948341],[77.3337855,18.4948335],[77.3337854,18.4948335],[77.3337845,18.494833],[77.3337835,18.4948326],[77.3337835,18.4948326],[77.3337827,18.4948323],[77.3337826,18.4948322],[77.333782,18.4948323],[77.3337815,18.4948324],[77.3337815,18.4948324],[77.3337811,18.4948325],[77.3337811,18.4948326],[77.3337809,18.4948326],[77.3337809,18.4948326],[77.3337807,18.4948325],[77.3337807,18.4948325],[77.3337806,18.4948324],[77.3337806,18.4948324],[77.3337803,18.4948325],[77.3337802,18.4948325],[77.3337801,18.4948324],[77.3337801,18.4948324],[77.3337805,18.4948323],[77.3337805,18.4948323],[77.3337814,18.4948321],[77.3337815,18.4948321],[77.3337831,18.4948322],[77.3337856,18.4948326],[77.3337857,18.4948326],[77.3337875,18.4948323],[77.3337876,18.4948323],[77.3337889,18.4948314],[77.3337889,18.4948314],[77.3337884,18.494832],[77.3337862,18.4948341],[77.3337861,18.4948342],[77.3337855,18.4948347],[77.3337854,18.4948347],[77.3337852,18.4948347],[77.3337852,18.4948347],[77.3337842,18.4948346],[77.3337788,18.4948338],[77.3337719,18.4948325],[77.3337625,18.4948306],[77.3337622,18.4948305],[77.3337519,18.4948294],[77.3337394,18.4948291],[77.3337271,18.4948288],[77.3337158,18.4948283],[77.3337049,18.4948277],[77.3337046,18.4948277],[77.3336944,18.494826],[77.3336941,18.4948259],[77.3336843,18.4948245],[77.3336746,18.4948243],[77.3336658,18.4948245],[77.3336656,18.4948245],[77.3336585,18.4948282],[77.3336556,18.4948307],[77.3336526,18.494833],[77.3336525,18.494833],[77.333649,18.4948314],[77.3336489,18.4948313],[77.3336467,18.4948272],[77.3336467,18.4948271],[77.3336474,18.494823],[77.3336475,18.4948228],[77.3336501,18.4948184],[77.3336501,18.4948183],[77.3336526,18.4948161],[77.3336527,18.494816],[77.3336553,18.4948147],[77.3336554,18.4948146],[77.333658,18.4948141],[77.3336583,18.4948141],[77.3336608,18.4948138],[77.3336609,18.4948138],[77.3336633,18.4948139],[77.3336634,18.4948139],[77.3336657,18.4948142],[77.3336658,18.4948142],[77.3336671,18.4948146],[77.3336672,18.4948147],[77.3336677,18.4948156],[77.3336681,18.4948166],[77.3336681,18.4948166],[77.3336683,18.4948176],[77.3336683,18.4948176],[77.3336686,18.4948185],[77.3336686,18.4948186],[77.3336697,18.4948194],[77.3336697,18.4948195],[77.3336704,18.4948202],[77.3336704,18.4948202],[77.3336704,18.4948208],[77.3336704,18.4948209],[77.3336705,18.4948213],[77.3336705,18.4948213],[77.3336709,18.4948212],[77.3336709,18.4948212],[77.3336713,18.4948208],[77.3336713,18.4948208],[77.3336715,18.4948206],[77.3336715,18.4948206],[77.3336713,18.4948208],[77.3336713,18.4948208],[77.33367,18.4948216],[77.3336676,18.4948227],[77.3336675,18.4948228],[77.3336656,18.4948238],[77.3336637,18.4948249],[77.3336636,18.4948249],[77.3336622,18.4948257],[77.3336622,18.4948257],[77.333661,18.4948263],[77.3336608,18.4948265],[77.3336607,18.4948264],[77.3336607,18.4948256],[77.3336607,18.4948256],[77.3336599,18.4948253],[77.3336598,18.4948253],[77.3336577,18.4948255],[77.3336576,18.4948256],[77.3336564,18.4948259],[77.3336562,18.4948259],[77.3336552,18.4948261],[77.3336552,18.4948261],[77.333654,18.494826],[77.3336539,18.4948259],[77.3336533,18.4948246],[77.3336533,18.4948245],[77.3336528,18.4948231],[77.3336528,18.494823],[77.3336524,18.4948215],[77.3336524,18.4948213],[77.3336523,18.4948199],[77.3336523,18.4948199],[77.3336525,18.4948179],[77.3336525,18.4948179],[77.333653,18.4948174],[77.333653,18.4948174],[77.3336535,18.4948192],[77.3336535,18.4948193],[77.3336541,18.4948229]]}},{"type":"Feature","properties":{"flight":66,"sol":962,"date":"2023-11-03","max_alt_m":3.0},"geometry":{"type":"LineString","coordinates":[[77.3336541,18.4948229],[77.3336539,18.4948227],[77.3336488,18.494818],[77.3336457,18.4948155],[77.3336457,18.4948154],[77.3336446,18.4948158],[77.3336445,18.4948159],[77.3336441,18.494817],[77.3336442,18.494817],[77.3336443,18.4948173],[77.3336443,18.4948174],[77.3336444,18.4948176],[77.3336444,18.4948177],[77.3336442,18.494818],[77.3336441,18.494818],[77.3336438,18.4948184],[77.3336437,18.4948184],[77.3336431,18.4948188],[77.3336424,18.4948192],[77.3336416,18.4948197],[77.3336411,18.49482],[77.3336411,18.49482],[77.333641,18.49482],[77.333641,18.49482],[77.3336409,18.4948201],[77.3336409,18.4948201],[77.3336411,18.4948199],[77.3336414,18.4948196],[77.3336414,18.4948195],[77.333642,18.4948189],[77.333642,18.4948189],[77.333643,18.494818],[77.3336431,18.494818],[77.3336443,18.4948169],[77.3336444,18.4948169],[77.333646,18.4948155],[77.3336461,18.4948154],[77.3336479,18.4948132],[77.333648,18.494813],[77.3336496,18.4948112],[77.3336497,18.4948111],[77.333651,18.4948104],[77.3336522,18.4948099],[77.3336522,18.4948099],[77.3336531,18.4948093],[77.3336535,18.4948091],[77.3336529,18.4948099],[77.333652,18.4948112],[77.3336512,18.4948121],[77.3336512,18.4948122],[77.3336506,18.4948127],[77.3336505,18.4948128],[77.33365,18.4948129],[77.3336495,18.494813],[77.3336494,18.494813],[77.3336492,18.494813],[77.3336491,18.494813],[77.3336489,18.4948128],[77.3336489,18.4948127],[77.3336488,18.4948125],[77.3336488,18.4948125],[77.3336489,18.4948124],[77.3336489,18.4948124],[77.3336491,18.4948123],[77.3336491,18.4948123],[77.3336494,18.4948122],[77.3336494,18.4948122],[77.3336494,18.4948122],[77.3336494,18.4948122],[77.3336494,18.4948122],[77.3336494,18.4948122],[77.3336496,18.494812],[77.3336496,18.4948119],[77.33365,18.4948116],[77.33365,18.4948116],[77.3336507,18.4948118],[77.3336508,18.4948118],[77.3336517,18.4948123],[77.3336517,18.4948123],[77.3336524,18.4948129],[77.3336524,18.4948129],[77.3336529,18.4948137],[77.333653,18.4948137]]}},{"type":"Feature","properties":{"flight":67,"sol":990,"date":"2023-12-02","max_alt_m":12.0},"geometry":{"type":"LineString","coordinates":[[77.333653,18.4948137],[77.3336529,18.4948137],[77.3336518,18.494814],[77.3336518,18.494814],[77.3336516,18.4948144],[77.3336516,18.4948144],[77.3336522,18.4948147],[77.3336522,18.4948147],[77.3336528,18.4948151],[77.3336528,18.4948151],[77.3336529,18.4948157],[77.3336529,18.4948157],[77.3336529,18.4948162],[77.3336529,18.4948162],[77.3336523,18.4948168],[77.3336523,18.4948168],[77.3336515,18.4948172],[77.3336515,18.4948173],[77.3336509,18.4948174],[77.3336509,18.4948174],[77.3336503,18.4948175],[77.3336495,18.4948175],[77.3336494,18.4948175],[77.3336486,18.4948175],[77.3336485,18.4948175],[77.3336481,18.4948174],[77.333648,18.4948173],[77.3336477,18.4948172],[77.3336477,18.4948172],[77.3336465,18.4948178],[77.3336464,18.4948179],[77.3336451,18.494819],[77.3336451,18.494819],[77.3336456,18.4948191],[77.3336457,18.4948191],[77.3336465,18.4948189],[77.3336465,18.4948188],[77.3336476,18.4948177],[77.3336477,18.4948177],[77.3336495,18.4948165],[77.3336516,18.4948152],[77.3336538,18.4948138],[77.3336538,18.4948137],[77.3336542,18.4948132],[77.3336542,18.4948133],[77.3336532,18.4948139],[77.3336532,18.494814],[77.3336529,18.4948143],[77.3336529,18.4948143],[77.3336529,18.4948144],[77.3336529,18.4948144],[77.3336531,18.494814],[77.3336532,18.494814],[77.3336535,18.4948129],[77.3336535,18.4948128],[77.3336537,18.4948113],[77.3336537,18.4948112],[77.3336523,18.4948085],[77.3336523,18.4948084],[77.3336488,18.494808],[77.3336486,18.4948081],[77.3336385,18.4948129],[77.3336382,18.4948131],[77.3336336,18.4948158],[77.3336332,18.4948162],[77.3336316,18.4948176],[77.3336314,18.4948178],[77.3336188,18.4948272],[77.3336182,18.4948276],[77.3335993,18.4948374],[77.3335985,18.4948377],[77.3335688,18.494844],[77.3335677,18.4948442],[77.3335383,18.4948515],[77.3335375,18.4948518],[77.3335143,18.4948616],[77.3334908,18.4948734],[77.33349,18.4948739],[77.3334667,18.4948877],[77.3334412,18.4949032],[77.3334127,18.4949195],[77.3333823,18.4949354],[77.3333813,18.4949359],[77.3333498,18.4949491],[77.3333167,18.4949624],[77.3332843,18.494976],[77.3332527,18.49499],[77.3332226,18.4950046],[77.333193,18.4950196],[77.3331628,18.495035],[77.3331325,18.4950503],[77.3331024,18.4950639],[77.3330721,18.4950767],[77.3330411,18.4950899],[77.3330094,18.4951034],[77.3329774,18.4951176],[77.3329449,18.495132],[77.3329125,18.4951449],[77.33288,18.495157],[77.3328469,18.4951702],[77.3328135,18.4951839],[77.3327809,18.4951964],[77.332749,18.495208],[77.3327185,18.4952196],[77.332689,18.4952311],[77.3326583,18.4952431],[77.3326265,18.4952556],[77.332595,18.4952684],[77.332564,18.4952813],[77.332534,18.4952955],[77.332505,18.4953113],[77.332504,18.4953118],[77.3324761,18.495324],[77.3324472,18.4953338],[77.3324171,18.4953439],[77.3323854,18.4953547],[77.3323529,18.4953651],[77.332321,18.4953742],[77.3323198,18.4953745],[77.3322795,18.4953884],[77.3322776,18.4953892],[77.3322148,18.4954188],[77.3321638,18.495442],[77.3321337,18.4954538],[77.3321047,18.4954649],[77.3320666,18.4954791],[77.332045,18.495488],[77.3320407,18.4954904],[77.332035,18.4954937],[77.3320081,18.4955066],[77.3319726,18.4955224],[77.3319406,18.4955346],[77.3319084,18.495547],[77.3318764,18.4955613],[77.3318446,18.4955762],[77.331813,18.4955906],[77.331782,18.4956053],[77.3317809,18.4956058],[77.3317523,18.4956226],[77.3317514,18.4956232],[77.3317226,18.4956383],[77.3317215,18.4956387],[77.3316898,18.4956462],[77.3316559,18.4956529],[77.3316548,18.4956532],[77.3316255,18.4956643],[77.3315936,18.4956806],[77.3315413,18.4957079],[77.3314795,18.4957401],[77.3314778,18.4957408],[77.3314391,18.495755],[77.3314112,18.4957638],[77.3314107,18.4957639],[77.3314058,18.4957658],[77.3314038,18.4957666],[77.3313902,18.4957721],[77.3313544,18.495786],[77.3313215,18.4957974],[77.3312884,18.4958078],[77.3312873,18.4958082],[77.3312548,18.4958208],[77.3312206,18.4958365],[77.3311869,18.4958539],[77.3311539,18.4958733],[77.3311528,18.4958739],[77.3311206,18.4958887],[77.331087,18.4959009],[77.3310539,18.4959134],[77.3310215,18.4959264],[77.3309895,18.4959396],[77.3309582,18.4959538],[77.3309572,18.4959542],[77.330926,18.4959613],[77.3308919,18.4959641],[77.3308907,18.4959642],[77.3308589,18.4959682],[77.3308578,18.4959685],[77.3308274,18.4959766],[77.3308263,18.4959769],[77.3307969,18.4959876],[77.3307959,18.495988],[77.3307678,18.4960026],[77.3307384,18.4960182],[77.3307078,18.4960328],[77.3306772,18.496048],[77.3306469,18.4960645],[77.3306166,18.4960813],[77.3306156,18.4960819],[77.3305865,18.4961016],[77.3305855,18.4961022],[77.3305553,18.4961122],[77.3305542,18.4961122],[77.3305219,18.4961113],[77.3305208,18.4961112],[77.3304858,18.496111],[77.3304844,18.4961112],[77.3304364,18.4961399],[77.3304347,18.4961413],[77.3304002,18.4961761],[77.3303893,18.4961934],[77.330389,18.4961939],[77.3303837,18.4962052],[77.3303813,18.4962119],[77.3303812,18.4962121],[77.33038,18.4962173],[77.3303799,18.4962175],[77.3303807,18.4962239],[77.3303812,18.4962261],[77.3303818,18.4962298],[77.3303818,18.4962299],[77.3303802,18.4962328],[77.3303801,18.4962329],[77.3303762,18.4962352],[77.3303752,18.4962359],[77.3303677,18.4962386],[77.330353,18.496243],[77.3303525,18.4962432],[77.3303365,18.4962497],[77.3303161,18.496259],[77.3302913,18.4962691],[77.3302615,18.4962807],[77.330229,18.4962943],[77.3301929,18.4963099],[77.3301536,18.4963264],[77.3301108,18.4963434],[77.3301094,18.4963439],[77.3300681,18.4963561],[77.330024,18.4963663],[77.3300224,18.4963667],[77.329962,18.4963892],[77.3298795,18.4964319],[77.3298769,18.4964332],[77.329821,18.4964578],[77.3297792,18.4964735],[77.3297318,18.4964892],[77.3296771,18.4965055],[77.3296571,18.4965112],[77.3296526,18.4965125],[77.3296524,18.4965125],[77.3296387,18.4965158],[77.3295874,18.4965265],[77.3295377,18.4965364],[77.3294964,18.496544],[77.3294568,18.4965529],[77.3294197,18.4965654],[77.3294184,18.4965657],[77.3293795,18.496572],[77.329334,18.4965735],[77.3293324,18.4965735],[77.3292844,18.4965766],[77.3292826,18.4965769],[77.3292286,18.4965927],[77.3291722,18.4966146],[77.3291704,18.4966154],[77.3291172,18.4966412],[77.3290644,18.4966664],[77.3290147,18.4966863],[77.3289674,18.4967034],[77.3289219,18.4967193],[77.3289204,18.4967198],[77.328879,18.4967317],[77.3288776,18.496732],[77.3288394,18.4967382],[77.3288381,18.4967383],[77.3288014,18.4967449],[77.3288001,18.4967453],[77.3287642,18.4967627],[77.3287556,18.4967681],[77.3287266,18.4967842],[77.3287253,18.4967847],[77.3286866,18.4967982],[77.328645,18.4968118],[77.3286435,18.4968124],[77.3286017,18.4968305],[77.3285573,18.4968516],[77.3285126,18.4968716],[77.3284683,18.4968916],[77.3284261,18.4969122],[77.3283856,18.4969326],[77.3283474,18.49695],[77.3283109,18.4969662],[77.3283097,18.4969667],[77.3282748,18.4969844],[77.3282391,18.4970034],[77.3282379,18.4970041],[77.3282039,18.4970195],[77.3281667,18.4970346],[77.3280949,18.4970608],[77.327995,18.4970946],[77.3279793,18.4971],[77.3279784,18.4971003],[77.3279654,18.4971053],[77.3279123,18.4971254],[77.3278645,18.497144],[77.3278209,18.4971614],[77.3277768,18.4971782],[77.3277321,18.4971945],[77.3276872,18.497212],[77.3276423,18.4972312],[77.3275968,18.4972505],[77.3275506,18.4972699],[77.3275046,18.4972881],[77.3274589,18.4973047],[77.3274133,18.4973217],[77.3273675,18.4973399],[77.327324,18.4973569],[77.3272832,18.4973723],[77.3272459,18.4973848],[77.3272114,18.4973941],[77.3271823,18.4974023],[77.3271583,18.4974106],[77.3271393,18.497417],[77.3271238,18.4974212],[77.3271234,18.4974213],[77.3271134,18.4974244],[77.3271132,18.4974245],[77.3271077,18.4974272],[77.3271074,18.4974274],[77.327104,18.4974287],[77.3271039,18.4974287],[77.3271016,18.497428],[77.3271015,18.4974279],[77.3271002,18.4974269],[77.3271002,18.4974269],[77.3270998,18.4974265],[77.3270998,18.4974265],[77.3270994,18.497426],[77.3270994,18.4974259],[77.3270983,18.4974225],[77.3270963,18.4974153],[77.3270921,18.4973999],[77.3270876,18.4973808],[77.3270875,18.4973803],[77.3270866,18.49737],[77.3270862,18.4973634],[77.3270862,18.4973632],[77.3270876,18.4973643],[77.327091,18.497367],[77.3270911,18.4973671],[77.3270938,18.497369],[77.3270939,18.497369],[77.3270965,18.4973709],[77.3270966,18.497371],[77.3270994,18.497374],[77.3271025,18.4973787],[77.3271077,18.4973861],[77.3271142,18.4973957],[77.3271143,18.4973959],[77.3271159,18.4973995],[77.3271159,18.4973996],[77.3271162,18.4974016],[77.3271162,18.4974017],[77.327115,18.4974048],[77.3271125,18.4974092],[77.3271125,18.4974094],[77.3271113,18.497415],[77.327111,18.4974222],[77.327111,18.4974224],[77.3271102,18.497425],[77.3271091,18.4974263],[77.3271091,18.4974263],[77.3271083,18.4974282],[77.3271083,18.4974282],[77.3271089,18.4974312],[77.3271089,18.4974313],[77.3271093,18.497433],[77.3271093,18.497433],[77.3271094,18.4974322],[77.3271094,18.4974321],[77.3271093,18.497431],[77.327109,18.4974295],[77.3271089,18.4974295],[77.327109,18.4974297],[77.327109,18.4974298],[77.3271099,18.4974312],[77.3271104,18.4974322],[77.3271104,18.4974322],[77.3271105,18.4974303],[77.3271104,18.497428],[77.3271104,18.4974258],[77.3271104,18.4974257],[77.3271103,18.4974245],[77.3271103,18.4974244],[77.3271099,18.4974244],[77.3271099,18.4974244],[77.3271094,18.4974252]]}},{"type":"Feature","properties":{"flight":68,"sol":1003,"date":"2023-12-16","max_alt_m":16.0},"geometry":{"type":"LineString","coordinates":[[77.3271094,18.4974252],[77.327109,18.4974244],[77.327109,18.4974243],[77.3271088,18.4974237],[77.3271088,18.4974237],[77.3271091,18.4974233],[77.3271091,18.4974232],[77.3271092,18.4974228],[77.3271092,18.4974228],[77.3271089,18.4974222],[77.3271085,18.4974216],[77.3271084,18.4974215],[77.3271082,18.4974213],[77.3271082,18.4974213],[77.3271081,18.4974213],[77.3271081,18.4974213],[77.3271084,18.4974218],[77.3271088,18.4974227],[77.3271088,18.4974228],[77.3271092,18.4974234],[77.3271093,18.4974235],[77.3271095,18.497424],[77.3271095,18.497424],[77.3271093,18.4974243],[77.3271093,18.4974243],[77.3271088,18.4974245],[77.3271087,18.4974245],[77.3271087,18.4974245],[77.3271087,18.4974245],[77.3271087,18.4974245],[77.3271087,18.4974245],[77.3271085,18.4974246],[77.3271085,18.4974247],[77.3271083,18.4974249],[77.3271083,18.4974249],[77.3271084,18.4974252],[77.3271084,18.4974252],[77.3271087,18.4974254],[77.3271087,18.4974254],[77.3271088,18.4974253],[77.3271088,18.4974253],[77.3271089,18.4974251],[77.3271089,18.4974251],[77.3271091,18.4974249],[77.3271091,18.4974248],[77.3271092,18.4974247],[77.3271093,18.4974247],[77.3271095,18.4974241],[77.3271095,18.4974241],[77.3271098,18.4974235],[77.3271098,18.4974235],[77.3271102,18.4974231],[77.3271102,18.4974231],[77.3271106,18.4974229],[77.3271106,18.4974229],[77.3271111,18.4974229],[77.3271111,18.4974229],[77.3271128,18.4974237],[77.3271129,18.4974238],[77.3271155,18.4974255],[77.3271209,18.4974295],[77.3271285,18.497435],[77.3271386,18.4974416],[77.3271556,18.497453],[77.3271988,18.4974821],[77.3272447,18.4975126],[77.3272783,18.4975347],[77.3273131,18.4975577],[77.3273545,18.4975852],[77.3273991,18.497615],[77.3274453,18.4976457],[77.3274947,18.4976781],[77.3275483,18.4977127],[77.3276056,18.4977496],[77.3276666,18.4977893],[77.3277313,18.4978317],[77.3277956,18.4978731],[77.3278695,18.4979209],[77.3279922,18.4980007],[77.3281345,18.4980929],[77.3282227,18.4981498],[77.3282935,18.4981952],[77.3283814,18.4982516],[77.3284588,18.4983014],[77.3284674,18.4983071],[77.3284681,18.4983074],[77.3284694,18.4983081],[77.3284707,18.4983091],[77.3284987,18.4983273],[77.3285874,18.4983841],[77.3286632,18.498433],[77.3287353,18.4984796],[77.3288075,18.498526],[77.3288799,18.4985723],[77.3289537,18.4986195],[77.329029,18.4986674],[77.3290314,18.498669],[77.329098,18.498719],[77.3291606,18.4987756],[77.3291627,18.4987775],[77.3292277,18.4988264],[77.3293003,18.4988712],[77.3293733,18.4989161],[77.3294465,18.4989614],[77.3295199,18.4990068],[77.3295937,18.4990522],[77.3296674,18.4990971],[77.3297413,18.4991411],[77.3298137,18.4991864],[77.3298838,18.4992338],[77.3299538,18.4992815],[77.3300244,18.4993291],[77.3300961,18.499376],[77.3301704,18.4994211],[77.3302443,18.4994663],[77.3303154,18.4995136],[77.3303865,18.4995596],[77.3304589,18.4996015],[77.3305319,18.4996424],[77.3306058,18.499684],[77.3306789,18.4997267],[77.3307436,18.4997684],[77.3308166,18.4998177],[77.3309535,18.499907],[77.3310992,18.5000079],[77.3311024,18.5000104],[77.3311602,18.5000669],[77.3312054,18.5001162],[77.3312072,18.500118],[77.3312894,18.5001858],[77.3313706,18.5002463],[77.3313718,18.5002471],[77.3313787,18.5002495],[77.3313811,18.5002496],[77.3313813,18.5002496],[77.331416,18.5002685],[77.3315075,18.5003236],[77.3315818,18.5003671],[77.3316507,18.5004071],[77.3317154,18.5004466],[77.3317765,18.5004853],[77.3318343,18.5005213],[77.331889,18.5005548],[77.3319403,18.5005844],[77.3319888,18.5006104],[77.3319904,18.5006112],[77.3320355,18.5006325],[77.3320813,18.5006509],[77.3320826,18.5006515],[77.332108,18.500681],[77.3321086,18.5006827],[77.3321203,18.5007359],[77.3321207,18.5007375],[77.3321402,18.5007548],[77.3321412,18.5007549],[77.3321735,18.5007552],[77.3321746,18.5007552],[77.3321986,18.5007601],[77.3321993,18.5007606],[77.3322153,18.500778],[77.3322158,18.5007785],[77.3322313,18.5007853],[77.3322319,18.5007853],[77.3322492,18.5007835],[77.3322609,18.5007812],[77.3322611,18.5007812],[77.3322667,18.5007797],[77.3322668,18.5007796],[77.3322718,18.5007767],[77.332272,18.5007765],[77.3322776,18.5007667],[77.332283,18.500756],[77.332288,18.5007478],[77.3322921,18.5007407],[77.3322954,18.500735],[77.3322955,18.5007349],[77.3322971,18.5007294],[77.3322971,18.5007292],[77.3322956,18.5007232],[77.3322955,18.500723],[77.3322919,18.5007159],[77.3322918,18.5007156],[77.3322825,18.5007034],[77.3322736,18.5006932],[77.332272,18.5006914],[77.3322705,18.5006897],[77.3322705,18.5006896],[77.3322611,18.5006766],[77.332243,18.5006523],[77.3322424,18.5006515],[77.3322224,18.5006287],[77.3321971,18.500603],[77.3321697,18.5005775],[77.3321389,18.500551],[77.3321034,18.5005227],[77.332063,18.500493],[77.3320187,18.5004638],[77.3319701,18.5004341],[77.3319186,18.5004009],[77.3318637,18.5003646],[77.3318053,18.5003274],[77.3317428,18.5002894],[77.3316764,18.5002494],[77.3316059,18.5002073],[77.331535,18.5001633],[77.3314632,18.5001174],[77.3313889,18.5000736],[77.331312,18.5000318],[77.3312356,18.4999914],[77.3311599,18.4999524],[77.331084,18.4999136],[77.3310077,18.4998749],[77.3309308,18.4998362],[77.3308532,18.4997976],[77.3307748,18.4997585],[77.3306956,18.4997184],[77.3306168,18.4996788],[77.3305438,18.4996426],[77.3304505,18.4995962],[77.3303041,18.4995233],[77.3301443,18.4994413],[77.3299533,18.4993379],[77.3298598,18.4992865],[77.3298578,18.4992853],[77.3298549,18.4992836],[77.3297939,18.4992487],[77.329703,18.4991963],[77.329629,18.4991533],[77.3295546,18.4991097],[77.3294788,18.4990648],[77.3294027,18.4990194],[77.3293278,18.4989744],[77.3292537,18.4989295],[77.3291809,18.4988848],[77.3291085,18.49884],[77.3290355,18.4987947],[77.3289624,18.4987492],[77.3288901,18.4987041],[77.3288181,18.4986593],[77.3287458,18.4986144],[77.3286736,18.4985692],[77.3286013,18.4985229],[77.3285291,18.498476],[77.328458,18.4984291],[77.3283879,18.4983818],[77.3283164,18.4983339],[77.328244,18.4982853],[77.328172,18.4982376],[77.3281002,18.4981908],[77.328029,18.4981439],[77.3279582,18.4980969],[77.3278877,18.4980493],[77.3278175,18.4980009],[77.3277491,18.4979542],[77.3276823,18.4979095],[77.3276199,18.4978656],[77.327562,18.4978219],[77.3275077,18.4977801],[77.3274567,18.4977399],[77.327409,18.4977024],[77.3273672,18.4976688],[77.3273657,18.4976677],[77.327314,18.4976325],[77.3273114,18.497631],[77.3272163,18.4975811],[77.3271688,18.4975576],[77.3271687,18.4975576],[77.3271677,18.4975572],[77.3271676,18.4975572],[77.327166,18.4975564],[77.3271427,18.4975429],[77.3271141,18.4975252],[77.3270946,18.4975122],[77.327094,18.4975118],[77.3270801,18.4975005],[77.32707,18.4974899],[77.3270697,18.4974896],[77.3270649,18.497481],[77.327065,18.4974741],[77.3270652,18.4974677],[77.3270652,18.4974672],[77.3270711,18.4974603],[77.3270812,18.497453],[77.3270814,18.4974528],[77.327087,18.497446],[77.3270871,18.4974458],[77.3270909,18.4974402],[77.327091,18.4974401],[77.3270924,18.4974371],[77.3270925,18.4974368],[77.3270931,18.497435],[77.3270931,18.497435],[77.3270929,18.4974338],[77.3270928,18.4974338],[77.327092,18.4974332],[77.327092,18.4974332],[77.3270907,18.4974342],[77.3270906,18.4974343],[77.327089,18.4974368],[77.327089,18.4974369],[77.3270888,18.4974379],[77.3270889,18.4974383],[77.3270889,18.4974386],[77.3270889,18.4974387],[77.3270886,18.4974401],[77.3270876,18.4974425],[77.3270864,18.4974455],[77.3270847,18.4974492],[77.3270845,18.4974496],[77.3270828,18.4974527],[77.3270806,18.4974562],[77.3270804,18.4974564],[77.3270783,18.4974593],[77.3270759,18.497462],[77.3270759,18.4974621],[77.3270736,18.4974672],[77.3270735,18.4974675],[77.3270709,18.4974782],[77.3270708,18.4974786],[77.32707,18.4974884],[77.32707,18.4974887],[77.3270738,18.4974975],[77.3270741,18.4974981],[77.3270772,18.4975058],[77.3270797,18.4975141],[77.3270807,18.4975174],[77.3270807,18.4975175],[77.3270808,18.4975172],[77.3270808,18.4975172],[77.3270801,18.497518],[77.3270801,18.497518],[77.3270782,18.4975211],[77.3270782,18.4975212],[77.3270768,18.4975233],[77.3270768,18.4975234],[77.3270769,18.4975219],[77.3270775,18.4975194],[77.3270781,18.4975165],[77.3270781,18.4975163],[77.3270793,18.4975132],[77.3270793,18.4975131],[77.3270831,18.4975091],[77.3270836,18.4975087],[77.3270859,18.4975064],[77.3270859,18.4975064],[77.3270854,18.4975063],[77.3270852,18.4975065],[77.3270846,18.4975067],[77.3270846,18.4975067],[77.3270844,18.4975064],[77.3270844,18.4975064],[77.3270848,18.4975057],[77.3270848,18.4975057],[77.3270867,18.4975042],[77.3270902,18.4975018],[77.3270973,18.4974963],[77.3271029,18.4974924],[77.3271029,18.4974924],[77.3270993,18.4974957],[77.3270933,18.4975001],[77.3270884,18.4975034],[77.3270879,18.4975037],[77.327084,18.4975067],[77.3270839,18.4975068],[77.3270823,18.497509],[77.3270823,18.4975091],[77.3270836,18.4975089],[77.3270842,18.4975087]]}},{"type":"Feature","properties":{"flight":69,"sol":1007,"date":"2023-12-20","max_alt_m":16.0},"geometry":{"type":"LineString","coordinates":[[77.3270843,18.4975086],[77.3270818,18.4975081],[77.3270817,18.4975081],[77.327081,18.4975082],[77.327081,18.4975083],[77.3270817,18.497509],[77.3270818,18.4975091],[77.3270827,18.4975097],[77.3270827,18.4975098],[77.3270838,18.4975102],[77.3270839,18.4975103],[77.3270849,18.4975106],[77.3270849,18.4975106],[77.3270857,18.4975106],[77.3270857,18.4975105],[77.3270863,18.4975103],[77.3270864,18.4975103],[77.3270869,18.49751],[77.3270869,18.49751],[77.3270874,18.4975096],[77.3270874,18.4975096],[77.3270876,18.4975093],[77.3270876,18.4975092],[77.3270874,18.497509],[77.3270874,18.497509],[77.3270872,18.4975088],[77.3270871,18.4975088],[77.3270868,18.4975086],[77.3270868,18.4975086],[77.3270866,18.4975085],[77.3270866,18.4975085],[77.3270866,18.4975085],[77.3270866,18.4975085],[77.3270868,18.4975086],[77.327087,18.4975087],[77.3270872,18.4975087],[77.3270873,18.4975087],[77.3270875,18.4975087],[77.3270875,18.4975087],[77.3270877,18.4975084],[77.3270877,18.4975084],[77.3270877,18.4975083],[77.3270877,18.4975083],[77.3270874,18.4975083],[77.3270874,18.4975083],[77.3270872,18.4975082],[77.3270872,18.4975082],[77.327087,18.497508],[77.327087,18.4975079],[77.3270872,18.497508],[77.3270872,18.497508],[77.3270876,18.4975086],[77.3270876,18.4975087],[77.3270881,18.49751],[77.3270881,18.49751],[77.3270929,18.4975133],[77.327101,18.4975183],[77.3271117,18.4975252],[77.3271257,18.4975343],[77.3271416,18.4975444],[77.3271642,18.497559],[77.3272162,18.4975919],[77.3272848,18.497635],[77.3273313,18.4976653],[77.3273726,18.4976928],[77.3274192,18.4977233],[77.3274689,18.4977558],[77.327522,18.4977904],[77.3275787,18.4978274],[77.3276384,18.4978665],[77.3277016,18.4979075],[77.3277684,18.4979506],[77.327839,18.4979955],[77.3279075,18.4980394],[77.3279741,18.4980822],[77.3280713,18.4981454],[77.3282198,18.4982422],[77.3283298,18.4983138],[77.3284097,18.4983662],[77.3284436,18.4983885],[77.3284523,18.4983942],[77.3284696,18.4984055],[77.3285411,18.4984527],[77.3286226,18.498506],[77.3286939,18.4985511],[77.3287646,18.4985967],[77.3288348,18.4986441],[77.3289041,18.4986923],[77.328972,18.4987413],[77.3290393,18.4987908],[77.3291065,18.4988401],[77.3291746,18.4988896],[77.329246,18.4989404],[77.3293188,18.4989905],[77.3293904,18.4990362],[77.3294619,18.4990793],[77.3295345,18.4991216],[77.3296079,18.4991632],[77.3296816,18.4992063],[77.3297557,18.4992502],[77.3298295,18.4992935],[77.3299029,18.4993366],[77.3299752,18.4993795],[77.3300463,18.4994225],[77.3301167,18.499467],[77.3301864,18.4995128],[77.3302584,18.4995584],[77.3303337,18.499603],[77.3304069,18.4996484],[77.3304777,18.499694],[77.3305487,18.4997393],[77.3306201,18.4997839],[77.3306916,18.4998282],[77.3307634,18.4998711],[77.330834,18.4999158],[77.3308971,18.4999609],[77.330975,18.5000173],[77.3309786,18.5000197],[77.3311219,18.5001058],[77.3311272,18.5001092],[77.3312384,18.5002072],[77.3312401,18.5002105],[77.331267,18.5003274],[77.3312676,18.5003316],[77.3312917,18.5004336],[77.3312931,18.5004359],[77.3313668,18.5005029],[77.3313698,18.5005049],[77.3314338,18.5005426],[77.3314345,18.5005428],[77.3314417,18.5005429],[77.3314426,18.5005427],[77.3314473,18.5005423],[77.3314476,18.5005423],[77.3314893,18.5005634],[77.3315717,18.5006113],[77.3316379,18.5006458],[77.3317005,18.5006769],[77.3317577,18.5007077],[77.3318111,18.5007371],[77.3318614,18.5007642],[77.3319089,18.5007892],[77.3319535,18.5008108],[77.331996,18.500829],[77.332034,18.5008467],[77.3320683,18.5008635],[77.3320694,18.500864],[77.3320999,18.5008752],[77.3321009,18.5008755],[77.3321296,18.5008827],[77.3321548,18.5008882],[77.3321763,18.5008926],[77.332177,18.5008927],[77.3321938,18.5008935],[77.3322077,18.500893],[77.3322081,18.500893],[77.3322204,18.5008914],[77.3322209,18.5008912],[77.3322345,18.5008784],[77.3322368,18.5008756],[77.3322419,18.5008708],[77.3322436,18.5008708],[77.3322436,18.5008708],[77.3322452,18.5008707],[77.3322453,18.5008706],[77.332248,18.5008668],[77.3322523,18.5008591],[77.3322635,18.5008391],[77.3322724,18.5008229],[77.3322724,18.5008228],[77.3322686,18.5008233],[77.3322683,18.5008233],[77.3322607,18.5008237],[77.3322605,18.5008237],[77.3322512,18.5008134],[77.3322424,18.5007978],[77.3322422,18.5007976],[77.3322399,18.5007955],[77.3322383,18.5007943],[77.3322382,18.5007943],[77.3322297,18.5007846],[77.3322105,18.5007614],[77.3321905,18.5007391],[77.3321672,18.5007151],[77.3321663,18.5007143],[77.33214,18.5006912],[77.3321084,18.5006668],[77.3320732,18.5006398],[77.3320337,18.50061],[77.3319912,18.5005794],[77.3319454,18.5005478],[77.3318964,18.5005136],[77.3318441,18.5004758],[77.3317884,18.5004353],[77.3317296,18.5003907],[77.3316672,18.5003451],[77.3315999,18.5002987],[77.3315314,18.5002536],[77.3314628,18.5002114],[77.3313928,18.5001688],[77.3313204,18.500124],[77.3312474,18.50008],[77.3311749,18.5000383],[77.3311017,18.4999974],[77.3310271,18.4999565],[77.3309518,18.4999159],[77.330876,18.4998755],[77.3307996,18.4998353],[77.3307218,18.4997949],[77.3306436,18.4997547],[77.330567,18.4997157],[77.3304912,18.4996775],[77.3304155,18.4996398],[77.3303397,18.4996023],[77.3302627,18.4995637],[77.330185,18.4995245],[77.3301088,18.4994859],[77.3300336,18.4994476],[77.3299605,18.4994097],[77.3298887,18.4993721],[77.3297757,18.4993104],[77.3295996,18.4992109],[77.3295481,18.4991816],[77.3295446,18.4991796],[77.3295305,18.4991714],[77.3294512,18.4991249],[77.3293661,18.4990754],[77.3292915,18.4990329],[77.329217,18.4989896],[77.3291423,18.498945],[77.3290684,18.4989006],[77.3289963,18.4988568],[77.3289245,18.4988133],[77.3288521,18.4987702],[77.3287796,18.4987272],[77.328707,18.4986842],[77.3286344,18.4986412],[77.328567,18.4986019],[77.3284915,18.498557],[77.3283601,18.4984731],[77.3282112,18.4983757],[77.3281214,18.4983176],[77.3280618,18.4982791],[77.3280496,18.4982711],[77.328044,18.4982676],[77.3280098,18.4982456],[77.3279229,18.49819],[77.3278487,18.4981417],[77.3277796,18.4980961],[77.3277128,18.4980505],[77.3276482,18.498005],[77.3275864,18.4979624],[77.3275273,18.4979222],[77.327472,18.4978843],[77.3274201,18.4978486],[77.3273722,18.4978143],[77.3273283,18.4977809],[77.327287,18.4977491],[77.3272472,18.4977186],[77.3272117,18.497691],[77.3271825,18.4976676],[77.3271517,18.4976425],[77.3271059,18.4976043],[77.3270803,18.4975821],[77.3270803,18.4975821],[77.3270791,18.4975811],[77.327079,18.4975811],[77.3270779,18.4975801],[77.3270779,18.4975801],[77.3270698,18.4975721],[77.3270694,18.4975718],[77.3270613,18.4975616],[77.3270612,18.4975613],[77.3270604,18.4975553],[77.3270601,18.4975503],[77.3270601,18.49755],[77.3270618,18.497547],[77.3270619,18.4975469],[77.3270654,18.4975443],[77.3270655,18.4975443],[77.327068,18.4975408],[77.3270703,18.4975372],[77.3270704,18.4975371],[77.3270725,18.4975353],[77.3270726,18.4975352],[77.3270745,18.4975341],[77.3270746,18.4975341],[77.3270758,18.4975342],[77.3270759,18.4975343],[77.3270768,18.4975347],[77.3270768,18.4975347],[77.3270779,18.4975347],[77.327078,18.4975347],[77.3270791,18.4975342],[77.3270791,18.4975342],[77.3270799,18.4975345],[77.3270799,18.4975346],[77.3270804,18.4975357],[77.3270804,18.4975358],[77.3270801,18.4975375],[77.3270792,18.4975402],[77.3270792,18.4975404],[77.3270789,18.4975416],[77.327079,18.4975417],[77.3270799,18.4975423],[77.32708,18.4975423],[77.3270801,18.4975431],[77.3270801,18.4975431],[77.3270795,18.4975443],[77.3270785,18.497546],[77.3270785,18.4975461],[77.3270763,18.4975489],[77.3270749,18.4975506],[77.3270749,18.4975507],[77.3270744,18.4975512],[77.3270744,18.4975512],[77.327074,18.4975514],[77.327074,18.4975514],[77.3270749,18.4975491],[77.3270765,18.4975454],[77.3270781,18.4975415],[77.3270782,18.4975413],[77.3270806,18.4975364],[77.3270807,18.4975362],[77.327087,18.4975282],[77.3270942,18.4975199],[77.3270976,18.4975153],[77.3270998,18.4975124],[77.3271,18.4975122],[77.3271024,18.49751],[77.3271044,18.4975084],[77.3271047,18.4975081],[77.327105,18.4975079],[77.327105,18.4975079],[77.3271049,18.497508],[77.3271049,18.4975081],[77.327104,18.4975084],[77.3271029,18.4975089],[77.3271028,18.4975089],[77.3271026,18.4975089],[77.3271035,18.4975084],[77.3271036,18.4975084],[77.3271029,18.4975086],[77.3271016,18.4975093],[77.3271015,18.4975094],[77.3271009,18.4975093],[77.3271009,18.4975093],[77.3271014,18.4975084],[77.3271018,18.4975078],[77.3271022,18.4975073],[77.3271028,18.4975067],[77.3271034,18.4975059],[77.3271034,18.4975059],[77.3271024,18.497506],[77.3271023,18.497506],[77.3271001,18.4975073],[77.3271001,18.4975074],[77.3270981,18.4975084],[77.3270981,18.4975085],[77.3270981,18.4975086],[77.3270981,18.4975086],[77.3270983,18.4975087],[77.3270983,18.4975087],[77.3270986,18.4975088],[77.3270986,18.4975088],[77.327099,18.4975088]]}},{"type":"Feature","properties":{"flight":70,"sol":1009,"date":"2023-12-22","max_alt_m":12.0},"geometry":{"type":"LineString","coordinates":[[77.327099,18.4975088],[77.3270989,18.4975092],[77.3270989,18.4975092],[77.3270991,18.4975096],[77.3270991,18.4975097],[77.3270997,18.4975102],[77.3271003,18.4975107],[77.3271004,18.4975108],[77.3271007,18.4975111],[77.3271007,18.4975111],[77.3271007,18.4975114],[77.3271007,18.4975114],[77.3271006,18.4975116],[77.3271006,18.4975116],[77.3271007,18.4975119],[77.3271007,18.4975119],[77.3271011,18.4975121],[77.3271011,18.4975122],[77.3271014,18.4975123],[77.3271015,18.4975123],[77.3271017,18.4975123],[77.3271017,18.4975123],[77.3271018,18.4975123],[77.3271018,18.4975123],[77.327102,18.4975121],[77.327102,18.4975121],[77.3271022,18.4975118],[77.3271023,18.4975115],[77.3271025,18.4975112],[77.3271025,18.4975112],[77.3271027,18.4975108],[77.3271027,18.4975108],[77.3271028,18.4975105],[77.327103,18.4975102],[77.327103,18.4975102],[77.3271031,18.49751],[77.3271031,18.49751],[77.3271032,18.4975099],[77.3271032,18.4975099],[77.3271033,18.49751],[77.3271033,18.49751],[77.3271034,18.4975101],[77.3271034,18.4975101],[77.3271034,18.4975102],[77.3271034,18.4975102],[77.3271034,18.4975104],[77.3271034,18.4975104],[77.327103,18.4975108],[77.327103,18.4975109],[77.3271023,18.4975114],[77.3271023,18.4975114],[77.3271013,18.4975124],[77.3271012,18.4975124],[77.3270996,18.4975142],[77.3270995,18.4975143],[77.3270973,18.497517],[77.3270973,18.4975171],[77.3270948,18.4975208],[77.3270947,18.4975209],[77.3270919,18.4975269],[77.3270881,18.4975347],[77.327088,18.497535],[77.3270827,18.4975443],[77.3270753,18.4975563],[77.3270675,18.4975694],[77.3270595,18.4975837],[77.327051,18.4975994],[77.3270418,18.4976168],[77.327032,18.497636],[77.3270223,18.4976551],[77.327013,18.4976735],[77.3270038,18.4976917],[77.3269945,18.4977098],[77.3269851,18.4977278],[77.3269757,18.4977457],[77.3269661,18.4977635],[77.3269565,18.4977813],[77.3269468,18.4977988],[77.3269368,18.4978161],[77.3269271,18.4978333],[77.3269181,18.4978501],[77.3269093,18.4978668],[77.3269003,18.4978837],[77.326891,18.4979012],[77.3268817,18.4979187],[77.3268728,18.497936],[77.326864,18.4979531],[77.3268551,18.4979705],[77.3268459,18.4979881],[77.3268366,18.4980059],[77.3268274,18.4980241],[77.3268183,18.4980425],[77.3268088,18.4980608],[77.3267989,18.4980788],[77.3267889,18.4980967],[77.326779,18.4981141],[77.3267692,18.4981309],[77.3267599,18.4981479],[77.3267512,18.4981656],[77.3267428,18.4981834],[77.3267344,18.4982002],[77.3267262,18.498215],[77.3267165,18.4982324],[77.326702,18.4982608],[77.3266842,18.4982963],[77.3266704,18.4983226],[77.3266587,18.4983438],[77.3266511,18.4983572],[77.3266495,18.4983599],[77.3266488,18.498361],[77.3266472,18.4983637],[77.3266392,18.4983785],[77.3266286,18.4983986],[77.3266215,18.4984134],[77.3266157,18.4984265],[77.3266104,18.4984374],[77.3266055,18.4984466],[77.3266011,18.498454],[77.326601,18.4984542],[77.3265977,18.4984588],[77.3265948,18.4984626],[77.3265947,18.4984628],[77.3265928,18.4984649],[77.3265913,18.498466],[77.3265902,18.4984667],[77.32659,18.4984669],[77.32659,18.4984668],[77.3265902,18.4984658],[77.3265902,18.4984657],[77.3265905,18.4984647],[77.3265906,18.4984647],[77.3265915,18.4984636],[77.3265916,18.4984635],[77.3265933,18.4984624],[77.3265935,18.4984624],[77.3265951,18.4984617],[77.3265952,18.4984617],[77.326597,18.4984613],[77.3265971,18.4984613],[77.3265986,18.498461],[77.3265986,18.4984609],[77.3265996,18.4984605],[77.3265997,18.4984605],[77.3266004,18.4984599],[77.3266005,18.4984599],[77.3266007,18.4984592],[77.3266007,18.4984592],[77.3266002,18.4984582],[77.3266001,18.4984581],[77.3265995,18.4984573],[77.3265994,18.4984572],[77.3265991,18.4984569],[77.3265991,18.4984569],[77.3265989,18.4984566],[77.3265989,18.4984566],[77.3265988,18.4984564],[77.3265989,18.4984564],[77.3265993,18.4984571],[77.3265998,18.4984581],[77.3265998,18.4984581],[77.3265993,18.4984581],[77.3265955,18.4984575],[77.3265892,18.4984563],[77.326589,18.4984563],[77.3265704,18.4984505],[77.3265411,18.4984403],[77.3265194,18.4984325],[77.3265036,18.4984265],[77.3264877,18.4984202],[77.3264688,18.4984125],[77.3264482,18.4984042],[77.3264281,18.498396],[77.3264086,18.4983882],[77.3263893,18.4983804],[77.3263703,18.4983728],[77.3263515,18.4983652],[77.3263324,18.4983574],[77.3263126,18.4983495],[77.3262927,18.4983413],[77.3262732,18.4983331],[77.3262539,18.4983247],[77.3262347,18.4983164],[77.3262154,18.4983082],[77.3261964,18.4983],[77.3261781,18.498292],[77.3261606,18.498284],[77.3261431,18.4982759],[77.3261263,18.4982683],[77.3261083,18.4982605],[77.3260825,18.4982491],[77.3260414,18.4982309],[77.3260041,18.4982137],[77.325983,18.4982032],[77.3259665,18.4981949],[77.3259488,18.4981859],[77.3259321,18.4981775],[77.3259093,18.4981661],[77.325843,18.4981345],[77.3257241,18.4980801],[77.325659,18.498052],[77.3256394,18.4980456],[77.3256249,18.4980416],[77.3256086,18.4980366],[77.3255931,18.4980319],[77.3255925,18.4980317],[77.3255695,18.498023],[77.3255682,18.4980224],[77.325497,18.4979816],[77.3254092,18.4979301],[77.3254069,18.4979289],[77.3253708,18.4979127],[77.3253516,18.4979065],[77.3253511,18.4979063],[77.3253347,18.4979004],[77.325334,18.4979001],[77.3253161,18.4978913],[77.3252981,18.4978813],[77.3252802,18.4978721],[77.3252644,18.497865],[77.3252418,18.4978549],[77.3251701,18.4978214],[77.3250571,18.4977687],[77.325002,18.4977439],[77.3249832,18.4977362],[77.3249689,18.4977299],[77.3249683,18.4977297],[77.3249518,18.4977209],[77.3249349,18.4977105],[77.3249178,18.4977],[77.3249003,18.4976894],[77.3248826,18.4976788],[77.3248644,18.4976687],[77.3248459,18.4976589],[77.324827,18.4976489],[77.3248079,18.4976384],[77.3247886,18.4976277],[77.3247694,18.4976167],[77.3247503,18.4976049],[77.3247497,18.4976045],[77.324731,18.4975949],[77.3247304,18.4975946],[77.3247101,18.4975892],[77.3246886,18.4975851],[77.3246879,18.497585],[77.32467,18.497578],[77.3246694,18.4975777],[77.3246551,18.4975665],[77.3246541,18.4975656],[77.3246375,18.4975523],[77.3246367,18.4975518],[77.3246057,18.4975337],[77.3245642,18.4975123],[77.3245629,18.4975116],[77.3245346,18.4974991],[77.3245152,18.4974922],[77.3244988,18.4974864],[77.3244809,18.4974785],[77.3244633,18.4974703],[77.3244552,18.4974662],[77.3244534,18.4974651],[77.3244518,18.4974641],[77.3244517,18.4974641],[77.3244461,18.49746],[77.3244458,18.4974597],[77.3244313,18.49745],[77.3244307,18.4974497],[77.3244108,18.4974423],[77.3244099,18.4974422],[77.3243678,18.4974395],[77.32432,18.4974373],[77.3243188,18.4974372],[77.3243016,18.4974329],[77.3243013,18.4974327],[77.3242939,18.497426],[77.3242937,18.4974258],[77.3242861,18.4974189],[77.3242858,18.4974187],[77.324274,18.4974129],[77.3242606,18.4974069],[77.3242602,18.4974067],[77.3242499,18.4974],[77.3242496,18.4973997],[77.3242413,18.4973917],[77.3242333,18.4973826],[77.3242322,18.4973814],[77.3242257,18.4973734],[77.3242184,18.4973634],[77.3242181,18.4973631],[77.324209,18.4973525],[77.3241961,18.4973399],[77.3241808,18.4973266],[77.3241636,18.4973133],[77.3241437,18.4972997],[77.3241231,18.4972864],[77.3241014,18.4972736],[77.3240797,18.4972607],[77.3240597,18.4972477],[77.3240407,18.4972346],[77.3240215,18.4972215],[77.3240014,18.4972086],[77.3239812,18.4971959],[77.3239629,18.497184],[77.323948,18.497174],[77.3239474,18.4971736],[77.3239238,18.4971597],[77.3239227,18.497159],[77.3237707,18.4971152],[77.3235492,18.4970564],[77.3235439,18.4970549],[77.3234987,18.4970355],[77.3234989,18.4970352],[77.3235075,18.4970298],[77.3235112,18.4970284],[77.3235202,18.4970243],[77.3235206,18.4970241],[77.3235348,18.4970143],[77.3235532,18.4970018],[77.3235538,18.4970014],[77.323572,18.4969909],[77.323593,18.496981],[77.3236114,18.4969734],[77.3236119,18.4969732],[77.3236217,18.4969703],[77.3236286,18.496969],[77.3236288,18.496969],[77.3236389,18.4969652],[77.3236395,18.4969649],[77.3236598,18.4969495],[77.3236606,18.4969488],[77.3236814,18.4969294],[77.3236819,18.4969288],[77.3236926,18.4969157],[77.3236996,18.4969045],[77.3236998,18.4969041],[77.3237064,18.4968948],[77.3237134,18.4968867],[77.3237207,18.4968792],[77.3237295,18.4968711],[77.3237401,18.4968627],[77.3237505,18.4968541],[77.3237602,18.4968445],[77.3237692,18.4968349],[77.3237767,18.4968272],[77.3237769,18.496827],[77.3237837,18.496822],[77.3237839,18.4968219],[77.3237872,18.4968158],[77.3237872,18.4968155],[77.3237863,18.4968027],[77.3237845,18.4967859],[77.3237845,18.4967854],[77.3237816,18.4967773],[77.3237815,18.4967772],[77.3237744,18.4967751],[77.3237659,18.4967742],[77.3237657,18.4967742],[77.3237594,18.4967727],[77.3237533,18.4967712],[77.323749,18.4967702]]}},{"type":"Feature","properties":{"flight":71,"sol":1024,"date":"2024-01-06","max_alt_m":12.0},"geometry":{"type":"LineString","coordinates":[[77.3237488,18.4967702],[77.3237527,18.4967699],[77.3237528,18.4967699],[77.323755,18.4967691],[77.3237551,18.496769],[77.3237557,18.4967678],[77.3237558,18.4967678],[77.3237563,18.4967666],[77.3237573,18.4967652],[77.3237583,18.4967639],[77.3237592,18.4967629],[77.3237592,18.4967628],[77.3237598,18.4967621],[77.3237602,18.4967614],[77.3237602,18.4967613],[77.3237605,18.4967608],[77.3237605,18.4967608],[77.3237606,18.4967606],[77.3237606,18.4967606],[77.3237605,18.4967608],[77.3237605,18.4967614],[77.3237605,18.4967621],[77.3237605,18.4967622],[77.3237603,18.4967636],[77.3237603,18.4967636],[77.3237599,18.4967653],[77.3237596,18.4967668],[77.3237591,18.4967685],[77.3237586,18.4967702],[77.323758,18.496772],[77.3237572,18.4967745],[77.3237572,18.4967747],[77.3237561,18.4967773],[77.3237561,18.4967774],[77.3237536,18.4967808],[77.3237535,18.4967809],[77.3237514,18.4967842],[77.3237504,18.4967876],[77.3237499,18.4967894],[77.3237533,18.4967744],[77.3237534,18.4967737],[77.3237597,18.4967603],[77.3237599,18.4967603],[77.3237719,18.4967648],[77.3237723,18.496765],[77.3237802,18.4967727],[77.3237802,18.4967729],[77.3237783,18.496781],[77.3237782,18.4967813],[77.323776,18.4967869],[77.323776,18.4967871],[77.3237753,18.4967881],[77.3237742,18.4967895],[77.3237741,18.4967896],[77.3237605,18.4968003],[77.3237597,18.4968009],[77.323736,18.4968169],[77.3237351,18.4968174],[77.3236985,18.4968322],[77.3236971,18.4968327],[77.3236624,18.4968517],[77.3236616,18.4968525],[77.3236427,18.4968837],[77.3236399,18.4968898],[77.3236246,18.4969174],[77.3236239,18.4969183],[77.3236022,18.4969413],[77.3236015,18.4969421],[77.3235782,18.4969673],[77.3235773,18.4969684],[77.3235533,18.4970042],[77.3235256,18.4970512],[77.3235246,18.497053],[77.3234942,18.4971212],[77.323493,18.4971238],[77.3234549,18.4971861],[77.3234533,18.4971876],[77.3233921,18.4972311],[77.3233897,18.4972324],[77.3233209,18.4972519],[77.3233186,18.4972519],[77.3232472,18.497247],[77.3231954,18.4972435],[77.3231946,18.4972436],[77.3231792,18.4972492],[77.3231771,18.4972507],[77.3231599,18.4972593],[77.3231586,18.4972598],[77.3230714,18.4972787],[77.3229811,18.497299],[77.3229795,18.4972995],[77.3229447,18.4973153],[77.3229437,18.4973158],[77.3229116,18.497326],[77.3229102,18.4973262],[77.3228634,18.49733],[77.3228203,18.4973307],[77.3228192,18.4973305],[77.3227942,18.4973179],[77.3227934,18.4973173],[77.3227678,18.4973068],[77.3227667,18.4973068],[77.3227308,18.4973067],[77.3226879,18.4973071],[77.3226353,18.4973049],[77.3225897,18.497302],[77.322561,18.4973001],[77.3225368,18.4972981],[77.3225095,18.4972953],[77.3224929,18.4972939],[77.3224927,18.4972939],[77.3224898,18.4972949],[77.3224898,18.497295],[77.3224953,18.4972974]]}},{"type":"Feature","properties":{"flight":72,"sol":1036,"date":"2024-01-18","max_alt_m":12.0},"geometry":{"type":"LineString","coordinates":[[77.3224956,18.4972975],[77.3224938,18.4972957],[77.3224928,18.4972946],[77.3224928,18.4972946],[77.3224927,18.4972944],[77.3224927,18.4972944],[77.3224927,18.4972945],[77.3224928,18.4972946],[77.3224928,18.4972948],[77.3224929,18.4972949],[77.3224929,18.4972952],[77.3224929,18.4972952],[77.3224926,18.4972954],[77.3224924,18.4972954],[77.3224922,18.4972955],[77.3224922,18.4972955],[77.3224926,18.4972957],[77.3224934,18.497296],[77.3224935,18.497296],[77.3224941,18.4972961],[77.3224947,18.497296],[77.3224947,18.497296],[77.3224951,18.4972959],[77.3224951,18.4972959],[77.3224954,18.4972958],[77.3224954,18.4972958],[77.3224957,18.4972955],[77.3224957,18.4972955],[77.322496,18.4972952],[77.322496,18.4972952],[77.3224962,18.4972949],[77.3224963,18.4972949],[77.3224964,18.4972945],[77.3224964,18.4972945],[77.3224963,18.497294],[77.3224963,18.497294],[77.3224961,18.4972938],[77.322496,18.4972938],[77.3224958,18.4972936],[77.3224956,18.4972935],[77.3224954,18.4972934],[77.3224954,18.4972934],[77.3224947,18.4972934],[77.3224947,18.4972934],[77.3224944,18.497293],[77.3224944,18.497293],[77.3224944,18.4972924],[77.3224944,18.4972924],[77.3224944,18.4972922],[77.3224944,18.4972922],[77.3224939,18.4972924],[77.3224939,18.4972924],[77.3224929,18.4972931],[77.322491,18.4972943],[77.3224889,18.4972958],[77.3224888,18.4972959],[77.3224868,18.4972975],[77.3224866,18.4972977],[77.3224848,18.4972992],[77.3224847,18.4972992],[77.3224829,18.4973003],[77.3224811,18.4973011],[77.3224811,18.4973011],[77.32248,18.4973015],[77.32248,18.4973015],[77.322479,18.4973016],[77.322479,18.4973016],[77.3224788,18.4973018],[77.3224788,18.4973018],[77.3224789,18.4973024],[77.3224789,18.4973024],[77.3224795,18.4973027],[77.3224796,18.4973027],[77.3224834,18.4973026],[77.3224864,18.4973026],[77.3224864,18.4973026],[77.3224873,18.4973024],[77.3224873,18.4973024],[77.3224885,18.4973021],[77.3224885,18.4973021],[77.3224936,18.4973015],[77.3225004,18.4973009],[77.3225062,18.4973007],[77.3225064,18.4973007],[77.3225112,18.4973008],[77.3225113,18.4973008],[77.3225141,18.4973017],[77.3225143,18.4973018],[77.3225161,18.4973028],[77.3225161,18.4973029],[77.3225164,18.4973033],[77.3225164,18.4973033],[77.3225161,18.4973026],[77.322516,18.4973025],[77.3225158,18.4973012],[77.3225156,18.4972988],[77.3225156,18.4972988],[77.322515,18.4972971],[77.3225149,18.497297],[77.3225131,18.4972959],[77.3225131,18.4972959],[77.3225118,18.4972951],[77.3225117,18.497295],[77.3225109,18.4972948],[77.3225108,18.4972948],[77.3225097,18.4972947],[77.3225097,18.4972947],[77.3225089,18.4972937],[77.3225089,18.4972937],[77.3225087,18.4972921],[77.3225087,18.497292],[77.3225092,18.4972904],[77.3225093,18.4972903],[77.3225117,18.4972876],[77.3225127,18.4972866],[77.3225176,18.4972821],[77.322529,18.497273],[77.3225345,18.4972687]]}}]}