{"type":"FeatureCollection","features":[{"type":"Feature","properties":{"sol":14,"len_m":6.2,"date":"2021-03-03"},"geometry":{"type":"LineString","coordinates":[[77.450886,18.444627],[77.450909,18.444606],[77.450934,18.444584],[77.450944,18.444551],[77.450947,18.444543]]}},{"type":"Feature","properties":{"sol":15,"len_m":36.4,"date":"2021-03-05"},"geometry":{"type":"LineString","coordinates":[[77.450947,18.444543],[77.450945,18.444576],[77.450942,18.444608],[77.45094,18.444641],[77.450937,18.444673],[77.450936,18.444706],[77.450939,18.444738],[77.450939,18.444771],[77.450939,18.444804],[77.45094,18.444836],[77.45094,18.444869],[77.45094,18.444901],[77.450939,18.444934],[77.450941,18.444966],[77.450957,18.444995],[77.450972,18.445024],[77.450987,18.445053],[77.451001,18.445078],[77.451018,18.445106],[77.451034,18.445135]]}},{"type":"Feature","properties":{"sol":16,"len_m":27.4,"date":"2021-03-06"},"geometry":{"type":"LineString","coordinates":[[77.451034,18.445135],[77.451068,18.445146],[77.451102,18.445156],[77.451136,18.445167],[77.45117,18.445178],[77.451204,18.445188],[77.451238,18.4452],[77.451272,18.445209],[77.451311,18.445221],[77.451345,18.445231],[77.451379,18.445241],[77.451413,18.445252],[77.451447,18.445263],[77.45148,18.445274],[77.451497,18.44528]]}},{"type":"Feature","properties":{"sol":20,"len_m":23.4,"date":"2021-03-10"},"geometry":{"type":"LineString","coordinates":[[77.451497,18.44528],[77.451527,18.445295],[77.451564,18.445302],[77.451597,18.445295],[77.45163,18.445289],[77.451663,18.445283],[77.451692,18.445276],[77.451717,18.445256],[77.451744,18.445237],[77.45177,18.445217],[77.451792,18.445199],[77.451817,18.445179],[77.451843,18.445158],[77.451856,18.445148]]}},{"type":"Feature","properties":{"sol":23,"len_m":5.5,"date":"2021-03-13"},"geometry":{"type":"LineString","coordinates":[[77.451856,18.445148],[77.451824,18.44517],[77.451777,18.445202]]}},{"type":"Feature","properties":{"sol":29,"len_m":3.9,"date":"2021-03-20"},"geometry":{"type":"LineString","coordinates":[[77.451777,18.445202],[77.451792,18.445177],[77.451822,18.445164]]}},{"type":"Feature","properties":{"sol":31,"len_m":33.4,"date":"2021-03-22"},"geometry":{"type":"LineString","coordinates":[[77.451822,18.445164],[77.451744,18.445204],[77.45172,18.445228],[77.451696,18.445252],[77.451672,18.445276],[77.451635,18.445286],[77.4516,18.445292],[77.451566,18.445299],[77.451532,18.445306],[77.451497,18.445312],[77.451467,18.445301],[77.451442,18.445279],[77.451416,18.445256],[77.451396,18.445237],[77.45137,18.445214],[77.451344,18.445192],[77.451332,18.44518]]}},{"type":"Feature","properties":{"sol":32,"len_m":30.6,"date":"2021-03-23"},"geometry":{"type":"LineString","coordinates":[[77.451332,18.44518],[77.451332,18.445147],[77.451332,18.445114],[77.451332,18.445081],[77.451332,18.445048],[77.451329,18.445015],[77.451323,18.444982],[77.451317,18.444949],[77.451311,18.444917],[77.451305,18.444884],[77.451298,18.444852],[77.451292,18.444819],[77.451281,18.444788],[77.451257,18.44476],[77.451233,18.444736],[77.45121,18.444711],[77.451197,18.4447]]}},{"type":"Feature","properties":{"sol":33,"len_m":13.0,"date":"2021-03-24"},"geometry":{"type":"LineString","coordinates":[[77.451197,18.4447],[77.451163,18.4447],[77.45113,18.444699],[77.451097,18.444698],[77.451063,18.444696],[77.45103,18.444697],[77.451024,18.444729],[77.451024,18.444752]]}},{"type":"Feature","properties":{"sol":34,"len_m":6.5,"date":"2021-03-25"},"geometry":{"type":"LineString","coordinates":[[77.451024,18.444752],[77.451024,18.444789],[77.451023,18.444826],[77.451022,18.444863]]}},{"type":"Feature","properties":{"sol":43,"len_m":4.6,"date":"2021-04-03"},"geometry":{"type":"LineString","coordinates":[[77.451022,18.444863],[77.451025,18.44494]]}},{"type":"Feature","properties":{"sol":44,"len_m":1.4,"date":"2021-04-04"},"geometry":{"type":"LineString","coordinates":[[77.451025,18.44494],[77.45102,18.444943]]}},{"type":"Feature","properties":{"sol":47,"len_m":38.4,"date":"2021-04-07"},"geometry":{"type":"LineString","coordinates":[[77.45102,18.444943],[77.451055,18.444943],[77.451089,18.444942],[77.451123,18.444943],[77.451122,18.44491],[77.451122,18.444878],[77.451121,18.444845],[77.451121,18.444813],[77.451146,18.44478],[77.45117,18.444757],[77.451211,18.444755],[77.451245,18.444759],[77.451278,18.444765],[77.451312,18.444769],[77.451346,18.444773],[77.45138,18.444777],[77.451414,18.444781],[77.451444,18.444783],[77.451478,18.444782],[77.451513,18.44478],[77.45153,18.444779]]}},{"type":"Feature","properties":{"sol":48,"len_m":17.2,"date":"2021-04-08"},"geometry":{"type":"LineString","coordinates":[[77.45153,18.444779],[77.451563,18.44479],[77.451597,18.4448],[77.45163,18.44481],[77.451664,18.44482],[77.451698,18.44483],[77.451732,18.444841],[77.451769,18.444854],[77.451803,18.444865],[77.451819,18.444871]]}},{"type":"Feature","properties":{"sol":49,"len_m":12.1,"date":"2021-04-09"},"geometry":{"type":"LineString","coordinates":[[77.451819,18.444871],[77.451851,18.444859],[77.451884,18.444846],[77.451917,18.444833],[77.451953,18.444819],[77.451986,18.444806],[77.452019,18.444796]]}},{"type":"Feature","properties":{"sol":52,"len_m":11.5,"date":"2021-04-12"},"geometry":{"type":"LineString","coordinates":[[77.452019,18.444796],[77.452051,18.444805],[77.452084,18.444814],[77.452116,18.444823],[77.452137,18.444799],[77.452139,18.444768],[77.45214,18.444752]]}},{"type":"Feature","properties":{"sol":65,"len_m":8.5,"date":"2021-04-26"},"geometry":{"type":"LineString","coordinates":[[77.45214,18.444752],[77.452189,18.444745],[77.45222,18.444694],[77.452226,18.444666]]}},{"type":"Feature","properties":{"sol":66,"len_m":9.2,"date":"2021-04-26"},"geometry":{"type":"LineString","coordinates":[[77.452226,18.444666],[77.452235,18.444636],[77.452244,18.444605],[77.45229,18.444539],[77.452298,18.444529]]}},{"type":"Feature","properties":{"sol":72,"len_m":19.5,"date":"2021-05-03"},"geometry":{"type":"LineString","coordinates":[[77.452298,18.444529],[77.45232,18.444503],[77.452341,18.444477],[77.452364,18.444452],[77.452386,18.444427],[77.452449,18.444354],[77.452504,18.444294],[77.452517,18.444278]]}},{"type":"Feature","properties":{"sol":73,"len_m":9.8,"date":"2021-05-04"},"geometry":{"type":"LineString","coordinates":[[77.452517,18.444278],[77.45253,18.444248],[77.452543,18.444217],[77.452559,18.444186],[77.452574,18.444156],[77.452587,18.444126]]}},{"type":"Feature","properties":{"sol":84,"len_m":18.4,"date":"2021-05-15"},"geometry":{"type":"LineString","coordinates":[[77.452587,18.444126],[77.452553,18.444136],[77.452519,18.444145],[77.452485,18.444154],[77.452451,18.444163],[77.452418,18.444173],[77.452384,18.444182],[77.45235,18.444192],[77.452316,18.444202],[77.452284,18.444215],[77.452277,18.444219]]}},{"type":"Feature","properties":{"sol":86,"len_m":4.8,"date":"2021-05-17"},"geometry":{"type":"LineString","coordinates":[[77.452277,18.444219],[77.452254,18.444196],[77.45223,18.444173],[77.452219,18.44416]]}},{"type":"Feature","properties":{"sol":91,"len_m":19.8,"date":"2021-05-22"},"geometry":{"type":"LineString","coordinates":[[77.452219,18.44416],[77.452265,18.444073],[77.452278,18.444049],[77.452279,18.443936],[77.452218,18.443887],[77.452207,18.44388]]}},{"type":"Feature","properties":{"sol":99,"len_m":16.4,"date":"2021-05-30"},"geometry":{"type":"LineString","coordinates":[[77.452207,18.44388],[77.452269,18.443913],[77.452237,18.443848],[77.452216,18.443822],[77.452194,18.443798],[77.452172,18.443775],[77.452162,18.443763]]}},{"type":"Feature","properties":{"sol":102,"len_m":47.6,"date":"2021-06-03"},"geometry":{"type":"LineString","coordinates":[[77.452162,18.443763],[77.452074,18.443667],[77.45198,18.443571],[77.451964,18.443541],[77.451898,18.443471],[77.451874,18.443456],[77.451759,18.443382],[77.451644,18.443307],[77.451614,18.443291],[77.451544,18.44326],[77.451527,18.443255]]}},{"type":"Feature","properties":{"sol":103,"len_m":24.2,"date":"2021-06-04"},"geometry":{"type":"LineString","coordinates":[[77.451527,18.443255],[77.45142,18.443171],[77.451311,18.443086],[77.451284,18.443064],[77.451209,18.443005],[77.451194,18.442998]]}},{"type":"Feature","properties":{"sol":104,"len_m":38.8,"date":"2021-06-05"},"geometry":{"type":"LineString","coordinates":[[77.451194,18.442998],[77.451126,18.44288],[77.451057,18.442762],[77.45099,18.442641],[77.450923,18.442522],[77.450909,18.442495],[77.450874,18.442437],[77.450864,18.442423]]}},{"type":"Feature","properties":{"sol":105,"len_m":26.6,"date":"2021-06-06"},"geometry":{"type":"LineString","coordinates":[[77.450864,18.442423],[77.450821,18.442297],[77.450778,18.442171],[77.450767,18.442139],[77.45075,18.442105],[77.450737,18.44208],[77.450707,18.44202],[77.450697,18.442008]]}},{"type":"Feature","properties":{"sol":107,"len_m":9.2,"date":"2021-06-08"},"geometry":{"type":"LineString","coordinates":[[77.450697,18.442008],[77.450653,18.44194],[77.45068,18.441878]]}},{"type":"Feature","properties":{"sol":108,"len_m":21.9,"date":"2021-06-09"},"geometry":{"type":"LineString","coordinates":[[77.45068,18.441878],[77.450606,18.441837],[77.450453,18.441804],[77.450418,18.441799],[77.450334,18.441782],[77.450318,18.441778]]}},{"type":"Feature","properties":{"sol":109,"len_m":51.6,"date":"2021-06-10"},"geometry":{"type":"LineString","coordinates":[[77.450318,18.441778],[77.450219,18.441711],[77.450113,18.441593],[77.450025,18.441487],[77.449939,18.441382],[77.449852,18.441275],[77.449797,18.441208],[77.449779,18.441186],[77.449736,18.441133],[77.449725,18.44112]]}},{"type":"Feature","properties":{"sol":110,"len_m":56.9,"date":"2021-06-11"},"geometry":{"type":"LineString","coordinates":[[77.449725,18.44112],[77.449765,18.440992],[77.449806,18.440864],[77.449815,18.440832],[77.449788,18.440678],[77.449756,18.440548],[77.449724,18.440418],[77.449691,18.440288],[77.449651,18.440214],[77.449644,18.440199]]}},{"type":"Feature","properties":{"sol":113,"len_m":35.8,"date":"2021-06-14"},"geometry":{"type":"LineString","coordinates":[[77.449644,18.440199],[77.449649,18.440067],[77.44965,18.440037],[77.449632,18.439991],[77.449621,18.439967],[77.449598,18.43987],[77.449583,18.439805],[77.449571,18.439757],[77.44956,18.439708],[77.449541,18.439627],[77.449538,18.439611]]}},{"type":"Feature","properties":{"sol":116,"len_m":46.3,"date":"2021-06-17"},"geometry":{"type":"LineString","coordinates":[[77.449538,18.439611],[77.449626,18.439509],[77.449704,18.43942],[77.449685,18.439273],[77.449662,18.439177],[77.449523,18.439111],[77.449493,18.4391],[77.449422,18.439074],[77.449402,18.439069]]}},{"type":"Feature","properties":{"sol":122,"len_m":30.4,"date":"2021-06-23"},"geometry":{"type":"LineString","coordinates":[[77.449402,18.439069],[77.449431,18.43915],[77.449409,18.439296],[77.449391,18.439421],[77.449405,18.439487],[77.449411,18.439571],[77.449411,18.439571]]}},{"type":"Feature","properties":{"sol":123,"len_m":72.8,"date":"2021-06-24"},"geometry":{"type":"LineString","coordinates":[[77.449411,18.439571],[77.44948,18.439454],[77.449535,18.439368],[77.449484,18.439226],[77.449426,18.439106],[77.449412,18.439076],[77.449428,18.438933],[77.44945,18.438834],[77.449513,18.438699],[77.449579,18.43858],[77.449595,18.43855],[77.449629,18.438475],[77.449635,18.438459]]}},{"type":"Feature","properties":{"sol":124,"len_m":8.2,"date":"2021-06-25"},"geometry":{"type":"LineString","coordinates":[[77.449635,18.438459],[77.449619,18.438431],[77.449604,18.43841],[77.449577,18.438368],[77.44956,18.438341],[77.44956,18.438341]]}},{"type":"Feature","properties":{"sol":126,"len_m":24.7,"date":"2021-06-27"},"geometry":{"type":"LineString","coordinates":[[77.44956,18.438341],[77.449685,18.438283],[77.449717,18.438268],[77.449783,18.438136],[77.44982,18.438041]]}},{"type":"Feature","properties":{"sol":127,"len_m":40.4,"date":"2021-06-28"},"geometry":{"type":"LineString","coordinates":[[77.44982,18.438041],[77.449833,18.438016],[77.449845,18.437993],[77.449858,18.437969],[77.449876,18.437839],[77.449906,18.437711],[77.449939,18.437581],[77.449972,18.437452],[77.449959,18.437381]]}},{"type":"Feature","properties":{"sol":128,"len_m":2.8,"date":"2021-06-29"},"geometry":{"type":"LineString","coordinates":[[77.449959,18.437381],[77.449963,18.437412],[77.449965,18.437429]]}},{"type":"Feature","properties":{"sol":129,"len_m":51.4,"date":"2021-06-30"},"geometry":{"type":"LineString","coordinates":[[77.449965,18.437429],[77.450082,18.437447],[77.450167,18.437417],[77.450212,18.437391],[77.450242,18.437373],[77.450348,18.437288],[77.450407,18.437229],[77.45044,18.437191],[77.450491,18.437128],[77.450489,18.437098],[77.450459,18.437024],[77.450445,18.437001],[77.450416,18.436991],[77.450402,18.43702],[77.450411,18.437045],[77.450411,18.437044]]}},{"type":"Feature","properties":{"sol":130,"len_m":125.5,"date":"2021-07-01"},"geometry":{"type":"LineString","coordinates":[[77.450411,18.437044],[77.450474,18.437066],[77.450552,18.437093],[77.450696,18.43705],[77.450728,18.437037],[77.450807,18.436995],[77.450853,18.43697],[77.450966,18.43694],[77.451068,18.436885],[77.451098,18.436867],[77.451127,18.436848],[77.451176,18.436836],[77.451227,18.436828],[77.451268,18.436796],[77.451362,18.43675],[77.45143,18.436644],[77.451463,18.43655],[77.45148,18.436523],[77.451534,18.436456],[77.451537,18.436429],[77.451603,18.436404],[77.451639,18.436334],[77.451677,18.436227],[77.451683,18.436196],[77.451698,18.43613],[77.451706,18.436098],[77.451713,18.436066],[77.451726,18.435984],[77.451731,18.435951],[77.451743,18.435852],[77.451728,18.435771],[77.451725,18.435755]]}},{"type":"Feature","properties":{"sol":131,"len_m":105.8,"date":"2021-07-02"},"geometry":{"type":"LineString","coordinates":[[77.451725,18.435755],[77.451771,18.435629],[77.451781,18.435598],[77.45179,18.435554],[77.451816,18.43546],[77.451827,18.435428],[77.451839,18.435397],[77.451848,18.435368],[77.451859,18.435337],[77.45187,18.435306],[77.451882,18.435275],[77.451893,18.435244],[77.451904,18.435214],[77.451929,18.435174],[77.451995,18.43506],[77.452011,18.434996],[77.452014,18.434964],[77.452014,18.434933],[77.452005,18.434851],[77.452003,18.434817],[77.451997,18.434753],[77.451993,18.43472],[77.451989,18.43469],[77.451976,18.434608],[77.451975,18.434575],[77.451971,18.434544],[77.451975,18.434431],[77.451994,18.434351],[77.452001,18.434304],[77.452009,18.434222],[77.452012,18.434189],[77.452018,18.434155],[77.452039,18.43408],[77.452045,18.434048],[77.452047,18.434032]]}},{"type":"Feature","properties":{"sol":134,"len_m":94.7,"date":"2021-07-05"},"geometry":{"type":"LineString","coordinates":[[77.452047,18.434032],[77.452057,18.433931],[77.452065,18.43384],[77.452069,18.433789],[77.452074,18.433739],[77.452079,18.433688],[77.452083,18.433655],[77.452092,18.433572],[77.452096,18.433538],[77.452099,18.433505],[77.452106,18.433439],[77.45211,18.433406],[77.452113,18.433374],[77.452095,18.433262],[77.452093,18.433214],[77.452099,18.433164],[77.452104,18.433132],[77.452114,18.433066],[77.452119,18.433032],[77.452123,18.433],[77.452123,18.432918],[77.452124,18.432887],[77.452127,18.432837],[77.452177,18.432713],[77.452214,18.432621],[77.452224,18.43259],[77.452294,18.432475]]}},{"type":"Feature","properties":{"sol":135,"len_m":104.2,"date":"2021-07-06"},"geometry":{"type":"LineString","coordinates":[[77.452294,18.432475],[77.452334,18.432385],[77.452408,18.432346],[77.452437,18.432337],[77.45248,18.432211],[77.452513,18.432109],[77.452531,18.432063],[77.452563,18.431987],[77.45258,18.431942],[77.452599,18.431878],[77.452609,18.431847],[77.452619,18.431815],[77.452639,18.431751],[77.45265,18.431719],[77.45266,18.431687],[77.452679,18.431623],[77.45269,18.431591],[77.4527,18.43156],[77.452728,18.431499],[77.452658,18.431452],[77.45263,18.431432],[77.452601,18.431412],[77.452573,18.431392],[77.452546,18.431371],[77.452466,18.431307],[77.45244,18.431287],[77.452369,18.431242],[77.452337,18.431227],[77.452289,18.431207],[77.452257,18.431193],[77.452224,18.431178],[77.452149,18.431137]]}},{"type":"Feature","properties":{"sol":136,"len_m":36.4,"date":"2021-07-07"},"geometry":{"type":"LineString","coordinates":[[77.452149,18.431137],[77.452072,18.431025],[77.452052,18.430997],[77.452043,18.430931],[77.452041,18.430864],[77.452037,18.430831],[77.452068,18.43074],[77.452061,18.430664],[77.452049,18.430582],[77.452044,18.430565]]}},{"type":"Feature","properties":{"sol":137,"len_m":37.5,"date":"2021-07-08"},"geometry":{"type":"LineString","coordinates":[[77.452044,18.430565],[77.45203,18.430469],[77.452024,18.430381],[77.452085,18.430288],[77.452115,18.43015],[77.452125,18.430122],[77.452132,18.430086],[77.452136,18.430059],[77.45215,18.429995],[77.452151,18.429979]]}},{"type":"Feature","properties":{"sol":153,"len_m":99.6,"date":"2021-07-25"},"geometry":{"type":"LineString","coordinates":[[77.452151,18.429979],[77.452147,18.429846],[77.452158,18.429748],[77.45217,18.429665],[77.452177,18.429616],[77.452182,18.429582],[77.452187,18.429549],[77.452192,18.429516],[77.452196,18.429483],[77.452201,18.42945],[77.452206,18.429418],[77.452211,18.429385],[77.452216,18.429352],[77.452221,18.429319],[77.452227,18.429286],[77.452232,18.429254],[77.452238,18.429221],[77.452244,18.429188],[77.45225,18.429155],[77.452256,18.429123],[77.452263,18.429091],[77.452253,18.428944],[77.452246,18.428912],[77.452239,18.428879],[77.452231,18.428847],[77.452224,18.428815],[77.452202,18.428752],[77.452192,18.428721],[77.452181,18.428689],[77.452171,18.428657],[77.45216,18.428626],[77.452149,18.428595],[77.452138,18.428563],[77.452121,18.428517],[77.452107,18.428487],[77.452093,18.428457],[77.452074,18.428412],[77.452047,18.428391],[77.452029,18.428372],[77.452029,18.428372]]}},{"type":"Feature","properties":{"sol":155,"len_m":44.5,"date":"2021-07-27"},"geometry":{"type":"LineString","coordinates":[[77.452029,18.428372],[77.452011,18.428352],[77.451886,18.428268],[77.451857,18.42825],[77.451779,18.428126],[77.451762,18.428097],[77.451745,18.428068],[77.451727,18.428039],[77.45171,18.42801],[77.451693,18.42798],[77.451676,18.427951],[77.451659,18.427922],[77.451642,18.427892],[77.451625,18.427863],[77.451609,18.427834],[77.451592,18.427805],[77.451576,18.427777]]}},{"type":"Feature","properties":{"sol":157,"len_m":6.6,"date":"2021-07-29"},"geometry":{"type":"LineString","coordinates":[[77.451576,18.427777],[77.451601,18.427753],[77.451622,18.42773],[77.451639,18.427708],[77.45165,18.427695]]}},{"type":"Feature","properties":{"sol":168,"len_m":31.9,"date":"2021-08-09"},"geometry":{"type":"LineString","coordinates":[[77.45165,18.427695],[77.451628,18.42772],[77.451607,18.427605],[77.451632,18.427466],[77.451623,18.427357],[77.451612,18.427289],[77.451607,18.427255],[77.451607,18.427253]]}},{"type":"Feature","properties":{"sol":169,"len_m":53.2,"date":"2021-08-10"},"geometry":{"type":"LineString","coordinates":[[77.451607,18.427253],[77.45161,18.427286],[77.451498,18.42737],[77.451469,18.427386],[77.451356,18.427464],[77.451231,18.427553],[77.451132,18.427578],[77.45108,18.427588],[77.451045,18.427595],[77.451011,18.427601],[77.450976,18.427608],[77.450942,18.427615],[77.450908,18.427622],[77.450874,18.427628],[77.450839,18.427635],[77.450806,18.427642]]}},{"type":"Feature","properties":{"sol":170,"len_m":104.5,"date":"2021-08-11"},"geometry":{"type":"LineString","coordinates":[[77.450806,18.427642],[77.450668,18.427665],[77.450633,18.427669],[77.450502,18.427705],[77.45043,18.427748],[77.450402,18.427767],[77.450333,18.427814],[77.450304,18.427834],[77.450274,18.42785],[77.45021,18.427872],[77.450179,18.427882],[77.450145,18.42789],[77.450012,18.427895],[77.449941,18.427963],[77.449899,18.428016],[77.449875,18.428039],[77.449848,18.428061],[77.449756,18.428114],[77.449725,18.42813],[77.449646,18.42817],[77.449615,18.428186],[77.449583,18.428202],[77.44952,18.428233],[77.449489,18.428249],[77.449458,18.428264],[77.449396,18.428296],[77.449366,18.428313],[77.449337,18.428332],[77.449281,18.428373],[77.449201,18.42844],[77.449202,18.42844]]}},{"type":"Feature","properties":{"sol":171,"len_m":111.9,"date":"2021-08-12"},"geometry":{"type":"LineString","coordinates":[[77.449202,18.42844],[77.449188,18.428544],[77.449128,18.428608],[77.449069,18.428645],[77.449007,18.428678],[77.448974,18.42869],[77.448941,18.428702],[77.448877,18.428731],[77.448845,18.428746],[77.448813,18.428761],[77.448751,18.428791],[77.448719,18.428807],[77.448688,18.428822],[77.448608,18.428856],[77.448576,18.42887],[77.448514,18.428901],[77.448486,18.428922],[77.448459,18.428943],[77.448399,18.428976],[77.448367,18.428991],[77.448336,18.429006],[77.448274,18.429036],[77.448242,18.429051],[77.448211,18.429066],[77.448134,18.429105],[77.448107,18.429127],[77.448084,18.429152],[77.448049,18.429189],[77.448026,18.429215],[77.448002,18.42924],[77.447966,18.429278],[77.447943,18.429303],[77.447919,18.429328],[77.447896,18.429354],[77.447873,18.429379],[77.44785,18.429404],[77.447814,18.429443],[77.44779,18.429467],[77.447733,18.429508],[77.447677,18.429548]]}},{"type":"Feature","properties":{"sol":173,"len_m":39.2,"date":"2021-08-15"},"geometry":{"type":"LineString","coordinates":[[77.447677,18.429548],[77.447619,18.429582],[77.44751,18.429556],[77.447485,18.429546],[77.447378,18.429505],[77.447233,18.429542],[77.447089,18.429597],[77.447058,18.429609],[77.447046,18.429612]]}},{"type":"Feature","properties":{"sol":175,"len_m":20.7,"date":"2021-08-17"},"geometry":{"type":"LineString","coordinates":[[77.447046,18.429612],[77.446928,18.429681],[77.446899,18.429691],[77.446823,18.429732],[77.446798,18.429681],[77.446793,18.429662]]}},{"type":"Feature","properties":{"sol":177,"len_m":93.9,"date":"2021-08-19"},"geometry":{"type":"LineString","coordinates":[[77.446793,18.429662],[77.446806,18.429731],[77.446685,18.42981],[77.446625,18.429842],[77.446596,18.429853],[77.446507,18.429907],[77.446478,18.429925],[77.446448,18.429944],[77.446419,18.429962],[77.44639,18.42998],[77.44636,18.429998],[77.446329,18.430015],[77.446299,18.430031],[77.446269,18.430048],[77.446238,18.430065],[77.446207,18.430081],[77.446177,18.430097],[77.446146,18.430114],[77.446116,18.43013],[77.446054,18.430163],[77.446024,18.43018],[77.445994,18.430197],[77.445949,18.430222],[77.44592,18.43024],[77.44589,18.430257],[77.44583,18.430292],[77.445801,18.43031],[77.445771,18.430328],[77.445698,18.430374],[77.445669,18.430392],[77.44564,18.43041],[77.445581,18.430446],[77.445552,18.430463],[77.445522,18.430481],[77.445494,18.430498],[77.445462,18.430512],[77.445455,18.430514]]}},{"type":"Feature","properties":{"sol":178,"len_m":81.8,"date":"2021-08-20"},"geometry":{"type":"LineString","coordinates":[[77.445455,18.430514],[77.445455,18.430598],[77.445324,18.430662],[77.445292,18.430673],[77.445214,18.430703],[77.445149,18.430728],[77.445084,18.430746],[77.445051,18.430755],[77.445018,18.430763],[77.444952,18.430778],[77.444919,18.430782],[77.444886,18.430789],[77.444813,18.430829],[77.444786,18.430849],[77.444716,18.430896],[77.444688,18.430915],[77.444659,18.430934],[77.444587,18.43098],[77.444555,18.430994],[77.444489,18.431016],[77.444471,18.430989],[77.444421,18.430906],[77.444387,18.43089],[77.444311,18.430826]]}},{"type":"Feature","properties":{"sol":180,"len_m":11.0,"date":"2021-08-22"},"geometry":{"type":"LineString","coordinates":[[77.444311,18.430826],[77.44442,18.430742],[77.444366,18.430739]]}},{"type":"Feature","properties":{"sol":199,"len_m":72.7,"date":"2021-09-10"},"geometry":{"type":"LineString","coordinates":[[77.444366,18.430739],[77.444398,18.430741],[77.44443,18.430742],[77.444339,18.430791],[77.44423,18.430851],[77.444202,18.430865],[77.444123,18.4309],[77.44409,18.430909],[77.444008,18.430933],[77.443975,18.430944],[77.443841,18.430979],[77.443752,18.431024],[77.443723,18.431041],[77.443663,18.431076],[77.443634,18.431093],[77.443604,18.431109],[77.443573,18.431126],[77.443542,18.431142],[77.443512,18.431158],[77.443483,18.431175],[77.443406,18.431211],[77.443373,18.431219],[77.443324,18.43123]]}},{"type":"Feature","properties":{"sol":200,"len_m":169.5,"date":"2021-09-11"},"geometry":{"type":"LineString","coordinates":[[77.443324,18.43123],[77.44321,18.43127],[77.443116,18.43131],[77.443068,18.43133],[77.443036,18.431342],[77.442987,18.43136],[77.442955,18.431373],[77.442875,18.431404],[77.442844,18.431417],[77.442815,18.43143],[77.442784,18.431444],[77.442755,18.431459],[77.442725,18.431474],[77.442694,18.431488],[77.442664,18.431502],[77.442635,18.431515],[77.442605,18.431529],[77.442573,18.431543],[77.442511,18.43157],[77.442478,18.431581],[77.442446,18.431591],[77.442381,18.431607],[77.442347,18.431617],[77.442314,18.431627],[77.442248,18.431647],[77.442215,18.431658],[77.442181,18.431668],[77.442082,18.431699],[77.442051,18.431712],[77.442006,18.431737],[77.441962,18.431763],[77.441935,18.431782],[77.441881,18.431823],[77.441855,18.431841],[77.441826,18.431856],[77.441679,18.431906],[77.441603,18.431944],[77.441573,18.431958],[77.441495,18.431992],[77.441463,18.432005],[77.44143,18.432018],[77.441399,18.432031],[77.441367,18.432044],[77.44132,18.432065],[77.441243,18.432105],[77.441215,18.432124],[77.441189,18.432145],[77.441134,18.432186],[77.441107,18.432206],[77.44108,18.432226],[77.441008,18.432271],[77.440982,18.432293],[77.440918,18.432351],[77.440893,18.432373],[77.440867,18.432396],[77.440816,18.432442],[77.44079,18.432465],[77.440765,18.432487],[77.440687,18.432548]]}},{"type":"Feature","properties":{"sol":201,"len_m":41.9,"date":"2021-09-12"},"geometry":{"type":"LineString","coordinates":[[77.440687,18.432548],[77.440741,18.432506],[77.440764,18.432489],[77.440793,18.43253],[77.44083,18.432628],[77.440979,18.43268],[77.44105,18.432694],[77.441156,18.432701],[77.44127,18.432703],[77.441287,18.432702]]}},{"type":"Feature","properties":{"sol":202,"len_m":44.8,"date":"2021-09-13"},"geometry":{"type":"LineString","coordinates":[[77.441287,18.432702],[77.441368,18.432816],[77.441451,18.432947],[77.441579,18.433008],[77.441671,18.433131],[77.441686,18.433154],[77.441705,18.433182],[77.441752,18.43326],[77.441761,18.433273]]}},{"type":"Feature","properties":{"sol":203,"len_m":29.4,"date":"2021-09-14"},"geometry":{"type":"LineString","coordinates":[[77.441761,18.433273],[77.441777,18.4333],[77.441913,18.433301],[77.441949,18.433298],[77.442081,18.43328],[77.442114,18.433282],[77.442225,18.43333],[77.442248,18.433334]]}},{"type":"Feature","properties":{"sol":204,"len_m":16.5,"date":"2021-09-15"},"geometry":{"type":"LineString","coordinates":[[77.442248,18.433334],[77.442441,18.433351],[77.442436,18.43338],[77.442412,18.433397],[77.44241,18.433398]]}},{"type":"Feature","properties":{"sol":210,"len_m":52.4,"date":"2021-09-22"},"geometry":{"type":"LineString","coordinates":[[77.44241,18.433398],[77.442433,18.433379],[77.442455,18.433361],[77.442239,18.433325],[77.441999,18.433485],[77.442037,18.433621],[77.442072,18.433694],[77.442114,18.433771],[77.442121,18.433785]]}},{"type":"Feature","properties":{"sol":237,"len_m":32.5,"date":"2021-10-19"},"geometry":{"type":"LineString","coordinates":[[77.442121,18.433785],[77.442251,18.433793],[77.442305,18.433811],[77.442329,18.433823],[77.442368,18.433841],[77.442394,18.433848],[77.442436,18.433865],[77.442534,18.433889],[77.442611,18.433901],[77.442663,18.433912]]}},{"type":"Feature","properties":{"sol":238,"len_m":17.9,"date":"2021-10-20"},"geometry":{"type":"LineString","coordinates":[[77.442663,18.433912],[77.442796,18.433927],[77.442865,18.433906],[77.442938,18.433873],[77.44296,18.433866]]}},{"type":"Feature","properties":{"sol":239,"len_m":11.7,"date":"2021-10-21"},"geometry":{"type":"LineString","coordinates":[[77.44296,18.433866],[77.442927,18.433878],[77.442901,18.433888],[77.442929,18.433906],[77.442993,18.43395],[77.443012,18.433961]]}},{"type":"Feature","properties":{"sol":248,"len_m":0.7,"date":"2021-10-31"},"geometry":{"type":"LineString","coordinates":[[77.443012,18.433961],[77.443019,18.433964]]}},{"type":"Feature","properties":{"sol":278,"len_m":6.3,"date":"2021-11-30"},"geometry":{"type":"LineString","coordinates":[[77.443019,18.433964],[77.442988,18.43395],[77.443019,18.433939],[77.443056,18.433927],[77.443059,18.433926]]}},{"type":"Feature","properties":{"sol":280,"len_m":36.3,"date":"2021-12-02"},"geometry":{"type":"LineString","coordinates":[[77.443059,18.433926],[77.443027,18.433941],[77.442994,18.433956],[77.442839,18.433935],[77.442673,18.433907],[77.442641,18.433899],[77.442545,18.433885],[77.442514,18.433881],[77.442482,18.433879],[77.442452,18.433877],[77.442435,18.433875]]}},{"type":"Feature","properties":{"sol":281,"len_m":36.3,"date":"2021-12-03"},"geometry":{"type":"LineString","coordinates":[[77.442435,18.433875],[77.442308,18.433827],[77.442251,18.433793],[77.442173,18.433664],[77.442157,18.433636],[77.442095,18.433518],[77.442079,18.433487],[77.44206,18.433462],[77.442031,18.433445],[77.442025,18.433442]]}},{"type":"Feature","properties":{"sol":283,"len_m":4.0,"date":"2021-12-05"},"geometry":{"type":"LineString","coordinates":[[77.442025,18.433442],[77.44205,18.433451],[77.442076,18.433462],[77.442081,18.433461]]}},{"type":"Feature","properties":{"sol":285,"len_m":62.5,"date":"2021-12-08"},"geometry":{"type":"LineString","coordinates":[[77.442081,18.433461],[77.442051,18.4335],[77.442038,18.433526],[77.441924,18.433447],[77.441868,18.433407],[77.441843,18.433394],[77.441788,18.433274],[77.441774,18.433243],[77.441724,18.433119],[77.441713,18.433092],[77.441659,18.43297],[77.441563,18.432876],[77.441542,18.432859],[77.441517,18.432835],[77.441464,18.432784],[77.441448,18.432771]]}},{"type":"Feature","properties":{"sol":286,"len_m":8.0,"date":"2021-12-09"},"geometry":{"type":"LineString","coordinates":[[77.441448,18.432771],[77.441404,18.432683],[77.441374,18.432662],[77.441373,18.432661]]}},{"type":"Feature","properties":{"sol":328,"len_m":4.3,"date":"2022-01-21"},"geometry":{"type":"LineString","coordinates":[[77.441373,18.432661],[77.441389,18.43264],[77.441403,18.432618],[77.441411,18.432602]]}},{"type":"Feature","properties":{"sol":333,"len_m":13.5,"date":"2022-01-26"},"geometry":{"type":"LineString","coordinates":[[77.441411,18.432602],[77.4414,18.432633],[77.441398,18.432666],[77.441367,18.432589],[77.441348,18.432606]]}},{"type":"Feature","properties":{"sol":335,"len_m":9.0,"date":"2022-01-28"},"geometry":{"type":"LineString","coordinates":[[77.441348,18.432606],[77.441356,18.432574],[77.441313,18.432576],[77.441314,18.432609]]}},{"type":"Feature","properties":{"sol":340,"len_m":238.5,"date":"2022-02-02"},"geometry":{"type":"LineString","coordinates":[[77.441314,18.432609],[77.441295,18.432581],[77.441162,18.43263],[77.441028,18.432677],[77.440995,18.432675],[77.440891,18.432674],[77.440862,18.432676],[77.440845,18.432649],[77.440813,18.432594],[77.440798,18.432565],[77.440783,18.432538],[77.440767,18.432509],[77.440752,18.432479],[77.440736,18.43245],[77.440723,18.432419],[77.440712,18.432388],[77.440703,18.432355],[77.440694,18.432306],[77.440688,18.432273],[77.440684,18.43224],[77.440689,18.43219],[77.440699,18.432158],[77.440699,18.432111],[77.440717,18.432031],[77.440733,18.432002],[77.440805,18.43193],[77.440837,18.431916],[77.440867,18.431874],[77.440886,18.431846],[77.440906,18.431817],[77.440954,18.431768],[77.44098,18.431744],[77.441006,18.43172],[77.441055,18.431672],[77.441075,18.431644],[77.441092,18.431614],[77.441152,18.43155],[77.44118,18.43153],[77.441209,18.43151],[77.441237,18.431489],[77.441263,18.431466],[77.441284,18.431439],[77.441304,18.431411],[77.441396,18.43136],[77.441432,18.431323],[77.441457,18.431298],[77.441481,18.431273],[77.441506,18.431248],[77.441529,18.431224],[77.441553,18.431199],[77.441577,18.431175],[77.441601,18.43115],[77.441625,18.431125],[77.441677,18.431082],[77.441705,18.431063],[77.441733,18.431044],[77.441763,18.431027],[77.441795,18.431013],[77.441828,18.431],[77.44186,18.430986],[77.441893,18.430973],[77.441925,18.43096],[77.441958,18.430946],[77.44199,18.430933],[77.442023,18.430919],[77.442056,18.430909],[77.442106,18.43092],[77.442155,18.430928],[77.44219,18.430926],[77.442225,18.430923],[77.44231,18.430903],[77.442353,18.43089],[77.442387,18.43088],[77.442437,18.430865],[77.442488,18.43085],[77.442522,18.43084],[77.442555,18.430829],[77.442589,18.430817],[77.442622,18.430805],[77.442655,18.430793],[77.442688,18.430781],[77.44272,18.430767],[77.442763,18.43074],[77.442793,18.430722],[77.442825,18.430708],[77.442911,18.430688],[77.442946,18.430689],[77.443063,18.430718],[77.443099,18.430717],[77.443134,18.430715],[77.443169,18.430714],[77.443187,18.430713]]}},{"type":"Feature","properties":{"sol":341,"len_m":240.6,"date":"2022-02-03"},"geometry":{"type":"LineString","coordinates":[[77.443187,18.430713],[77.443328,18.430717],[77.44338,18.430719],[77.443433,18.430719],[77.443538,18.430721],[77.443574,18.430722],[77.443609,18.430723],[77.443644,18.430724],[77.443679,18.430725],[77.443732,18.430724],[77.443767,18.430723],[77.443802,18.430721],[77.443907,18.430727],[77.443983,18.430768],[77.444034,18.430762],[77.444069,18.430754],[77.444103,18.430745],[77.444137,18.430736],[77.444235,18.430756],[77.444267,18.430768],[77.444357,18.430844],[77.444461,18.430895],[77.44453,18.430904],[77.444599,18.430885],[77.444658,18.430848],[77.444686,18.430829],[77.444759,18.430834],[77.444866,18.430818],[77.444895,18.4308],[77.444964,18.430746],[77.444991,18.430723],[77.445017,18.430701],[77.445043,18.430678],[77.44507,18.430656],[77.445097,18.430636],[77.445127,18.430617],[77.44521,18.430594],[77.445272,18.430559],[77.44533,18.430523],[77.445364,18.430486],[77.445387,18.430461],[77.445414,18.430438],[77.445443,18.430418],[77.44549,18.430393],[77.445599,18.430362],[77.44563,18.430344],[77.445663,18.430307],[77.445705,18.430254],[77.445731,18.43023],[77.445759,18.43021],[77.445788,18.43019],[77.445836,18.430169],[77.445804,18.430183],[77.445837,18.43017],[77.445805,18.430184],[77.445851,18.430159],[77.445864,18.43013],[77.445932,18.430077],[77.445952,18.430052],[77.446039,18.429974],[77.446106,18.429952],[77.44614,18.429944],[77.446227,18.429947],[77.446263,18.429947],[77.446311,18.429928],[77.446343,18.429915],[77.446376,18.429902],[77.446408,18.429888],[77.446456,18.429866],[77.446536,18.429831],[77.446606,18.429822],[77.44669,18.429794],[77.446722,18.42978],[77.446748,18.42977],[77.446748,18.42977]]}},{"type":"Feature","properties":{"sol":342,"len_m":12.8,"date":"2022-02-04"},"geometry":{"type":"LineString","coordinates":[[77.446748,18.42977],[77.446876,18.429713],[77.446952,18.429677],[77.446953,18.429678]]}},{"type":"Feature","properties":{"sol":343,"len_m":19.2,"date":"2022-02-05"},"geometry":{"type":"LineString","coordinates":[[77.446953,18.429678],[77.447034,18.429641],[77.447103,18.429538],[77.447067,18.429482],[77.44704,18.429456]]}},{"type":"Feature","properties":{"sol":350,"len_m":92.4,"date":"2022-02-12"},"geometry":{"type":"LineString","coordinates":[[77.44704,18.429456],[77.447146,18.429547],[77.447186,18.429582],[77.447263,18.42957],[77.447291,18.429552],[77.447408,18.429518],[77.447461,18.4295],[77.447512,18.429484],[77.447561,18.429466],[77.447591,18.42945],[77.447622,18.429435],[77.447652,18.429419],[77.447679,18.429399],[77.447708,18.42938],[77.447736,18.429362],[77.447766,18.429344],[77.447796,18.429326],[77.447857,18.429251],[77.447905,18.429228],[77.447937,18.429213],[77.447969,18.429197],[77.448021,18.429196],[77.448056,18.429203],[77.448124,18.429187],[77.448154,18.42917],[77.448185,18.429153],[77.448216,18.429136],[77.448246,18.429095],[77.44827,18.429071],[77.448298,18.429049],[77.448327,18.429031],[77.448359,18.429014],[77.44839,18.428998],[77.448409,18.428975],[77.448408,18.428975]]}},{"type":"Feature","properties":{"sol":351,"len_m":406.2,"date":"2022-02-12"},"geometry":{"type":"LineString","coordinates":[[77.44704,18.429456],[77.447146,18.429547],[77.447186,18.429582],[77.447263,18.42957],[77.447291,18.429552],[77.447408,18.429518],[77.447461,18.4295],[77.447512,18.429484],[77.447561,18.429466],[77.447591,18.42945],[77.447622,18.429435],[77.447652,18.429419],[77.447679,18.429399],[77.447708,18.42938],[77.447736,18.429362],[77.447766,18.429344],[77.447796,18.429326],[77.447857,18.429251],[77.447905,18.429228],[77.447937,18.429213],[77.447969,18.429197],[77.448021,18.429196],[77.448056,18.429203],[77.448124,18.429187],[77.448154,18.42917],[77.448185,18.429153],[77.448216,18.429136],[77.448246,18.429095],[77.44827,18.429071],[77.448298,18.429049],[77.448327,18.429031],[77.448359,18.429014],[77.44839,18.428998],[77.448409,18.428975],[77.448496,18.428876],[77.448526,18.428857],[77.448569,18.428827],[77.448596,18.428806],[77.448638,18.428774],[77.448681,18.428745],[77.448714,18.428732],[77.448806,18.428682],[77.448835,18.428662],[77.448878,18.428632],[77.448907,18.428612],[77.448956,18.428596],[77.449029,18.428551],[77.449056,18.428528],[77.449104,18.428511],[77.449168,18.428483],[77.449234,18.428427],[77.449268,18.42839],[77.449327,18.428351],[77.449356,18.428332],[77.449384,18.428313],[77.44943,18.428287],[77.449457,18.428266],[77.449539,18.428234],[77.449575,18.428235],[77.449606,18.428218],[77.449636,18.428201],[77.449667,18.428185],[77.449728,18.428151],[77.449764,18.428152],[77.449799,18.428148],[77.449848,18.428129],[77.449876,18.428109],[77.449903,18.428089],[77.44993,18.428068],[77.449965,18.428062],[77.449997,18.428048],[77.450022,18.428026],[77.450042,18.427998],[77.450056,18.427968],[77.450053,18.427937],[77.450029,18.427882],[77.450031,18.427849],[77.450041,18.427818],[77.450056,18.427788],[77.450076,18.427761],[77.450099,18.427736],[77.450125,18.427714],[77.45015,18.427692],[77.450176,18.42767],[77.450202,18.427649],[77.450233,18.427632],[77.450264,18.427619],[77.450294,18.427605],[77.450325,18.427593],[77.450358,18.427583],[77.45039,18.427573],[77.450421,18.427564],[77.450454,18.427554],[77.450486,18.427543],[77.450519,18.427532],[77.450568,18.427515],[77.450599,18.4275],[77.450627,18.427482],[77.450729,18.427476],[77.450762,18.427484],[77.450812,18.427499],[77.450845,18.42751],[77.450878,18.427522],[77.450925,18.427543],[77.450956,18.427557],[77.450988,18.427571],[77.451019,18.427585],[77.451081,18.427617],[77.451109,18.427635],[77.451137,18.427655],[77.451164,18.427676],[77.451191,18.427696],[77.451217,18.427716],[77.451244,18.427737],[77.451272,18.427759],[77.451299,18.42778],[77.451327,18.4278],[77.451355,18.427821],[77.451382,18.427843],[77.451409,18.427864],[77.451437,18.427885],[77.451481,18.427912],[77.451512,18.427928],[77.451543,18.427946],[77.451574,18.427963],[77.451604,18.427978],[77.451636,18.427994],[77.451668,18.428006],[77.451709,18.428037],[77.45177,18.428095],[77.451786,18.428124],[77.451828,18.428196],[77.451845,18.428225],[77.451863,18.428254],[77.45188,18.428283],[77.451897,18.428312],[77.451915,18.42834],[77.451932,18.428369],[77.451949,18.428398],[77.451966,18.428427],[77.451983,18.428456],[77.452,18.428486],[77.452016,18.428514],[77.452033,18.428543],[77.452051,18.428572],[77.452068,18.428601],[77.452085,18.42863],[77.452099,18.428659],[77.452114,18.42869],[77.452128,18.42872],[77.452142,18.42875],[77.452157,18.42878],[77.452172,18.42881],[77.452187,18.42884],[77.452202,18.42887],[77.452216,18.4289],[77.452231,18.42893],[77.452246,18.428959],[77.452261,18.428989],[77.452276,18.429019],[77.452291,18.42905],[77.452306,18.429079],[77.452321,18.429109],[77.452336,18.429139],[77.452351,18.429169],[77.452362,18.429209],[77.452363,18.429209]]}},{"type":"Feature","properties":{"sol":352,"len_m":488.5,"date":"2022-02-12"},"geometry":{"type":"LineString","coordinates":[[77.44704,18.429456],[77.447146,18.429547],[77.447186,18.429582],[77.447263,18.42957],[77.447291,18.429552],[77.447408,18.429518],[77.447461,18.4295],[77.447512,18.429484],[77.447561,18.429466],[77.447591,18.42945],[77.447622,18.429435],[77.447652,18.429419],[77.447679,18.429399],[77.447708,18.42938],[77.447736,18.429362],[77.447766,18.429344],[77.447796,18.429326],[77.447857,18.429251],[77.447905,18.429228],[77.447937,18.429213],[77.447969,18.429197],[77.448021,18.429196],[77.448056,18.429203],[77.448124,18.429187],[77.448154,18.42917],[77.448185,18.429153],[77.448216,18.429136],[77.448246,18.429095],[77.44827,18.429071],[77.448298,18.429049],[77.448327,18.429031],[77.448359,18.429014],[77.44839,18.428998],[77.448409,18.428975],[77.448496,18.428876],[77.448526,18.428857],[77.448569,18.428827],[77.448596,18.428806],[77.448638,18.428774],[77.448681,18.428745],[77.448714,18.428732],[77.448806,18.428682],[77.448835,18.428662],[77.448878,18.428632],[77.448907,18.428612],[77.448956,18.428596],[77.449029,18.428551],[77.449056,18.428528],[77.449104,18.428511],[77.449168,18.428483],[77.449234,18.428427],[77.449268,18.42839],[77.449327,18.428351],[77.449356,18.428332],[77.449384,18.428313],[77.44943,18.428287],[77.449457,18.428266],[77.449539,18.428234],[77.449575,18.428235],[77.449606,18.428218],[77.449636,18.428201],[77.449667,18.428185],[77.449728,18.428151],[77.449764,18.428152],[77.449799,18.428148],[77.449848,18.428129],[77.449876,18.428109],[77.449903,18.428089],[77.44993,18.428068],[77.449965,18.428062],[77.449997,18.428048],[77.450022,18.428026],[77.450042,18.427998],[77.450056,18.427968],[77.450053,18.427937],[77.450029,18.427882],[77.450031,18.427849],[77.450041,18.427818],[77.450056,18.427788],[77.450076,18.427761],[77.450099,18.427736],[77.450125,18.427714],[77.45015,18.427692],[77.450176,18.42767],[77.450202,18.427649],[77.450233,18.427632],[77.450264,18.427619],[77.450294,18.427605],[77.450325,18.427593],[77.450358,18.427583],[77.45039,18.427573],[77.450421,18.427564],[77.450454,18.427554],[77.450486,18.427543],[77.450519,18.427532],[77.450568,18.427515],[77.450599,18.4275],[77.450627,18.427482],[77.450729,18.427476],[77.450762,18.427484],[77.450812,18.427499],[77.450845,18.42751],[77.450878,18.427522],[77.450925,18.427543],[77.450956,18.427557],[77.450988,18.427571],[77.451019,18.427585],[77.451081,18.427617],[77.451109,18.427635],[77.451137,18.427655],[77.451164,18.427676],[77.451191,18.427696],[77.451217,18.427716],[77.451244,18.427737],[77.451272,18.427759],[77.451299,18.42778],[77.451327,18.4278],[77.451355,18.427821],[77.451382,18.427843],[77.451409,18.427864],[77.451437,18.427885],[77.451481,18.427912],[77.451512,18.427928],[77.451543,18.427946],[77.451574,18.427963],[77.451604,18.427978],[77.451636,18.427994],[77.451668,18.428006],[77.451709,18.428037],[77.45177,18.428095],[77.451786,18.428124],[77.451828,18.428196],[77.451845,18.428225],[77.451863,18.428254],[77.45188,18.428283],[77.451897,18.428312],[77.451915,18.42834],[77.451932,18.428369],[77.451949,18.428398],[77.451966,18.428427],[77.451983,18.428456],[77.452,18.428486],[77.452016,18.428514],[77.452033,18.428543],[77.452051,18.428572],[77.452068,18.428601],[77.452085,18.42863],[77.452099,18.428659],[77.452114,18.42869],[77.452128,18.42872],[77.452142,18.42875],[77.452157,18.42878],[77.452172,18.42881],[77.452187,18.42884],[77.452202,18.42887],[77.452216,18.4289],[77.452231,18.42893],[77.452246,18.428959],[77.452261,18.428989],[77.452276,18.429019],[77.452291,18.42905],[77.452306,18.429079],[77.452321,18.429109],[77.452336,18.429139],[77.452351,18.429169],[77.452362,18.429209],[77.452363,18.429291],[77.452356,18.429341],[77.452342,18.429389],[77.452333,18.429421],[77.452323,18.429452],[77.452309,18.4295],[77.452299,18.429531],[77.452288,18.429563],[77.452279,18.429595],[77.452269,18.429627],[77.452259,18.429657],[77.452248,18.429687],[77.452237,18.429719],[77.452227,18.42975],[77.452215,18.429781],[77.452184,18.429891],[77.452183,18.429924],[77.452184,18.429957],[77.452185,18.42999],[77.452187,18.430023],[77.452187,18.430056],[77.452187,18.430088],[77.452187,18.430121],[77.452187,18.430151],[77.452186,18.430182],[77.452175,18.430243],[77.452167,18.430274],[77.452157,18.430304],[77.452153,18.430273],[77.45217,18.430244],[77.452193,18.430223],[77.452304,18.43021],[77.452307,18.430214]]}},{"type":"Feature","properties":{"sol":353,"len_m":212.3,"date":"2022-02-15"},"geometry":{"type":"LineString","coordinates":[[77.452307,18.430214],[77.452172,18.430237],[77.45204,18.43027],[77.452012,18.43029],[77.452018,18.430322],[77.452029,18.430386],[77.452034,18.430417],[77.452043,18.430479],[77.452048,18.430511],[77.452054,18.430543],[77.452059,18.430575],[77.452064,18.430606],[77.452068,18.430639],[77.452074,18.430671],[77.452082,18.430703],[77.452091,18.430733],[77.452096,18.430764],[77.452096,18.430794],[77.452077,18.430856],[77.452071,18.430884],[77.452072,18.430916],[77.452086,18.430962],[77.452097,18.430993],[77.452108,18.431023],[77.452141,18.431096],[77.452227,18.431209],[77.452263,18.431242],[77.452302,18.43127],[77.452333,18.43128],[77.452395,18.431284],[77.452424,18.431288],[77.452452,18.431298],[77.45248,18.431313],[77.452508,18.43133],[77.452537,18.431348],[77.452565,18.431366],[77.452593,18.431385],[77.452629,18.431499],[77.452609,18.431576],[77.452596,18.431605],[77.452581,18.431635],[77.452563,18.431663],[77.452543,18.431687],[77.452604,18.431725],[77.452612,18.431788],[77.452607,18.431821],[77.4526,18.431853],[77.45259,18.4319],[77.452584,18.431933],[77.452578,18.431965],[77.452574,18.431995],[77.452572,18.432027],[77.452568,18.43206],[77.452563,18.432092],[77.452559,18.432126],[77.452554,18.432158],[77.452549,18.43219],[77.452542,18.432223],[77.452532,18.432254],[77.452518,18.432284],[77.452504,18.432311],[77.452489,18.43234],[77.452475,18.43237],[77.452458,18.432416],[77.452455,18.432448],[77.452472,18.432468],[77.452503,18.432479],[77.452488,18.432449],[77.452461,18.432429],[77.45243,18.432417],[77.452395,18.432412],[77.452318,18.432439],[77.452293,18.43246],[77.452274,18.432486],[77.452257,18.432515],[77.452244,18.432546],[77.452231,18.432577],[77.452217,18.432608],[77.452204,18.432638],[77.45219,18.432669],[77.452177,18.4327],[77.452165,18.43273],[77.452151,18.432762],[77.452138,18.432792],[77.452126,18.432823],[77.452113,18.432853],[77.452113,18.432853]]}},{"type":"Feature","properties":{"sol":354,"len_m":186.8,"date":"2022-02-16"},"geometry":{"type":"LineString","coordinates":[[77.452113,18.432853],[77.452058,18.432937],[77.452027,18.433016],[77.45202,18.433061],[77.452013,18.433133],[77.452007,18.433165],[77.452003,18.433197],[77.452003,18.433246],[77.452006,18.433278],[77.452008,18.43331],[77.452013,18.433358],[77.452017,18.433389],[77.452021,18.433421],[77.452026,18.433454],[77.45203,18.433486],[77.452034,18.433519],[77.452039,18.433552],[77.452043,18.433584],[77.452048,18.433617],[77.452053,18.43365],[77.452057,18.433683],[77.452061,18.433715],[77.452066,18.433748],[77.452071,18.43378],[77.452075,18.433813],[77.45208,18.433846],[77.452085,18.433878],[77.45209,18.43391],[77.452095,18.433943],[77.4521,18.433975],[77.452106,18.434008],[77.452112,18.43404],[77.452118,18.434073],[77.452123,18.434106],[77.452129,18.434138],[77.452135,18.43417],[77.45214,18.434203],[77.452145,18.434235],[77.452149,18.434267],[77.452153,18.434297],[77.452154,18.43433],[77.452148,18.434378],[77.452142,18.43441],[77.452127,18.434473],[77.452119,18.434506],[77.452111,18.434537],[77.452098,18.434584],[77.452088,18.434616],[77.452079,18.434647],[77.452068,18.434679],[77.452058,18.434709],[77.452048,18.43474],[77.452038,18.434771],[77.452029,18.434802],[77.452022,18.43485],[77.452018,18.434881],[77.45201,18.434911],[77.451986,18.435005],[77.451981,18.435038],[77.451974,18.435083],[77.451971,18.435117],[77.451967,18.435149],[77.451964,18.435182],[77.451954,18.435245],[77.45195,18.435276],[77.451946,18.435309],[77.451936,18.435355],[77.451929,18.435385],[77.451922,18.435417],[77.451911,18.435465],[77.451901,18.435497],[77.451889,18.435528],[77.451869,18.43558],[77.451856,18.435611],[77.451843,18.435641],[77.451831,18.435673],[77.451822,18.435705],[77.451816,18.435738],[77.451808,18.435771],[77.451801,18.435803],[77.451794,18.435836],[77.451788,18.435869],[77.451781,18.435901],[77.451776,18.435926],[77.451776,18.435927]]}},{"type":"Feature","properties":{"sol":355,"len_m":269.1,"date":"2022-02-17"},"geometry":{"type":"LineString","coordinates":[[77.451776,18.435927],[77.451709,18.436023],[77.451666,18.436093],[77.45167,18.436124],[77.45167,18.436173],[77.451669,18.436206],[77.451667,18.436237],[77.451661,18.436268],[77.451655,18.4363],[77.451657,18.43633],[77.451637,18.436406],[77.451623,18.436435],[77.451608,18.436465],[77.451593,18.436495],[77.451578,18.436524],[77.451562,18.436554],[77.451548,18.436584],[77.451533,18.436614],[77.451518,18.436643],[77.451503,18.436674],[77.451487,18.436703],[77.451472,18.436732],[77.451456,18.436762],[77.45144,18.436792],[77.451425,18.436821],[77.451409,18.43685],[77.451394,18.43688],[77.45138,18.436908],[77.451365,18.436937],[77.451351,18.436966],[77.451339,18.436995],[77.451326,18.437026],[77.451313,18.437056],[77.451301,18.437086],[77.451284,18.437133],[77.451264,18.43718],[77.451243,18.437225],[77.451234,18.43729],[77.451231,18.437322],[77.451227,18.437354],[77.451223,18.437387],[77.451218,18.43742],[77.451213,18.437453],[77.451208,18.437485],[77.451203,18.437517],[77.451198,18.43755],[77.451192,18.437583],[77.451186,18.437615],[77.451181,18.437648],[77.451175,18.437681],[77.45117,18.437712],[77.451164,18.437744],[77.451152,18.437792],[77.451142,18.437822],[77.451131,18.437854],[77.451117,18.437901],[77.451106,18.437932],[77.451094,18.437963],[77.451077,18.438042],[77.451062,18.438071],[77.451042,18.438114],[77.451025,18.438144],[77.451007,18.438173],[77.45099,18.438202],[77.450972,18.438231],[77.450955,18.43826],[77.450939,18.438289],[77.450924,18.438319],[77.450911,18.438347],[77.450896,18.438376],[77.450872,18.438421],[77.450856,18.438517],[77.450867,18.438582],[77.450872,18.438615],[77.450877,18.438646],[77.450883,18.438679],[77.450888,18.438712],[77.450894,18.438745],[77.4509,18.438778],[77.450906,18.43881],[77.450913,18.438842],[77.450922,18.438872],[77.45093,18.438903],[77.450943,18.438967],[77.450943,18.439],[77.450943,18.439033],[77.450938,18.439084],[77.450935,18.439118],[77.450934,18.439151],[77.450941,18.439217],[77.450945,18.43925],[77.450953,18.439281],[77.450967,18.439344],[77.450969,18.439376],[77.450968,18.439409],[77.45096,18.439475],[77.450973,18.439504],[77.451024,18.439564],[77.451071,18.439609],[77.451107,18.43964],[77.451125,18.439668],[77.451144,18.439694],[77.451166,18.439719],[77.451185,18.439747],[77.4512,18.439776],[77.451215,18.439805],[77.451234,18.439833],[77.451257,18.439858],[77.45128,18.439879],[77.451311,18.4399],[77.451382,18.439969],[77.451405,18.439993],[77.451426,18.440018],[77.451446,18.440044],[77.451456,18.440074],[77.451463,18.440088]]}},{"type":"Feature","properties":{"sol":358,"len_m":43.8,"date":"2022-02-21"},"geometry":{"type":"LineString","coordinates":[[77.451463,18.440088],[77.451547,18.440192],[77.451629,18.440298],[77.451708,18.440399],[77.451787,18.440474],[77.451846,18.4406],[77.451875,18.440667],[77.451896,18.440688]]}},{"type":"Feature","properties":{"sol":359,"len_m":44.1,"date":"2022-02-21"},"geometry":{"type":"LineString","coordinates":[[77.451463,18.440088],[77.451547,18.440192],[77.451629,18.440298],[77.451708,18.440399],[77.451787,18.440474],[77.451846,18.4406],[77.451875,18.440667],[77.451896,18.440688],[77.451893,18.44069]]}},{"type":"Feature","properties":{"sol":360,"len_m":204.7,"date":"2022-02-23"},"geometry":{"type":"LineString","coordinates":[[77.451893,18.44069],[77.451963,18.440735],[77.452036,18.440794],[77.452088,18.440832],[77.452147,18.440886],[77.452161,18.440914],[77.452178,18.440962],[77.452185,18.440994],[77.452188,18.441027],[77.452188,18.441059],[77.452183,18.441107],[77.452176,18.441139],[77.452166,18.441171],[77.452157,18.441201],[77.452147,18.441232],[77.452136,18.441263],[77.452117,18.44131],[77.452093,18.441372],[77.452082,18.441403],[77.45207,18.441434],[77.452054,18.441481],[77.452044,18.441512],[77.452035,18.441545],[77.452026,18.441577],[77.452017,18.441609],[77.452007,18.44164],[77.451995,18.441672],[77.451981,18.441702],[77.451962,18.441746],[77.45195,18.441776],[77.451938,18.441807],[77.451919,18.441853],[77.451906,18.441884],[77.45189,18.441915],[77.451874,18.441942],[77.451857,18.44197],[77.451841,18.441999],[77.451826,18.442028],[77.45181,18.442058],[77.451786,18.442102],[77.451769,18.44213],[77.451753,18.442157],[77.451737,18.44222],[77.451736,18.442253],[77.451736,18.442286],[77.451736,18.442319],[77.451738,18.442352],[77.451742,18.442385],[77.451748,18.442418],[77.451753,18.442449],[77.451759,18.442481],[77.451766,18.442514],[77.451772,18.442546],[77.451778,18.442579],[77.451783,18.442612],[77.451788,18.442644],[77.451799,18.442692],[77.451806,18.442725],[77.451812,18.442756],[77.451821,18.442805],[77.451827,18.442837],[77.451834,18.44287],[77.451841,18.442902],[77.451848,18.442935],[77.451855,18.442968],[77.451862,18.443001],[77.451869,18.443033],[77.451877,18.443066],[77.451884,18.443098],[77.451885,18.443131],[77.451888,18.44318],[77.451895,18.443213],[77.451904,18.443245],[77.45192,18.443293],[77.451932,18.443324],[77.451944,18.443356],[77.451958,18.443386],[77.451972,18.443417],[77.451987,18.443447],[77.452,18.443479],[77.452007,18.443511],[77.452012,18.443561],[77.45202,18.443593],[77.452036,18.443622],[77.452041,18.443653],[77.452047,18.443684],[77.452059,18.443714],[77.452074,18.443743],[77.452093,18.443771],[77.452115,18.443796],[77.452138,18.443822],[77.452171,18.443858],[77.452171,18.443856]]}},{"type":"Feature","properties":{"sol":361,"len_m":19.4,"date":"2022-02-24"},"geometry":{"type":"LineString","coordinates":[[77.452171,18.443856],[77.452244,18.443905],[77.452271,18.443915],[77.452351,18.443932],[77.452441,18.443919],[77.452438,18.443894],[77.452438,18.443894]]}},{"type":"Feature","properties":{"sol":362,"len_m":9.4,"date":"2022-02-25"},"geometry":{"type":"LineString","coordinates":[[77.452438,18.443894],[77.452457,18.443918],[77.452459,18.443957],[77.452444,18.44393],[77.452435,18.443903],[77.452434,18.443902]]}},{"type":"Feature","properties":{"sol":379,"len_m":198.8,"date":"2022-03-14"},"geometry":{"type":"LineString","coordinates":[[77.452434,18.443902],[77.45245,18.443948],[77.452459,18.443973],[77.452341,18.443907],[77.45223,18.443833],[77.452182,18.443814],[77.452041,18.443876],[77.451999,18.443912],[77.451973,18.443934],[77.451924,18.443978],[77.4519,18.444002],[77.451875,18.444023],[77.451846,18.444043],[77.451819,18.44406],[77.45179,18.444077],[77.45176,18.444093],[77.45173,18.44411],[77.451699,18.444126],[77.451668,18.444142],[77.451637,18.444158],[77.451607,18.444174],[77.451576,18.444189],[77.451545,18.444203],[77.451514,18.444217],[77.451484,18.444229],[77.45145,18.444242],[77.451418,18.444252],[77.451387,18.444262],[77.451356,18.444275],[77.451325,18.444289],[77.451294,18.444305],[77.451255,18.444359],[77.451238,18.444406],[77.451228,18.444454],[77.451222,18.444487],[77.451216,18.44452],[77.45121,18.444552],[77.451206,18.444585],[77.451202,18.444618],[77.451198,18.444651],[77.451195,18.444683],[77.451201,18.444749],[77.451209,18.444781],[77.45122,18.444813],[77.45124,18.444875],[77.451249,18.444907],[77.451259,18.444939],[77.451268,18.444988],[77.451269,18.445021],[77.451269,18.445054],[77.451282,18.445118],[77.451291,18.44515],[77.451299,18.445182],[77.451311,18.445231],[77.451318,18.445264],[77.451324,18.445297],[77.451331,18.445329],[77.451336,18.445378],[77.451337,18.445411],[77.451338,18.445444],[77.45134,18.445493],[77.45134,18.445527],[77.451341,18.445558],[77.45134,18.445591],[77.45134,18.445624],[77.451341,18.445657],[77.451341,18.445689],[77.451342,18.445723],[77.451344,18.445756],[77.451348,18.445805],[77.451361,18.445883],[77.45136,18.445929],[77.451365,18.445962],[77.451367,18.445995],[77.451392,18.446088],[77.451408,18.446118],[77.451431,18.446161],[77.451449,18.446191],[77.451468,18.446218],[77.451474,18.446228]]}},{"type":"Feature","properties":{"sol":380,"len_m":252.1,"date":"2022-03-15"},"geometry":{"type":"LineString","coordinates":[[77.451474,18.446228],[77.451553,18.446334],[77.451618,18.446462],[77.451649,18.446508],[77.451667,18.446537],[77.451684,18.446566],[77.451698,18.446595],[77.451719,18.446639],[77.451734,18.446669],[77.451749,18.4467],[77.451771,18.446746],[77.451785,18.446775],[77.451799,18.446806],[77.451814,18.446836],[77.451828,18.446866],[77.451842,18.446896],[77.451857,18.446927],[77.45187,18.446958],[77.451881,18.446989],[77.451893,18.447021],[77.451904,18.447053],[77.451916,18.447084],[77.451931,18.447115],[77.45195,18.447143],[77.451968,18.447171],[77.451983,18.447202],[77.451995,18.447234],[77.452003,18.447267],[77.45201,18.4473],[77.452017,18.447333],[77.452004,18.447414],[77.452005,18.447447],[77.452024,18.447491],[77.452039,18.44752],[77.452054,18.44755],[77.452069,18.44758],[77.452112,18.447631],[77.452161,18.447646],[77.452195,18.447656],[77.452228,18.447666],[77.452261,18.447677],[77.452294,18.447688],[77.452342,18.447706],[77.452374,18.447718],[77.452406,18.447731],[77.452455,18.44775],[77.452487,18.447763],[77.452519,18.447776],[77.45255,18.447793],[77.452578,18.447812],[77.452604,18.447834],[77.452629,18.447857],[77.452655,18.447879],[77.452681,18.447902],[77.452707,18.447924],[77.452732,18.447947],[77.452758,18.447969],[77.452784,18.447991],[77.45281,18.448013],[77.452836,18.448035],[77.452863,18.448056],[77.452888,18.44808],[77.452909,18.448106],[77.452922,18.448134],[77.452932,18.448166],[77.452944,18.448211],[77.45296,18.44824],[77.45298,18.448267],[77.453002,18.448291],[77.453024,18.448395],[77.453046,18.448421],[77.453096,18.448432],[77.453133,18.448429],[77.453249,18.44846],[77.453278,18.448499],[77.4533,18.448542],[77.453303,18.448572],[77.453351,18.448637],[77.453383,18.448653],[77.453434,18.448668],[77.453468,18.448674],[77.453521,18.44868],[77.45359,18.448674],[77.453661,18.448672],[77.453696,18.448677],[77.45373,18.448687],[77.45379,18.448722],[77.453816,18.448744],[77.453843,18.448766],[77.453885,18.448796],[77.453916,18.448812],[77.453948,18.448824],[77.453981,18.448835],[77.454047,18.448852],[77.454079,18.448865],[77.454111,18.448879],[77.454141,18.448896],[77.454172,18.448913],[77.454202,18.448929],[77.454233,18.448946],[77.454263,18.448962],[77.454294,18.448978],[77.454325,18.448995],[77.454325,18.448995]]}},{"type":"Feature","properties":{"sol":381,"len_m":252.1,"date":"2022-03-15"},"geometry":{"type":"LineString","coordinates":[[77.451474,18.446228],[77.451553,18.446334],[77.451618,18.446462],[77.451649,18.446508],[77.451667,18.446537],[77.451684,18.446566],[77.451698,18.446595],[77.451719,18.446639],[77.451734,18.446669],[77.451749,18.4467],[77.451771,18.446746],[77.451785,18.446775],[77.451799,18.446806],[77.451814,18.446836],[77.451828,18.446866],[77.451842,18.446896],[77.451857,18.446927],[77.45187,18.446958],[77.451881,18.446989],[77.451893,18.447021],[77.451904,18.447053],[77.451916,18.447084],[77.451931,18.447115],[77.45195,18.447143],[77.451968,18.447171],[77.451983,18.447202],[77.451995,18.447234],[77.452003,18.447267],[77.45201,18.4473],[77.452017,18.447333],[77.452004,18.447414],[77.452005,18.447447],[77.452024,18.447491],[77.452039,18.44752],[77.452054,18.44755],[77.452069,18.44758],[77.452112,18.447631],[77.452161,18.447646],[77.452195,18.447656],[77.452228,18.447666],[77.452261,18.447677],[77.452294,18.447688],[77.452342,18.447706],[77.452374,18.447718],[77.452406,18.447731],[77.452455,18.44775],[77.452487,18.447763],[77.452519,18.447776],[77.45255,18.447793],[77.452578,18.447812],[77.452604,18.447834],[77.452629,18.447857],[77.452655,18.447879],[77.452681,18.447902],[77.452707,18.447924],[77.452732,18.447947],[77.452758,18.447969],[77.452784,18.447991],[77.45281,18.448013],[77.452836,18.448035],[77.452863,18.448056],[77.452888,18.44808],[77.452909,18.448106],[77.452922,18.448134],[77.452932,18.448166],[77.452944,18.448211],[77.45296,18.44824],[77.45298,18.448267],[77.453002,18.448291],[77.453024,18.448395],[77.453046,18.448421],[77.453096,18.448432],[77.453133,18.448429],[77.453249,18.44846],[77.453278,18.448499],[77.4533,18.448542],[77.453303,18.448572],[77.453351,18.448637],[77.453383,18.448653],[77.453434,18.448668],[77.453468,18.448674],[77.453521,18.44868],[77.45359,18.448674],[77.453661,18.448672],[77.453696,18.448677],[77.45373,18.448687],[77.45379,18.448722],[77.453816,18.448744],[77.453843,18.448766],[77.453885,18.448796],[77.453916,18.448812],[77.453948,18.448824],[77.453981,18.448835],[77.454047,18.448852],[77.454079,18.448865],[77.454111,18.448879],[77.454141,18.448896],[77.454172,18.448913],[77.454202,18.448929],[77.454233,18.448946],[77.454263,18.448962],[77.454294,18.448978],[77.454325,18.448995],[77.454325,18.448996]]}},{"type":"Feature","properties":{"sol":382,"len_m":293.6,"date":"2022-03-17"},"geometry":{"type":"LineString","coordinates":[[77.454325,18.448996],[77.454396,18.449092],[77.45444,18.449143],[77.454521,18.449176],[77.454587,18.449199],[77.454654,18.449221],[77.454753,18.449254],[77.454885,18.4493],[77.454984,18.449337],[77.455115,18.449387],[77.455196,18.449417],[77.455377,18.449483],[77.455459,18.449513],[77.455584,18.449575],[77.45565,18.449599],[77.45578,18.449647],[77.455843,18.449676],[77.455968,18.449738],[77.456043,18.449782],[77.456081,18.449816],[77.456225,18.449911],[77.456397,18.449995],[77.456444,18.450018],[77.456677,18.450082],[77.456766,18.450136],[77.456826,18.45017],[77.456889,18.4502],[77.456952,18.45023],[77.457031,18.450267],[77.457078,18.450289],[77.457161,18.450317],[77.457276,18.45039],[77.457355,18.450454],[77.457402,18.450478],[77.457501,18.450539],[77.457595,18.450583],[77.45784,18.450676],[77.457889,18.450694],[77.458207,18.450864],[77.458392,18.450963],[77.458437,18.450989],[77.458571,18.451034],[77.458675,18.451053],[77.458727,18.451064],[77.458805,18.451104],[77.458847,18.451135],[77.458941,18.451199],[77.45894,18.4512]]}},{"type":"Feature","properties":{"sol":383,"len_m":233.3,"date":"2022-03-18"},"geometry":{"type":"LineString","coordinates":[[77.45894,18.4512],[77.459033,18.451279],[77.459089,18.451317],[77.459118,18.451336],[77.459147,18.451356],[77.459206,18.451391],[77.459238,18.451404],[77.459271,18.451418],[77.45932,18.451437],[77.459354,18.451449],[77.459386,18.451463],[77.459418,18.451478],[77.459458,18.45151],[77.45948,18.451537],[77.459503,18.451563],[77.459532,18.451581],[77.459567,18.451584],[77.459619,18.451595],[77.45965,18.451609],[77.459675,18.451633],[77.459733,18.45167],[77.459758,18.451691],[77.45979,18.451706],[77.459821,18.451721],[77.4599,18.451758],[77.459934,18.451752],[77.460005,18.451756],[77.460039,18.451763],[77.460072,18.451775],[77.46014,18.451828],[77.460172,18.451841],[77.460241,18.45185],[77.460276,18.451854],[77.460312,18.451858],[77.460347,18.451861],[77.46038,18.45187],[77.460412,18.451885],[77.460441,18.451903],[77.460534,18.452003],[77.460563,18.452045],[77.460583,18.452072],[77.460603,18.4521],[77.460622,18.452128],[77.460638,18.452158],[77.460653,18.452188],[77.460673,18.452215],[77.460697,18.452239],[77.460722,18.452263],[77.460746,18.452287],[77.460767,18.452314],[77.460788,18.452341],[77.460808,18.452368],[77.460828,18.452396],[77.460846,18.452424],[77.460862,18.452453],[77.460877,18.452483],[77.460893,18.452512],[77.460911,18.452541],[77.46093,18.452568],[77.46095,18.452596],[77.46097,18.452623],[77.460991,18.452651],[77.461011,18.452678],[77.461057,18.452727],[77.461084,18.452749],[77.461111,18.45277],[77.461138,18.452792],[77.461164,18.452813],[77.461192,18.452834],[77.461219,18.452855],[77.461247,18.452875],[77.461274,18.452896],[77.461301,18.452918],[77.461327,18.452939],[77.461354,18.45296],[77.461381,18.452982],[77.461408,18.453003],[77.461434,18.453025],[77.461461,18.453047],[77.461487,18.453069],[77.461514,18.453091],[77.46154,18.453113],[77.461566,18.453134],[77.461592,18.453155],[77.46162,18.453177],[77.461647,18.453198],[77.461674,18.45322],[77.461701,18.453241],[77.461728,18.453263],[77.461755,18.453284],[77.461782,18.453305],[77.461808,18.453326],[77.46185,18.453449],[77.461855,18.453499],[77.461857,18.453531],[77.46186,18.453564],[77.46186,18.453631],[77.461859,18.453663],[77.461859,18.453671]]}},{"type":"Feature","properties":{"sol":384,"len_m":208.3,"date":"2022-03-19"},"geometry":{"type":"LineString","coordinates":[[77.461859,18.453671],[77.46188,18.453716],[77.461889,18.453748],[77.461894,18.453781],[77.461893,18.453831],[77.461876,18.453861],[77.461861,18.453891],[77.461845,18.453939],[77.461834,18.45397],[77.461824,18.454002],[77.461814,18.454033],[77.461807,18.454065],[77.461802,18.454097],[77.461806,18.45413],[77.461813,18.454161],[77.461821,18.454193],[77.461829,18.454225],[77.461835,18.454258],[77.461837,18.454291],[77.461831,18.454323],[77.461816,18.454352],[77.461802,18.454381],[77.461791,18.454412],[77.461784,18.454444],[77.461781,18.454477],[77.461782,18.454508],[77.461784,18.454541],[77.461786,18.454574],[77.461814,18.454645],[77.46183,18.454686],[77.46184,18.454718],[77.461849,18.45475],[77.461857,18.454782],[77.46186,18.454815],[77.461862,18.454848],[77.461856,18.454877],[77.461841,18.454902],[77.46182,18.454975],[77.46182,18.45502],[77.461822,18.455052],[77.461828,18.45508],[77.461837,18.45511],[77.461847,18.455141],[77.461857,18.455171],[77.461868,18.455203],[77.461878,18.455234],[77.461896,18.455299],[77.461904,18.45533],[77.461911,18.455363],[77.461918,18.455395],[77.461927,18.455427],[77.461935,18.455459],[77.461943,18.455491],[77.461951,18.455524],[77.461958,18.455557],[77.461966,18.45559],[77.461973,18.455623],[77.46199,18.455687],[77.462006,18.455717],[77.462017,18.455746],[77.462026,18.455778],[77.462036,18.45581],[77.462045,18.455841],[77.462055,18.45587],[77.462068,18.455901],[77.462082,18.45593],[77.462094,18.455956],[77.462107,18.455987],[77.462115,18.456018],[77.462122,18.456049],[77.462129,18.456082],[77.46213,18.456115],[77.462116,18.456164],[77.462107,18.456196],[77.462097,18.456229],[77.462089,18.456261],[77.462075,18.45631],[77.462067,18.456343],[77.462058,18.456375],[77.462046,18.456424],[77.462038,18.456457],[77.46203,18.45649],[77.462023,18.456523],[77.462017,18.456572],[77.462014,18.456605],[77.462012,18.456639],[77.462011,18.456706],[77.462014,18.456738],[77.462017,18.456771],[77.462014,18.45687],[77.462013,18.456904],[77.462012,18.456954],[77.462011,18.456987],[77.46201,18.457022],[77.462006,18.45707],[77.462005,18.45707]]}},{"type":"Feature","properties":{"sol":385,"len_m":13.9,"date":"2022-03-20"},"geometry":{"type":"LineString","coordinates":[[77.462005,18.45707],[77.461997,18.457166],[77.461982,18.457197],[77.46196,18.457244],[77.461945,18.457275],[77.461937,18.457289]]}},{"type":"Feature","properties":{"sol":386,"len_m":234.9,"date":"2022-03-21"},"geometry":{"type":"LineString","coordinates":[[77.461937,18.457289],[77.461912,18.457522],[77.461865,18.457663],[77.461818,18.457792],[77.461792,18.45787],[77.461748,18.457994],[77.461705,18.458121],[77.461699,18.45817],[77.461708,18.458219],[77.461715,18.458251],[77.461728,18.458281],[77.461763,18.458316],[77.461803,18.458349],[77.461859,18.458429],[77.461887,18.458489],[77.461994,18.45864],[77.462071,18.458728],[77.462117,18.458772],[77.462156,18.458804],[77.46223,18.458874],[77.462251,18.458899],[77.4623,18.458945],[77.462363,18.459004],[77.462437,18.459074],[77.462519,18.459157],[77.462623,18.459266],[77.462663,18.459337],[77.4627,18.459431],[77.462727,18.459492],[77.462861,18.459704],[77.462895,18.459761],[77.462924,18.459838],[77.462977,18.460195],[77.463001,18.460257],[77.463014,18.460288],[77.463068,18.46044],[77.463108,18.460525],[77.463115,18.460571],[77.463129,18.460701],[77.463133,18.460783],[77.463133,18.460791]]}},{"type":"Feature","properties":{"sol":387,"len_m":259.6,"date":"2022-03-22"},"geometry":{"type":"LineString","coordinates":[[77.463133,18.460791],[77.4631,18.460869],[77.463089,18.460895],[77.463076,18.460926],[77.463057,18.460972],[77.463046,18.461004],[77.463038,18.461053],[77.463037,18.461086],[77.463037,18.461119],[77.463035,18.461152],[77.463023,18.461201],[77.462986,18.461276],[77.462963,18.46132],[77.462941,18.461363],[77.462927,18.461394],[77.462912,18.461424],[77.462897,18.461453],[77.462867,18.461495],[77.462839,18.461535],[77.462799,18.461627],[77.462733,18.461721],[77.462697,18.461881],[77.462696,18.461915],[77.462695,18.461964],[77.462694,18.462015],[77.462707,18.462112],[77.462726,18.462209],[77.46274,18.462308],[77.46279,18.462553],[77.462795,18.462619],[77.462804,18.462736],[77.462809,18.462803],[77.462832,18.463086],[77.462839,18.463169],[77.462843,18.46322],[77.462847,18.463253],[77.462851,18.463303],[77.462831,18.463417],[77.462834,18.463517],[77.462706,18.463692],[77.462572,18.463819],[77.462474,18.463915],[77.462449,18.46394],[77.462387,18.463969],[77.46231,18.464009],[77.462279,18.464025],[77.462168,18.464077],[77.462072,18.464151],[77.462031,18.464183],[77.461927,18.464245],[77.461864,18.464275],[77.461832,18.46429],[77.461785,18.464313],[77.461708,18.464367],[77.461666,18.464397],[77.461579,18.464476],[77.461579,18.464476]]}},{"type":"Feature","properties":{"sol":388,"len_m":253.8,"date":"2022-03-23"},"geometry":{"type":"LineString","coordinates":[[77.461579,18.464476],[77.461523,18.4646],[77.461511,18.464631],[77.461435,18.464752],[77.461407,18.464795],[77.461378,18.464836],[77.461358,18.464863],[77.461337,18.46489],[77.461317,18.464918],[77.461297,18.464945],[77.461276,18.464973],[77.461256,18.465],[77.461236,18.465028],[77.461215,18.465055],[77.461195,18.465082],[77.461175,18.46511],[77.461154,18.465137],[77.461134,18.465165],[77.461114,18.465192],[77.461094,18.465219],[77.461074,18.465247],[77.461054,18.465274],[77.461034,18.465302],[77.461014,18.465329],[77.460994,18.465356],[77.460973,18.465384],[77.460953,18.465411],[77.460933,18.465438],[77.460912,18.465465],[77.46088,18.465505],[77.460859,18.465532],[77.460838,18.465559],[77.460806,18.465599],[77.460785,18.465626],[77.460764,18.465653],[77.460743,18.46568],[77.460722,18.465707],[77.460701,18.465734],[77.460681,18.465761],[77.46066,18.465788],[77.460639,18.465815],[77.460618,18.465842],[77.460598,18.46587],[77.460577,18.465897],[77.460556,18.465924],[77.460535,18.465952],[77.460515,18.465979],[77.460495,18.466006],[77.460474,18.466033],[77.460454,18.46606],[77.460433,18.466088],[77.460413,18.466115],[77.460393,18.466143],[77.460372,18.46617],[77.460352,18.466198],[77.460331,18.466225],[77.460286,18.466277],[77.46026,18.4663],[77.460231,18.466319],[77.4602,18.466337],[77.46017,18.466354],[77.46014,18.466373],[77.46011,18.466387],[77.460075,18.466396],[77.460023,18.466404],[77.459988,18.466407],[77.459953,18.466411],[77.459901,18.46641],[77.459866,18.466411],[77.459831,18.466416],[77.459797,18.466423],[77.459763,18.46643],[77.459729,18.466437],[77.459695,18.466443],[77.459662,18.466451],[77.459611,18.466463],[77.459579,18.466475],[77.459548,18.466491],[77.459504,18.466518],[77.459474,18.466535],[77.459445,18.466553],[77.459415,18.46657],[77.459386,18.466588],[77.459356,18.466605],[77.459326,18.466622],[77.459296,18.46664],[77.459266,18.466656],[77.459236,18.466673],[77.459205,18.46669],[77.459175,18.466706],[77.459145,18.466723],[77.459117,18.466743],[77.45909,18.466765],[77.459064,18.466786],[77.459037,18.466807],[77.45901,18.466829],[77.458983,18.46685],[77.458956,18.466871],[77.458928,18.466893],[77.458901,18.466914],[77.458874,18.466935],[77.458847,18.466957],[77.458802,18.466982],[77.458769,18.466994],[77.458736,18.467005],[77.458687,18.467022],[77.458654,18.467035],[77.458622,18.467048],[77.45859,18.467062],[77.458558,18.467075],[77.458526,18.467089],[77.458494,18.467102],[77.458462,18.467117],[77.458434,18.467136],[77.458406,18.467157],[77.458379,18.467178],[77.458351,18.467198],[77.458351,18.467198]]}},{"type":"Feature","properties":{"sol":389,"len_m":239.3,"date":"2022-03-24"},"geometry":{"type":"LineString","coordinates":[[77.458351,18.467198],[77.458244,18.467256],[77.4582,18.467283],[77.458152,18.467304],[77.45812,18.467318],[77.458072,18.46734],[77.45804,18.467354],[77.458008,18.467368],[77.457976,18.467382],[77.457944,18.467396],[77.457912,18.46741],[77.45788,18.467425],[77.457849,18.467442],[77.457808,18.467472],[77.45778,18.467493],[77.457751,18.467511],[77.457705,18.467538],[77.457675,18.467555],[77.457645,18.467573],[77.457615,18.467591],[77.457569,18.467615],[77.457538,18.467631],[77.457507,18.467647],[77.45746,18.467671],[77.457429,18.467687],[77.4574,18.467706],[77.457372,18.467726],[77.457342,18.467744],[77.457294,18.467766],[77.457262,18.46778],[77.457214,18.467802],[77.457182,18.467816],[77.45715,18.467831],[77.457118,18.467845],[77.457068,18.467863],[77.457033,18.467866],[77.456998,18.467865],[77.456944,18.467864],[77.456909,18.467863],[77.456874,18.467861],[77.456839,18.467857],[77.456804,18.467853],[77.45677,18.467854],[77.456736,18.467863],[77.456702,18.467874],[77.456667,18.46787],[77.456634,18.467868],[77.456601,18.467871],[77.456567,18.467879],[77.456545,18.467906],[77.456525,18.467933],[77.456507,18.46796],[77.456462,18.46801],[77.456433,18.46803],[77.456403,18.468047],[77.456371,18.468062],[77.456339,18.468077],[77.456308,18.468092],[77.456276,18.468107],[77.456245,18.468122],[77.456214,18.468137],[77.456182,18.468152],[77.456151,18.468167],[77.456119,18.468182],[77.456088,18.468197],[77.456057,18.468212],[77.456025,18.468227],[77.455994,18.468242],[77.455961,18.468253],[77.455927,18.468261],[77.455892,18.468266],[77.455858,18.468272],[77.455823,18.468275],[77.455771,18.468277],[77.455736,18.468278],[77.455701,18.46828],[77.455667,18.468281],[77.455617,18.468279],[77.455582,18.468274],[77.455548,18.46827],[77.455495,18.468271],[77.45546,18.468274],[77.455426,18.468277],[77.455391,18.468281],[77.455357,18.468282],[77.455325,18.468296],[77.455295,18.468306],[77.455243,18.468317],[77.45521,18.468324],[77.455176,18.46833],[77.455143,18.468335],[77.455093,18.468336],[77.455062,18.468332],[77.455028,18.468324],[77.45498,18.468312],[77.454947,18.468303],[77.454913,18.468295],[77.454879,18.468287],[77.454827,18.468276],[77.454793,18.46828],[77.45476,18.46829],[77.454711,18.468304],[77.454677,18.468309],[77.454643,18.468312],[77.454555,18.468315],[77.45452,18.468311],[77.454485,18.468305],[77.454451,18.468299],[77.454441,18.468297]]}},{"type":"Feature","properties":{"sol":394,"len_m":128.8,"date":"2022-03-25"},"geometry":{"type":"LineString","coordinates":[[77.454441,18.468297],[77.454337,18.46828],[77.454284,18.468277],[77.454249,18.468275],[77.454215,18.468273],[77.454181,18.46827],[77.454146,18.468268],[77.45411,18.468265],[77.454075,18.468262],[77.45404,18.468259],[77.454004,18.468256],[77.453968,18.468254],[77.453933,18.468251],[77.453898,18.468248],[77.453863,18.468245],[77.453827,18.468243],[77.453792,18.46824],[77.453756,18.468237],[77.453722,18.468235],[77.453686,18.468234],[77.45365,18.468232],[77.453615,18.468231],[77.453579,18.46823],[77.453543,18.468228],[77.453508,18.468227],[77.453473,18.468226],[77.453438,18.468225],[77.453403,18.468224],[77.453368,18.468222],[77.453333,18.46822],[77.453298,18.468218],[77.453263,18.468216],[77.453229,18.468213],[77.453194,18.46821],[77.45316,18.468208],[77.453126,18.46821],[77.453093,18.468214],[77.453058,18.468217],[77.453023,18.468216],[77.452988,18.468213],[77.452935,18.468209],[77.452883,18.468206],[77.452848,18.468203],[77.452812,18.468201],[77.452777,18.468202],[77.452741,18.468205],[77.452706,18.468208],[77.45267,18.468212],[77.452581,18.468217],[77.452546,18.468219],[77.45251,18.46822],[77.452475,18.468221],[77.452439,18.468222],[77.452404,18.468223],[77.452368,18.468224],[77.452316,18.46822],[77.45228,18.468217],[77.452158,18.468208]]}},{"type":"Feature","properties":{"sol":395,"len_m":197.6,"date":"2022-03-31"},"geometry":{"type":"LineString","coordinates":[[77.452158,18.468208],[77.451861,18.468198],[77.451756,18.468199],[77.451704,18.468199],[77.451601,18.468176],[77.451567,18.468166],[77.4515,18.468146],[77.451432,18.468126],[77.451299,18.468086],[77.451198,18.468056],[77.451164,18.468048],[77.451044,18.468027],[77.45101,18.468021],[77.450873,18.467996],[77.450804,18.467984],[77.450735,18.467971],[77.450615,18.46795],[77.450512,18.467932],[77.450478,18.467926],[77.450324,18.467899],[77.450256,18.467888],[77.450222,18.467882],[77.450187,18.467877],[77.450154,18.467871],[77.450069,18.467856],[77.449968,18.467837],[77.449916,18.467827],[77.449779,18.467802],[77.44971,18.467792],[77.449657,18.467788],[77.449535,18.467782],[77.449466,18.467788],[77.449397,18.467793],[77.449345,18.467797],[77.44931,18.4678],[77.449275,18.467803],[77.44924,18.467805],[77.449155,18.467812],[77.449103,18.467815],[77.448966,18.467826],[77.448899,18.467833],[77.448864,18.467836],[77.44883,18.467839],[77.448764,18.467843],[77.448729,18.467844],[77.448695,18.467845],[77.448695,18.467845]]}},{"type":"Feature","properties":{"sol":396,"len_m":158.2,"date":"2022-04-01"},"geometry":{"type":"LineString","coordinates":[[77.448695,18.467845],[77.44861,18.467823],[77.448491,18.4678],[77.448458,18.467794],[77.448372,18.467779],[77.448341,18.46777],[77.448296,18.467752],[77.448214,18.467724],[77.448084,18.46768],[77.448018,18.467662],[77.447952,18.467646],[77.44782,18.467625],[77.447702,18.467597],[77.447616,18.467575],[77.447547,18.467562],[77.447458,18.467553],[77.447405,18.467554],[77.447263,18.467557],[77.447156,18.46756],[77.447122,18.467561],[77.447016,18.467563],[77.44691,18.467555],[77.446874,18.467552],[77.446839,18.46755],[77.446786,18.467545],[77.446733,18.467541],[77.446611,18.467531],[77.446541,18.467525],[77.446453,18.467518],[77.446383,18.467512],[77.446315,18.467495],[77.446257,18.467465],[77.446227,18.467449],[77.446196,18.467439],[77.446164,18.46743],[77.44608,18.467408],[77.445997,18.467385],[77.445952,18.467371],[77.445952,18.467371]]}},{"type":"Feature","properties":{"sol":397,"len_m":66.6,"date":"2022-04-02"},"geometry":{"type":"LineString","coordinates":[[77.445952,18.467371],[77.445813,18.467368],[77.445778,18.467368],[77.445748,18.467369],[77.445664,18.467352],[77.445615,18.467333],[77.445498,18.467263],[77.445385,18.467184],[77.445356,18.467164],[77.445285,18.467116],[77.445242,18.467088],[77.445165,18.467047],[77.445135,18.467031],[77.445117,18.466917],[77.445138,18.466836],[77.445152,18.466787],[77.445152,18.466787]]}},{"type":"Feature","properties":{"sol":398,"len_m":229.6,"date":"2022-04-03"},"geometry":{"type":"LineString","coordinates":[[77.445152,18.466787],[77.445148,18.466738],[77.445157,18.466671],[77.445169,18.466622],[77.445177,18.466589],[77.44519,18.46654],[77.445192,18.466491],[77.44519,18.466458],[77.445199,18.466392],[77.445206,18.46636],[77.445213,18.466327],[77.445222,18.466294],[77.445235,18.466263],[77.445258,18.466217],[77.445273,18.466186],[77.445288,18.466155],[77.44531,18.466109],[77.445328,18.46608],[77.445361,18.46604],[77.445394,18.466],[77.445367,18.465956],[77.445323,18.465929],[77.445291,18.465915],[77.445258,18.465902],[77.445225,18.465891],[77.445191,18.46588],[77.445158,18.465869],[77.445125,18.465859],[77.445093,18.465849],[77.445059,18.465839],[77.445026,18.465828],[77.444993,18.46582],[77.444945,18.465804],[77.444896,18.465789],[77.444845,18.465781],[77.44481,18.465779],[77.444759,18.465776],[77.444725,18.465775],[77.44469,18.465773],[77.444656,18.465772],[77.444623,18.465771],[77.444572,18.465778],[77.444539,18.465787],[77.444506,18.4658],[77.444458,18.46582],[77.444411,18.46584],[77.444364,18.465862],[77.444335,18.465876],[77.444288,18.465901],[77.444241,18.465923],[77.444197,18.465949],[77.44417,18.46597],[77.444134,18.466006],[77.444112,18.466031],[77.44409,18.466056],[77.443999,18.466095],[77.443964,18.466092],[77.443914,18.466077],[77.44388,18.466066],[77.443829,18.466057],[77.4438,18.466066],[77.443734,18.466067],[77.443687,18.466052],[77.443654,18.466041],[77.443592,18.46601],[77.443562,18.465993],[77.443531,18.465976],[77.443501,18.465959],[77.44347,18.465942],[77.44344,18.465925],[77.443409,18.46591],[77.443376,18.465899],[77.443341,18.465891],[77.443289,18.465885],[77.443237,18.465885],[77.443189,18.465902],[77.443154,18.465904],[77.443121,18.4659],[77.44309,18.465886],[77.443059,18.465871],[77.443028,18.465856],[77.442902,18.465799],[77.44284,18.465773],[77.442725,18.465708],[77.442668,18.465674],[77.442607,18.465641],[77.442576,18.465624],[77.442546,18.465607],[77.442504,18.465584]]}},{"type":"Feature","properties":{"sol":399,"len_m":214.1,"date":"2022-04-04"},"geometry":{"type":"LineString","coordinates":[[77.442504,18.465584],[77.442442,18.465551],[77.44238,18.465518],[77.442334,18.465494],[77.442272,18.465461],[77.442179,18.465411],[77.442133,18.465386],[77.442072,18.465353],[77.442041,18.465336],[77.442012,18.465318],[77.441916,18.465244],[77.441829,18.465187],[77.4418,18.465169],[77.441737,18.465138],[77.441704,18.465126],[77.441655,18.465109],[77.441573,18.465079],[77.441524,18.465061],[77.441474,18.465043],[77.441442,18.465031],[77.44136,18.465003],[77.441327,18.464992],[77.44126,18.464971],[77.441227,18.46496],[77.441193,18.464949],[77.441128,18.464927],[77.441095,18.464915],[77.441046,18.464897],[77.441013,18.464885],[77.44098,18.464872],[77.440947,18.46486],[77.440914,18.464848],[77.440831,18.464818],[77.440799,18.464807],[77.440733,18.464783],[77.440667,18.464759],[77.4406,18.464735],[77.440567,18.464723],[77.440518,18.464705],[77.440485,18.464693],[77.440452,18.46468],[77.440419,18.464668],[77.440387,18.464656],[77.440354,18.464644],[77.440321,18.464632],[77.440288,18.46462],[77.440255,18.464608],[77.440223,18.464596],[77.440189,18.464584],[77.44014,18.464566],[77.440091,18.464548],[77.440058,18.464536],[77.440025,18.464524],[77.439993,18.464512],[77.43996,18.4645],[77.439927,18.464488],[77.439878,18.46447],[77.439829,18.464452],[77.439796,18.46444],[77.439763,18.464428],[77.439731,18.464414],[77.439609,18.464349],[77.439547,18.46432],[77.439502,18.464299],[77.439446,18.464266],[77.439419,18.46425],[77.43939,18.46423],[77.439338,18.46419],[77.439296,18.46416],[77.439159,18.464091],[77.439074,18.464058],[77.439074,18.464058]]}},{"type":"Feature","properties":{"sol":400,"len_m":212.4,"date":"2022-04-05"},"geometry":{"type":"LineString","coordinates":[[77.439074,18.464058],[77.438984,18.463956],[77.438963,18.46393],[77.438853,18.463837],[77.43877,18.463775],[77.438742,18.463754],[77.438715,18.463734],[77.438633,18.463672],[77.438578,18.463631],[77.438536,18.4636],[77.438425,18.463518],[77.438383,18.463488],[77.438313,18.463436],[77.438258,18.463395],[77.43823,18.463375],[77.438203,18.463354],[77.438161,18.463323],[77.438093,18.463271],[77.438011,18.463209],[77.437984,18.463188],[77.437933,18.463143],[77.437891,18.463091],[77.437826,18.463014],[77.437805,18.462988],[77.437772,18.46295],[77.437719,18.462885],[77.437657,18.462806],[77.437637,18.462779],[77.437606,18.462739],[77.437549,18.462675],[77.437464,18.462591],[77.43736,18.462506],[77.437306,18.462463],[77.437191,18.462386],[77.437079,18.462339],[77.437015,18.462313],[77.43695,18.462285],[77.436837,18.462239],[77.436805,18.462225],[77.436741,18.462199],[77.436677,18.462171],[77.436597,18.462137],[77.436549,18.462116],[77.43647,18.462083],[77.436421,18.462064],[77.436292,18.462015],[77.436259,18.462002],[77.436227,18.46199],[77.436194,18.461978],[77.436162,18.461965],[77.436105,18.461943],[77.436105,18.461944]]}},{"type":"Feature","properties":{"sol":401,"len_m":179.6,"date":"2022-04-06"},"geometry":{"type":"LineString","coordinates":[[77.436105,18.461944],[77.435988,18.461912],[77.435903,18.46189],[77.435836,18.461876],[77.435703,18.461838],[77.435636,18.461817],[77.435603,18.461807],[77.435568,18.461798],[77.435448,18.461775],[77.435379,18.461761],[77.435294,18.461744],[77.435191,18.461724],[77.435157,18.461722],[77.435093,18.461716],[77.435057,18.461714],[77.435022,18.461712],[77.434987,18.46171],[77.434899,18.461704],[77.434794,18.461703],[77.434741,18.461706],[77.434654,18.46171],[77.434548,18.461715],[77.434513,18.461717],[77.434478,18.461719],[77.434391,18.461724],[77.434286,18.461718],[77.434252,18.461715],[77.434183,18.461726],[77.43412,18.46175],[77.43405,18.46175],[77.433984,18.461728],[77.433918,18.461706],[77.433885,18.461695],[77.433852,18.461684],[77.433771,18.461655],[77.433737,18.461648],[77.433618,18.461623],[77.433585,18.461612],[77.433485,18.461588],[77.43345,18.461587],[77.433382,18.461591],[77.433312,18.461597],[77.433243,18.461603],[77.433209,18.461605],[77.433108,18.461609],[77.433039,18.461602],[77.432977,18.461596],[77.432978,18.461596]]}},{"type":"Feature","properties":{"sol":402,"len_m":180.3,"date":"2022-04-07"},"geometry":{"type":"LineString","coordinates":[[77.432978,18.461596],[77.432902,18.461526],[77.432878,18.461508],[77.432844,18.461499],[77.432811,18.461491],[77.432777,18.461482],[77.432743,18.461474],[77.432693,18.461455],[77.432647,18.461432],[77.432616,18.461416],[77.432584,18.461403],[77.432536,18.461384],[77.432488,18.461363],[77.432456,18.461348],[77.432409,18.461326],[77.432363,18.461303],[77.432333,18.461288],[77.432301,18.461273],[77.43227,18.461258],[77.432238,18.461243],[77.432206,18.461228],[77.432175,18.461214],[77.432142,18.461203],[77.432108,18.461192],[77.432076,18.461181],[77.432043,18.461167],[77.432013,18.461149],[77.431983,18.461132],[77.431954,18.461114],[77.431923,18.461097],[77.43186,18.461073],[77.431826,18.461066],[77.431774,18.461057],[77.431722,18.461048],[77.431669,18.461041],[77.431634,18.461039],[77.431581,18.461036],[77.431528,18.461036],[77.431475,18.461035],[77.431424,18.461029],[77.431389,18.461026],[77.431336,18.46102],[77.431301,18.461016],[77.431266,18.461013],[77.431213,18.461007],[77.431178,18.461004],[77.431125,18.460999],[77.431072,18.460994],[77.43102,18.460988],[77.43097,18.46097],[77.430939,18.460955],[77.430908,18.46094],[77.430876,18.460925],[77.430809,18.460902],[77.43076,18.460885],[77.430726,18.460874],[77.430676,18.460858],[77.430643,18.460848],[77.43061,18.460837],[77.43056,18.460823],[77.430527,18.46081],[77.430497,18.460793],[77.430455,18.460763],[77.430428,18.460743],[77.430398,18.460724],[77.430368,18.46071],[77.430301,18.460687],[77.430269,18.460679],[77.430234,18.460671],[77.43015,18.460647],[77.430083,18.460631],[77.430014,18.460617],[77.429997,18.460616]]}},{"type":"Feature","properties":{"sol":404,"len_m":253.5,"date":"2022-04-09"},"geometry":{"type":"LineString","coordinates":[[77.429997,18.460616],[77.429915,18.460595],[77.429798,18.460563],[77.429765,18.460555],[77.429718,18.460546],[77.429685,18.46054],[77.429651,18.460534],[77.429617,18.460527],[77.429582,18.460521],[77.429548,18.460515],[77.429514,18.460509],[77.429479,18.460502],[77.429445,18.460496],[77.429412,18.460488],[77.429378,18.46048],[77.429346,18.460471],[77.429314,18.460461],[77.42929,18.460438],[77.429265,18.46042],[77.42922,18.460394],[77.42919,18.460377],[77.429159,18.46036],[77.429129,18.460343],[77.429098,18.460326],[77.429066,18.460313],[77.429033,18.460303],[77.428999,18.460295],[77.428965,18.460287],[77.428931,18.46028],[77.428897,18.460272],[77.428864,18.460264],[77.428831,18.460257],[77.428797,18.460251],[77.428765,18.460242],[77.428731,18.46023],[77.428699,18.460217],[77.428667,18.460204],[77.428634,18.460191],[77.428601,18.460178],[77.428569,18.460165],[77.428537,18.460152],[77.428504,18.460139],[77.428472,18.460126],[77.428439,18.460112],[77.42841,18.4601],[77.428378,18.460086],[77.428347,18.460071],[77.428317,18.460056],[77.428287,18.46004],[77.428256,18.460025],[77.42821,18.460002],[77.428179,18.459986],[77.428148,18.459971],[77.428102,18.459947],[77.428071,18.459932],[77.42804,18.459916],[77.42801,18.459901],[77.427979,18.459885],[77.427948,18.45987],[77.427915,18.459858],[77.427884,18.459846],[77.427853,18.459834],[77.427807,18.459817],[77.427776,18.459805],[77.427729,18.459787],[77.427697,18.459774],[77.427665,18.459762],[77.427633,18.459749],[77.4276,18.459736],[77.427568,18.459724],[77.427536,18.459712],[77.427504,18.4597],[77.427472,18.459689],[77.427439,18.459678],[77.427405,18.459667],[77.427372,18.459656],[77.427338,18.459645],[77.427306,18.459635],[77.427272,18.459624],[77.427241,18.459612],[77.427208,18.459601],[77.427176,18.459589],[77.427142,18.45958],[77.427109,18.459571],[77.427074,18.459563],[77.427041,18.459555],[77.427008,18.459543],[77.426978,18.459531],[77.426946,18.459521],[77.426912,18.459517],[77.426877,18.459514],[77.426826,18.45951],[77.426795,18.459501],[77.426764,18.459493],[77.426732,18.459483],[77.4267,18.459473],[77.426667,18.459462],[77.426634,18.45945],[77.426601,18.459439],[77.426567,18.459432],[77.426516,18.459427],[77.426481,18.459429],[77.426428,18.459434],[77.42629,18.459422],[77.426255,18.459422],[77.42622,18.459424],[77.426184,18.459424],[77.426149,18.45942],[77.426115,18.459415],[77.42608,18.459411],[77.426045,18.459406],[77.42601,18.459402],[77.425975,18.459397],[77.425941,18.459389],[77.425911,18.459379],[77.425878,18.459367],[77.425847,18.459355],[77.425814,18.459342],[77.425782,18.459329],[77.425756,18.459318],[77.425757,18.459318]]}},{"type":"Feature","properties":{"sol":405,"len_m":264.5,"date":"2022-04-10"},"geometry":{"type":"LineString","coordinates":[[77.425757,18.459318],[77.425686,18.459323],[77.425651,18.45932],[77.425617,18.459314],[77.425582,18.459307],[77.425548,18.459301],[77.425514,18.459294],[77.425479,18.459288],[77.425444,18.459281],[77.425409,18.459275],[77.425374,18.459268],[77.42534,18.459262],[77.425304,18.459255],[77.42527,18.459249],[77.425236,18.459243],[77.425201,18.459238],[77.425166,18.459232],[77.425132,18.45923],[77.425062,18.459222],[77.425029,18.459213],[77.424997,18.4592],[77.424967,18.459185],[77.424936,18.45917],[77.424906,18.459155],[77.424875,18.459139],[77.424845,18.459123],[77.424815,18.459107],[77.424785,18.459091],[77.424756,18.459073],[77.424727,18.459055],[77.424697,18.459037],[77.424652,18.45901],[77.424622,18.458993],[77.424593,18.458975],[77.424564,18.458957],[77.424534,18.458939],[77.424505,18.45892],[77.424475,18.458902],[77.424446,18.458884],[77.424416,18.458866],[77.424387,18.458848],[77.424357,18.45883],[77.424327,18.458813],[77.424298,18.458796],[77.424268,18.458778],[77.424239,18.458761],[77.424209,18.458743],[77.424179,18.458725],[77.42415,18.458707],[77.424121,18.458689],[77.424091,18.458671],[77.424061,18.458653],[77.424032,18.458635],[77.424002,18.458617],[77.423972,18.458599],[77.423943,18.45858],[77.423913,18.458562],[77.423883,18.458544],[77.423853,18.458526],[77.423824,18.458508],[77.423794,18.45849],[77.423765,18.458472],[77.423735,18.458454],[77.423706,18.458435],[77.423677,18.458417],[77.423651,18.458394],[77.423629,18.458368],[77.42358,18.458325],[77.423553,18.458305],[77.423526,18.458283],[77.423499,18.458261],[77.423472,18.45824],[77.423446,18.458218],[77.423419,18.458196],[77.423393,18.458174],[77.423367,18.458152],[77.423341,18.458131],[77.423315,18.458109],[77.423288,18.458086],[77.423262,18.458064],[77.423236,18.458042],[77.423207,18.458022],[77.423178,18.458005],[77.423148,18.457987],[77.423121,18.457967],[77.423095,18.457943],[77.42307,18.457919],[77.423045,18.457896],[77.42302,18.457871],[77.422995,18.457848],[77.42297,18.457824],[77.422945,18.457801],[77.42292,18.457777],[77.42285,18.457726],[77.422821,18.457707],[77.422777,18.457679],[77.422748,18.45766],[77.422718,18.457641],[77.422688,18.457622],[77.422658,18.457603],[77.422629,18.457584],[77.422599,18.457566],[77.42257,18.457547],[77.422541,18.457529],[77.422512,18.45751],[77.422483,18.457491],[77.422453,18.457472],[77.422425,18.457454],[77.422396,18.457435],[77.422367,18.457416],[77.422338,18.457397],[77.42231,18.457379],[77.422283,18.457361],[77.422254,18.457343],[77.422225,18.457325],[77.422195,18.457308],[77.422166,18.45729],[77.422136,18.457273],[77.422105,18.457256],[77.422075,18.457239],[77.422045,18.457221],[77.422014,18.457204],[77.421991,18.457191],[77.42196,18.457173],[77.42193,18.457156],[77.4219,18.45714],[77.421868,18.457123],[77.421837,18.457107],[77.421806,18.45709],[77.421782,18.457078],[77.421783,18.457078]]}},{"type":"Feature","properties":{"sol":407,"len_m":206.4,"date":"2022-04-12"},"geometry":{"type":"LineString","coordinates":[[77.421783,18.457078],[77.421661,18.457009],[77.42163,18.456995],[77.421596,18.456984],[77.421563,18.456973],[77.42153,18.456962],[77.421496,18.456951],[77.421463,18.45694],[77.42143,18.456929],[77.421397,18.456918],[77.421364,18.456906],[77.421331,18.456895],[77.421297,18.456885],[77.421264,18.456874],[77.421231,18.456864],[77.421198,18.456851],[77.421167,18.456836],[77.421136,18.456821],[77.421105,18.456805],[77.421074,18.456789],[77.421043,18.456774],[77.421011,18.456758],[77.420981,18.456742],[77.420949,18.456727],[77.420918,18.456711],[77.420887,18.456695],[77.420856,18.456679],[77.420825,18.456663],[77.420794,18.456648],[77.420763,18.456632],[77.420732,18.456617],[77.420701,18.456601],[77.42067,18.456585],[77.420639,18.45657],[77.420609,18.456555],[77.420578,18.456539],[77.420547,18.456523],[77.420516,18.456506],[77.420485,18.45649],[77.420454,18.456474],[77.420423,18.456458],[77.420392,18.456442],[77.420361,18.456426],[77.42033,18.45641],[77.420299,18.456395],[77.420268,18.456379],[77.420236,18.456364],[77.420175,18.45633],[77.420144,18.456313],[77.420114,18.456295],[77.420085,18.456276],[77.420056,18.456257],[77.420027,18.456238],[77.419997,18.456219],[77.419969,18.456199],[77.41994,18.45618],[77.419911,18.456161],[77.419882,18.456142],[77.419853,18.456122],[77.419824,18.456103],[77.419795,18.456084],[77.419766,18.456065],[77.419738,18.456045],[77.41971,18.456026],[77.419682,18.456006],[77.419654,18.455985],[77.419625,18.455966],[77.419596,18.455947],[77.419566,18.455928],[77.419537,18.45591],[77.419507,18.455891],[77.419478,18.455872],[77.419449,18.455853],[77.41942,18.455833],[77.419391,18.455815],[77.419362,18.455795],[77.419333,18.455777],[77.419304,18.455758],[77.419275,18.455739],[77.419245,18.455722],[77.419214,18.455706],[77.419167,18.455684],[77.419136,18.455668],[77.419105,18.455653],[77.419058,18.45563],[77.419027,18.455614],[77.418996,18.455599],[77.418965,18.455584],[77.418933,18.455568],[77.418902,18.455553],[77.418871,18.455538],[77.418839,18.455522],[77.418808,18.455506],[77.418777,18.455491],[77.418746,18.455476],[77.418715,18.455461],[77.418684,18.455445],[77.418653,18.45543],[77.418622,18.455414],[77.418591,18.455399],[77.418584,18.455395]]}},{"type":"Feature","properties":{"sol":408,"len_m":269.8,"date":"2022-04-13"},"geometry":{"type":"LineString","coordinates":[[77.418584,18.455395],[77.418552,18.45538],[77.41852,18.455365],[77.418489,18.45535],[77.418458,18.455334],[77.418427,18.455319],[77.418395,18.455304],[77.418364,18.455289],[77.418333,18.455275],[77.418301,18.45526],[77.418269,18.455244],[77.418237,18.455229],[77.418189,18.455209],[77.418157,18.455195],[77.418124,18.455182],[77.418092,18.455169],[77.418059,18.455156],[77.418027,18.455143],[77.417995,18.45513],[77.417963,18.455117],[77.417931,18.455103],[77.417899,18.455089],[77.417867,18.455075],[77.417835,18.455061],[77.417802,18.455047],[77.417771,18.455033],[77.417739,18.455018],[77.417707,18.455004],[77.417676,18.45499],[77.417644,18.454976],[77.417612,18.454961],[77.417581,18.454947],[77.417549,18.454932],[77.417517,18.454918],[77.417486,18.454904],[77.417454,18.454889],[77.417422,18.454875],[77.417391,18.45486],[77.417359,18.454846],[77.417327,18.454832],[77.417296,18.454817],[77.417264,18.454803],[77.417232,18.454788],[77.4172,18.454774],[77.417169,18.45476],[77.417138,18.454746],[77.417106,18.454732],[77.417074,18.454717],[77.417043,18.454703],[77.417011,18.45469],[77.416979,18.454677],[77.416947,18.454663],[77.416914,18.45465],[77.416882,18.454637],[77.416849,18.454625],[77.416815,18.454617],[77.41678,18.454609],[77.416746,18.454602],[77.416712,18.454596],[77.416677,18.454594],[77.416625,18.454596],[77.416589,18.454598],[77.416554,18.4546],[77.416502,18.454604],[77.416467,18.454606],[77.416345,18.454596],[77.41631,18.45459],[77.416275,18.454584],[77.41624,18.454578],[77.416206,18.454572],[77.416171,18.454566],[77.416136,18.45456],[77.416102,18.454553],[77.416067,18.454547],[77.416032,18.454541],[77.415997,18.454535],[77.415963,18.454529],[77.415929,18.454519],[77.415898,18.454503],[77.415867,18.454486],[77.415837,18.454469],[77.415807,18.454452],[77.415777,18.454435],[77.415746,18.454418],[77.415715,18.454401],[77.415685,18.454385],[77.415654,18.454368],[77.415624,18.45435],[77.415594,18.454333],[77.415564,18.454316],[77.415533,18.454299],[77.415503,18.454284],[77.415472,18.454267],[77.415442,18.454251],[77.415411,18.454235],[77.41538,18.454219],[77.415334,18.454197],[77.415301,18.454184],[77.415253,18.454165],[77.415221,18.454151],[77.415188,18.454138],[77.415156,18.454126],[77.415124,18.454113],[77.415091,18.4541],[77.415059,18.454088],[77.415028,18.454077],[77.414994,18.454068],[77.414961,18.45406],[77.414927,18.454051],[77.414893,18.454043],[77.414844,18.454027],[77.414814,18.454012],[77.414783,18.453996],[77.414705,18.453963],[77.414673,18.453951],[77.414641,18.453939],[77.414608,18.453927],[77.414576,18.453916],[77.414541,18.453908],[77.414507,18.453902],[77.414473,18.453895],[77.414438,18.453889],[77.414404,18.453882],[77.41436,18.453874],[77.414325,18.453868],[77.41429,18.453861],[77.414255,18.453855],[77.414221,18.453849],[77.414186,18.453843],[77.414151,18.453836],[77.414136,18.453833]]}},{"type":"Feature","properties":{"sol":409,"len_m":213.8,"date":"2022-04-14"},"geometry":{"type":"LineString","coordinates":[[77.414136,18.453833],[77.414101,18.453827],[77.414066,18.45382],[77.414031,18.453816],[77.413996,18.453812],[77.413961,18.453808],[77.413926,18.453806],[77.413891,18.453807],[77.413857,18.453811],[77.413822,18.453817],[77.413788,18.453823],[77.413753,18.453829],[77.413719,18.453835],[77.413684,18.45384],[77.413649,18.453846],[77.413615,18.453852],[77.41358,18.453858],[77.413545,18.45386],[77.413493,18.453859],[77.413441,18.453859],[77.413406,18.45386],[77.4133,18.45386],[77.413266,18.453857],[77.413197,18.453841],[77.413164,18.453832],[77.41313,18.453823],[77.413079,18.45381],[77.413046,18.453801],[77.413012,18.453793],[77.412978,18.453784],[77.412944,18.453775],[77.41291,18.453767],[77.412876,18.453758],[77.412842,18.453749],[77.412808,18.453741],[77.412774,18.453732],[77.412741,18.453724],[77.412707,18.453715],[77.412673,18.453707],[77.412639,18.453699],[77.412605,18.453691],[77.412571,18.453683],[77.412538,18.453675],[77.412504,18.453667],[77.41247,18.45366],[77.412436,18.453652],[77.412402,18.453644],[77.412368,18.453637],[77.412334,18.453629],[77.41223,18.453621],[77.412195,18.453621],[77.412125,18.453626],[77.412091,18.45363],[77.412057,18.453633],[77.412005,18.453639],[77.41197,18.453643],[77.411935,18.453646],[77.4119,18.45365],[77.411866,18.453654],[77.411831,18.453658],[77.411796,18.453661],[77.411752,18.453684],[77.411723,18.453702],[77.411693,18.453717],[77.411662,18.453732],[77.411597,18.453755],[77.411563,18.453763],[77.411529,18.45377],[77.411495,18.453778],[77.411461,18.453785],[77.411427,18.453793],[77.411393,18.4538],[77.411359,18.453807],[77.411324,18.453815],[77.41129,18.45382],[77.411255,18.453826],[77.411221,18.453831],[77.411186,18.453837],[77.411152,18.453842],[77.411117,18.453847],[77.411082,18.453852],[77.411047,18.453858],[77.411013,18.453862],[77.410978,18.453868],[77.410943,18.453873],[77.410909,18.453877],[77.410874,18.453882],[77.410839,18.453887],[77.410805,18.453892],[77.41077,18.453898],[77.410735,18.453903],[77.4107,18.453908],[77.410665,18.453913],[77.410631,18.453918],[77.410597,18.453923],[77.410562,18.453928],[77.410527,18.453932],[77.410492,18.453937],[77.410458,18.453942],[77.410423,18.453946],[77.410419,18.453946]]}},{"type":"Feature","properties":{"sol":413,"len_m":144.9,"date":"2022-04-18"},"geometry":{"type":"LineString","coordinates":[[77.410278,18.453969],[77.410136,18.453996],[77.410077,18.454007],[77.410042,18.454014],[77.410007,18.454021],[77.409972,18.454027],[77.409937,18.454034],[77.409902,18.454041],[77.409867,18.454047],[77.409832,18.454054],[77.409797,18.454061],[77.409762,18.454067],[77.409727,18.454074],[77.409693,18.45408],[77.409659,18.45409],[77.409626,18.454102],[77.409592,18.454114],[77.409559,18.454125],[77.409526,18.454137],[77.409492,18.454149],[77.409443,18.454168],[77.409395,18.45419],[77.409364,18.454208],[77.409334,18.454226],[77.409304,18.454244],[77.409273,18.454261],[77.409243,18.454279],[77.409213,18.454296],[77.40916,18.45429],[77.409127,18.454278],[77.409095,18.454263],[77.409066,18.454244],[77.409037,18.454223],[77.409009,18.454203],[77.408982,18.454182],[77.408941,18.454129],[77.408921,18.454101],[77.408902,18.454073],[77.408883,18.454046],[77.408864,18.454018],[77.408844,18.45399],[77.408808,18.453934],[77.40879,18.453905],[77.408763,18.453861],[77.408746,18.453833],[77.408719,18.45379],[77.408701,18.453762],[77.408684,18.453733],[77.408668,18.453703],[77.408655,18.453672],[77.408646,18.45364],[77.408639,18.453607],[77.408628,18.453558],[77.408622,18.453525],[77.408611,18.453476],[77.408605,18.453443],[77.408599,18.453411],[77.408592,18.453377],[77.408586,18.453344],[77.40858,18.453311],[77.408573,18.453278],[77.408567,18.453246],[77.408561,18.453213],[77.408555,18.453179],[77.408552,18.453161]]}},{"type":"Feature","properties":{"sol":414,"len_m":161.9,"date":"2022-04-19"},"geometry":{"type":"LineString","coordinates":[[77.408552,18.453161],[77.408478,18.453047],[77.408359,18.452955],[77.408245,18.45288],[77.4082,18.452854],[77.408149,18.452837],[77.408116,18.452827],[77.408082,18.452815],[77.408049,18.452804],[77.408015,18.452793],[77.407982,18.452782],[77.407949,18.452771],[77.407916,18.452759],[77.407882,18.452748],[77.407849,18.452736],[77.407815,18.452725],[77.407782,18.452713],[77.407749,18.452702],[77.407715,18.45269],[77.407682,18.452679],[77.407648,18.452667],[77.407615,18.452656],[77.407582,18.452645],[77.407532,18.452628],[77.407482,18.45261],[77.407448,18.452598],[77.407415,18.452587],[77.407382,18.452575],[77.40735,18.452561],[77.407317,18.452547],[77.407285,18.452534],[77.407253,18.452521],[77.40722,18.452509],[77.407187,18.452496],[77.407154,18.452484],[77.407122,18.452471],[77.407089,18.452458],[77.407056,18.452445],[77.407024,18.452433],[77.406991,18.45242],[77.406958,18.452408],[77.406926,18.452395],[77.406893,18.452383],[77.40686,18.452371],[77.406827,18.452359],[77.406794,18.452345],[77.406762,18.452331],[77.40673,18.452316],[77.406696,18.452288],[77.40665,18.45227],[77.406602,18.45225],[77.406572,18.452232],[77.406527,18.452205],[77.406497,18.452187],[77.406467,18.452169],[77.406438,18.45215],[77.406408,18.452132],[77.406378,18.452113],[77.406348,18.452094],[77.406319,18.452076],[77.40629,18.452057],[77.406261,18.452039],[77.406233,18.452019],[77.406206,18.451997],[77.406144,18.451964],[77.406111,18.451955],[77.406082,18.451951],[77.40605,18.451942],[77.40605,18.451942]]}},{"type":"Feature","properties":{"sol":415,"len_m":161.0,"date":"2022-04-20"},"geometry":{"type":"LineString","coordinates":[[77.405916,18.451903],[77.405785,18.451857],[77.405739,18.45184],[77.405703,18.451757],[77.405696,18.451708],[77.405681,18.451626],[77.405664,18.451545],[77.405643,18.451481],[77.405631,18.45145],[77.40562,18.451419],[77.405601,18.451373],[77.405589,18.451341],[77.405578,18.45131],[77.405563,18.451229],[77.40556,18.451179],[77.405558,18.451147],[77.405556,18.451114],[77.405554,18.451082],[77.405552,18.451048],[77.40555,18.451016],[77.405548,18.450983],[77.405546,18.45095],[77.405541,18.4509],[77.405537,18.450867],[77.405533,18.450835],[77.40553,18.450802],[77.405525,18.450752],[77.405521,18.450703],[77.405517,18.450669],[77.405514,18.450636],[77.40551,18.450603],[77.405507,18.45057],[77.405504,18.450537],[77.405491,18.45049],[77.405482,18.450459],[77.405461,18.450397],[77.405452,18.450366],[77.405443,18.450334],[77.405433,18.450302],[77.405424,18.45027],[77.40541,18.450205],[77.405408,18.450172],[77.405404,18.450139],[77.405381,18.45006],[77.405344,18.449987],[77.405325,18.449962],[77.405305,18.449938],[77.405262,18.449886],[77.405204,18.449749],[77.405198,18.4497],[77.405195,18.449666],[77.405193,18.449634],[77.405197,18.449584],[77.4052,18.449552],[77.405186,18.449405]]}},{"type":"Feature","properties":{"sol":416,"len_m":69.7,"date":"2022-04-21"},"geometry":{"type":"LineString","coordinates":[[77.405186,18.449405],[77.405144,18.449279],[77.405133,18.449249],[77.405088,18.449107],[77.405083,18.449059],[77.40508,18.449026],[77.405075,18.448977],[77.405072,18.448944],[77.405065,18.44888],[77.405051,18.448817],[77.405042,18.448786],[77.405033,18.448753],[77.405025,18.448722],[77.405017,18.44869],[77.405009,18.448659],[77.405002,18.448627],[77.40497,18.448524],[77.40495,18.448484],[77.404935,18.448459],[77.404924,18.44843],[77.404912,18.448401],[77.404889,18.448366],[77.404871,18.448345],[77.404849,18.448322],[77.404825,18.448304],[77.404827,18.448306]]}},{"type":"Feature","properties":{"sol":418,"len_m":159.7,"date":"2022-04-23"},"geometry":{"type":"LineString","coordinates":[[77.404827,18.448306],[77.404739,18.448284],[77.404716,18.448269],[77.404589,18.448326],[77.404558,18.448337],[77.404419,18.448367],[77.404387,18.448374],[77.404278,18.448389],[77.404231,18.4484],[77.404166,18.448416],[77.404134,18.448424],[77.404102,18.448432],[77.404071,18.448441],[77.404038,18.44845],[77.404007,18.448458],[77.403976,18.448468],[77.403945,18.448478],[77.403913,18.448488],[77.403883,18.448499],[77.403853,18.448509],[77.40381,18.448524],[77.40378,18.448532],[77.403746,18.448538],[77.403714,18.448544],[77.403683,18.44855],[77.40365,18.448555],[77.403604,18.448565],[77.403572,18.448572],[77.403542,18.448579],[77.403494,18.44859],[77.403464,18.448597],[77.403432,18.448605],[77.4034,18.448611],[77.403367,18.448618],[77.403334,18.448624],[77.403301,18.44863],[77.403267,18.448635],[77.403235,18.44864],[77.403202,18.448645],[77.403171,18.448651],[77.403141,18.448659],[77.403109,18.448668],[77.403078,18.448677],[77.403046,18.448684],[77.403014,18.448694],[77.402985,18.448705],[77.402954,18.448713],[77.402923,18.448717],[77.402893,18.448722],[77.402863,18.448727],[77.402831,18.448732],[77.402799,18.448738],[77.402768,18.448746],[77.402722,18.448764],[77.402692,18.448775],[77.402661,18.448787],[77.402551,18.448814],[77.402521,18.44882],[77.40249,18.448827],[77.40246,18.448835],[77.402429,18.448842],[77.402397,18.448852],[77.402365,18.448861],[77.402332,18.448871],[77.402303,18.44888],[77.402273,18.44889],[77.402244,18.448897],[77.402212,18.448902],[77.402184,18.44891],[77.402155,18.448921],[77.402126,18.448932],[77.402103,18.44894]]}},{"type":"Feature","properties":{"sol":419,"len_m":50.6,"date":"2022-04-24"},"geometry":{"type":"LineString","coordinates":[[77.402103,18.44894],[77.402073,18.448947],[77.401988,18.448912],[77.401967,18.448893],[77.401946,18.448873],[77.401906,18.448832],[77.401886,18.448811],[77.401866,18.44879],[77.401849,18.44877],[77.401829,18.448748],[77.401794,18.448741],[77.401765,18.448752],[77.401736,18.448758],[77.401692,18.448752],[77.401664,18.448741],[77.401638,18.448732],[77.401603,18.448751],[77.401577,18.448767],[77.401576,18.448796],[77.401572,18.448843],[77.401606,18.44883],[77.401634,18.448812],[77.401661,18.448797],[77.401642,18.448788]]}},{"type":"Feature","properties":{"sol":420,"len_m":66.0,"date":"2022-04-25"},"geometry":{"type":"LineString","coordinates":[[77.401642,18.448788],[77.401609,18.44881],[77.401559,18.448939],[77.401527,18.44903],[77.401471,18.449175],[77.401454,18.449202],[77.401392,18.44934],[77.401379,18.449368],[77.401378,18.449496],[77.401379,18.449545],[77.401377,18.449578],[77.401374,18.449662],[77.401373,18.449713],[77.401372,18.449746],[77.401371,18.44978],[77.40137,18.449812],[77.401363,18.449825]]}},{"type":"Feature","properties":{"sol":421,"len_m":42.1,"date":"2022-04-26"},"geometry":{"type":"LineString","coordinates":[[77.401363,18.449825],[77.401434,18.449895],[77.401448,18.449956],[77.401446,18.450004],[77.401445,18.450039],[77.401441,18.450105],[77.401436,18.450153],[77.401432,18.450186],[77.401429,18.450221],[77.401433,18.450272],[77.401437,18.450306],[77.401438,18.450339],[77.401439,18.450375],[77.40144,18.450409],[77.401441,18.450443],[77.401439,18.450478],[77.401439,18.450496]]}},{"type":"Feature","properties":{"sol":422,"len_m":5.3,"date":"2022-04-27"},"geometry":{"type":"LineString","coordinates":[[77.401439,18.450496],[77.401408,18.450512],[77.401416,18.450545],[77.401422,18.450566]]}},{"type":"Feature","properties":{"sol":426,"len_m":144.8,"date":"2022-05-01"},"geometry":{"type":"LineString","coordinates":[[77.401422,18.450566],[77.401429,18.450468],[77.401428,18.450441],[77.401496,18.450347],[77.401619,18.450276],[77.401731,18.450235],[77.401854,18.450195],[77.40189,18.45019],[77.401944,18.450188],[77.401979,18.450186],[77.402015,18.450185],[77.402086,18.450184],[77.402106,18.450213],[77.402148,18.450243],[77.402185,18.450246],[77.402219,18.450245],[77.402255,18.450241],[77.402289,18.450237],[77.402325,18.450233],[77.402349,18.450207],[77.40238,18.450195],[77.402467,18.450178],[77.402555,18.450189],[77.40259,18.450184],[77.402659,18.450132],[77.402728,18.450119],[77.402763,18.450119],[77.402798,18.450118],[77.40292,18.450129],[77.402956,18.450132],[77.403006,18.450151],[77.40311,18.450151],[77.403145,18.450145],[77.403181,18.450141],[77.403217,18.45014],[77.403253,18.450142],[77.403324,18.450149],[77.403373,18.450219],[77.403349,18.450196],[77.40338,18.45018],[77.403411,18.450166],[77.403445,18.450157],[77.403438,18.450177]]}},{"type":"Feature","properties":{"sol":427,"len_m":74.3,"date":"2022-05-02"},"geometry":{"type":"LineString","coordinates":[[77.403438,18.450177],[77.40357,18.450134],[77.403603,18.450123],[77.40363,18.450112],[77.403737,18.450095],[77.403806,18.450077],[77.403854,18.450098],[77.403914,18.450067],[77.403966,18.450058],[77.404015,18.450081],[77.404028,18.450112],[77.40404,18.450143],[77.404052,18.450174],[77.404067,18.450206],[77.404087,18.450233],[77.404115,18.450256],[77.404222,18.45023],[77.404278,18.450153],[77.4043,18.450128],[77.404312,18.450098],[77.404339,18.450077],[77.404367,18.450062],[77.404398,18.450048],[77.40443,18.450033],[77.404461,18.450018],[77.404492,18.450002],[77.404499,18.449999]]}},{"type":"Feature","properties":{"sol":428,"len_m":121.2,"date":"2022-05-03"},"geometry":{"type":"LineString","coordinates":[[77.404499,18.449999],[77.404588,18.449944],[77.404661,18.450056],[77.404794,18.450101],[77.404831,18.450108],[77.404858,18.450108],[77.404886,18.450169],[77.404895,18.450201],[77.4049,18.450235],[77.404901,18.450285],[77.404911,18.450316],[77.404928,18.450343],[77.404948,18.450371],[77.404991,18.4504],[77.405051,18.45048],[77.405065,18.450511],[77.405078,18.450542],[77.405097,18.45059],[77.405109,18.450622],[77.405138,18.450702],[77.40515,18.450734],[77.405162,18.450767],[77.405173,18.450799],[77.405185,18.45083],[77.405198,18.450862],[77.40521,18.450894],[77.405223,18.450943],[77.405224,18.450977],[77.405218,18.45101],[77.405201,18.451058],[77.405152,18.45116],[77.405133,18.451229],[77.405212,18.451353],[77.405238,18.451458],[77.40527,18.451497],[77.40529,18.451523],[77.405294,18.451531]]}},{"type":"Feature","properties":{"sol":430,"len_m":0.1,"date":"2022-05-06"},"geometry":{"type":"LineString","coordinates":[[77.405294,18.451531],[77.405294,18.451532]]}},{"type":"Feature","properties":{"sol":432,"len_m":172.2,"date":"2022-05-08"},"geometry":{"type":"LineString","coordinates":[[77.405294,18.451532],[77.405336,18.451445],[77.405336,18.451397],[77.405406,18.451467],[77.405437,18.451504],[77.405457,18.451525],[77.40555,18.451624],[77.405587,18.451661],[77.405675,18.451778],[77.405695,18.451805],[77.405823,18.451853],[77.405855,18.451867],[77.405988,18.451935],[77.406018,18.451953],[77.406071,18.451982],[77.406159,18.452106],[77.406214,18.452147],[77.406242,18.452167],[77.406271,18.452188],[77.406299,18.452208],[77.406327,18.452229],[77.406355,18.452249],[77.406384,18.452269],[77.406412,18.452289],[77.406441,18.45231],[77.406469,18.45233],[77.406497,18.45235],[77.406556,18.452412],[77.406574,18.452441],[77.406611,18.452517],[77.406631,18.452545],[77.406681,18.45259],[77.406709,18.45261],[77.406738,18.45263],[77.406794,18.45267],[77.406822,18.45269],[77.406851,18.45271],[77.406917,18.452732],[77.406951,18.452741],[77.406985,18.452752],[77.407018,18.452764],[77.407051,18.452775],[77.407074,18.4528],[77.407097,18.452825],[77.407222,18.452882],[77.407362,18.452884],[77.407433,18.452877],[77.407468,18.452875],[77.407504,18.452875],[77.407539,18.452875],[77.407539,18.452875]]}},{"type":"Feature","properties":{"sol":433,"len_m":83.8,"date":"2022-05-09"},"geometry":{"type":"LineString","coordinates":[[77.407539,18.452875],[77.407591,18.452882],[77.407644,18.45288],[77.407784,18.452872],[77.40782,18.45287],[77.407855,18.452869],[77.40789,18.452867],[77.407926,18.452866],[77.408014,18.452866],[77.408049,18.452867],[77.408138,18.452868],[77.408195,18.452951],[77.408217,18.452976],[77.408271,18.453055],[77.408286,18.453084],[77.408302,18.453114],[77.408317,18.453144],[77.408333,18.453174],[77.408352,18.453238],[77.408356,18.453271],[77.408356,18.453304],[77.40836,18.453453],[77.4084,18.45358],[77.40841,18.453611],[77.40842,18.453647],[77.40842,18.453648]]}},{"type":"Feature","properties":{"sol":434,"len_m":28.7,"date":"2022-05-10"},"geometry":{"type":"LineString","coordinates":[[77.40842,18.453648],[77.408395,18.453726],[77.40843,18.453869],[77.40847,18.453998],[77.408499,18.454094],[77.408512,18.454105]]}},{"type":"Feature","properties":{"sol":436,"len_m":112.2,"date":"2022-05-12"},"geometry":{"type":"LineString","coordinates":[[77.408512,18.454105],[77.408522,18.454206],[77.408521,18.454239],[77.408519,18.454305],[77.408519,18.454338],[77.408518,18.454371],[77.408518,18.454405],[77.408517,18.454438],[77.408516,18.454472],[77.408516,18.454505],[77.408515,18.454539],[77.408515,18.454572],[77.408514,18.454605],[77.408514,18.454639],[77.408513,18.454672],[77.408513,18.454706],[77.408513,18.454739],[77.408513,18.454772],[77.408512,18.454805],[77.408512,18.454839],[77.408512,18.454872],[77.408511,18.454905],[77.40851,18.454938],[77.408509,18.454972],[77.408509,18.455005],[77.408509,18.455039],[77.408508,18.455072],[77.408508,18.455105],[77.408507,18.455139],[77.408507,18.455172],[77.408507,18.455205],[77.408507,18.455239],[77.408506,18.455272],[77.408502,18.455305],[77.408496,18.455338],[77.40849,18.455371],[77.408484,18.455404],[77.408478,18.455437],[77.408472,18.455469],[77.408466,18.455502],[77.40846,18.455535],[77.408454,18.455569],[77.408448,18.455601],[77.408444,18.455634],[77.408445,18.455667],[77.408447,18.4557],[77.408449,18.455733],[77.408451,18.455766],[77.408454,18.4558],[77.408456,18.455833],[77.408459,18.455866],[77.408461,18.455899],[77.408464,18.455932],[77.408464,18.455982],[77.408464,18.455981]]}},{"type":"Feature","properties":{"sol":437,"len_m":69.5,"date":"2022-05-13"},"geometry":{"type":"LineString","coordinates":[[77.408464,18.455981],[77.408494,18.456112],[77.408498,18.456139],[77.408484,18.456274],[77.408482,18.456306],[77.408504,18.45644],[77.408512,18.456473],[77.408563,18.456608],[77.408576,18.456638],[77.408627,18.456752],[77.408653,18.456814],[77.408663,18.456847],[77.408673,18.456879],[77.408691,18.456945],[77.408703,18.456994],[77.408726,18.457057],[77.408739,18.457088],[77.408746,18.457102]]}},{"type":"Feature","properties":{"sol":439,"len_m":19.1,"date":"2022-05-15"},"geometry":{"type":"LineString","coordinates":[[77.408746,18.457102],[77.408807,18.457213],[77.40882,18.457237],[77.408844,18.457294],[77.408876,18.457372],[77.408881,18.457389]]}},{"type":"Feature","properties":{"sol":441,"len_m":34.4,"date":"2022-05-17"},"geometry":{"type":"LineString","coordinates":[[77.408881,18.457389],[77.408902,18.457511],[77.40891,18.457612],[77.408907,18.457638],[77.408829,18.457641],[77.408692,18.457658],[77.408664,18.457665],[77.408599,18.457661],[77.40858,18.457661]]}},{"type":"Feature","properties":{"sol":443,"len_m":66.6,"date":"2022-05-19"},"geometry":{"type":"LineString","coordinates":[[77.40858,18.457661],[77.408448,18.457695],[77.408405,18.457717],[77.408261,18.457664],[77.408132,18.457604],[77.408101,18.457589],[77.40798,18.457573],[77.407858,18.457557],[77.407703,18.457545],[77.407668,18.457544],[77.407528,18.45753],[77.407494,18.457526],[77.40747,18.457527]]}},{"type":"Feature","properties":{"sol":448,"len_m":67.5,"date":"2022-05-24"},"geometry":{"type":"LineString","coordinates":[[77.40747,18.457527],[77.407331,18.457535],[77.407184,18.457593],[77.407155,18.457606],[77.407017,18.457558],[77.406968,18.45754],[77.406832,18.457503],[77.406764,18.45749],[77.406624,18.45748],[77.406571,18.457479],[77.406431,18.457457],[77.406362,18.457445],[77.406338,18.457445]]}},{"type":"Feature","properties":{"sol":449,"len_m":8.3,"date":"2022-05-25"},"geometry":{"type":"LineString","coordinates":[[77.406338,18.457445],[77.40632,18.457517],[77.406317,18.457544],[77.406301,18.45751]]}},{"type":"Feature","properties":{"sol":455,"len_m":22.8,"date":"2022-05-31"},"geometry":{"type":"LineString","coordinates":[[77.406301,18.457509],[77.406297,18.457634],[77.406296,18.45771],[77.40629,18.457736],[77.406283,18.457856],[77.406278,18.457885],[77.406277,18.45789]]}},{"type":"Feature","properties":{"sol":456,"len_m":18.6,"date":"2022-06-01"},"geometry":{"type":"LineString","coordinates":[[77.406277,18.45789],[77.406407,18.457921],[77.406485,18.457941],[77.406499,18.457998],[77.406498,18.458017]]}},{"type":"Feature","properties":{"sol":460,"len_m":40.7,"date":"2022-06-05"},"geometry":{"type":"LineString","coordinates":[[77.406498,18.458017],[77.406505,18.458061],[77.406509,18.458087],[77.406458,18.458092],[77.406396,18.458216],[77.406381,18.458242],[77.406364,18.458271],[77.406337,18.458311],[77.406303,18.458347],[77.406264,18.45838],[77.406238,18.458401],[77.406211,18.458422],[77.406171,18.458453],[77.406144,18.458474],[77.406118,18.458495],[77.406092,18.458515],[77.406093,18.458514]]}},{"type":"Feature","properties":{"sol":461,"len_m":17.6,"date":"2022-06-06"},"geometry":{"type":"LineString","coordinates":[[77.406093,18.458514],[77.406135,18.458585],[77.406147,18.458608],[77.406203,18.4587],[77.406175,18.458702],[77.406145,18.458692]]}},{"type":"Feature","properties":{"sol":464,"len_m":15.5,"date":"2022-06-10"},"geometry":{"type":"LineString","coordinates":[[77.406145,18.458692],[77.406014,18.458713],[77.405982,18.458719],[77.405993,18.458759],[77.406008,18.458786],[77.406013,18.458794]]}},{"type":"Feature","properties":{"sol":474,"len_m":15.1,"date":"2022-06-20"},"geometry":{"type":"LineString","coordinates":[[77.406013,18.458794],[77.405989,18.458768],[77.405956,18.458754],[77.406028,18.458766],[77.406081,18.458829],[77.4061,18.458856]]}},{"type":"Feature","properties":{"sol":477,"len_m":11.2,"date":"2022-06-23"},"geometry":{"type":"LineString","coordinates":[[77.4061,18.458856],[77.406082,18.458827],[77.40612,18.458818],[77.406151,18.458817],[77.406162,18.458861],[77.406167,18.458894],[77.406168,18.458895]]}},{"type":"Feature","properties":{"sol":501,"len_m":19.1,"date":"2022-07-18"},"geometry":{"type":"LineString","coordinates":[[77.406168,18.458895],[77.406161,18.458861],[77.406155,18.458828],[77.406147,18.458795],[77.406049,18.458736],[77.405967,18.4587],[77.405952,18.458695]]}},{"type":"Feature","properties":{"sol":502,"len_m":3.8,"date":"2022-07-19"},"geometry":{"type":"LineString","coordinates":[[77.405952,18.458695],[77.405948,18.458663],[77.405925,18.458647]]}},{"type":"Feature","properties":{"sol":535,"len_m":85.0,"date":"2022-08-21"},"geometry":{"type":"LineString","coordinates":[[77.405925,18.458647],[77.406035,18.45856],[77.406167,18.45848],[77.4063,18.458399],[77.406344,18.458374],[77.406375,18.458358],[77.406443,18.458356],[77.406541,18.458332],[77.406593,18.458333],[77.406628,18.458336],[77.406663,18.45834],[77.406716,18.458345],[77.406751,18.458348],[77.406786,18.458351],[77.406821,18.458354],[77.406856,18.458356],[77.40689,18.458359],[77.406925,18.458362],[77.406959,18.458365],[77.406994,18.458369],[77.407029,18.458372],[77.407064,18.458374],[77.407098,18.458377],[77.407134,18.458376],[77.407169,18.458372],[77.407222,18.458366],[77.407275,18.458359],[77.407308,18.458354],[77.407328,18.45835]]}},{"type":"Feature","properties":{"sol":536,"len_m":72.5,"date":"2022-08-22"},"geometry":{"type":"LineString","coordinates":[[77.407328,18.45835],[77.407423,18.458295],[77.407548,18.458268],[77.407576,18.458267],[77.40768,18.458263],[77.407839,18.458251],[77.407926,18.45825],[77.407958,18.458261],[77.407991,18.458268],[77.408061,18.458261],[77.408111,18.458246],[77.40818,18.458228],[77.408214,18.458224],[77.408249,18.458222],[77.4083,18.458219],[77.408336,18.458217],[77.408372,18.458215],[77.408406,18.458211],[77.408441,18.458207],[77.408476,18.458203],[77.408512,18.458204],[77.408546,18.458209],[77.408576,18.458219],[77.408576,18.458216]]}},{"type":"Feature","properties":{"sol":537,"len_m":15.4,"date":"2022-08-23"},"geometry":{"type":"LineString","coordinates":[[77.408576,18.458216],[77.408781,18.458212],[77.408849,18.458213],[77.408849,18.45821]]}},{"type":"Feature","properties":{"sol":538,"len_m":91.5,"date":"2022-08-25"},"geometry":{"type":"LineString","coordinates":[[77.408849,18.45821],[77.408782,18.458105],[77.408765,18.458084],[77.40869,18.457965],[77.408754,18.457836],[77.408778,18.457812],[77.408869,18.457702],[77.408894,18.457674],[77.408905,18.457541],[77.4089,18.457505],[77.408886,18.457437],[77.408875,18.457404],[77.40884,18.457306],[77.408823,18.457257],[77.408811,18.457224],[77.4088,18.457191],[77.408788,18.457159],[77.408777,18.457127],[77.408748,18.457064],[77.408714,18.456987],[77.408695,18.45694],[77.408682,18.456908],[77.40867,18.456876],[77.408657,18.456844],[77.408651,18.456828]]}},{"type":"Feature","properties":{"sol":539,"len_m":99.4,"date":"2022-08-26"},"geometry":{"type":"LineString","coordinates":[[77.408651,18.456828],[77.408592,18.456705],[77.40854,18.456556],[77.408524,18.456526],[77.408488,18.456393],[77.408478,18.456364],[77.408408,18.456267],[77.408351,18.456155],[77.408342,18.456129],[77.408303,18.456019],[77.408289,18.455995],[77.408271,18.455966],[77.408254,18.455936],[77.408237,18.455907],[77.40822,18.455877],[77.408203,18.455847],[77.408186,18.455818],[77.408169,18.455789],[77.408152,18.455759],[77.408135,18.45573],[77.408119,18.4557],[77.408102,18.455671],[77.408086,18.455641],[77.408069,18.455611],[77.408052,18.455581],[77.408036,18.455551],[77.408019,18.455522],[77.408002,18.455492],[77.407986,18.455463],[77.40797,18.455433],[77.407954,18.455403],[77.407938,18.455373],[77.407921,18.455343],[77.407909,18.455319],[77.407909,18.455319]]}},{"type":"Feature","properties":{"sol":541,"len_m":106.7,"date":"2022-08-28"},"geometry":{"type":"LineString","coordinates":[[77.407909,18.455319],[77.407855,18.455232],[77.407781,18.455117],[77.407763,18.455088],[77.407692,18.454971],[77.407665,18.454927],[77.407647,18.454898],[77.407629,18.454869],[77.407612,18.45484],[77.407594,18.454811],[77.407576,18.454782],[77.407559,18.454752],[77.407542,18.454723],[77.407525,18.454694],[77.407508,18.454664],[77.407492,18.454635],[77.407476,18.454606],[77.407461,18.454576],[77.407445,18.454546],[77.407429,18.454516],[77.407414,18.454486],[77.407398,18.454455],[77.407382,18.454425],[77.407367,18.454395],[77.407352,18.454365],[77.407336,18.454335],[77.407321,18.454305],[77.407306,18.454275],[77.407288,18.454246],[77.407267,18.45422],[77.407244,18.454196],[77.407221,18.454172],[77.407198,18.454147],[77.407175,18.454123],[77.407153,18.454099],[77.407129,18.454074],[77.407107,18.454049],[77.407085,18.454024],[77.407051,18.453986],[77.407029,18.453961],[77.407007,18.453935],[77.406985,18.45391],[77.406963,18.453884],[77.40694,18.453858],[77.406918,18.453833],[77.406896,18.453807]]}},{"type":"Feature","properties":{"sol":542,"len_m":133.7,"date":"2022-08-29"},"geometry":{"type":"LineString","coordinates":[[77.406896,18.453807],[77.406873,18.453782],[77.406852,18.453755],[77.406833,18.453727],[77.406813,18.453698],[77.406775,18.453643],[77.406756,18.453616],[77.406736,18.453588],[77.406716,18.45356],[77.406698,18.453531],[77.40668,18.453503],[77.406661,18.453474],[77.406643,18.453445],[77.406625,18.453416],[77.406607,18.453387],[77.406588,18.453359],[77.40657,18.45333],[77.406552,18.4533],[77.406533,18.453271],[77.406515,18.453242],[77.406496,18.453213],[77.406479,18.453185],[77.406461,18.453156],[77.406444,18.453127],[77.406425,18.45308],[77.406417,18.453047],[77.406411,18.453014],[77.406391,18.452952],[77.406377,18.452921],[77.406361,18.452893],[77.406315,18.452823],[77.406295,18.452795],[77.406274,18.452768],[77.406251,18.452743],[77.406149,18.452656],[77.406126,18.452593],[77.406113,18.452563],[77.4061,18.452533],[77.406088,18.452501],[77.406077,18.452469],[77.406065,18.452438],[77.406053,18.452408],[77.40604,18.452377],[77.406027,18.452346],[77.406013,18.452315],[77.406,18.452284],[77.405986,18.452253],[77.405973,18.452222],[77.405959,18.452191],[77.405947,18.45216],[77.405908,18.452092],[77.405884,18.45207],[77.405858,18.45205],[77.405793,18.451994],[77.405717,18.451958],[77.405691,18.451935],[77.405682,18.451925]]}},{"type":"Feature","properties":{"sol":543,"len_m":143.0,"date":"2022-08-30"},"geometry":{"type":"LineString","coordinates":[[77.405682,18.451925],[77.405631,18.451784],[77.405567,18.451637],[77.405476,18.451507],[77.405349,18.451349],[77.405239,18.451185],[77.405228,18.45112],[77.405186,18.451077],[77.40512,18.450968],[77.405119,18.450876],[77.405122,18.450844],[77.40512,18.450751],[77.405112,18.450687],[77.405086,18.450492],[77.405026,18.450374],[77.404967,18.450316],[77.404878,18.450227],[77.40484,18.450195],[77.404799,18.450145],[77.404776,18.450074],[77.404773,18.450049],[77.404808,18.450174],[77.404879,18.450249],[77.404913,18.45027],[77.404911,18.450275]]}},{"type":"Feature","properties":{"sol":548,"len_m":15.8,"date":"2022-09-04"},"geometry":{"type":"LineString","coordinates":[[77.404911,18.450275],[77.404879,18.450146],[77.404866,18.450115],[77.404773,18.450091]]}},{"type":"Feature","properties":{"sol":551,"len_m":0.5,"date":"2022-09-07"},"geometry":{"type":"LineString","coordinates":[[77.404773,18.450091],[77.404765,18.450091]]}},{"type":"Feature","properties":{"sol":555,"len_m":219.9,"date":"2022-09-11"},"geometry":{"type":"LineString","coordinates":[[77.404765,18.450091],[77.404737,18.450093],[77.404708,18.450094],[77.404677,18.450094],[77.404618,18.449969],[77.4046,18.449923],[77.404481,18.449958],[77.404383,18.450044],[77.404388,18.450089],[77.404395,18.450122],[77.404368,18.450217],[77.40434,18.45026],[77.404337,18.450294],[77.404372,18.450335],[77.404399,18.450362],[77.404467,18.450283],[77.404397,18.450183],[77.404332,18.450168],[77.404304,18.450153],[77.404195,18.450175],[77.404169,18.450198],[77.404044,18.450231],[77.403998,18.450189],[77.40397,18.450172],[77.403895,18.450151],[77.403863,18.45015],[77.403813,18.45015],[77.403779,18.450149],[77.403744,18.450149],[77.40371,18.450148],[77.403676,18.450148],[77.403642,18.450148],[77.403608,18.450147],[77.403575,18.450142],[77.403479,18.450164],[77.403414,18.450171],[77.403379,18.450175],[77.403345,18.450178],[77.403311,18.450181],[77.403276,18.450184],[77.403242,18.450187],[77.403207,18.450189],[77.403138,18.450195],[77.403104,18.450198],[77.40307,18.450205],[77.403003,18.450215],[77.402969,18.450215],[77.402935,18.450214],[77.4029,18.450213],[77.402866,18.450211],[77.402832,18.450211],[77.402797,18.45021],[77.402746,18.450211],[77.402682,18.450201],[77.402633,18.450197],[77.402598,18.450197],[77.402548,18.450195],[77.402515,18.450194],[77.402436,18.450209],[77.402388,18.450218],[77.402354,18.450221],[77.402321,18.450224],[77.402287,18.450226],[77.402253,18.45023],[77.402203,18.450242],[77.402171,18.450249],[77.402139,18.450257],[77.402105,18.450264],[77.402072,18.450272],[77.402039,18.45028],[77.402006,18.450287],[77.401956,18.450299],[77.401908,18.450289],[77.401826,18.450306],[77.401798,18.450322],[77.4018,18.450324]]}},{"type":"Feature","properties":{"sol":556,"len_m":43.8,"date":"2022-09-12"},"geometry":{"type":"LineString","coordinates":[[77.4018,18.450324],[77.401675,18.450368],[77.401661,18.450502],[77.401667,18.450601],[77.401681,18.450751],[77.401615,18.450764],[77.401521,18.450756],[77.401498,18.450755]]}},{"type":"Feature","properties":{"sol":557,"len_m":6.0,"date":"2022-09-13"},"geometry":{"type":"LineString","coordinates":[[77.401498,18.450755],[77.401476,18.450781],[77.40145,18.450764],[77.401443,18.450743]]}},{"type":"Feature","properties":{"sol":565,"len_m":1.0,"date":"2022-09-21"},"geometry":{"type":"LineString","coordinates":[[77.401443,18.450743],[77.40144,18.450726]]}},{"type":"Feature","properties":{"sol":592,"len_m":39.6,"date":"2022-10-19"},"geometry":{"type":"LineString","coordinates":[[77.40144,18.450726],[77.401367,18.450826],[77.401348,18.450853],[77.401344,18.450981],[77.401345,18.451012],[77.401341,18.451145],[77.40134,18.451176],[77.401337,18.451201],[77.40133,18.451333],[77.401329,18.451361],[77.401331,18.451361]]}},{"type":"Feature","properties":{"sol":593,"len_m":5.3,"date":"2022-10-20"},"geometry":{"type":"LineString","coordinates":[[77.401331,18.451361],[77.401299,18.451348],[77.401273,18.451339],[77.401258,18.45133]]}},{"type":"Feature","properties":{"sol":606,"len_m":208.5,"date":"2022-11-02"},"geometry":{"type":"LineString","coordinates":[[77.401258,18.45133],[77.401309,18.451344],[77.401337,18.451348],[77.40136,18.451477],[77.401387,18.451603],[77.401385,18.451632],[77.401257,18.451674],[77.401211,18.451693],[77.401176,18.451735],[77.401154,18.451758],[77.401115,18.451789],[77.40106,18.451826],[77.401033,18.451845],[77.401005,18.451864],[77.400963,18.451894],[77.400934,18.451914],[77.400905,18.451934],[77.400877,18.451955],[77.40085,18.451975],[77.400822,18.451996],[77.400796,18.452016],[77.400769,18.452037],[77.400741,18.452057],[77.400714,18.452079],[77.400686,18.4521],[77.400659,18.452121],[77.400631,18.452143],[77.400605,18.452164],[77.400578,18.452185],[77.400551,18.452207],[77.400523,18.452228],[77.400496,18.452249],[77.400469,18.452271],[77.400442,18.452292],[77.400415,18.452313],[77.400388,18.452333],[77.40036,18.452354],[77.400333,18.452375],[77.400306,18.452396],[77.400279,18.452417],[77.400251,18.452438],[77.400225,18.452459],[77.400155,18.452506],[77.400109,18.452529],[77.400078,18.452544],[77.400048,18.452559],[77.400016,18.452574],[77.399984,18.452586],[77.399935,18.452599],[77.399902,18.452607],[77.39987,18.452613],[77.39982,18.452622],[77.399787,18.452628],[77.399753,18.452635],[77.39972,18.452642],[77.399685,18.452648],[77.39965,18.452655],[77.399616,18.452661],[77.399582,18.452667],[77.399549,18.452674],[77.399515,18.452681],[77.399481,18.452688],[77.399447,18.452695],[77.399414,18.452703],[77.39938,18.452711],[77.399346,18.452718],[77.399256,18.45281],[77.399211,18.452902],[77.399198,18.452933],[77.399183,18.452998],[77.39918,18.453032],[77.399176,18.453065],[77.399169,18.453115],[77.399164,18.453147],[77.39916,18.453177],[77.399156,18.45321],[77.399153,18.453243],[77.399153,18.453289],[77.399138,18.453345],[77.399129,18.453406],[77.399135,18.45347],[77.39914,18.453502],[77.399145,18.453534],[77.399147,18.453532]]}},{"type":"Feature","properties":{"sol":609,"len_m":12.2,"date":"2022-11-06"},"geometry":{"type":"LineString","coordinates":[[77.399147,18.453532],[77.399208,18.453648],[77.39917,18.453649],[77.399154,18.453644]]}},{"type":"Feature","properties":{"sol":629,"len_m":205.4,"date":"2022-11-26"},"geometry":{"type":"LineString","coordinates":[[77.399154,18.453644],[77.399146,18.453518],[77.399139,18.453485],[77.399132,18.453352],[77.399129,18.453321],[77.399168,18.453192],[77.399175,18.453161],[77.399182,18.453062],[77.399186,18.452942],[77.399198,18.452895],[77.399211,18.452864],[77.399223,18.452832],[77.399235,18.452802],[77.399248,18.45277],[77.39926,18.452739],[77.399272,18.452708],[77.399284,18.452677],[77.399296,18.452646],[77.399404,18.452568],[77.399439,18.452562],[77.399474,18.452558],[77.399507,18.452554],[77.399542,18.452551],[77.399596,18.452546],[77.399631,18.452543],[77.399666,18.45254],[77.3997,18.452538],[77.399735,18.452536],[77.399769,18.45253],[77.3998,18.452516],[77.39983,18.452499],[77.39986,18.452481],[77.399895,18.452474],[77.399953,18.452435],[77.399987,18.452422],[77.400021,18.452413],[77.400058,18.452407],[77.400093,18.452404],[77.400129,18.4524],[77.400164,18.452396],[77.400236,18.452396],[77.400272,18.4524],[77.400308,18.452404],[77.400343,18.452405],[77.400429,18.452386],[77.400462,18.452374],[77.400508,18.452351],[77.400558,18.452333],[77.400591,18.452321],[77.400624,18.452309],[77.400658,18.452297],[77.400691,18.452285],[77.400723,18.452272],[77.400754,18.452256],[77.400783,18.452237],[77.400812,18.452217],[77.400838,18.452195],[77.400864,18.452172],[77.40089,18.452149],[77.400915,18.452126],[77.40094,18.452103],[77.400977,18.452067],[77.401025,18.452019],[77.401049,18.451995],[77.401074,18.451971],[77.401111,18.451935],[77.401135,18.45191],[77.40116,18.451886],[77.401186,18.451862],[77.40121,18.451838],[77.401235,18.451815],[77.40126,18.451791],[77.401286,18.451767],[77.401325,18.451733],[77.401353,18.451712],[77.40138,18.451691],[77.401418,18.451656],[77.401437,18.451626],[77.401437,18.451625]]}},{"type":"Feature","properties":{"sol":632,"len_m":23.3,"date":"2022-11-29"},"geometry":{"type":"LineString","coordinates":[[77.401437,18.451625],[77.401438,18.45148],[77.401441,18.451454],[77.401357,18.451367],[77.401293,18.451341],[77.401266,18.451334],[77.401257,18.451331]]}},{"type":"Feature","properties":{"sol":641,"len_m":103.5,"date":"2022-12-08"},"geometry":{"type":"LineString","coordinates":[[77.401257,18.451331],[77.40129,18.45134],[77.401247,18.451232],[77.401202,18.451105],[77.401187,18.451082],[77.401183,18.450952],[77.401178,18.450923],[77.401182,18.450787],[77.401178,18.450755],[77.401176,18.450614],[77.401173,18.450583],[77.401173,18.450447],[77.40117,18.450418],[77.401227,18.450356],[77.401311,18.450288],[77.401359,18.450267],[77.401424,18.45024],[77.401459,18.450252],[77.401484,18.45023],[77.40151,18.450206],[77.401533,18.450186],[77.401573,18.450154],[77.401618,18.450133],[77.401667,18.450116],[77.401701,18.450103],[77.401732,18.450089],[77.401762,18.450072],[77.401789,18.450058],[77.40183,18.450037],[77.401831,18.450037]]}},{"type":"Feature","properties":{"sol":645,"len_m":66.0,"date":"2022-12-12"},"geometry":{"type":"LineString","coordinates":[[77.401831,18.450037],[77.401974,18.450045],[77.40201,18.450049],[77.402049,18.450056],[77.402118,18.45007],[77.402151,18.450079],[77.402196,18.450111],[77.402228,18.450126],[77.40229,18.450157],[77.40232,18.450172],[77.402423,18.450164],[77.402476,18.450178],[77.40251,18.450188],[77.40265,18.450195],[77.402702,18.450191],[77.402737,18.450188],[77.402773,18.450185],[77.402827,18.450181],[77.402862,18.450179],[77.402898,18.450176],[77.402935,18.450175],[77.402935,18.450176]]}},{"type":"Feature","properties":{"sol":646,"len_m":142.0,"date":"2022-12-13"},"geometry":{"type":"LineString","coordinates":[[77.402935,18.450176],[77.403066,18.45024],[77.403201,18.45022],[77.403228,18.45021],[77.403261,18.450197],[77.403311,18.45018],[77.403364,18.450169],[77.403431,18.450152],[77.403554,18.450147],[77.403642,18.450163],[77.403677,18.45017],[77.403712,18.450176],[77.403766,18.450184],[77.403835,18.450181],[77.403889,18.450191],[77.403913,18.450215],[77.403925,18.450249],[77.40394,18.450145],[77.403976,18.450136],[77.404029,18.450141],[77.404056,18.450163],[77.404169,18.450216],[77.40428,18.450137],[77.404301,18.45011],[77.404322,18.450083],[77.404388,18.450029],[77.404418,18.450011],[77.404448,18.449993],[77.404514,18.44997],[77.404584,18.449973],[77.404678,18.450021],[77.404698,18.45005],[77.404712,18.450083],[77.404715,18.450117],[77.404697,18.450147],[77.404696,18.450245],[77.404722,18.45029],[77.404753,18.450308],[77.404738,18.450301]]}},{"type":"Feature","properties":{"sol":647,"len_m":71.0,"date":"2022-12-14"},"geometry":{"type":"LineString","coordinates":[[77.404738,18.450301],[77.404752,18.450332],[77.404894,18.450376],[77.404929,18.450378],[77.405008,18.450402],[77.405068,18.450519],[77.405081,18.450565],[77.405101,18.450648],[77.405143,18.450703],[77.405163,18.450732],[77.405181,18.450761],[77.405207,18.450825],[77.405219,18.450857],[77.405227,18.45089],[77.405225,18.450975],[77.405217,18.451008],[77.405207,18.451042],[77.405191,18.451068],[77.405143,18.451151],[77.405139,18.451182],[77.405114,18.451203],[77.405124,18.451193]]}},{"type":"Feature","properties":{"sol":648,"len_m":150.0,"date":"2022-12-15"},"geometry":{"type":"LineString","coordinates":[[77.405124,18.451193],[77.405217,18.451279],[77.405319,18.451333],[77.405361,18.451368],[77.405378,18.45139],[77.405456,18.451487],[77.405479,18.451511],[77.405592,18.45161],[77.405613,18.451636],[77.405631,18.451665],[77.40565,18.451694],[77.405668,18.451722],[77.405685,18.451751],[77.405709,18.451796],[77.405721,18.451827],[77.405743,18.451873],[77.405748,18.45192],[77.40579,18.451969],[77.405814,18.451994],[77.405838,18.452018],[77.405859,18.452045],[77.405898,18.452075],[77.405925,18.45209],[77.405955,18.452105],[77.405986,18.452123],[77.406016,18.45214],[77.406047,18.452156],[77.406077,18.452175],[77.406104,18.452196],[77.406128,18.45222],[77.406194,18.452214],[77.406229,18.452216],[77.406265,18.452219],[77.4063,18.452222],[77.406353,18.452227],[77.406389,18.45223],[77.406424,18.452233],[77.406459,18.452236],[77.406494,18.452239],[77.40653,18.452242],[77.406565,18.452249],[77.406599,18.452259],[77.406633,18.452269],[77.406682,18.452312],[77.40674,18.452344],[77.406773,18.452358],[77.406805,18.452371],[77.406837,18.452384],[77.40687,18.452397],[77.406903,18.45241],[77.406935,18.452422],[77.406968,18.452435],[77.407001,18.452448],[77.407034,18.45246],[77.407067,18.452473],[77.407117,18.45249],[77.407151,18.4525],[77.407185,18.452511],[77.407202,18.452516]]}},{"type":"Feature","properties":{"sol":652,"len_m":36.5,"date":"2022-12-20"},"geometry":{"type":"LineString","coordinates":[[77.407202,18.452516],[77.407342,18.452505],[77.407482,18.452493],[77.407641,18.45248],[77.4077,18.452533],[77.40774,18.452598],[77.407756,18.452627],[77.407756,18.452627]]}},{"type":"Feature","properties":{"sol":654,"len_m":10.3,"date":"2022-12-22"},"geometry":{"type":"LineString","coordinates":[[77.407756,18.452627],[77.407738,18.452597],[77.407809,18.452542],[77.407839,18.452527],[77.407847,18.452523]]}},{"type":"Feature","properties":{"sol":658,"len_m":17.9,"date":"2022-12-26"},"geometry":{"type":"LineString","coordinates":[[77.407847,18.452523],[77.407879,18.452507],[77.407951,18.452621],[77.407962,18.452645],[77.408013,18.452659],[77.408039,18.452666],[77.408056,18.45267]]}},{"type":"Feature","properties":{"sol":663,"len_m":8.4,"date":"2022-12-31"},"geometry":{"type":"LineString","coordinates":[[77.408056,18.45267],[77.408091,18.45268],[77.408083,18.45271],[77.408075,18.452738],[77.408078,18.452766],[77.408078,18.452766]]}},{"type":"Feature","properties":{"sol":667,"len_m":10.0,"date":"2023-01-04"},"geometry":{"type":"LineString","coordinates":[[77.408078,18.452766],[77.408075,18.452732],[77.408162,18.452721],[77.408191,18.452723],[77.4082,18.452724]]}},{"type":"Feature","properties":{"sol":668,"len_m":9.6,"date":"2023-01-04"},"geometry":{"type":"LineString","coordinates":[[77.408081,18.452762],[77.408078,18.45273],[77.408162,18.452719],[77.40819,18.452722],[77.408198,18.452722]]}},{"type":"Feature","properties":{"sol":670,"len_m":8.0,"date":"2023-01-07"},"geometry":{"type":"LineString","coordinates":[[77.4082,18.452724],[77.408236,18.452727],[77.408245,18.452777],[77.408244,18.452805],[77.408244,18.452813]]}},{"type":"Feature","properties":{"sol":674,"len_m":8.4,"date":"2023-01-11"},"geometry":{"type":"LineString","coordinates":[[77.408244,18.452813],[77.408245,18.452779],[77.408295,18.452744],[77.40832,18.452734],[77.408336,18.452728]]}},{"type":"Feature","properties":{"sol":678,"len_m":21.8,"date":"2023-01-15"},"geometry":{"type":"LineString","coordinates":[[77.408336,18.452728],[77.408369,18.452714],[77.408433,18.452831],[77.408445,18.45286],[77.408462,18.452905],[77.408492,18.452974],[77.408505,18.453005],[77.408505,18.453005]]}},{"type":"Feature","properties":{"sol":681,"len_m":15.8,"date":"2023-01-18"},"geometry":{"type":"LineString","coordinates":[[77.408505,18.453005],[77.408491,18.452973],[77.408591,18.452975],[77.408618,18.452975],[77.408609,18.453025],[77.408602,18.453057],[77.408601,18.453066]]}},{"type":"Feature","properties":{"sol":684,"len_m":20.6,"date":"2023-01-21"},"geometry":{"type":"LineString","coordinates":[[77.408601,18.453066],[77.408595,18.453099],[77.408496,18.45321],[77.408473,18.453231],[77.408453,18.45333],[77.40845,18.453357],[77.408448,18.453365]]}},{"type":"Feature","properties":{"sol":686,"len_m":0.4,"date":"2023-01-24"},"geometry":{"type":"LineString","coordinates":[[77.408448,18.453365],[77.408447,18.453372]]}},{"type":"Feature","properties":{"sol":693,"len_m":47.8,"date":"2023-01-31"},"geometry":{"type":"LineString","coordinates":[[77.408447,18.453372],[77.40844,18.453406],[77.408438,18.453553],[77.408438,18.453585],[77.408439,18.453718],[77.408439,18.453777],[77.408443,18.45391],[77.408444,18.453944],[77.408445,18.453977],[77.408446,18.454043],[77.408447,18.454076],[77.408447,18.45411],[77.408448,18.454143],[77.408448,18.454176]]}},{"type":"Feature","properties":{"sol":694,"len_m":184.7,"date":"2023-02-01"},"geometry":{"type":"LineString","coordinates":[[77.408448,18.454176],[77.408451,18.454294],[77.408452,18.454328],[77.408454,18.454395],[77.408455,18.454429],[77.408455,18.454463],[77.408457,18.454497],[77.408458,18.454531],[77.408459,18.454565],[77.408458,18.454598],[77.408457,18.454632],[77.408454,18.454665],[77.40845,18.454699],[77.408447,18.454732],[77.408443,18.454766],[77.408439,18.454799],[77.408435,18.454833],[77.408431,18.454866],[77.408427,18.4549],[77.408423,18.454933],[77.408419,18.454967],[77.408415,18.455],[77.408411,18.455034],[77.408407,18.455067],[77.408403,18.455101],[77.408398,18.455135],[77.408394,18.455168],[77.40839,18.455202],[77.408386,18.455235],[77.408381,18.455268],[77.408377,18.455302],[77.408373,18.455335],[77.408368,18.455368],[77.408363,18.455402],[77.408358,18.455435],[77.408378,18.455515],[77.408391,18.455547],[77.408421,18.455626],[77.408429,18.455658],[77.408437,18.455691],[77.408445,18.455723],[77.408453,18.455756],[77.40846,18.455789],[77.408468,18.455821],[77.408484,18.455886],[77.408488,18.455919],[77.408488,18.455951],[77.408487,18.456015],[77.408488,18.456048],[77.408489,18.45608],[77.408499,18.456163],[77.408504,18.456195],[77.408513,18.456245],[77.408508,18.456323],[77.408522,18.456384],[77.408529,18.456413],[77.408544,18.456526],[77.408553,18.456574],[77.408558,18.456605],[77.408565,18.456638],[77.408572,18.45667],[77.408579,18.456702],[77.408588,18.456734],[77.4086,18.456765],[77.408615,18.456795],[77.40863,18.456823],[77.408646,18.456853],[77.408661,18.456883],[77.408676,18.456913],[77.408698,18.456976],[77.408708,18.457008],[77.408719,18.457038],[77.408729,18.457069],[77.40874,18.4571],[77.408751,18.457131],[77.408762,18.457162],[77.408773,18.457194],[77.408784,18.457224],[77.408784,18.457224]]}},{"type":"Feature","properties":{"sol":695,"len_m":10.1,"date":"2023-02-02"},"geometry":{"type":"LineString","coordinates":[[77.408784,18.457224],[77.408797,18.45732],[77.408801,18.457356],[77.408804,18.45739],[77.408804,18.457391]]}},{"type":"Feature","properties":{"sol":698,"len_m":44.1,"date":"2023-02-05"},"geometry":{"type":"LineString","coordinates":[[77.408804,18.457391],[77.408838,18.457513],[77.408849,18.45754],[77.408886,18.457638],[77.408798,18.457745],[77.408782,18.457765],[77.408666,18.457845],[77.408641,18.45786],[77.40863,18.457887],[77.408641,18.457943],[77.408643,18.457968],[77.408643,18.457964]]}},{"type":"Feature","properties":{"sol":700,"len_m":12.9,"date":"2023-02-07"},"geometry":{"type":"LineString","coordinates":[[77.408643,18.457964],[77.408724,18.458017],[77.408758,18.458089],[77.408763,18.458109]]}},{"type":"Feature","properties":{"sol":702,"len_m":8.5,"date":"2023-02-09"},"geometry":{"type":"LineString","coordinates":[[77.408763,18.458109],[77.408707,18.45819],[77.408695,18.458215],[77.408695,18.458214]]}},{"type":"Feature","properties":{"sol":706,"len_m":1.4,"date":"2023-02-13"},"geometry":{"type":"LineString","coordinates":[[77.408695,18.458214],[77.408694,18.458219]]}},{"type":"Feature","properties":{"sol":707,"len_m":36.0,"date":"2023-02-14"},"geometry":{"type":"LineString","coordinates":[[77.408694,18.458219],[77.408749,18.458314],[77.408704,18.458442],[77.408686,18.458468],[77.408621,18.458591],[77.408612,18.458615],[77.408561,18.45862],[77.408474,18.458636],[77.408457,18.458642]]}},{"type":"Feature","properties":{"sol":708,"len_m":185.6,"date":"2023-02-15"},"geometry":{"type":"LineString","coordinates":[[77.408457,18.458642],[77.408354,18.458723],[77.408337,18.458743],[77.408315,18.458769],[77.408291,18.458789],[77.408265,18.458806],[77.408237,18.458824],[77.408209,18.458841],[77.408181,18.458858],[77.408154,18.458877],[77.408127,18.458896],[77.408099,18.458914],[77.40807,18.458932],[77.408042,18.458951],[77.408013,18.458968],[77.407984,18.458984],[77.407954,18.458999],[77.407907,18.459018],[77.407864,18.45904],[77.407834,18.459056],[77.407805,18.459072],[77.407776,18.459089],[77.407746,18.459106],[77.407718,18.459122],[77.407689,18.459138],[77.407661,18.459156],[77.407622,18.459186],[77.407602,18.45924],[77.407581,18.459262],[77.407552,18.45928],[77.407519,18.459291],[77.407488,18.459301],[77.407456,18.459312],[77.407424,18.459323],[77.407391,18.459334],[77.407359,18.459344],[77.407326,18.459354],[77.407292,18.459361],[77.407258,18.459364],[77.407223,18.459367],[77.407188,18.459371],[77.407136,18.459373],[77.407102,18.459374],[77.40705,18.459374],[77.407015,18.459375],[77.406983,18.459378],[77.406953,18.45938],[77.406896,18.459405],[77.406862,18.459435],[77.406835,18.459455],[77.406813,18.459486],[77.406779,18.459508],[77.406735,18.459493],[77.406704,18.459481],[77.406627,18.459489],[77.406601,18.459509],[77.406566,18.45954],[77.406546,18.459564],[77.406527,18.45959],[77.406508,18.459617],[77.40649,18.459644],[77.406477,18.459673],[77.406467,18.459719],[77.406472,18.459763],[77.40649,18.459793],[77.406482,18.459841],[77.406449,18.459873],[77.406407,18.459899],[77.406376,18.459913],[77.406345,18.459925],[77.406314,18.459936],[77.406283,18.459949],[77.406252,18.459961],[77.406222,18.459973],[77.406191,18.459985],[77.40616,18.459995],[77.406127,18.460004],[77.406093,18.460011],[77.406061,18.460021],[77.406017,18.460042],[77.405988,18.460044],[77.405936,18.460044],[77.405904,18.460051],[77.405872,18.460062],[77.405842,18.460075]]}},{"type":"Feature","properties":{"sol":709,"len_m":202.3,"date":"2023-02-16"},"geometry":{"type":"LineString","coordinates":[[77.405842,18.460075],[77.405728,18.460138],[77.405648,18.460183],[77.405593,18.460212],[77.405563,18.460223],[77.405534,18.460232],[77.405503,18.460241],[77.405471,18.46025],[77.405422,18.460264],[77.405389,18.460274],[77.405357,18.460283],[77.405305,18.460317],[77.405285,18.460354],[77.405269,18.460378],[77.405245,18.460398],[77.405203,18.460425],[77.405175,18.460442],[77.405148,18.460458],[77.405107,18.460482],[77.405078,18.460499],[77.405054,18.460516],[77.40502,18.460569],[77.405008,18.460593],[77.404996,18.460618],[77.404969,18.460669],[77.404955,18.460695],[77.404939,18.460722],[77.404915,18.460781],[77.404905,18.460826],[77.404881,18.460901],[77.404862,18.460927],[77.404838,18.460949],[77.404812,18.46097],[77.404786,18.460991],[77.404762,18.461013],[77.404741,18.461037],[77.404723,18.461063],[77.404707,18.461092],[77.404693,18.461121],[77.404679,18.461149],[77.40467,18.461177],[77.404629,18.461226],[77.40457,18.461261],[77.404538,18.461273],[77.404504,18.461282],[77.404471,18.461291],[77.404437,18.461299],[77.404383,18.461305],[77.404348,18.461307],[77.404313,18.461305],[77.404244,18.461304],[77.404211,18.461305],[77.404177,18.461306],[77.404091,18.461317],[77.404058,18.461327],[77.404025,18.461338],[77.403991,18.461348],[77.403958,18.461359],[77.403925,18.461369],[77.403892,18.46138],[77.40386,18.46139],[77.403827,18.4614],[77.403793,18.46141],[77.40376,18.46142],[77.403728,18.46143],[77.403695,18.46144],[77.403662,18.461449],[77.40363,18.461457],[77.403597,18.461466],[77.403534,18.461486],[77.403501,18.461496],[77.403469,18.461506],[77.403437,18.461515],[77.403405,18.461526],[77.403375,18.461536],[77.403342,18.461547],[77.40331,18.461558],[77.403279,18.461568],[77.403249,18.46158],[77.403219,18.461592],[77.403188,18.461605],[77.403157,18.461615],[77.403125,18.461623],[77.403093,18.461632],[77.403061,18.461642],[77.40303,18.461653],[77.403,18.461665],[77.402934,18.461671]]}},{"type":"Feature","properties":{"sol":713,"len_m":173.2,"date":"2023-02-20"},"geometry":{"type":"LineString","coordinates":[[77.402934,18.461671],[77.403009,18.461775],[77.403028,18.461802],[77.403018,18.461832],[77.403008,18.461862],[77.402996,18.461902],[77.402991,18.461933],[77.402997,18.46196],[77.403004,18.461989],[77.403016,18.462054],[77.403023,18.462085],[77.403031,18.462117],[77.403039,18.462149],[77.403047,18.46218],[77.403059,18.46221],[77.403081,18.462236],[77.40312,18.46229],[77.403128,18.46232],[77.403132,18.462353],[77.403129,18.462385],[77.403165,18.462389],[77.403246,18.462405],[77.403231,18.46249],[77.403212,18.462517],[77.403193,18.462545],[77.403174,18.462573],[77.403155,18.462601],[77.403136,18.462628],[77.403117,18.462657],[77.403099,18.462684],[77.403079,18.462712],[77.403061,18.462739],[77.403043,18.462767],[77.403025,18.462795],[77.403006,18.462822],[77.402988,18.46285],[77.40297,18.462877],[77.402953,18.462904],[77.402935,18.462931],[77.402916,18.462959],[77.402898,18.462986],[77.40288,18.463013],[77.402862,18.46304],[77.402843,18.463068],[77.402825,18.463095],[77.402808,18.463123],[77.402791,18.463149],[77.402773,18.463176],[77.402755,18.463203],[77.402735,18.463226],[77.402713,18.463249],[77.402689,18.46327],[77.402655,18.463303],[77.402618,18.463334],[77.402592,18.46335],[77.402566,18.463368],[77.402541,18.463389],[77.402506,18.463425],[77.402487,18.46345],[77.402468,18.463475],[77.402438,18.463511],[77.402415,18.463536],[77.402393,18.463559],[77.40237,18.463583],[77.402342,18.463621],[77.402323,18.463648],[77.402307,18.463675],[77.402292,18.463703],[77.402276,18.463732],[77.402259,18.463761],[77.402242,18.463788],[77.402225,18.463816],[77.402207,18.463845],[77.402189,18.463873],[77.402172,18.463902],[77.402148,18.463945],[77.402132,18.463974],[77.402116,18.464004],[77.402102,18.464032],[77.402097,18.46404]]}},{"type":"Feature","properties":{"sol":714,"len_m":159.4,"date":"2023-02-21"},"geometry":{"type":"LineString","coordinates":[[77.402097,18.46404],[77.402108,18.464175],[77.402109,18.464208],[77.402104,18.464317],[77.402102,18.464351],[77.4021,18.464401],[77.402099,18.464435],[77.402095,18.464485],[77.402093,18.464535],[77.402091,18.464585],[77.40209,18.464619],[77.402051,18.46484],[77.402043,18.464871],[77.402026,18.464945],[77.402002,18.465057],[77.401782,18.465059],[77.401681,18.465043],[77.401629,18.465035],[77.401425,18.464989],[77.401293,18.464951],[77.401244,18.464938],[77.401107,18.464922],[77.401055,18.464926],[77.401021,18.464928],[77.400969,18.464931],[77.400855,18.465097],[77.400831,18.465142],[77.400769,18.465263],[77.400723,18.465353],[77.400708,18.465383],[77.400693,18.465413],[77.400677,18.465444],[77.400638,18.465519]]}},{"type":"Feature","properties":{"sol":715,"len_m":190.8,"date":"2023-02-22"},"geometry":{"type":"LineString","coordinates":[[77.400638,18.465519],[77.400622,18.46555],[77.400607,18.46558],[77.400592,18.46561],[77.400576,18.46564],[77.40056,18.46567],[77.400545,18.4657],[77.400529,18.465731],[77.400514,18.465761],[77.400498,18.465791],[77.400482,18.465822],[77.400467,18.465852],[77.400451,18.465882],[77.400429,18.465928],[77.400418,18.46596],[77.400408,18.465992],[77.400389,18.466075],[77.400387,18.466108],[77.400387,18.466141],[77.400386,18.466175],[77.400385,18.466208],[77.400383,18.466242],[77.400382,18.466275],[77.40038,18.466309],[77.400378,18.466342],[77.400378,18.466375],[77.400378,18.466443],[77.400378,18.466477],[77.400378,18.46651],[77.400378,18.46656],[77.400378,18.466594],[77.400378,18.466627],[77.400378,18.466661],[77.400378,18.466695],[77.400378,18.466728],[77.400379,18.466762],[77.400379,18.466795],[77.400377,18.466828],[77.400374,18.466862],[77.40037,18.466895],[77.400367,18.466928],[77.400363,18.466962],[77.40036,18.466995],[77.400357,18.467028],[77.400353,18.467062],[77.400349,18.467095],[77.400346,18.467129],[77.400342,18.467162],[77.400338,18.467195],[77.400335,18.467229],[77.400331,18.467262],[77.400328,18.467295],[77.400324,18.467329],[77.400321,18.467362],[77.400318,18.467395],[77.40031,18.467428],[77.400301,18.46746],[77.400292,18.467492],[77.400283,18.467524],[77.400274,18.467556],[77.400263,18.467588],[77.400252,18.46762],[77.400241,18.467652],[77.40023,18.467683],[77.400219,18.467715],[77.400209,18.467747],[77.400197,18.467779],[77.400185,18.46781],[77.400172,18.467841],[77.40016,18.467872],[77.400146,18.467902],[77.400129,18.467931],[77.400111,18.46796],[77.400093,18.467989],[77.400076,18.468018],[77.400057,18.468046],[77.400031,18.46809],[77.399997,18.468167],[77.399986,18.468199],[77.399976,18.468231],[77.399967,18.468263],[77.399958,18.468293],[77.399948,18.468326],[77.399939,18.468358],[77.399933,18.468391],[77.399929,18.468424],[77.399924,18.468456],[77.399919,18.468489],[77.399907,18.46852],[77.399894,18.468551],[77.399884,18.468583],[77.399879,18.468606]]}},{"type":"Feature","properties":{"sol":716,"len_m":182.1,"date":"2023-02-23"},"geometry":{"type":"LineString","coordinates":[[77.399879,18.468606],[77.399824,18.468729],[77.399809,18.468758],[77.39978,18.468835],[77.399764,18.468882],[77.399744,18.468928],[77.399733,18.468959],[77.399724,18.468991],[77.39971,18.469039],[77.399701,18.469071],[77.399693,18.469103],[77.399686,18.469135],[77.399682,18.469168],[77.399678,18.469201],[77.39968,18.469235],[77.399684,18.469268],[77.399687,18.469301],[77.399691,18.469334],[77.399695,18.469368],[77.399699,18.469401],[77.399701,18.469468],[77.3997,18.469502],[77.3997,18.469535],[77.3997,18.469568],[77.399699,18.469601],[77.399699,18.469634],[77.399699,18.469667],[77.39969,18.469749],[77.399681,18.469782],[77.399673,18.469814],[77.399656,18.469879],[77.399648,18.469911],[77.399639,18.469943],[77.399621,18.469989],[77.399607,18.47002],[77.399589,18.470049],[77.399562,18.470092],[77.399545,18.47012],[77.399527,18.470149],[77.399509,18.470177],[77.399491,18.470205],[77.399474,18.470234],[77.399459,18.470263],[77.399448,18.470294],[77.399436,18.470325],[77.399424,18.470356],[77.399409,18.470386],[77.399348,18.470437],[77.39933,18.470465],[77.399318,18.470495],[77.399307,18.470526],[77.399297,18.470558],[77.399287,18.470589],[77.399276,18.470621],[77.399265,18.470652],[77.399255,18.470684],[77.399244,18.470715],[77.399234,18.470747],[77.399224,18.470778],[77.399213,18.47081],[77.399203,18.470841],[77.399192,18.470873],[77.399181,18.470905],[77.399171,18.470936],[77.399161,18.470985],[77.399156,18.471018],[77.399151,18.471051],[77.399144,18.471099],[77.399139,18.471132],[77.39911,18.471174],[77.399094,18.471204],[77.399079,18.471233],[77.39907,18.471265],[77.399067,18.471314],[77.399066,18.471348],[77.399065,18.471381],[77.399063,18.471432],[77.399063,18.471466],[77.399063,18.471477]]}},{"type":"Feature","properties":{"sol":717,"len_m":216.5,"date":"2023-02-24"},"geometry":{"type":"LineString","coordinates":[[77.399063,18.471477],[77.399112,18.471603],[77.399142,18.471707],[77.39915,18.47174],[77.399159,18.471789],[77.39916,18.471823],[77.39916,18.471857],[77.399154,18.471889],[77.399127,18.471948],[77.399113,18.471977],[77.399103,18.472009],[77.399097,18.472041],[77.399095,18.472074],[77.399096,18.472107],[77.3991,18.47214],[77.399105,18.472172],[77.399111,18.472204],[77.399117,18.472236],[77.399124,18.47227],[77.399131,18.47232],[77.399131,18.472353],[77.39913,18.472386],[77.399128,18.472436],[77.399123,18.472502],[77.399099,18.472582],[77.399088,18.472613],[77.399078,18.472643],[77.399069,18.472673],[77.399059,18.472704],[77.399049,18.472735],[77.39904,18.472765],[77.399032,18.472796],[77.399025,18.472825],[77.399017,18.472856],[77.399011,18.472886],[77.399003,18.472917],[77.398994,18.472949],[77.398984,18.47298],[77.398975,18.473012],[77.398966,18.473044],[77.398953,18.473075],[77.39894,18.473106],[77.398927,18.473137],[77.398914,18.473169],[77.398902,18.4732],[77.398889,18.473232],[77.398877,18.473264],[77.398864,18.473296],[77.39885,18.473327],[77.398835,18.473358],[77.398821,18.47339],[77.398808,18.47342],[77.398792,18.47345],[77.39875,18.473502],[77.398728,18.473527],[77.398705,18.473552],[77.398671,18.47359],[77.39865,18.473615],[77.398626,18.47364],[77.3986,18.473661],[77.398572,18.47368],[77.398544,18.473699],[77.398516,18.473718],[77.398488,18.473737],[77.398446,18.473765],[77.398418,18.473784],[77.398391,18.473804],[77.398351,18.473833],[77.398323,18.473852],[77.398292,18.473866],[77.398263,18.473882],[77.398218,18.473906],[77.398188,18.473924],[77.398158,18.473942],[77.398115,18.473969],[77.398086,18.473988],[77.398057,18.474006],[77.398028,18.474025],[77.398,18.474044],[77.397971,18.474064],[77.397943,18.474084],[77.397915,18.474104],[77.397887,18.474124],[77.39786,18.474145],[77.397832,18.474165],[77.397804,18.474186],[77.397763,18.474217],[77.397732,18.474233],[77.397701,18.474248],[77.397655,18.474272],[77.397625,18.474287],[77.397594,18.474303],[77.397563,18.474319],[77.397533,18.474335],[77.397502,18.474351],[77.397454,18.474366],[77.397434,18.474369]]}},{"type":"Feature","properties":{"sol":718,"len_m":198.9,"date":"2023-02-25"},"geometry":{"type":"LineString","coordinates":[[77.397434,18.474369],[77.3974,18.474373],[77.397367,18.474377],[77.397299,18.474386],[77.397267,18.474386],[77.397237,18.474391],[77.397207,18.474401],[77.397176,18.47441],[77.397144,18.474418],[77.397112,18.474426],[77.39708,18.474433],[77.397048,18.47444],[77.397015,18.474448],[77.396983,18.474459],[77.396951,18.474469],[77.39692,18.47448],[77.396887,18.47449],[77.396856,18.474501],[77.396821,18.474511],[77.396788,18.474522],[77.396755,18.474533],[77.396721,18.474542],[77.396687,18.474549],[77.396653,18.474555],[77.396618,18.47456],[77.396584,18.474567],[77.39655,18.474573],[77.396517,18.47458],[77.396487,18.474587],[77.396454,18.474594],[77.396421,18.4746],[77.396387,18.474607],[77.396353,18.474613],[77.39632,18.47462],[77.396288,18.474629],[77.396258,18.474642],[77.396228,18.474656],[77.396197,18.474671],[77.396166,18.474685],[77.396136,18.4747],[77.396105,18.474715],[77.396075,18.47473],[77.396045,18.474747],[77.396015,18.474763],[77.395986,18.47478],[77.395956,18.474794],[77.395925,18.47481],[77.395878,18.474831],[77.395829,18.474849],[77.395798,18.47486],[77.395766,18.474872],[77.395735,18.474886],[77.395705,18.474899],[77.395675,18.474914],[77.395645,18.474928],[77.395614,18.474943],[77.395583,18.474958],[77.395552,18.474974],[77.395522,18.47499],[77.395491,18.475005],[77.395444,18.475027],[77.395396,18.47503],[77.395347,18.475039],[77.395317,18.475049],[77.395285,18.47506],[77.395252,18.475072],[77.395187,18.475087],[77.395154,18.475086],[77.39512,18.475083],[77.395088,18.475079],[77.395054,18.475077],[77.395021,18.475076],[77.394988,18.47508],[77.394939,18.475092],[77.394908,18.475101],[77.394874,18.47511],[77.394824,18.475123],[77.394791,18.475132],[77.394759,18.475142],[77.394727,18.475151],[77.394693,18.47516],[77.39466,18.47517],[77.394627,18.47518],[77.394594,18.475191],[77.394562,18.475201],[77.394529,18.475213],[77.394496,18.475224],[77.394447,18.475241],[77.394414,18.475252],[77.394382,18.475264],[77.394349,18.475276],[77.394316,18.475288],[77.394284,18.475301],[77.394252,18.475313],[77.394219,18.475325],[77.394187,18.475337],[77.394154,18.475349],[77.394122,18.475361],[77.394098,18.475371]]}},{"type":"Feature","properties":{"sol":719,"len_m":216.5,"date":"2023-02-26"},"geometry":{"type":"LineString","coordinates":[[77.394098,18.475371],[77.394065,18.475383],[77.394033,18.475396],[77.394002,18.475409],[77.39397,18.475423],[77.393938,18.475437],[77.393906,18.47545],[77.393874,18.475464],[77.393842,18.475478],[77.39381,18.475492],[77.393779,18.475506],[77.393747,18.475521],[77.393717,18.475536],[77.393686,18.475551],[77.393656,18.475566],[77.393625,18.475582],[77.393593,18.475597],[77.393563,18.475613],[77.393531,18.475628],[77.393501,18.475644],[77.393469,18.475659],[77.393438,18.475674],[77.393407,18.47569],[77.393376,18.475705],[77.393344,18.475719],[77.393312,18.475731],[77.393279,18.475743],[77.393246,18.475753],[77.393213,18.47576],[77.393164,18.475763],[77.393131,18.475764],[77.393098,18.475764],[77.393066,18.475763],[77.393033,18.475762],[77.393,18.47576],[77.392966,18.475758],[77.392933,18.475757],[77.3929,18.475756],[77.392866,18.475755],[77.392833,18.475753],[77.392799,18.475753],[77.392767,18.475753],[77.392735,18.475754],[77.392686,18.475755],[77.392653,18.475752],[77.392622,18.475745],[77.392577,18.475732],[77.392545,18.475723],[77.392514,18.475713],[77.392484,18.475704],[77.392452,18.475695],[77.39242,18.475686],[77.392388,18.475678],[77.392356,18.47567],[77.392324,18.475662],[77.392292,18.475654],[77.392261,18.475646],[77.392231,18.475639],[77.392182,18.475636],[77.392149,18.475638],[77.392117,18.47564],[77.392068,18.475641],[77.392034,18.475643],[77.392001,18.475644],[77.391968,18.475645],[77.391935,18.475647],[77.391903,18.475648],[77.391869,18.475648],[77.391835,18.475649],[77.391801,18.47565],[77.391767,18.475652],[77.391733,18.475655],[77.391699,18.475658],[77.391664,18.47566],[77.391629,18.475662],[77.391595,18.475664],[77.39156,18.475666],[77.391507,18.475666],[77.391472,18.475663],[77.391438,18.475659],[77.391385,18.475653],[77.39135,18.475648],[77.391315,18.475644],[77.39128,18.47564],[77.391245,18.475636],[77.39121,18.475632],[77.391176,18.475628],[77.391141,18.475625],[77.391106,18.475622],[77.391072,18.475619],[77.391037,18.475616],[77.391002,18.475613],[77.390968,18.475611],[77.390933,18.475609],[77.390898,18.475606],[77.390863,18.475603],[77.390795,18.475605],[77.39076,18.47561],[77.390726,18.475615],[77.390692,18.47562],[77.390658,18.475625],[77.390623,18.47563],[77.390589,18.475634],[77.390554,18.475639],[77.39052,18.475643],[77.390486,18.475644],[77.390451,18.475644],[77.390416,18.475644],[77.390382,18.475645],[77.390367,18.475636]]}},{"type":"Feature","properties":{"sol":721,"len_m":134.4,"date":"2023-02-28"},"geometry":{"type":"LineString","coordinates":[[77.390367,18.475636],[77.390281,18.475637],[77.390237,18.47577],[77.390236,18.475804],[77.390226,18.475929],[77.390183,18.476],[77.390104,18.47602],[77.390071,18.47601],[77.390025,18.475988],[77.389998,18.475969],[77.389958,18.475935],[77.389924,18.4759],[77.389907,18.47587],[77.389894,18.47584],[77.389883,18.47581],[77.389874,18.475778],[77.389865,18.475746],[77.389856,18.475715],[77.389848,18.475683],[77.38984,18.475651],[77.389832,18.47562],[77.389827,18.475588],[77.389822,18.475557],[77.389816,18.475524],[77.38981,18.475493],[77.389804,18.475462],[77.389797,18.47543],[77.389793,18.475398],[77.389789,18.475365],[77.389786,18.475336],[77.389784,18.475304],[77.389781,18.475271],[77.389775,18.475223],[77.389771,18.475191],[77.389772,18.475143],[77.389777,18.47511],[77.389784,18.475079],[77.389791,18.475048],[77.389797,18.475015],[77.389803,18.474983],[77.38981,18.474951],[77.389816,18.474919],[77.389822,18.474888],[77.389827,18.474856],[77.389828,18.474823],[77.389829,18.47479],[77.389828,18.474741],[77.389823,18.474708],[77.389819,18.474679],[77.389813,18.474632],[77.389814,18.474585],[77.389814,18.474552],[77.389815,18.474502],[77.389816,18.474471],[77.389816,18.474442]]}},{"type":"Feature","properties":{"sol":726,"len_m":0.0,"date":"2023-03-06"},"geometry":{"type":"LineString","coordinates":[[77.389816,18.474442]]}},{"type":"Feature","properties":{"sol":727,"len_m":0.0,"date":"2023-03-07"},"geometry":{"type":"LineString","coordinates":[[77.389816,18.474442]]}},{"type":"Feature","properties":{"sol":731,"len_m":287.5,"date":"2023-03-11"},"geometry":{"type":"LineString","coordinates":[[77.389816,18.474442],[77.389814,18.474473],[77.389675,18.474516],[77.38964,18.474513],[77.389607,18.474508],[77.389571,18.47451],[77.389537,18.474519],[77.389505,18.474495],[77.389471,18.474486],[77.389435,18.47448],[77.389402,18.474478],[77.389366,18.47448],[77.38933,18.474485],[77.389296,18.474493],[77.389263,18.474506],[77.389231,18.47452],[77.389183,18.474542],[77.389137,18.474567],[77.389104,18.474582],[77.389071,18.474594],[77.389038,18.474602],[77.389002,18.474607],[77.388967,18.47461],[77.388914,18.474614],[77.388862,18.47461],[77.388825,18.474608],[77.388771,18.47461],[77.388735,18.474608],[77.388708,18.474631],[77.388677,18.474648],[77.388645,18.474661],[77.388612,18.474673],[77.388578,18.474686],[77.388545,18.474698],[77.388512,18.47471],[77.388479,18.474722],[77.388445,18.474733],[77.388411,18.474742],[77.388378,18.474749],[77.388343,18.474756],[77.388309,18.474763],[77.388274,18.474758],[77.388221,18.474751],[77.388185,18.474747],[77.38815,18.47475],[77.388117,18.474763],[77.388085,18.474777],[77.388051,18.474788],[77.388018,18.474791],[77.387964,18.474793],[77.38793,18.474798],[77.387878,18.474808],[77.387843,18.474814],[77.387808,18.47482],[77.387773,18.474824],[77.387738,18.474828],[77.387712,18.474803],[77.387678,18.474797],[77.387643,18.474793],[77.387608,18.474793],[77.38756,18.474774],[77.387526,18.474765],[77.387491,18.474761],[77.387456,18.47476],[77.387422,18.474763],[77.38737,18.47477],[77.387335,18.474775],[77.387284,18.474783],[77.38725,18.474788],[77.387215,18.474793],[77.387181,18.474799],[77.387147,18.474804],[77.387113,18.474809],[77.387036,18.47478],[77.387012,18.474759],[77.386977,18.474725],[77.386956,18.474702],[77.386934,18.474679],[77.386911,18.474654],[77.386888,18.474629],[77.386865,18.474604],[77.386842,18.474579],[77.386819,18.474554],[77.386796,18.474528],[77.386774,18.474503],[77.386753,18.474476],[77.386735,18.47445],[77.386718,18.474422],[77.386694,18.474379],[77.386681,18.474348],[77.386673,18.474316],[77.386667,18.474284],[77.386661,18.474251],[77.386655,18.474219],[77.38665,18.474187],[77.386644,18.474156],[77.38664,18.474126],[77.386639,18.474096],[77.386638,18.474064],[77.386637,18.474031],[77.386636,18.473999],[77.386635,18.473967],[77.386637,18.473934],[77.386653,18.473889],[77.386667,18.473858],[77.386675,18.473809],[77.386674,18.473776],[77.386674,18.473743],[77.386673,18.473692],[77.386672,18.473659],[77.386673,18.473627],[77.386678,18.473594],[77.386685,18.473562],[77.386692,18.473531],[77.386698,18.473499],[77.386706,18.473466],[77.386713,18.473434],[77.386721,18.473402],[77.386728,18.47337],[77.386735,18.473337],[77.386742,18.473306],[77.386749,18.473273],[77.386755,18.473241],[77.386761,18.47321],[77.386769,18.47316],[77.386774,18.473128],[77.386779,18.473096],[77.386766,18.473019],[77.386756,18.472972],[77.386752,18.47294],[77.386751,18.472929]]}},{"type":"Feature","properties":{"sol":732,"len_m":291.5,"date":"2023-03-12"},"geometry":{"type":"LineString","coordinates":[[77.386751,18.472929],[77.386744,18.472896],[77.386734,18.472864],[77.386721,18.472834],[77.3867,18.472809],[77.386671,18.472792],[77.386644,18.472775],[77.386635,18.472697],[77.386641,18.472664],[77.386658,18.472617],[77.386676,18.47257],[77.386688,18.47254],[77.386706,18.472493],[77.386718,18.472446],[77.386726,18.472413],[77.386734,18.472381],[77.386742,18.472348],[77.386749,18.472316],[77.386757,18.472284],[77.386765,18.472251],[77.386774,18.47222],[77.386783,18.47219],[77.386793,18.472157],[77.386803,18.472125],[77.386813,18.472093],[77.386822,18.472062],[77.386832,18.472031],[77.386842,18.472],[77.386851,18.47197],[77.38686,18.471938],[77.386869,18.471906],[77.386877,18.471874],[77.386886,18.471842],[77.386895,18.47181],[77.386903,18.471779],[77.386912,18.471748],[77.386922,18.471715],[77.386931,18.471684],[77.38694,18.471652],[77.386949,18.471621],[77.386958,18.471589],[77.386967,18.471559],[77.386976,18.47153],[77.386983,18.4715],[77.386987,18.471469],[77.386985,18.471439],[77.386977,18.471411],[77.386997,18.471387],[77.387041,18.471341],[77.387067,18.471326],[77.387091,18.471302],[77.387108,18.471276],[77.387129,18.471231],[77.387137,18.471183],[77.387127,18.471152],[77.38711,18.471123],[77.38709,18.471097],[77.387068,18.471073],[77.387042,18.47105],[77.387014,18.471032],[77.386986,18.471012],[77.386961,18.470992],[77.386935,18.470972],[77.38691,18.470952],[77.386884,18.470932],[77.386859,18.470912],[77.386833,18.470892],[77.386807,18.470871],[77.386782,18.470851],[77.386754,18.470829],[77.386729,18.47081],[77.386702,18.470789],[77.386675,18.470769],[77.38665,18.470749],[77.386623,18.470729],[77.386595,18.47071],[77.386566,18.470695],[77.386546,18.470669],[77.386523,18.470646],[77.386498,18.470624],[77.386474,18.470603],[77.38643,18.470577],[77.386398,18.470568],[77.386366,18.470561],[77.386317,18.470553],[77.386267,18.470547],[77.386235,18.470542],[77.386185,18.470537],[77.386152,18.470534],[77.386119,18.470531],[77.386086,18.470528],[77.386053,18.470527],[77.386022,18.470526],[77.385989,18.470525],[77.385957,18.470527],[77.385925,18.470533],[77.385895,18.470539],[77.385848,18.470551],[77.385804,18.470561],[77.385758,18.470571],[77.385727,18.470578],[77.385681,18.470585],[77.385649,18.470588],[77.385617,18.470589],[77.385584,18.47059],[77.385552,18.47059],[77.38552,18.470592],[77.385489,18.470592],[77.385458,18.470593],[77.385425,18.470595],[77.385391,18.470596],[77.385359,18.470596],[77.38531,18.470596],[77.385277,18.470597],[77.385243,18.470598],[77.38521,18.470601],[77.385177,18.470604],[77.385144,18.470607],[77.385096,18.470614],[77.385047,18.470618],[77.385013,18.470619],[77.38498,18.470622],[77.384946,18.470624],[77.384912,18.470626],[77.384862,18.470626],[77.38481,18.470614],[77.384776,18.470605],[77.384743,18.470595],[77.384711,18.470581],[77.38468,18.470566],[77.384649,18.470552],[77.384618,18.470537],[77.384587,18.470522],[77.384556,18.470507],[77.384525,18.470491],[77.384496,18.470476],[77.384465,18.47046],[77.384435,18.470445],[77.384405,18.470429],[77.384374,18.470413],[77.384344,18.470396],[77.384314,18.47038],[77.384292,18.470368]]}},{"type":"Feature","properties":{"sol":736,"len_m":21.4,"date":"2023-03-16"},"geometry":{"type":"LineString","coordinates":[[77.384292,18.470368],[77.384194,18.470279],[77.384108,18.4702],[77.384079,18.470195],[77.384022,18.470205],[77.383988,18.470212]]}},{"type":"Feature","properties":{"sol":753,"len_m":328.7,"date":"2023-04-02"},"geometry":{"type":"LineString","coordinates":[[77.383988,18.470212],[77.384023,18.470206],[77.383964,18.470328],[77.38395,18.470358],[77.383926,18.47042],[77.383909,18.470468],[77.383897,18.470499],[77.383885,18.47053],[77.383873,18.470562],[77.383863,18.470594],[77.383853,18.470626],[77.383842,18.470658],[77.383831,18.47069],[77.383821,18.47072],[77.383811,18.470753],[77.3838,18.470784],[77.38379,18.470815],[77.383779,18.470847],[77.38377,18.470878],[77.38376,18.47091],[77.38375,18.470941],[77.38374,18.470972],[77.383663,18.471007],[77.38363,18.471014],[77.383579,18.471022],[77.383546,18.471027],[77.383512,18.471032],[77.383426,18.471037],[77.383391,18.47103],[77.383359,18.471018],[77.383299,18.470981],[77.383261,18.470948],[77.3832,18.470913],[77.383168,18.470903],[77.383134,18.470897],[77.383064,18.470895],[77.383028,18.470896],[77.382993,18.470896],[77.38294,18.47089],[77.382905,18.470886],[77.38287,18.470885],[77.38282,18.47089],[77.382787,18.470897],[77.382752,18.470907],[77.382719,18.470916],[77.382685,18.470926],[77.382652,18.470934],[77.382617,18.470936],[77.382583,18.470934],[77.382496,18.470933],[77.382461,18.470933],[77.382408,18.470932],[77.382373,18.470931],[77.382337,18.470933],[77.382305,18.470936],[77.382269,18.47094],[77.382234,18.470945],[77.382199,18.470949],[77.382165,18.470955],[77.38213,18.470959],[77.382096,18.470965],[77.382046,18.470973],[77.381977,18.470965],[77.381893,18.470984],[77.381844,18.470995],[77.381731,18.470929],[77.381666,18.470918],[77.381569,18.470937],[77.38147,18.470959],[77.381421,18.470977],[77.381319,18.47104],[77.38128,18.47113],[77.381254,18.47115],[77.381143,18.47123],[77.381008,18.471222],[77.380895,18.471178],[77.380833,18.471149],[77.380792,18.471113],[77.380702,18.471071],[77.380572,18.471042],[77.380515,18.470981],[77.380485,18.470943],[77.380465,18.470917],[77.380404,18.470839],[77.380351,18.470775],[77.380323,18.470736],[77.380293,18.470685],[77.38019,18.47062],[77.380162,18.470614],[77.380064,18.4706],[77.38,18.47059],[77.379937,18.470578],[77.379873,18.470566],[77.379827,18.470557],[77.379734,18.470539],[77.379696,18.470532],[77.379649,18.470524],[77.379593,18.470506],[77.379519,18.470473],[77.379491,18.470457],[77.3794,18.470417],[77.379368,18.470407],[77.379322,18.470389],[77.379312,18.470388]]}},{"type":"Feature","properties":{"sol":755,"len_m":130.7,"date":"2023-04-04"},"geometry":{"type":"LineString","coordinates":[[77.379312,18.470388],[77.379235,18.4705],[77.379191,18.47054],[77.3791,18.470587],[77.37907,18.470601],[77.379039,18.470615],[77.379008,18.47063],[77.378976,18.470642],[77.378941,18.470642],[77.37891,18.470644],[77.378878,18.470652],[77.37881,18.470697],[77.378784,18.470717],[77.378757,18.470736],[77.378715,18.470763],[77.378639,18.47076],[77.378556,18.470781],[77.378525,18.470793],[77.378477,18.470811],[77.378431,18.470831],[77.378403,18.470847],[77.378359,18.47087],[77.378331,18.470887],[77.378307,18.470908],[77.378292,18.470936],[77.378279,18.470964],[77.378266,18.470992],[77.378248,18.471017],[77.378226,18.471037],[77.378199,18.471054],[77.378171,18.471069],[77.378141,18.471081],[77.378111,18.471092],[77.378081,18.471105],[77.378051,18.471118],[77.378022,18.471132],[77.377992,18.471148],[77.377962,18.471163],[77.377933,18.471179],[77.377906,18.471194],[77.377879,18.471211],[77.377852,18.471228],[77.377825,18.471245],[77.377796,18.471263],[77.377768,18.471281],[77.377739,18.471299],[77.377696,18.471321],[77.377665,18.471333],[77.377636,18.471345],[77.377606,18.471355],[77.377574,18.471368],[77.377525,18.471386],[77.377496,18.471393],[77.377464,18.471385],[77.377434,18.47137],[77.377403,18.471354],[77.377371,18.471346],[77.377371,18.471346]]}},{"type":"Feature","properties":{"sol":759,"len_m":218.8,"date":"2023-04-08"},"geometry":{"type":"LineString","coordinates":[[77.377371,18.471346],[77.377407,18.471344],[77.377442,18.47134],[77.377544,18.471352],[77.377655,18.471347],[77.377686,18.471331],[77.377718,18.471319],[77.377752,18.471309],[77.377822,18.471309],[77.377884,18.471337],[77.377927,18.471364],[77.377955,18.471383],[77.377983,18.471401],[77.378025,18.47143],[77.378054,18.471449],[77.378084,18.471465],[77.378116,18.471479],[77.378149,18.471492],[77.37818,18.471506],[77.378213,18.47152],[77.378246,18.471535],[77.378294,18.471555],[77.378323,18.471572],[77.378353,18.471589],[77.37842,18.471641],[77.378444,18.471664],[77.378468,18.471688],[77.378506,18.47172],[77.378521,18.471763],[77.378552,18.471849],[77.378579,18.471868],[77.378648,18.471915],[77.378678,18.471931],[77.378709,18.471944],[77.378741,18.471955],[77.378771,18.47197],[77.378797,18.471991],[77.378816,18.472017],[77.378855,18.472068],[77.37888,18.472091],[77.378906,18.472112],[77.378932,18.472134],[77.378958,18.472156],[77.378983,18.472177],[77.379056,18.472268],[77.379084,18.472309],[77.379104,18.472336],[77.379123,18.472364],[77.379142,18.472392],[77.379161,18.47242],[77.37918,18.472448],[77.379198,18.472474],[77.379219,18.472502],[77.379255,18.47256],[77.37927,18.472589],[77.379285,18.472619],[77.3793,18.472649],[77.379314,18.472679],[77.379329,18.47271],[77.379342,18.472741],[77.379357,18.472789],[77.379366,18.47282],[77.379376,18.472852],[77.379394,18.472898],[77.379406,18.47293],[77.379419,18.472961],[77.379433,18.472992],[77.379448,18.473023],[77.379462,18.473053],[77.379476,18.473083],[77.379491,18.473114],[77.379505,18.473144],[77.379519,18.473174],[77.379534,18.473204],[77.379548,18.473233],[77.379563,18.473263],[77.379577,18.473293],[77.379592,18.473323],[77.379607,18.473353],[77.379621,18.473383],[77.379636,18.473413],[77.37966,18.473456],[77.379686,18.4735],[77.37971,18.473544],[77.379716,18.473576],[77.379718,18.473607],[77.379748,18.473627],[77.379783,18.473631],[77.379816,18.473639],[77.379848,18.473652],[77.379876,18.47367],[77.379889,18.473682]]}},{"type":"Feature","properties":{"sol":762,"len_m":217.7,"date":"2023-04-12"},"geometry":{"type":"LineString","coordinates":[[77.379889,18.473682],[77.379916,18.47366],[77.379936,18.473642],[77.37988,18.473582],[77.379776,18.473468],[77.379732,18.473358],[77.37969,18.473246],[77.379679,18.473214],[77.379658,18.473157],[77.379576,18.472973],[77.379551,18.47291],[77.379497,18.47279],[77.379465,18.472753],[77.379248,18.472779],[77.379103,18.472845],[77.379058,18.472869],[77.378982,18.472908],[77.378891,18.472956],[77.378861,18.472972],[77.378802,18.473003],[77.378527,18.473192],[77.378439,18.473265],[77.378253,18.473379],[77.378147,18.473429],[77.378055,18.473471],[77.377933,18.473526],[77.377842,18.473572],[77.377767,18.473611],[77.377677,18.473658],[77.377589,18.473705],[77.377459,18.473761],[77.377414,18.473784],[77.377343,18.473822],[77.377302,18.473847],[77.377213,18.473894],[77.377117,18.473924],[77.37705,18.473931]]}},{"type":"Feature","properties":{"sol":763,"len_m":219.2,"date":"2023-04-13"},"geometry":{"type":"LineString","coordinates":[[77.37705,18.473931],[77.376966,18.473983],[77.376847,18.473971],[77.37674,18.473971],[77.376691,18.473981],[77.376629,18.473997],[77.376598,18.474006],[77.376567,18.474019],[77.376536,18.474032],[77.376506,18.474045],[77.376475,18.474058],[77.376443,18.47407],[77.376412,18.474082],[77.37638,18.474093],[77.376348,18.474102],[77.376315,18.474111],[77.376281,18.474121],[77.376248,18.47413],[77.376216,18.474139],[77.376183,18.474149],[77.37615,18.474157],[77.376117,18.474165],[77.376084,18.474174],[77.376052,18.474182],[77.376018,18.47419],[77.375986,18.474197],[77.375953,18.474204],[77.37592,18.47421],[77.375887,18.474218],[77.375839,18.474233],[77.375797,18.474246],[77.375765,18.474258],[77.375734,18.474271],[77.375704,18.474284],[77.375673,18.474297],[77.375645,18.474312],[77.37561,18.474345],[77.375589,18.474369],[77.375571,18.474395],[77.375535,18.474414],[77.375507,18.474421],[77.375481,18.474428],[77.375436,18.474445],[77.375407,18.474457],[77.375381,18.474468],[77.375356,18.474483],[77.375332,18.474502],[77.375305,18.474533],[77.37527,18.474569],[77.375209,18.474631],[77.375188,18.474651],[77.375167,18.474671],[77.375144,18.474693],[77.375122,18.474714],[77.375099,18.474736],[77.375078,18.474757],[77.375056,18.474779],[77.375033,18.474801],[77.37501,18.474823],[77.374985,18.474844],[77.37496,18.474865],[77.374934,18.474886],[77.374909,18.474909],[77.374882,18.474929],[77.374853,18.474943],[77.374825,18.474954],[77.374796,18.474966],[77.374766,18.474978],[77.374737,18.474994],[77.374706,18.475009],[77.374678,18.475022],[77.374647,18.475034],[77.374616,18.475045],[77.374585,18.47506],[77.374542,18.475085],[77.374512,18.475102],[77.374482,18.475118],[77.374452,18.475134],[77.37439,18.475163],[77.374359,18.475176],[77.374328,18.475187],[77.374297,18.475199],[77.374265,18.475211],[77.374232,18.475222],[77.374201,18.475231],[77.374171,18.475242],[77.374139,18.475257],[77.374107,18.475271],[77.374075,18.475286],[77.374043,18.475301],[77.374011,18.475315],[77.373979,18.475329],[77.373947,18.475343],[77.373915,18.475357],[77.373883,18.475372],[77.37385,18.475386],[77.373819,18.4754],[77.373787,18.475413],[77.373754,18.475427],[77.373723,18.475442],[77.373695,18.47546],[77.373652,18.475489],[77.373643,18.475497]]}},{"type":"Feature","properties":{"sol":764,"len_m":166.3,"date":"2023-04-14"},"geometry":{"type":"LineString","coordinates":[[77.373643,18.475497],[77.37355,18.47554],[77.373526,18.475551],[77.373495,18.475567],[77.373452,18.47559],[77.373408,18.47561],[77.373362,18.475633],[77.373333,18.475648],[77.373302,18.475663],[77.373255,18.475687],[77.373225,18.475703],[77.373196,18.47572],[77.373167,18.475738],[77.373124,18.475807],[77.373121,18.475838],[77.373078,18.475904],[77.373056,18.475927],[77.373016,18.47596],[77.37299,18.47598],[77.372963,18.476002],[77.372936,18.476023],[77.372909,18.476044],[77.372881,18.476066],[77.372855,18.476087],[77.372829,18.476109],[77.372802,18.47613],[77.372775,18.476152],[77.372748,18.476173],[77.372721,18.476195],[77.372694,18.476217],[77.372668,18.476239],[77.372641,18.476261],[77.372615,18.476283],[77.372588,18.476305],[77.372562,18.476328],[77.372536,18.47635],[77.372509,18.476373],[77.372483,18.476395],[77.372456,18.476417],[77.37243,18.476439],[77.372404,18.476461],[77.372377,18.476483],[77.372351,18.476505],[77.372325,18.476527],[77.372299,18.476549],[77.372268,18.476565],[77.372236,18.476573],[77.372202,18.476582],[77.37217,18.476595],[77.372139,18.476609],[77.372091,18.476619],[77.372057,18.476623],[77.372023,18.47663],[77.37199,18.476638],[77.371926,18.476653],[77.371894,18.476657],[77.371825,18.476693],[77.371795,18.476708],[77.371766,18.476724],[77.371727,18.47675],[77.371703,18.476772],[77.371682,18.476797],[77.371662,18.476823],[77.371642,18.47685],[77.371623,18.476876],[77.371604,18.476904],[77.371583,18.47693],[77.37156,18.476952],[77.371534,18.476972],[77.371508,18.476993],[77.371482,18.477014],[77.371447,18.477043],[77.371392,18.477014],[77.37136,18.477008],[77.371323,18.477013],[77.371323,18.477013]]}},{"type":"Feature","properties":{"sol":765,"len_m":166.8,"date":"2023-04-15"},"geometry":{"type":"LineString","coordinates":[[77.371323,18.477013],[77.371242,18.477119],[77.371209,18.477159],[77.371184,18.477182],[77.371174,18.477213],[77.371129,18.477283],[77.371106,18.477306],[77.37108,18.477329],[77.371055,18.477351],[77.371031,18.477373],[77.370987,18.477394],[77.370922,18.47741],[77.370891,18.477418],[77.370857,18.477428],[77.370781,18.477459],[77.370751,18.477472],[77.370704,18.477493],[77.370672,18.477507],[77.37064,18.477521],[77.370609,18.477535],[77.370577,18.477549],[77.370547,18.477562],[77.370517,18.477575],[77.370488,18.477591],[77.370441,18.477635],[77.370421,18.477659],[77.3704,18.477684],[77.370381,18.477708],[77.37036,18.477734],[77.37034,18.47776],[77.370316,18.477784],[77.370291,18.477808],[77.370265,18.47783],[77.370239,18.477854],[77.370214,18.477877],[77.370188,18.477901],[77.370163,18.477923],[77.370137,18.477946],[77.370111,18.477968],[77.370084,18.477991],[77.370058,18.478013],[77.370031,18.478035],[77.370005,18.478057],[77.36998,18.478078],[77.369954,18.4781],[77.369927,18.478123],[77.369902,18.478146],[77.369861,18.4782],[77.369844,18.478229],[77.369827,18.478259],[77.369808,18.478287],[77.369787,18.478314],[77.369766,18.478341],[77.369746,18.478368],[77.369726,18.478395],[77.369706,18.478422],[77.36968,18.478466],[77.369667,18.478496],[77.369661,18.478529],[77.369653,18.478577],[77.369648,18.47861],[77.369641,18.478643],[77.369635,18.478675],[77.369628,18.478707],[77.369622,18.478739],[77.369616,18.478771],[77.369609,18.478804],[77.369595,18.478853],[77.369584,18.478885],[77.369574,18.478916],[77.369556,18.478963],[77.369541,18.478993],[77.369526,18.479024],[77.369511,18.479054],[77.369507,18.479061]]}},{"type":"Feature","properties":{"sol":766,"len_m":57.2,"date":"2023-04-16"},"geometry":{"type":"LineString","coordinates":[[77.369507,18.479061],[77.369493,18.479091],[77.369478,18.479122],[77.369463,18.479152],[77.369448,18.479182],[77.369425,18.479223],[77.369408,18.479253],[77.369391,18.479281],[77.369365,18.479337],[77.369353,18.479367],[77.369363,18.479425],[77.369366,18.479455],[77.369364,18.479487],[77.369363,18.479518],[77.369339,18.479607],[77.369323,18.479635],[77.369298,18.479692],[77.369286,18.479722],[77.369275,18.479751],[77.369253,18.479811],[77.369252,18.479842],[77.369263,18.479885],[77.369281,18.479904],[77.36927,18.479893]]}},{"type":"Feature","properties":{"sol":768,"len_m":100.5,"date":"2023-04-18"},"geometry":{"type":"LineString","coordinates":[[77.36927,18.479893],[77.369246,18.479833],[77.369164,18.479882],[77.369145,18.479907],[77.369099,18.48],[77.368998,18.480103],[77.368937,18.480162],[77.368897,18.480281],[77.368893,18.480362],[77.368894,18.480393],[77.368895,18.480426],[77.368896,18.480457],[77.368898,18.480489],[77.3689,18.480522],[77.368902,18.480554],[77.368903,18.480587],[77.368903,18.48062],[77.368906,18.480653],[77.36891,18.480686],[77.368911,18.480736],[77.368911,18.480768],[77.36891,18.480818],[77.368911,18.480851],[77.368926,18.480917],[77.368935,18.48095],[77.368946,18.480982],[77.368959,18.481013],[77.368972,18.481045],[77.368985,18.481076],[77.368998,18.481106],[77.369012,18.481136],[77.369025,18.481167],[77.369058,18.481225],[77.369081,18.481248],[77.369104,18.481268],[77.369104,18.481268]]}},{"type":"Feature","properties":{"sol":770,"len_m":114.3,"date":"2023-04-20"},"geometry":{"type":"LineString","coordinates":[[77.369104,18.481268],[77.369077,18.481248],[77.369049,18.481228],[77.36902,18.481207],[77.368999,18.481191],[77.368989,18.481291],[77.368977,18.481345],[77.36897,18.481378],[77.368963,18.481411],[77.368956,18.481444],[77.368946,18.481493],[77.36894,18.481527],[77.368934,18.48156],[77.368929,18.481627],[77.36893,18.481661],[77.36893,18.481694],[77.368931,18.481745],[77.36893,18.481779],[77.368926,18.481813],[77.368923,18.481846],[77.36893,18.481895],[77.368935,18.481927],[77.368937,18.48196],[77.368936,18.482011],[77.368936,18.482044],[77.368935,18.482078],[77.368934,18.482112],[77.368934,18.482145],[77.368933,18.482179],[77.368933,18.482212],[77.368932,18.482279],[77.368934,18.48233],[77.368936,18.482363],[77.368944,18.482412],[77.368953,18.482442],[77.368961,18.482474],[77.368968,18.482505],[77.368965,18.482536],[77.368955,18.482565],[77.368939,18.482593],[77.368902,18.482646],[77.368892,18.482676],[77.368894,18.482707],[77.368901,18.482738],[77.368912,18.482769],[77.368924,18.482798],[77.368937,18.482828],[77.36895,18.482857],[77.368965,18.482887],[77.368984,18.482911],[77.369009,18.482931],[77.369008,18.482929]]}},{"type":"Feature","properties":{"sol":775,"len_m":2.5,"date":"2023-04-25"},"geometry":{"type":"LineString","coordinates":[[77.369008,18.482929],[77.368996,18.482904],[77.369004,18.482912]]}},{"type":"Feature","properties":{"sol":784,"len_m":25.4,"date":"2023-05-04"},"geometry":{"type":"LineString","coordinates":[[77.369004,18.482912],[77.36894,18.482889],[77.368817,18.482829],[77.368734,18.48281],[77.368706,18.48281],[77.368658,18.482756],[77.368638,18.482734],[77.368632,18.482727]]}},{"type":"Feature","properties":{"sol":793,"len_m":21.0,"date":"2023-05-13"},"geometry":{"type":"LineString","coordinates":[[77.368632,18.482727],[77.368657,18.482752],[77.368682,18.482776],[77.368745,18.482667],[77.368675,18.482564],[77.36868,18.48256]]}},{"type":"Feature","properties":{"sol":795,"len_m":7.4,"date":"2023-05-16"},"geometry":{"type":"LineString","coordinates":[[77.36868,18.48256],[77.368644,18.482639],[77.368645,18.482641]]}},{"type":"Feature","properties":{"sol":797,"len_m":2.9,"date":"2023-05-18"},"geometry":{"type":"LineString","coordinates":[[77.368645,18.482641],[77.368614,18.482663],[77.368616,18.482666]]}},{"type":"Feature","properties":{"sol":816,"len_m":48.6,"date":"2023-06-06"},"geometry":{"type":"LineString","coordinates":[[77.368616,18.482666],[77.368611,18.482691],[77.368613,18.482717],[77.36867,18.482804],[77.368665,18.482913],[77.368654,18.482945],[77.368644,18.482977],[77.368624,18.483038],[77.36863,18.483134],[77.36863,18.483183],[77.368616,18.483231],[77.368606,18.483262],[77.368595,18.483293],[77.368571,18.483368],[77.368564,18.483399],[77.368554,18.483428],[77.368548,18.483441]]}},{"type":"Feature","properties":{"sol":818,"len_m":39.2,"date":"2023-06-08"},"geometry":{"type":"LineString","coordinates":[[77.368548,18.483441],[77.368457,18.483482],[77.368347,18.483394],[77.368268,18.483324],[77.368217,18.48319],[77.368211,18.483159],[77.368179,18.483056],[77.368192,18.483037]]}},{"type":"Feature","properties":{"sol":821,"len_m":11.0,"date":"2023-06-11"},"geometry":{"type":"LineString","coordinates":[[77.368192,18.483037],[77.368263,18.48302],[77.368239,18.483],[77.368213,18.482992],[77.368194,18.482988]]}},{"type":"Feature","properties":{"sol":836,"len_m":150.8,"date":"2023-06-27"},"geometry":{"type":"LineString","coordinates":[[77.368194,18.482988],[77.368166,18.482981],[77.367987,18.483124],[77.367964,18.483141],[77.367799,18.483382],[77.367573,18.483517],[77.367542,18.483529],[77.367405,18.483536],[77.367294,18.483503],[77.367132,18.483298],[77.367108,18.483147],[77.367076,18.483161],[77.36705,18.483176],[77.367029,18.483199],[77.367,18.483237],[77.366891,18.483256],[77.366768,18.48305],[77.366727,18.482929],[77.366718,18.482825],[77.366709,18.48273],[77.366702,18.48264],[77.3667,18.482577],[77.366698,18.48251],[77.366697,18.482509]]}},{"type":"Feature","properties":{"sol":838,"len_m":100.2,"date":"2023-06-29"},"geometry":{"type":"LineString","coordinates":[[77.366697,18.482509],[77.366703,18.482462],[77.366712,18.482432],[77.366719,18.482368],[77.366715,18.482338],[77.366692,18.4823],[77.366679,18.482272],[77.366665,18.482243],[77.36665,18.482215],[77.366636,18.482186],[77.366623,18.482157],[77.366611,18.482129],[77.366598,18.482098],[77.366585,18.482068],[77.366564,18.482025],[77.366548,18.481998],[77.366528,18.481954],[77.366517,18.481925],[77.366506,18.481897],[77.366494,18.481869],[77.366483,18.48184],[77.366469,18.481813],[77.366424,18.481765],[77.3664,18.481746],[77.366371,18.481733],[77.366326,18.481721],[77.36628,18.48171],[77.366248,18.481703],[77.366211,18.481693],[77.366162,18.481694],[77.36613,18.481662],[77.366124,18.481634],[77.366116,18.481604],[77.366101,18.481562],[77.36605,18.481525],[77.366024,18.481506],[77.366001,18.481483],[77.36599,18.481455],[77.365967,18.481415],[77.365943,18.481388],[77.36591,18.481353],[77.365886,18.481331],[77.36585,18.481299],[77.365811,18.481267],[77.36581,18.481268]]}},{"type":"Feature","properties":{"sol":843,"len_m":17.9,"date":"2023-07-04"},"geometry":{"type":"LineString","coordinates":[[77.36581,18.481268],[77.365723,18.48134],[77.365726,18.481414],[77.365794,18.48144],[77.365828,18.481442]]}},{"type":"Feature","properties":{"sol":848,"len_m":14.2,"date":"2023-07-09"},"geometry":{"type":"LineString","coordinates":[[77.365828,18.481442],[77.365774,18.481437],[77.365752,18.4814],[77.365807,18.481379],[77.365834,18.481393],[77.365845,18.481415]]}},{"type":"Feature","properties":{"sol":854,"len_m":63.9,"date":"2023-07-15"},"geometry":{"type":"LineString","coordinates":[[77.365845,18.481415],[77.365828,18.481386],[77.365772,18.481353],[77.365748,18.481341],[77.365676,18.48123],[77.36561,18.481175],[77.365461,18.48121],[77.36543,18.481223],[77.365399,18.481241],[77.365368,18.481257],[77.365338,18.481274],[77.365308,18.481291],[77.365265,18.481319],[77.365182,18.481312],[77.365149,18.4813],[77.365101,18.48128],[77.365072,18.481261],[77.365046,18.481239],[77.365018,18.481221],[77.36499,18.481206],[77.36496,18.481188],[77.364945,18.481161],[77.364942,18.481149]]}},{"type":"Feature","properties":{"sol":856,"len_m":15.1,"date":"2023-07-17"},"geometry":{"type":"LineString","coordinates":[[77.364942,18.481149],[77.364897,18.481162],[77.36487,18.48117],[77.364826,18.481154],[77.36479,18.481139],[77.364741,18.481109],[77.364715,18.481095],[77.364706,18.481089]]}},{"type":"Feature","properties":{"sol":866,"len_m":120.0,"date":"2023-07-28"},"geometry":{"type":"LineString","coordinates":[[77.364706,18.481089],[77.364726,18.481048],[77.364734,18.481023],[77.364634,18.480974],[77.364588,18.480956],[77.364527,18.480936],[77.364445,18.480923],[77.364411,18.480924],[77.36436,18.480925],[77.364326,18.480925],[77.364293,18.48092],[77.364259,18.480918],[77.364162,18.480946],[77.364134,18.480958],[77.36406,18.480994],[77.36403,18.481004],[77.363983,18.481003],[77.363955,18.480988],[77.3639,18.480961],[77.36386,18.480945],[77.363837,18.480911],[77.363762,18.480841],[77.363714,18.480838],[77.363681,18.480837],[77.363582,18.480839],[77.363552,18.48084],[77.363501,18.480839],[77.363469,18.480839],[77.363439,18.480841],[77.363408,18.480845],[77.363375,18.480852],[77.363332,18.480872],[77.3633,18.480883],[77.363309,18.480929],[77.363297,18.48096],[77.36321,18.481012],[77.363179,18.481026],[77.363119,18.481046],[77.363038,18.481026],[77.363005,18.481024],[77.362993,18.481028]]}},{"type":"Feature","properties":{"sol":868,"len_m":95.4,"date":"2023-07-30"},"geometry":{"type":"LineString","coordinates":[[77.362993,18.481028],[77.362932,18.481066],[77.3628,18.481093],[77.362744,18.481092],[77.36271,18.481092],[77.362677,18.481089],[77.362643,18.481087],[77.362575,18.481087],[77.362541,18.481086],[77.362508,18.481085],[77.362457,18.481087],[77.362419,18.481056],[77.362376,18.481034],[77.362343,18.481028],[77.36231,18.481028],[77.36226,18.481071],[77.362235,18.481091],[77.362208,18.481112],[77.362162,18.48113],[77.362129,18.481134],[77.362097,18.481134],[77.362046,18.481133],[77.362013,18.481135],[77.36198,18.481135],[77.361947,18.481132],[77.361898,18.481122],[77.361867,18.481112],[77.361835,18.481105],[77.361772,18.481114],[77.361739,18.481149],[77.361718,18.481171],[77.361683,18.481199],[77.36162,18.481208],[77.361594,18.481196],[77.361573,18.481175],[77.361564,18.481145],[77.361556,18.481102],[77.361558,18.481136],[77.361561,18.481135]]}},{"type":"Feature","properties":{"sol":870,"len_m":128.4,"date":"2023-08-01"},"geometry":{"type":"LineString","coordinates":[[77.361561,18.481135],[77.361591,18.481131],[77.361582,18.481059],[77.361579,18.481031],[77.36149,18.48106],[77.361386,18.481142],[77.361339,18.481211],[77.361219,18.481352],[77.36117,18.481368],[77.36109,18.481387],[77.361029,18.481397],[77.36098,18.481405],[77.360946,18.481411],[77.360912,18.481417],[77.360871,18.481465],[77.360829,18.481487],[77.360779,18.481624],[77.360736,18.481766],[77.360708,18.481852],[77.360711,18.481901],[77.360716,18.481946],[77.36071,18.482005],[77.360645,18.482096],[77.360612,18.48215],[77.3606,18.482181],[77.36057,18.48229],[77.360565,18.482322],[77.360563,18.482354],[77.36056,18.482434],[77.360571,18.482562],[77.360571,18.482561]]}},{"type":"Feature","properties":{"sol":871,"len_m":73.7,"date":"2023-08-02"},"geometry":{"type":"LineString","coordinates":[[77.360571,18.482561],[77.360548,18.48264],[77.360541,18.482666],[77.360549,18.48273],[77.360554,18.482758],[77.360567,18.482821],[77.360574,18.482848],[77.360593,18.482877],[77.360613,18.482904],[77.360631,18.482931],[77.360658,18.482989],[77.360655,18.483021],[77.360653,18.483051],[77.360649,18.4831],[77.360652,18.483133],[77.360656,18.483166],[77.36066,18.483198],[77.36065,18.483294],[77.360641,18.483326],[77.360627,18.483374],[77.360618,18.483406],[77.360609,18.483439],[77.360585,18.483499],[77.360572,18.48353],[77.36056,18.48356],[77.360534,18.483636],[77.360525,18.483668],[77.360517,18.4837],[77.360508,18.483747],[77.360509,18.483747]]}},{"type":"Feature","properties":{"sol":872,"len_m":10.8,"date":"2023-08-03"},"geometry":{"type":"LineString","coordinates":[[77.360509,18.483747],[77.360575,18.483801],[77.360525,18.483807],[77.36051,18.483805]]}},{"type":"Feature","properties":{"sol":884,"len_m":108.8,"date":"2023-08-15"},"geometry":{"type":"LineString","coordinates":[[77.36051,18.483805],[77.360597,18.483815],[77.360716,18.483822],[77.360746,18.483825],[77.36088,18.483818],[77.360996,18.483812],[77.361113,18.483799],[77.361025,18.483816],[77.360994,18.483815],[77.360893,18.483817],[77.360863,18.483823],[77.360802,18.483764],[77.360767,18.483726],[77.360744,18.483702],[77.360722,18.483678],[77.360698,18.483654],[77.360675,18.48363],[77.360652,18.483607],[77.360628,18.483582],[77.360606,18.483557],[77.360583,18.483533],[77.36056,18.483508],[77.360536,18.483483],[77.360513,18.483459],[77.360489,18.483435],[77.360466,18.48341],[77.360442,18.483386],[77.360419,18.483362],[77.360396,18.483337],[77.360366,18.483297],[77.360348,18.483269],[77.360321,18.483228],[77.360291,18.483187],[77.360256,18.483151],[77.360231,18.483127],[77.360207,18.483104],[77.360196,18.483092]]}},{"type":"Feature","properties":{"sol":885,"len_m":138.2,"date":"2023-08-16"},"geometry":{"type":"LineString","coordinates":[[77.360196,18.483092],[77.360171,18.482978],[77.360207,18.482831],[77.360217,18.4828],[77.360259,18.48267],[77.360265,18.48257],[77.360263,18.482537],[77.360259,18.48247],[77.360254,18.482403],[77.360252,18.48237],[77.36025,18.482269],[77.360252,18.482186],[77.360268,18.482054],[77.360287,18.481921],[77.360295,18.481789],[77.360303,18.481657],[77.360284,18.481576],[77.360284,18.481527],[77.360273,18.481411],[77.36025,18.481313],[77.360239,18.481264],[77.360223,18.4812],[77.360208,18.481135],[77.360201,18.481102],[77.360177,18.481008],[77.360148,18.480932],[77.36013,18.480885],[77.360101,18.480807]]}},{"type":"Feature","properties":{"sol":886,"len_m":4.3,"date":"2023-08-17"},"geometry":{"type":"LineString","coordinates":[[77.360101,18.480807],[77.360131,18.480802],[77.360102,18.480797],[77.360086,18.480793]]}},{"type":"Feature","properties":{"sol":896,"len_m":169.9,"date":"2023-08-27"},"geometry":{"type":"LineString","coordinates":[[77.360086,18.480793],[77.360077,18.480924],[77.360068,18.481021],[77.360063,18.481152],[77.360056,18.481284],[77.360051,18.481417],[77.360049,18.481484],[77.359933,18.481519],[77.3598,18.481558],[77.35975,18.481571],[77.359664,18.481588],[77.359561,18.481598],[77.359527,18.481599],[77.359492,18.4816],[77.359377,18.481654],[77.359327,18.481706],[77.359307,18.481746],[77.35927,18.481806],[77.359207,18.481873],[77.359193,18.481896],[77.359168,18.481995],[77.359141,18.482121],[77.359094,18.482223],[77.359047,18.482287],[77.359016,18.482324],[77.358975,18.482372],[77.358874,18.482456],[77.358795,18.482478],[77.358748,18.482489],[77.35867,18.482499],[77.358619,18.482501],[77.358542,18.482521],[77.358517,18.482574],[77.358469,18.482609],[77.35836,18.482616],[77.35836,18.482615]]}},{"type":"Feature","properties":{"sol":897,"len_m":0.1,"date":"2023-08-28"},"geometry":{"type":"LineString","coordinates":[[77.35836,18.482615],[77.358361,18.482615]]}},{"type":"Feature","properties":{"sol":899,"len_m":6.2,"date":"2023-08-30"},"geometry":{"type":"LineString","coordinates":[[77.358361,18.482615],[77.358394,18.482618],[77.35844,18.482634],[77.358464,18.482646]]}},{"type":"Feature","properties":{"sol":903,"len_m":16.6,"date":"2023-09-03"},"geometry":{"type":"LineString","coordinates":[[77.358464,18.482646],[77.358425,18.482628],[77.358364,18.482611],[77.358283,18.482584],[77.358241,18.48253],[77.358235,18.482501]]}},{"type":"Feature","properties":{"sol":905,"len_m":127.4,"date":"2023-09-06"},"geometry":{"type":"LineString","coordinates":[[77.358235,18.482501],[77.358159,18.482499],[77.358085,18.482561],[77.357958,18.482589],[77.357931,18.482592],[77.357838,18.482579],[77.357791,18.482561],[77.357744,18.482552],[77.357697,18.482538],[77.357709,18.482486],[77.357708,18.482453],[77.357704,18.482423],[77.357723,18.482378],[77.357748,18.482358],[77.357772,18.482326],[77.357781,18.482302],[77.357803,18.482275],[77.357864,18.482256],[77.357895,18.482267],[77.357925,18.48228],[77.357894,18.482264],[77.357918,18.482278],[77.35795,18.48229],[77.357978,18.482306],[77.358011,18.482344],[77.358026,18.48237],[77.358041,18.482399],[77.35805,18.482431],[77.358116,18.482399],[77.35815,18.482391],[77.358174,18.482406],[77.358203,18.482394],[77.358232,18.482406],[77.358198,18.482413],[77.358151,18.482493],[77.358127,18.482515],[77.35809,18.482546],[77.358064,18.482565],[77.358035,18.482581],[77.358002,18.482594],[77.357937,18.482609],[77.357903,18.482611],[77.35787,18.482612],[77.357806,18.482608],[77.357775,18.482606],[77.35777,18.482603]]}},{"type":"Feature","properties":{"sol":907,"len_m":21.3,"date":"2023-09-08"},"geometry":{"type":"LineString","coordinates":[[77.35777,18.482603],[77.357721,18.482546],[77.357669,18.482525],[77.357698,18.482528],[77.357706,18.48248],[77.357717,18.482399],[77.357718,18.482377]]}},{"type":"Feature","properties":{"sol":909,"len_m":474.0,"date":"2023-09-09"},"geometry":{"type":"LineString","coordinates":[[77.357718,18.482377],[77.357633,18.482356],[77.3575,18.482375],[77.357473,18.482381],[77.35736,18.482341],[77.357251,18.482322],[77.357089,18.482319],[77.357055,18.482322],[77.356906,18.482316],[77.356871,18.482313],[77.356819,18.482323],[77.356785,18.48233],[77.356757,18.482319],[77.356736,18.482293],[77.356711,18.48227],[77.356682,18.482253],[77.35665,18.48224],[77.356619,18.482229],[77.356587,18.482219],[77.356558,18.482206],[77.356529,18.482191],[77.356501,18.482176],[77.35647,18.48216],[77.35643,18.482132],[77.356401,18.482119],[77.356369,18.48211],[77.356335,18.482104],[77.356301,18.482101],[77.356268,18.482099],[77.356234,18.482096],[77.3562,18.482094],[77.356168,18.482091],[77.356134,18.482089],[77.356101,18.482086],[77.356067,18.482086],[77.356033,18.482089],[77.355999,18.482093],[77.355965,18.482095],[77.355932,18.482098],[77.355898,18.4821],[77.355865,18.482102],[77.35583,18.482104],[77.355797,18.482108],[77.355763,18.482112],[77.355732,18.482117],[77.355702,18.482111],[77.355639,18.482106],[77.355606,18.482099],[77.355573,18.482091],[77.355523,18.482078],[77.355492,18.482075],[77.355458,18.482078],[77.355426,18.482086],[77.355381,18.482101],[77.35535,18.482113],[77.355319,18.482124],[77.35527,18.482137],[77.355194,18.482174],[77.355158,18.482207],[77.355135,18.48223],[77.355114,18.482256],[77.355097,18.482282],[77.355079,18.482309],[77.355061,18.482337],[77.355042,18.482361],[77.355019,18.482385],[77.354997,18.482408],[77.354973,18.482432],[77.354949,18.482456],[77.354926,18.48248],[77.354902,18.482503],[77.354865,18.482537],[77.354842,18.48256],[77.35482,18.482585],[77.354789,18.482623],[77.354767,18.482649],[77.354744,18.482674],[77.354722,18.482699],[77.3547,18.482723],[77.354677,18.482746],[77.354653,18.48277],[77.354611,18.482812],[77.354587,18.482836],[77.354565,18.482859],[77.354544,18.482882],[77.354524,18.482908],[77.354508,18.482935],[77.354503,18.482961],[77.354502,18.482986],[77.35452,18.483008],[77.354535,18.483053],[77.354533,18.483082],[77.354503,18.483165],[77.35448,18.483186],[77.354438,18.48321],[77.35441,18.483225],[77.354383,18.48324],[77.354354,18.483253],[77.354323,18.483265],[77.354292,18.483278],[77.354263,18.483294],[77.354233,18.48331],[77.354203,18.483327],[77.354185,18.483353],[77.354084,18.483399],[77.35405,18.483401],[77.354016,18.4834],[77.353983,18.483395],[77.353948,18.483388],[77.353913,18.483381],[77.353879,18.483373],[77.353845,18.483367],[77.35381,18.483359],[77.353776,18.483352],[77.353727,18.483344],[77.353691,18.483338],[77.353656,18.483333],[77.353605,18.483329],[77.353537,18.483335],[77.353504,18.483341],[77.353472,18.483348],[77.35342,18.483354],[77.353368,18.483357],[77.353334,18.483354],[77.3533,18.483348],[77.353266,18.483342],[77.353233,18.483335],[77.353199,18.483329],[77.353165,18.483322],[77.353131,18.483316],[77.353096,18.483313],[77.353061,18.483312],[77.352977,18.48329],[77.352945,18.483277],[77.352899,18.483254],[77.352869,18.483238],[77.352838,18.483222],[77.352802,18.483201],[77.352771,18.483185],[77.352725,18.48316],[77.352666,18.483124],[77.352635,18.483108],[77.352603,18.483092],[77.352522,18.483056],[77.352489,18.483043],[77.352456,18.48303],[77.352425,18.483016],[77.352392,18.483002],[77.35236,18.482988],[77.352326,18.482978],[77.352292,18.482968],[77.352258,18.482957],[77.352224,18.482948],[77.352189,18.48294],[77.352135,18.482934],[77.3521,18.482932],[77.352064,18.48293],[77.35201,18.482928],[77.351975,18.482926],[77.351939,18.482924],[77.351903,18.482923],[77.351867,18.482921],[77.351831,18.482919],[77.351796,18.482919],[77.351734,18.482949],[77.351704,18.482968],[77.351675,18.482988],[77.351629,18.483014],[77.351598,18.48303],[77.351566,18.483046],[77.351519,18.48307],[77.351488,18.483086],[77.351457,18.483102],[77.351425,18.483117],[77.351379,18.483143],[77.351358,18.48317],[77.351334,18.483195],[77.351309,18.483218],[77.351283,18.483242],[77.351259,18.483266],[77.351255,18.483315],[77.351274,18.483344],[77.351286,18.483391],[77.351245,18.483435],[77.351211,18.483437],[77.351177,18.483429],[77.351144,18.483418],[77.351117,18.483399],[77.35109,18.483356],[77.351066,18.483334],[77.351033,18.483326],[77.350998,18.483327],[77.35096,18.483356],[77.350929,18.483347],[77.350904,18.483325],[77.350878,18.483302],[77.350849,18.483261],[77.350817,18.483249],[77.350783,18.483242],[77.350734,18.48325],[77.350705,18.483289],[77.350704,18.483288]]}},{"type":"Feature","properties":{"sol":911,"len_m":20.9,"date":"2023-09-12"},"geometry":{"type":"LineString","coordinates":[[77.350704,18.483288],[77.350804,18.483348],[77.350838,18.483422],[77.350807,18.483438],[77.350731,18.483442],[77.350702,18.483442],[77.350694,18.483443]]}},{"type":"Feature","properties":{"sol":925,"len_m":9.5,"date":"2023-09-26"},"geometry":{"type":"LineString","coordinates":[[77.350694,18.483443],[77.350601,18.483402],[77.350571,18.483398],[77.350551,18.48342]]}},{"type":"Feature","properties":{"sol":926,"len_m":124.5,"date":"2023-09-27"},"geometry":{"type":"LineString","coordinates":[[77.350551,18.48342],[77.350572,18.483394],[77.350698,18.48346],[77.350727,18.483475],[77.350781,18.483516],[77.350821,18.48357],[77.350844,18.483615],[77.350845,18.483664],[77.350843,18.483712],[77.350847,18.483745],[77.350846,18.483794],[77.350821,18.483818],[77.350785,18.483855],[77.350762,18.483879],[77.350739,18.483903],[77.350721,18.483932],[77.35071,18.483964],[77.350701,18.483995],[77.350689,18.484026],[77.350673,18.484055],[77.350653,18.484083],[77.350634,18.484111],[77.350614,18.484139],[77.350597,18.484168],[77.350577,18.484297],[77.35058,18.48433],[77.350584,18.484363],[77.350588,18.484397],[77.350591,18.484429],[77.350595,18.484462],[77.350599,18.484495],[77.350603,18.484528],[77.350604,18.484562],[77.350606,18.484595],[77.350607,18.484628],[77.350609,18.48466],[77.350612,18.484694],[77.350614,18.484727],[77.350616,18.48476],[77.350618,18.484794],[77.350621,18.484827],[77.350623,18.48486],[77.350625,18.484893],[77.350628,18.484926],[77.350631,18.484957],[77.350634,18.485007],[77.350632,18.48504],[77.350618,18.485103],[77.350606,18.485152],[77.350599,18.485184],[77.350592,18.485216],[77.350589,18.485232]]}},{"type":"Feature","properties":{"sol":927,"len_m":186.9,"date":"2023-09-28"},"geometry":{"type":"LineString","coordinates":[[77.350589,18.485232],[77.350611,18.485329],[77.350523,18.485443],[77.350563,18.485586],[77.350595,18.485662],[77.350615,18.485708],[77.350626,18.485739],[77.350637,18.485788],[77.350641,18.485838],[77.350644,18.485888],[77.350644,18.485921],[77.350632,18.485986],[77.350623,18.486018],[77.350613,18.486051],[77.350603,18.486083],[77.35059,18.486114],[77.350578,18.486145],[77.350566,18.486176],[77.350554,18.486207],[77.350543,18.486239],[77.350534,18.486305],[77.350533,18.486339],[77.350528,18.486369],[77.350518,18.486401],[77.350504,18.486432],[77.350487,18.486461],[77.350469,18.486489],[77.350451,18.486518],[77.350434,18.486547],[77.350416,18.486575],[77.350399,18.486604],[77.350381,18.486633],[77.350363,18.486662],[77.350345,18.48669],[77.350327,18.486719],[77.350309,18.486748],[77.350293,18.486778],[77.35028,18.486809],[77.350271,18.486841],[77.350266,18.486874],[77.350265,18.486906],[77.350266,18.48694],[77.350271,18.486973],[77.350272,18.487022],[77.350267,18.487056],[77.350259,18.487088],[77.35023,18.487149],[77.350215,18.487179],[77.350198,18.487209],[77.350169,18.487248],[77.350105,18.487346],[77.350074,18.487406],[77.350059,18.487435],[77.350043,18.487464],[77.350031,18.48754],[77.350015,18.487584],[77.350001,18.487615],[77.349988,18.487645],[77.349972,18.487673],[77.349953,18.487702],[77.349935,18.487729],[77.349918,18.487757],[77.349901,18.487785],[77.349883,18.487813],[77.349865,18.487842],[77.349847,18.48787],[77.349829,18.487898],[77.349809,18.487924],[77.349777,18.487937],[77.34971,18.487982],[77.349685,18.488005],[77.349633,18.488039],[77.349633,18.488038]]}},{"type":"Feature","properties":{"sol":929,"len_m":79.1,"date":"2023-09-30"},"geometry":{"type":"LineString","coordinates":[[77.349633,18.488038],[77.349647,18.48799],[77.349643,18.487844],[77.349635,18.487812],[77.349609,18.487727],[77.349589,18.487676],[77.349574,18.487628],[77.349563,18.487581],[77.349544,18.487533],[77.349531,18.487502],[77.349517,18.487471],[77.349503,18.487408],[77.349487,18.487378],[77.349465,18.487352],[77.349433,18.487316],[77.34946,18.487273],[77.349495,18.48727],[77.349445,18.487228],[77.349413,18.487213],[77.349366,18.487192],[77.349334,18.487178],[77.349305,18.487158],[77.349281,18.487135],[77.349258,18.487111],[77.349234,18.487086],[77.349209,18.487062],[77.349183,18.487039],[77.34915,18.487001],[77.349124,18.486993]]}},{"type":"Feature","properties":{"sol":931,"len_m":91.8,"date":"2023-10-02"},"geometry":{"type":"LineString","coordinates":[[77.349124,18.486993],[77.349159,18.486985],[77.349194,18.486978],[77.349076,18.486984],[77.348941,18.486991],[77.348809,18.486993],[77.348734,18.487028],[77.348718,18.487066],[77.348721,18.487093],[77.34873,18.487122],[77.348733,18.487155],[77.348701,18.487206],[77.348659,18.487215],[77.348609,18.487217],[77.348576,18.487219],[77.348539,18.48722],[77.348491,18.487225],[77.348448,18.487197],[77.348426,18.487172],[77.348398,18.487153],[77.348367,18.487138],[77.348336,18.487121],[77.348307,18.487106],[77.348275,18.487098],[77.348225,18.487102],[77.348193,18.487107],[77.348159,18.487112],[77.348111,18.487124],[77.348079,18.487134],[77.348047,18.487141],[77.348012,18.487148],[77.347995,18.487151]]}},{"type":"Feature","properties":{"sol":932,"len_m":178.2,"date":"2023-10-03"},"geometry":{"type":"LineString","coordinates":[[77.347995,18.487151],[77.34786,18.487137],[77.347828,18.487135],[77.347675,18.487136],[77.347642,18.487128],[77.347494,18.487101],[77.347444,18.487106],[77.347346,18.487107],[77.347295,18.48711],[77.347246,18.487119],[77.347213,18.487118],[77.34718,18.487119],[77.347129,18.487121],[77.347095,18.487126],[77.347062,18.487136],[77.347016,18.487156],[77.346951,18.487206],[77.346927,18.487229],[77.346905,18.487251],[77.34687,18.487287],[77.346846,18.48731],[77.346822,18.487333],[77.346773,18.487417],[77.346764,18.487449],[77.346735,18.487486],[77.346716,18.48753],[77.346718,18.487578],[77.346705,18.487609],[77.346694,18.48764],[77.346677,18.487684],[77.346665,18.487715],[77.346652,18.487746],[77.34664,18.487777],[77.346633,18.487809],[77.34663,18.487841],[77.346629,18.487874],[77.346625,18.487906],[77.346617,18.487938],[77.346611,18.48797],[77.346605,18.488],[77.346599,18.488033],[77.346594,18.488067],[77.346589,18.488098],[77.346584,18.488131],[77.346577,18.488164],[77.34657,18.488193],[77.346571,18.488271],[77.346593,18.488315],[77.346612,18.488343],[77.346634,18.488369],[77.346604,18.488383],[77.346573,18.488397],[77.346528,18.488418],[77.346519,18.488465],[77.346524,18.488496],[77.346539,18.488524],[77.346561,18.488547],[77.346607,18.488569],[77.34664,18.488582],[77.346671,18.488596],[77.34672,18.488616],[77.346752,18.488629],[77.346786,18.48864],[77.34682,18.488648],[77.346881,18.488675],[77.346911,18.488693],[77.346925,18.488701]]}},{"type":"Feature","properties":{"sol":933,"len_m":10.8,"date":"2023-10-04"},"geometry":{"type":"LineString","coordinates":[[77.346925,18.488701],[77.347015,18.488751],[77.347041,18.488765],[77.347041,18.488738],[77.347043,18.488715]]}},{"type":"Feature","properties":{"sol":950,"len_m":298.0,"date":"2023-10-22"},"geometry":{"type":"LineString","coordinates":[[77.347043,18.488715],[77.34704,18.488765],[77.34694,18.488765],[77.346821,18.488755],[77.346792,18.488833],[77.346808,18.48893],[77.346831,18.488974],[77.346851,18.489001],[77.346873,18.489027],[77.346894,18.489054],[77.346915,18.48908],[77.346937,18.489107],[77.346957,18.489133],[77.346975,18.489162],[77.34699,18.489191],[77.347014,18.489234],[77.347027,18.489266],[77.347037,18.489297],[77.347053,18.489343],[77.347067,18.489373],[77.347089,18.489417],[77.347113,18.489461],[77.347131,18.48949],[77.347148,18.489518],[77.347166,18.489547],[77.347183,18.489576],[77.347201,18.489604],[77.347215,18.489634],[77.347235,18.489679],[77.347247,18.489709],[77.347261,18.489756],[77.347276,18.489802],[77.347291,18.489833],[77.347305,18.489863],[77.347314,18.489892],[77.347321,18.489925],[77.34733,18.489958],[77.34734,18.48999],[77.347353,18.490022],[77.34737,18.490051],[77.347392,18.490075],[77.347431,18.490107],[77.347461,18.490122],[77.34749,18.490136],[77.347515,18.490158],[77.347541,18.490182],[77.347562,18.490206],[77.347594,18.490265],[77.347601,18.490297],[77.347612,18.490343],[77.347625,18.490374],[77.347648,18.490418],[77.34766,18.490465],[77.347667,18.490496],[77.347677,18.490528],[77.347695,18.490556],[77.347715,18.490579],[77.347746,18.490574],[77.347773,18.490554],[77.347758,18.490585],[77.347757,18.490633],[77.347764,18.490667],[77.347781,18.490693],[77.347766,18.490715],[77.347735,18.490723],[77.347765,18.490703],[77.347797,18.490696],[77.347832,18.490694],[77.347862,18.490684],[77.347887,18.490663],[77.347909,18.49064],[77.347933,18.490615],[77.347959,18.490596],[77.347992,18.490583],[77.348019,18.490562],[77.348068,18.490552],[77.348122,18.490558],[77.348171,18.490578],[77.348218,18.490598],[77.348272,18.490633],[77.348287,18.490662],[77.348302,18.490691],[77.348318,18.49072],[77.348334,18.49075],[77.348349,18.490778],[77.348363,18.490805],[77.34838,18.490835],[77.348397,18.490864],[77.348413,18.490892],[77.34843,18.490922],[77.348446,18.490951],[77.348463,18.49098],[77.348479,18.491008],[77.348495,18.491037],[77.34851,18.491068],[77.34852,18.4911],[77.348528,18.491133],[77.348534,18.491165],[77.348541,18.491198],[77.348543,18.49123],[77.348546,18.49128],[77.348548,18.491313],[77.34855,18.491346],[77.348551,18.491379],[77.348552,18.491412],[77.348553,18.491444],[77.348551,18.491476],[77.348545,18.491508],[77.348539,18.49154],[77.348533,18.491572],[77.348528,18.491602],[77.348522,18.491634],[77.348517,18.491666],[77.348512,18.491697],[77.348505,18.491729],[77.348499,18.49176],[77.348489,18.491807],[77.348482,18.491838],[77.348476,18.491866],[77.348464,18.491912],[77.348451,18.491941],[77.348438,18.491968],[77.348426,18.491998],[77.348412,18.492028],[77.348399,18.492057],[77.348385,18.492086],[77.348373,18.492115],[77.348366,18.492144],[77.348363,18.492173],[77.348353,18.492202],[77.348353,18.492202]]}},{"type":"Feature","properties":{"sol":952,"len_m":165.1,"date":"2023-10-24"},"geometry":{"type":"LineString","coordinates":[[77.348353,18.492202],[77.348276,18.492288],[77.348257,18.49231],[77.348236,18.492334],[77.348214,18.492356],[77.34819,18.492378],[77.348152,18.492431],[77.348138,18.492458],[77.34813,18.492489],[77.348122,18.492534],[77.348123,18.492561],[77.348112,18.492589],[77.348143,18.492623],[77.348163,18.492647],[77.348182,18.49267],[77.348199,18.492692],[77.348217,18.492732],[77.348217,18.492762],[77.348215,18.492791],[77.348207,18.492837],[77.348211,18.492867],[77.34822,18.492898],[77.348246,18.492951],[77.348251,18.492982],[77.348256,18.493013],[77.348261,18.493075],[77.348254,18.493107],[77.348246,18.493138],[77.348237,18.493171],[77.348229,18.493202],[77.348219,18.493234],[77.348209,18.493264],[77.348198,18.493296],[77.348187,18.493325],[77.348176,18.493357],[77.348165,18.493388],[77.348147,18.493434],[77.34813,18.493462],[77.348106,18.493485],[77.34806,18.493503],[77.348039,18.493527],[77.34802,18.493553],[77.348001,18.493581],[77.347983,18.493608],[77.347965,18.493634],[77.347949,18.49366],[77.347926,18.4937],[77.347916,18.493726],[77.347901,18.493754],[77.347875,18.493822],[77.347875,18.493852],[77.347855,18.493909],[77.34784,18.493934],[77.347808,18.493963],[77.347799,18.493991],[77.347786,18.494017],[77.347777,18.494049],[77.347754,18.494071],[77.347728,18.494091],[77.34767,18.494145],[77.347666,18.494174],[77.347672,18.494218],[77.34768,18.494245],[77.347687,18.494286],[77.347697,18.494309],[77.347721,18.494332],[77.347696,18.494311],[77.347718,18.494336],[77.347704,18.49432]]}},{"type":"Feature","properties":{"sol":957,"len_m":27.8,"date":"2023-10-29"},"geometry":{"type":"LineString","coordinates":[[77.347704,18.49432],[77.347663,18.494194],[77.347791,18.494184],[77.347821,18.494183],[77.347818,18.494268],[77.347834,18.494312],[77.347838,18.494332]]}},{"type":"Feature","properties":{"sol":958,"len_m":105.4,"date":"2023-10-30"},"geometry":{"type":"LineString","coordinates":[[77.347838,18.494332],[77.347873,18.494366],[77.347891,18.494391],[77.348015,18.494383],[77.348048,18.494459],[77.347987,18.494627],[77.347966,18.494653],[77.347944,18.494679],[77.347901,18.494749],[77.347876,18.494793],[77.347809,18.494862],[77.347765,18.494931],[77.347711,18.495024],[77.347627,18.495061],[77.347516,18.495081],[77.347424,18.495139],[77.347369,18.495166],[77.347314,18.495192],[77.347283,18.495209],[77.347246,18.495239],[77.347204,18.495308],[77.347163,18.49538],[77.347153,18.495511],[77.347153,18.495513]]}},{"type":"Feature","properties":{"sol":959,"len_m":292.1,"date":"2023-10-31"},"geometry":{"type":"LineString","coordinates":[[77.347153,18.495513],[77.347182,18.495639],[77.347194,18.495701],[77.347205,18.495725],[77.347343,18.495765],[77.347394,18.495781],[77.347426,18.495791],[77.34746,18.495802],[77.347493,18.495813],[77.347528,18.495824],[77.347561,18.495836],[77.347594,18.49585],[77.347623,18.495869],[77.347648,18.495894],[77.347674,18.495917],[77.347705,18.495936],[77.347729,18.495961],[77.347746,18.49599],[77.347765,18.49602],[77.347785,18.496045],[77.347813,18.496068],[77.347847,18.496074],[77.347882,18.496075],[77.347915,18.496075],[77.347949,18.496075],[77.347983,18.496075],[77.348018,18.496079],[77.348051,18.496083],[77.348086,18.49609],[77.348117,18.496099],[77.348152,18.496108],[77.348185,18.496116],[77.34822,18.496125],[77.348253,18.496134],[77.348288,18.496139],[77.348323,18.496143],[77.348359,18.496148],[77.348393,18.496154],[77.348428,18.496163],[77.34846,18.496174],[77.348492,18.496186],[77.348523,18.496201],[77.348556,18.49621],[77.348605,18.496202],[77.348639,18.496198],[77.348673,18.496195],[77.348697,18.496217],[77.348714,18.496263],[77.348722,18.496312],[77.34877,18.496354],[77.348803,18.496366],[77.348837,18.496378],[77.348871,18.496387],[77.348905,18.496394],[77.348951,18.496414],[77.348998,18.496435],[77.34903,18.496447],[77.34906,18.496464],[77.349121,18.496491],[77.349154,18.496495],[77.349188,18.496495],[77.349222,18.496492],[77.349255,18.496488],[77.34929,18.496485],[77.349325,18.496481],[77.34936,18.496476],[77.349412,18.496472],[77.349445,18.496468],[77.349496,18.496461],[77.349531,18.496456],[77.349564,18.496452],[77.349598,18.496447],[77.349633,18.496443],[77.349668,18.496443],[77.349702,18.496445],[77.349735,18.496448],[77.34977,18.496449],[77.349804,18.496446],[77.349837,18.496442],[77.349871,18.496439],[77.349905,18.496437],[77.349939,18.496435],[77.349972,18.496436],[77.350007,18.49644],[77.350039,18.496446],[77.350074,18.49645],[77.35011,18.496452],[77.350144,18.496455],[77.350179,18.496457],[77.350214,18.49646],[77.350248,18.496464],[77.350282,18.496468],[77.350314,18.496471],[77.350348,18.496474],[77.350382,18.496473],[77.350417,18.496473],[77.350452,18.496473],[77.350486,18.496472],[77.35052,18.496471],[77.350555,18.496468],[77.350589,18.496466],[77.350641,18.496464],[77.350682,18.496465],[77.350748,18.496488],[77.350794,18.496508],[77.350827,18.496511],[77.350877,18.496507],[77.35084,18.496507],[77.350902,18.496512],[77.350935,18.496522],[77.350968,18.496529],[77.351037,18.496532],[77.351069,18.496532],[77.351103,18.496529],[77.351137,18.496527],[77.351171,18.496527],[77.351204,18.496525],[77.351237,18.496517],[77.351267,18.496507],[77.351292,18.49649],[77.351322,18.496479],[77.351374,18.496473],[77.351409,18.496474],[77.351443,18.496475],[77.351473,18.496478],[77.351523,18.496485],[77.351557,18.496491],[77.351592,18.496496],[77.351624,18.496502]]}},{"type":"Feature","properties":{"sol":960,"len_m":41.1,"date":"2023-11-01"},"geometry":{"type":"LineString","coordinates":[[77.351624,18.496502],[77.351763,18.496488],[77.351865,18.496477],[77.352004,18.496458],[77.35203,18.49645],[77.352113,18.496468],[77.352163,18.496478],[77.352245,18.496491],[77.352278,18.496498],[77.352319,18.496508],[77.352337,18.49651]]}},{"type":"Feature","properties":{"sol":991,"len_m":10.6,"date":"2023-12-03"},"geometry":{"type":"LineString","coordinates":[[77.352337,18.49651],[77.352272,18.496484],[77.352225,18.496532],[77.352211,18.49655]]}},{"type":"Feature","properties":{"sol":993,"len_m":85.0,"date":"2023-12-05"},"geometry":{"type":"LineString","coordinates":[[77.352211,18.49655],[77.352192,18.496604],[77.352171,18.496673],[77.35214,18.496713],[77.352105,18.496725],[77.352084,18.49675],[77.352092,18.496782],[77.352098,18.496815],[77.352099,18.496845],[77.352096,18.496894],[77.35208,18.496924],[77.352046,18.496963],[77.352023,18.496989],[77.352001,18.497013],[77.351976,18.497039],[77.35195,18.497061],[77.351922,18.497081],[77.351894,18.497101],[77.351865,18.497121],[77.351822,18.49715],[77.351791,18.497164],[77.351757,18.497173],[77.351707,18.497179],[77.351673,18.497184],[77.351641,18.497193],[77.351608,18.497206],[77.351543,18.497228],[77.351514,18.497245],[77.351468,18.497295],[77.351446,18.49734],[77.351431,18.497403],[77.351427,18.497437],[77.351424,18.497468],[77.351416,18.497518],[77.351413,18.49755],[77.351413,18.497549]]}},{"type":"Feature","properties":{"sol":994,"len_m":144.8,"date":"2023-12-06"},"geometry":{"type":"LineString","coordinates":[[77.351413,18.497549],[77.35141,18.497521],[77.351528,18.49758],[77.351639,18.497629],[77.351677,18.497675],[77.351701,18.497719],[77.351718,18.497748],[77.351735,18.497778],[77.35176,18.497856],[77.351757,18.497889],[77.351749,18.49792],[77.351735,18.497984],[77.35173,18.498016],[77.351725,18.498049],[77.351718,18.498081],[77.351712,18.498112],[77.351705,18.498146],[77.351698,18.498178],[77.351691,18.498212],[77.351685,18.498244],[77.351678,18.498276],[77.351671,18.498309],[77.351664,18.498343],[77.351657,18.498377],[77.351653,18.49841],[77.351654,18.498444],[77.351655,18.498477],[77.351656,18.49851],[77.351658,18.498543],[77.351658,18.498593],[77.351654,18.498626],[77.35165,18.498659],[77.351646,18.498693],[77.351639,18.498724],[77.351629,18.498757],[77.351618,18.498789],[77.351608,18.498821],[77.351593,18.498869],[77.351582,18.4989],[77.351571,18.498931],[77.351556,18.498979],[77.351549,18.499012],[77.351543,18.499043],[77.351536,18.499076],[77.351528,18.499108],[77.351521,18.49914],[77.351512,18.499172],[77.351505,18.499204],[77.351498,18.499235],[77.35149,18.499267],[77.351483,18.4993],[77.351475,18.499332],[77.351468,18.499365],[77.351459,18.499396],[77.35145,18.499429],[77.351438,18.49946],[77.351424,18.499491],[77.351411,18.499522],[77.351398,18.499553],[77.351386,18.499583],[77.351349,18.499638],[77.351319,18.499653],[77.351307,18.499663]]}},{"type":"Feature","properties":{"sol":997,"len_m":160.6,"date":"2023-12-09"},"geometry":{"type":"LineString","coordinates":[[77.351307,18.499663],[77.351191,18.499592],[77.351146,18.499534],[77.351129,18.499506],[77.351111,18.499478],[77.351094,18.499449],[77.351076,18.49942],[77.351059,18.499391],[77.351044,18.499363],[77.35102,18.499302],[77.351009,18.499271],[77.350998,18.499239],[77.350984,18.499193],[77.350974,18.499163],[77.350966,18.499131],[77.350958,18.4991],[77.350952,18.499068],[77.350944,18.499035],[77.350938,18.499002],[77.350931,18.498972],[77.350919,18.498924],[77.350905,18.498894],[77.35089,18.498863],[77.350867,18.498841],[77.350849,18.498816],[77.350831,18.498788],[77.350815,18.498758],[77.350799,18.49873],[77.350773,18.498689],[77.350744,18.498649],[77.350726,18.498623],[77.350707,18.498596],[77.350687,18.49857],[77.350665,18.498548],[77.350639,18.498528],[77.350611,18.498508],[77.350583,18.498491],[77.350564,18.498449],[77.350557,18.49842],[77.350528,18.498353],[77.350505,18.498331],[77.350479,18.49831],[77.350452,18.498289],[77.350394,18.498263],[77.350359,18.49826],[77.350308,18.498259],[77.350257,18.498257],[77.350223,18.498259],[77.350189,18.498265],[77.350156,18.498273],[77.350124,18.498283],[77.350091,18.498292],[77.350058,18.498301],[77.350008,18.498315],[77.349975,18.498325],[77.349944,18.498329],[77.349909,18.49833],[77.349876,18.49833],[77.349842,18.498331],[77.349811,18.498318],[77.349759,18.498312],[77.349725,18.498317],[77.349691,18.498325],[77.349658,18.498333],[77.349625,18.498342],[77.349592,18.498351],[77.349558,18.498361],[77.349527,18.498373],[77.349496,18.49839],[77.349467,18.498408],[77.349439,18.498427],[77.34941,18.498445],[77.349399,18.498453]]}},{"type":"Feature","properties":{"sol":998,"len_m":79.1,"date":"2023-12-10"},"geometry":{"type":"LineString","coordinates":[[77.349399,18.498453],[77.349376,18.498428],[77.349354,18.498403],[77.34932,18.498369],[77.349294,18.498347],[77.34927,18.498326],[77.349248,18.498302],[77.349231,18.498276],[77.349199,18.498222],[77.349179,18.498197],[77.349155,18.498175],[77.349117,18.498147],[77.349088,18.498131],[77.349059,18.498124],[77.349029,18.498123],[77.348998,18.49813],[77.348969,18.498146],[77.348938,18.498158],[77.348888,18.498166],[77.348855,18.498164],[77.348791,18.498147],[77.348759,18.498143],[77.348737,18.498126],[77.348764,18.498151],[77.348743,18.498173],[77.348769,18.498189],[77.348801,18.498194],[77.348834,18.498198],[77.348869,18.498194],[77.348886,18.498174],[77.348919,18.498163],[77.348965,18.498142],[77.348992,18.498122],[77.349026,18.498089],[77.349047,18.498063],[77.349066,18.498036],[77.349066,18.498036]]}},{"type":"Feature","properties":{"sol":999,"len_m":226.6,"date":"2023-12-11"},"geometry":{"type":"LineString","coordinates":[[77.349066,18.498036],[77.349145,18.497931],[77.349173,18.497915],[77.349134,18.497846],[77.349098,18.4978],[77.349074,18.497779],[77.349048,18.497759],[77.349022,18.497742],[77.348994,18.497723],[77.348981,18.497694],[77.34896,18.497669],[77.348928,18.497633],[77.34891,18.497607],[77.348892,18.497579],[77.348871,18.497554],[77.348831,18.497522],[77.348805,18.497503],[77.348777,18.497486],[77.348697,18.497474],[77.348665,18.497479],[77.348634,18.49748],[77.348588,18.497466],[77.348558,18.497453],[77.348515,18.497427],[77.348492,18.497403],[77.348475,18.497374],[77.348466,18.497342],[77.348465,18.497309],[77.348467,18.497276],[77.34847,18.497243],[77.348474,18.49721],[77.348478,18.497177],[77.348482,18.497144],[77.348484,18.497111],[77.348484,18.497077],[77.348484,18.497045],[77.348487,18.497013],[77.348497,18.496982],[77.348506,18.49695],[77.348513,18.496901],[77.348515,18.496868],[77.348514,18.496835],[77.34851,18.496788],[77.348506,18.496757],[77.348501,18.496727],[77.348497,18.496696],[77.348492,18.496663],[77.348477,18.496601],[77.348462,18.496572],[77.348445,18.496548],[77.348418,18.496527],[77.348389,18.496511],[77.348359,18.496501],[77.348328,18.496492],[77.348295,18.496487],[77.348263,18.49648],[77.348234,18.496471],[77.348202,18.496461],[77.348156,18.496444],[77.348129,18.496429],[77.348105,18.496411],[77.348069,18.496377],[77.348044,18.496354],[77.348021,18.49633],[77.348001,18.496305],[77.347982,18.496281],[77.347949,18.496243],[77.347926,18.496222],[77.347888,18.496189],[77.347867,18.496166],[77.347846,18.496142],[77.347824,18.496117],[77.347803,18.496094],[77.347782,18.496071],[77.34776,18.496045],[77.34774,18.496022],[77.347719,18.495998],[77.347698,18.495975],[77.347677,18.49595],[77.347656,18.495926],[77.347636,18.495902],[77.347615,18.495878],[77.347597,18.495853],[77.347578,18.495826],[77.347522,18.495768],[77.347483,18.495739],[77.347447,18.495716],[77.34742,18.495704],[77.34739,18.495695],[77.347358,18.49569],[77.347327,18.495689],[77.347296,18.49569],[77.347266,18.495689],[77.347234,18.495686],[77.347206,18.495679],[77.347176,18.495671],[77.347144,18.495661],[77.347116,18.495646],[77.34707,18.495605],[77.347044,18.495588],[77.347018,18.495572],[77.346993,18.495553],[77.346967,18.495533],[77.346942,18.495515],[77.346884,18.495489],[77.346877,18.495486]]}},{"type":"Feature","properties":{"sol":1000,"len_m":14.1,"date":"2023-12-12"},"geometry":{"type":"LineString","coordinates":[[77.346877,18.495486],[77.346803,18.495448],[77.346666,18.495403],[77.346647,18.495396]]}},{"type":"Feature","properties":{"sol":1001,"len_m":136.4,"date":"2023-12-13"},"geometry":{"type":"LineString","coordinates":[[77.346647,18.495396],[77.346616,18.495385],[77.34654,18.495349],[77.346405,18.495299],[77.346343,18.495273],[77.346315,18.49527],[77.346232,18.495254],[77.346176,18.495246],[77.346154,18.495219],[77.346165,18.495186],[77.346177,18.495156],[77.346191,18.495128],[77.346214,18.495085],[77.346228,18.495054],[77.346234,18.495021],[77.346224,18.495052],[77.346243,18.495023],[77.346255,18.494992],[77.346279,18.494978],[77.346276,18.495007],[77.346267,18.495037],[77.346255,18.495064],[77.346243,18.495092],[77.346232,18.495118],[77.346214,18.495152],[77.346185,18.495168],[77.346166,18.495192],[77.34615,18.495219],[77.34614,18.495249],[77.346163,18.495277],[77.346181,18.495298],[77.346193,18.495322],[77.346198,18.495347],[77.346198,18.495375],[77.346171,18.495412],[77.346142,18.495424],[77.346182,18.495414],[77.346214,18.49541],[77.346249,18.495407],[77.346226,18.495387],[77.3462,18.495397],[77.346187,18.495421],[77.34621,18.495405],[77.346243,18.495397],[77.346274,18.49539],[77.346306,18.495388],[77.34635,18.495385],[77.346379,18.49537],[77.346407,18.495353],[77.346414,18.495321],[77.34642,18.495289],[77.34642,18.495241],[77.346437,18.495217],[77.346454,18.495193],[77.346472,18.495171],[77.346486,18.495198],[77.346455,18.495211],[77.346422,18.495221],[77.346386,18.495223],[77.346371,18.49522]]}},{"type":"Feature","properties":{"sol":1002,"len_m":128.5,"date":"2023-12-14"},"geometry":{"type":"LineString","coordinates":[[77.346371,18.49522],[77.346344,18.495213],[77.346313,18.495097],[77.346309,18.495069],[77.346231,18.494962],[77.346208,18.494942],[77.3461,18.49485],[77.346078,18.494824],[77.346031,18.494791],[77.345959,18.494744],[77.345928,18.494733],[77.345786,18.494725],[77.345755,18.494733],[77.345677,18.494658],[77.345643,18.494621],[77.345619,18.494598],[77.345595,18.494573],[77.345572,18.49455],[77.345546,18.494526],[77.345521,18.494502],[77.345496,18.494478],[77.345471,18.494454],[77.345429,18.494403],[77.345413,18.494373],[77.345398,18.494344],[77.345385,18.494314],[77.34537,18.494283],[77.345349,18.494256],[77.345327,18.49423],[77.345306,18.494203],[77.345284,18.494178],[77.345252,18.494141],[77.345213,18.494107],[77.345185,18.494088],[77.345136,18.494076],[77.345102,18.494077],[77.345068,18.494082],[77.345018,18.494097],[77.344986,18.494109],[77.344955,18.494123],[77.344926,18.49414],[77.344897,18.494158],[77.344867,18.494172],[77.344836,18.494182],[77.344804,18.494191],[77.344757,18.494209],[77.34474,18.494223]]}},{"type":"Feature","properties":{"sol":1004,"len_m":7.7,"date":"2023-12-16"},"geometry":{"type":"LineString","coordinates":[[77.34474,18.494223],[77.344643,18.494288],[77.344629,18.494295]]}},{"type":"Feature","properties":{"sol":1006,"len_m":49.2,"date":"2023-12-18"},"geometry":{"type":"LineString","coordinates":[[77.344629,18.494295],[77.344554,18.494328],[77.344478,18.494375],[77.344453,18.494395],[77.344436,18.494422],[77.344418,18.494448],[77.344399,18.494475],[77.34438,18.494502],[77.344344,18.494556],[77.344324,18.49458],[77.344344,18.494607],[77.344349,18.494637],[77.34436,18.494698],[77.344355,18.494728],[77.344344,18.494755],[77.34434,18.494799],[77.344337,18.494827],[77.344333,18.494852],[77.344338,18.494854]]}},{"type":"Feature","properties":{"sol":1007,"len_m":207.2,"date":"2023-12-19"},"geometry":{"type":"LineString","coordinates":[[77.344338,18.494854],[77.344356,18.494719],[77.344334,18.494574],[77.344324,18.494548],[77.344289,18.494473],[77.34427,18.494446],[77.34425,18.49442],[77.34423,18.494394],[77.344211,18.494368],[77.344191,18.494342],[77.344171,18.494316],[77.344151,18.49429],[77.344131,18.494263],[77.344098,18.494228],[77.344072,18.494209],[77.344016,18.494176],[77.343992,18.494154],[77.343969,18.49413],[77.343939,18.494092],[77.343927,18.494062],[77.343919,18.494032],[77.343906,18.493971],[77.343883,18.493949],[77.343854,18.493934],[77.343792,18.493907],[77.343763,18.493889],[77.343737,18.493867],[77.343715,18.493844],[77.343692,18.493817],[77.343671,18.493791],[77.34365,18.493765],[77.343629,18.49374],[77.343608,18.493714],[77.343587,18.493688],[77.343567,18.493662],[77.34355,18.493636],[77.343535,18.493608],[77.343521,18.493578],[77.343506,18.493549],[77.343489,18.493521],[77.343505,18.493494],[77.343529,18.493455],[77.343528,18.493407],[77.343511,18.493363],[77.343487,18.493346],[77.343456,18.493338],[77.343427,18.493326],[77.343398,18.493306],[77.343373,18.493284],[77.343349,18.493261],[77.343327,18.493235],[77.343306,18.493214],[77.343282,18.493191],[77.343225,18.493154],[77.343203,18.493177],[77.343184,18.493201],[77.343162,18.493226],[77.343136,18.493245],[77.343094,18.493263],[77.34306,18.49326],[77.343029,18.493251],[77.342997,18.493236],[77.342969,18.49322],[77.342942,18.493199],[77.342905,18.493165],[77.34288,18.493143],[77.342856,18.493121],[77.342819,18.493087],[77.342795,18.493064],[77.342772,18.493042],[77.34275,18.493019],[77.342728,18.492993],[77.34271,18.492965],[77.342695,18.492936],[77.342682,18.492906],[77.342668,18.492861],[77.342586,18.49281],[77.342556,18.492799],[77.342523,18.492787],[77.342492,18.492776],[77.342458,18.492767],[77.342427,18.49276],[77.342395,18.492754],[77.342362,18.492747],[77.34233,18.492741],[77.342296,18.492733],[77.342264,18.492726],[77.342233,18.492712],[77.342187,18.492694],[77.342179,18.492692]]}},{"type":"Feature","properties":{"sol":1018,"len_m":181.1,"date":"2023-12-31"},"geometry":{"type":"LineString","coordinates":[[77.342179,18.492692],[77.34211,18.492644],[77.342063,18.492621],[77.342013,18.492622],[77.341964,18.492615],[77.341932,18.49261],[77.341897,18.492602],[77.341865,18.492594],[77.341831,18.49259],[77.341802,18.492595],[77.341769,18.492603],[77.341737,18.492615],[77.341715,18.492636],[77.341688,18.492656],[77.341654,18.49265],[77.341607,18.492634],[77.341546,18.492632],[77.341513,18.492638],[77.34148,18.492643],[77.341446,18.492649],[77.341414,18.492653],[77.34138,18.492656],[77.341349,18.492655],[77.341317,18.49265],[77.341286,18.492651],[77.341263,18.492675],[77.341242,18.492697],[77.3412,18.492725],[77.341169,18.492737],[77.34114,18.492749],[77.341111,18.492766],[77.341081,18.492776],[77.34105,18.492789],[77.341006,18.49281],[77.340974,18.49282],[77.340943,18.492827],[77.34091,18.492834],[77.340876,18.492841],[77.340843,18.492847],[77.34081,18.492854],[77.340776,18.492861],[77.340743,18.492868],[77.34071,18.492871],[77.340677,18.492865],[77.34065,18.492846],[77.340628,18.492821],[77.34061,18.492795],[77.340592,18.492768],[77.340572,18.492746],[77.340538,18.492743],[77.340506,18.492735],[77.340459,18.492742],[77.34043,18.492756],[77.340408,18.492778],[77.340384,18.49282],[77.340373,18.492851],[77.340371,18.49288],[77.340339,18.492893],[77.340309,18.492904],[77.340278,18.492919],[77.340233,18.492941],[77.340188,18.49295],[77.340155,18.492951],[77.340123,18.492947],[77.340093,18.492936],[77.340064,18.492922],[77.340037,18.492905],[77.340014,18.492884],[77.33999,18.492861],[77.339966,18.492841],[77.339938,18.492823],[77.339911,18.492807],[77.339881,18.492802],[77.339848,18.492807],[77.339814,18.492807],[77.339783,18.492804],[77.339731,18.492797],[77.339701,18.492786],[77.339672,18.492771],[77.339635,18.492743],[77.339621,18.492715],[77.339596,18.492727],[77.339551,18.492713],[77.339556,18.49271]]}},{"type":"Feature","properties":{"sol":1019,"len_m":108.5,"date":"2024-01-01"},"geometry":{"type":"LineString","coordinates":[[77.339556,18.49271],[77.339603,18.492728],[77.339628,18.492749],[77.339655,18.49277],[77.339687,18.492781],[77.339718,18.492789],[77.339768,18.492798],[77.339801,18.4928],[77.339834,18.492804],[77.339867,18.492805],[77.339918,18.492803],[77.33995,18.492796],[77.339983,18.492797],[77.340042,18.492779],[77.34005,18.492751],[77.340048,18.492719],[77.340037,18.492688],[77.340058,18.492664],[77.340024,18.492657],[77.340048,18.492669],[77.340076,18.492654],[77.340098,18.492638],[77.34013,18.492632],[77.340162,18.492642],[77.340193,18.492654],[77.340223,18.492666],[77.340226,18.492697],[77.340223,18.492728],[77.340211,18.492758],[77.340186,18.492778],[77.340139,18.492793],[77.340105,18.492798],[77.340072,18.492803],[77.340043,18.492792],[77.340083,18.492815],[77.340115,18.492808],[77.340147,18.492794],[77.340178,18.492765],[77.340194,18.49274],[77.340196,18.492696],[77.340176,18.492672],[77.340151,18.492655],[77.340121,18.492643],[77.340088,18.492645],[77.340058,18.492655],[77.340046,18.492662]]}},{"type":"Feature","properties":{"sol":1021,"len_m":47.2,"date":"2024-01-03"},"geometry":{"type":"LineString","coordinates":[[77.340046,18.492662],[77.340008,18.492543],[77.339996,18.492516],[77.339979,18.492491],[77.339929,18.492439],[77.339903,18.492419],[77.339874,18.492404],[77.339813,18.492376],[77.339782,18.492363],[77.339736,18.492348],[77.339685,18.492343],[77.339653,18.492345],[77.339623,18.49235],[77.33959,18.492356],[77.339578,18.492379],[77.339572,18.492411],[77.339549,18.492433],[77.339524,18.492455],[77.33954,18.492448]]}},{"type":"Feature","properties":{"sol":1041,"len_m":202.5,"date":"2024-01-23"},"geometry":{"type":"LineString","coordinates":[[77.33954,18.492448],[77.339506,18.492483],[77.339455,18.492627],[77.339442,18.492655],[77.33939,18.492777],[77.339379,18.492806],[77.339338,18.492906],[77.339325,18.492936],[77.339311,18.492965],[77.339204,18.493052],[77.339174,18.493064],[77.339038,18.493055],[77.339011,18.493056],[77.338934,18.493086],[77.33889,18.493109],[77.338861,18.493125],[77.338836,18.493145],[77.338813,18.49317],[77.338792,18.493195],[77.338769,18.493221],[77.338741,18.493262],[77.338719,18.493306],[77.338711,18.493338],[77.338717,18.49337],[77.33873,18.493401],[77.338725,18.493451],[77.338721,18.493483],[77.338716,18.493516],[77.338708,18.493565],[77.338703,18.493596],[77.338668,18.493613],[77.338635,18.493615],[77.338602,18.493615],[77.338568,18.493614],[77.338535,18.493617],[77.338501,18.493621],[77.338451,18.493627],[77.338417,18.493627],[77.338384,18.493623],[77.338352,18.493622],[77.338303,18.493616],[77.338249,18.493582],[77.338225,18.49356],[77.338202,18.493538],[77.338181,18.493513],[77.338161,18.493487],[77.338148,18.493461],[77.338146,18.493416],[77.338132,18.493386],[77.338116,18.493359],[77.338098,18.493332],[77.338068,18.493294],[77.338047,18.493268],[77.33802,18.49323],[77.338004,18.493202],[77.337984,18.493176],[77.337961,18.493153],[77.337938,18.49313],[77.337917,18.493105],[77.337898,18.493079],[77.337877,18.493055],[77.337829,18.49301],[77.337804,18.49299],[77.337778,18.492972],[77.33775,18.492953],[77.337722,18.492935],[77.337695,18.492916],[77.337667,18.492898],[77.33764,18.492879],[77.337615,18.49286],[77.337589,18.49284],[77.337562,18.492821],[77.337523,18.492796],[77.337497,18.492775],[77.337471,18.492754],[77.337437,18.49272],[77.337413,18.492696],[77.33739,18.492674],[77.337366,18.492649],[77.337344,18.492627],[77.337284,18.492584],[77.337284,18.492584]]}},{"type":"Feature","properties":{"sol":1042,"len_m":165.5,"date":"2024-01-24"},"geometry":{"type":"LineString","coordinates":[[77.337284,18.492584],[77.337151,18.492566],[77.337117,18.492562],[77.337062,18.492555],[77.337029,18.492554],[77.336995,18.492557],[77.336961,18.492561],[77.336927,18.492565],[77.336894,18.492569],[77.33686,18.492573],[77.336809,18.492579],[77.336776,18.492582],[77.336732,18.492599],[77.336704,18.49261],[77.336673,18.492617],[77.336643,18.492626],[77.336594,18.492639],[77.336562,18.492647],[77.336529,18.492655],[77.336499,18.492662],[77.336439,18.492682],[77.336409,18.492695],[77.336379,18.492707],[77.336348,18.492714],[77.336315,18.492719],[77.336282,18.492725],[77.336249,18.492731],[77.336219,18.492737],[77.336188,18.492743],[77.336154,18.492749],[77.336122,18.49275],[77.336098,18.492732],[77.33609,18.492703],[77.336103,18.492738],[77.336134,18.492757],[77.336159,18.492779],[77.336183,18.492802],[77.336172,18.49277],[77.336161,18.492741],[77.336149,18.492712],[77.336144,18.492685],[77.336158,18.492657],[77.336174,18.492629],[77.336195,18.492606],[77.336219,18.492585],[77.336246,18.492564],[77.336275,18.492551],[77.336304,18.492536],[77.336332,18.492519],[77.336313,18.492546],[77.336297,18.492575],[77.336279,18.492599],[77.336265,18.492629],[77.336258,18.492662],[77.336259,18.492693],[77.336267,18.492725],[77.336282,18.492754],[77.33629,18.492785],[77.336322,18.492799],[77.336349,18.492811],[77.336379,18.492821],[77.336412,18.492832],[77.336422,18.492889],[77.336378,18.492936],[77.336347,18.492947],[77.336315,18.492953],[77.336284,18.492955],[77.336252,18.492953],[77.336221,18.492949],[77.336192,18.492944],[77.336145,18.492932],[77.336113,18.492925],[77.336083,18.492919],[77.336118,18.492933],[77.336149,18.492916],[77.336169,18.492944],[77.336122,18.492921],[77.336127,18.492921]]}},{"type":"Feature","properties":{"sol":1043,"len_m":15.4,"date":"2024-01-25"},"geometry":{"type":"LineString","coordinates":[[77.336127,18.492921],[77.336046,18.492963],[77.336018,18.492976],[77.335945,18.493001],[77.335908,18.493004],[77.335877,18.493005]]}},{"type":"Feature","properties":{"sol":1045,"len_m":197.8,"date":"2024-01-27"},"geometry":{"type":"LineString","coordinates":[[77.335877,18.493005],[77.335845,18.493007],[77.335762,18.493031],[77.335662,18.492939],[77.33564,18.492917],[77.335503,18.49287],[77.335432,18.492847],[77.33537,18.492827],[77.335237,18.49278],[77.335211,18.492775],[77.33513,18.492752],[77.335075,18.492737],[77.335043,18.492727],[77.335011,18.492718],[77.334982,18.492708],[77.334951,18.492698],[77.33492,18.492687],[77.334887,18.492677],[77.334857,18.492669],[77.334824,18.492665],[77.334798,18.492684],[77.334783,18.492714],[77.334756,18.492756],[77.334724,18.492767],[77.334692,18.492765],[77.334659,18.492763],[77.334626,18.492761],[77.334591,18.492762],[77.3345,18.492799],[77.334478,18.492822],[77.334457,18.492847],[77.334435,18.492871],[77.334411,18.492894],[77.334388,18.492917],[77.334364,18.492941],[77.334346,18.492967],[77.334333,18.492997],[77.334303,18.493024],[77.334236,18.49304],[77.334203,18.493052],[77.334172,18.493065],[77.334125,18.493086],[77.334079,18.493105],[77.334048,18.493116],[77.333987,18.493143],[77.333961,18.493165],[77.333937,18.493188],[77.333892,18.493232],[77.333866,18.493253],[77.333839,18.493272],[77.333793,18.493285],[77.333747,18.493272],[77.333665,18.493274],[77.333635,18.49329],[77.333609,18.493309],[77.333576,18.493318],[77.333543,18.493325],[77.333509,18.493328],[77.333459,18.493325],[77.333428,18.49332],[77.333396,18.493315],[77.333364,18.493307],[77.333317,18.493292],[77.333285,18.493281],[77.333261,18.493261],[77.33324,18.493236],[77.333224,18.49321],[77.3332,18.49317],[77.333174,18.493112],[77.333148,18.493093],[77.333177,18.493116],[77.333134,18.493089],[77.333158,18.4931],[77.333158,18.493099]]}},{"type":"Feature","properties":{"sol":1046,"len_m":206.7,"date":"2024-01-28"},"geometry":{"type":"LineString","coordinates":[[77.333158,18.493099],[77.333084,18.49307],[77.333051,18.493066],[77.333019,18.493065],[77.332984,18.493063],[77.332953,18.493063],[77.33292,18.493062],[77.332887,18.493059],[77.332855,18.493052],[77.332824,18.493044],[77.332792,18.493034],[77.332709,18.492981],[77.332688,18.492958],[77.33267,18.492933],[77.332661,18.492904],[77.332662,18.492873],[77.332677,18.492834],[77.332697,18.492808],[77.332709,18.492781],[77.332712,18.492719],[77.3327,18.492693],[77.332683,18.492666],[77.332666,18.492643],[77.33265,18.492618],[77.332633,18.492592],[77.332617,18.492566],[77.332589,18.492529],[77.33257,18.492488],[77.332563,18.492456],[77.332559,18.492424],[77.332559,18.492393],[77.332562,18.492362],[77.332561,18.492331],[77.332548,18.492299],[77.332529,18.492274],[77.332491,18.49225],[77.332471,18.492229],[77.332449,18.492205],[77.332436,18.492174],[77.33243,18.492128],[77.332426,18.492096],[77.332445,18.492069],[77.33246,18.492044],[77.332457,18.492014],[77.332449,18.491983],[77.332443,18.491952],[77.332368,18.491889],[77.332341,18.491871],[77.332315,18.49185],[77.332291,18.491828],[77.332259,18.491818],[77.332213,18.491799],[77.332181,18.491784],[77.332151,18.491769],[77.332098,18.491727],[77.332071,18.491707],[77.332042,18.491691],[77.331997,18.491671],[77.331966,18.491657],[77.331941,18.49164],[77.331918,18.491617],[77.3319,18.491592],[77.331889,18.491565],[77.331858,18.491528],[77.331836,18.491503],[77.331817,18.491478],[77.331797,18.491452],[77.331779,18.491428],[77.331761,18.491401],[77.331746,18.491379],[77.331697,18.491354],[77.331666,18.491363],[77.331633,18.49137],[77.331584,18.491376],[77.331551,18.491378],[77.331517,18.491381],[77.331485,18.491382],[77.331453,18.491377],[77.331423,18.49137],[77.331393,18.491362],[77.331362,18.491354],[77.331317,18.49134],[77.331285,18.491328],[77.331258,18.491313],[77.331215,18.491292],[77.331186,18.491278],[77.331169,18.491252],[77.33114,18.491181],[77.331114,18.491165],[77.331076,18.491145],[77.331047,18.49113],[77.331012,18.491118]]}},{"type":"Feature","properties":{"sol":1047,"len_m":93.8,"date":"2024-01-29"},"geometry":{"type":"LineString","coordinates":[[77.331012,18.491118],[77.330952,18.49111],[77.330924,18.491114],[77.330809,18.491137],[77.330664,18.491133],[77.330614,18.491136],[77.330579,18.491137],[77.33053,18.491137],[77.330452,18.491129],[77.330421,18.491123],[77.330389,18.491118],[77.330343,18.491109],[77.330323,18.491089],[77.33031,18.491061],[77.330292,18.491035],[77.330272,18.49101],[77.330252,18.490987],[77.33023,18.490963],[77.330203,18.490947],[77.330174,18.490937],[77.330142,18.49093],[77.330112,18.490923],[77.33008,18.490916],[77.330047,18.490909],[77.330016,18.490904],[77.329987,18.490904],[77.329954,18.490906],[77.329905,18.490912],[77.329873,18.490918],[77.329825,18.490934],[77.329795,18.490946],[77.329764,18.490958],[77.329731,18.490964],[77.329698,18.490964],[77.329667,18.49095],[77.329636,18.490937],[77.329608,18.490924],[77.329578,18.490912],[77.329534,18.490911],[77.329518,18.490915]]}},{"type":"Feature","properties":{"sol":1049,"len_m":66.1,"date":"2024-01-31"},"geometry":{"type":"LineString","coordinates":[[77.329518,18.490915],[77.329445,18.490998],[77.329333,18.491061],[77.329277,18.491082],[77.329247,18.491094],[77.329215,18.491104],[77.329182,18.491115],[77.329149,18.491126],[77.329118,18.491137],[77.329085,18.491147],[77.329052,18.491155],[77.32902,18.491161],[77.328989,18.491168],[77.328955,18.491174],[77.328925,18.491173],[77.328938,18.491208],[77.328931,18.491241],[77.328911,18.491276],[77.328873,18.491293],[77.328843,18.491297],[77.328799,18.491284],[77.32881,18.491314],[77.328831,18.49134],[77.328811,18.491311],[77.328812,18.491312]]}},{"type":"Feature","properties":{"sol":1052,"len_m":119.6,"date":"2024-02-04"},"geometry":{"type":"LineString","coordinates":[[77.328812,18.491312],[77.328779,18.491255],[77.32877,18.491227],[77.328681,18.491298],[77.328658,18.491316],[77.328556,18.491398],[77.32842,18.491448],[77.328389,18.491457],[77.328323,18.491471],[77.32826,18.491485],[77.328231,18.491491],[77.328196,18.491487],[77.328148,18.491492],[77.328115,18.491497],[77.328082,18.491496],[77.328049,18.491489],[77.32799,18.491469],[77.327956,18.491471],[77.327908,18.49148],[77.327876,18.491487],[77.327847,18.491493],[77.327783,18.491493],[77.327752,18.491491],[77.327693,18.491498],[77.327665,18.49149],[77.327637,18.491478],[77.327606,18.491469],[77.327578,18.491458],[77.327553,18.491474],[77.327522,18.491468],[77.327493,18.491453],[77.327463,18.491438],[77.327431,18.49143],[77.3274,18.491443],[77.327376,18.491468],[77.327352,18.491493],[77.327331,18.49152],[77.327313,18.491548],[77.327293,18.491576],[77.327268,18.491597],[77.327236,18.491599],[77.327205,18.491594],[77.327174,18.491582],[77.32713,18.491561],[77.327102,18.491549],[77.327078,18.491533],[77.327048,18.491525],[77.327034,18.491523]]}},{"type":"Feature","properties":{"sol":1055,"len_m":0.0,"date":"2024-02-07"},"geometry":{"type":"LineString","coordinates":[[77.327034,18.491523],[77.327034,18.491523]]}},{"type":"Feature","properties":{"sol":1059,"len_m":2.8,"date":"2024-02-11"},"geometry":{"type":"LineString","coordinates":[[77.327034,18.491523],[77.327001,18.491516],[77.326986,18.491512]]}},{"type":"Feature","properties":{"sol":1063,"len_m":22.7,"date":"2024-02-15"},"geometry":{"type":"LineString","coordinates":[[77.326986,18.491512],[77.32702,18.491521],[77.327053,18.491531],[77.327085,18.491542],[77.327118,18.491554],[77.32715,18.491566],[77.327183,18.491579],[77.327215,18.491592],[77.327248,18.491604],[77.327282,18.491617],[77.327315,18.49163],[77.327347,18.491642],[77.327363,18.491648]]}},{"type":"Feature","properties":{"sol":1066,"len_m":16.3,"date":"2024-02-18"},"geometry":{"type":"LineString","coordinates":[[77.327363,18.491648],[77.327231,18.491657],[77.327202,18.491656],[77.327204,18.491684],[77.327206,18.491741],[77.327214,18.491769],[77.327215,18.491771]]}},{"type":"Feature","properties":{"sol":1068,"len_m":3.5,"date":"2024-02-20"},"geometry":{"type":"LineString","coordinates":[[77.327215,18.491771],[77.327209,18.491797],[77.327217,18.491821]]}},{"type":"Feature","properties":{"sol":1084,"len_m":5.5,"date":"2024-03-08"},"geometry":{"type":"LineString","coordinates":[[77.327217,18.491821],[77.327206,18.49179],[77.327194,18.491816],[77.327203,18.491833]]}},{"type":"Feature","properties":{"sol":1092,"len_m":2.4,"date":"2024-03-16"},"geometry":{"type":"LineString","coordinates":[[77.327203,18.491833],[77.327182,18.491801],[77.32718,18.4918]]}},{"type":"Feature","properties":{"sol":1096,"len_m":52.0,"date":"2024-03-20"},"geometry":{"type":"LineString","coordinates":[[77.32718,18.4918],[77.32708,18.491859],[77.327054,18.491868],[77.326956,18.491889],[77.326827,18.491917],[77.326774,18.491916],[77.326744,18.491911],[77.326714,18.491903],[77.326682,18.491901],[77.326655,18.491916],[77.326627,18.491932],[77.32661,18.491959],[77.326594,18.491983],[77.326583,18.492009],[77.326563,18.492035],[77.326547,18.492063],[77.32653,18.49209],[77.326527,18.492121],[77.326535,18.492122]]}},{"type":"Feature","properties":{"sol":1100,"len_m":33.2,"date":"2024-03-24"},"geometry":{"type":"LineString","coordinates":[[77.326535,18.492122],[77.326584,18.492003],[77.326586,18.491973],[77.326546,18.491912],[77.326525,18.491894],[77.326413,18.491937],[77.326329,18.491959],[77.326268,18.491982],[77.326246,18.49198]]}},{"type":"Feature","properties":{"sol":1101,"len_m":92.8,"date":"2024-03-25"},"geometry":{"type":"LineString","coordinates":[[77.326246,18.49198],[77.326279,18.491975],[77.326277,18.491913],[77.326267,18.491885],[77.326252,18.491859],[77.326228,18.491843],[77.326145,18.491829],[77.326049,18.491713],[77.326032,18.491687],[77.326024,18.491663],[77.326013,18.491631],[77.326003,18.491602],[77.325994,18.491572],[77.325988,18.491543],[77.325982,18.491513],[77.325974,18.491468],[77.325967,18.49144],[77.325959,18.49141],[77.325953,18.49138],[77.325947,18.491351],[77.32594,18.491321],[77.325931,18.491291],[77.325921,18.491264],[77.325909,18.491235],[77.3259,18.491205],[77.325893,18.491161],[77.32589,18.491121],[77.325888,18.491091],[77.325885,18.491061],[77.325868,18.491003],[77.325849,18.490978],[77.325831,18.490953],[77.32581,18.490932],[77.325793,18.490904],[77.325785,18.490875],[77.325779,18.490846],[77.325753,18.490807],[77.325717,18.490805],[77.325681,18.490803],[77.325649,18.490811],[77.325622,18.490831],[77.325614,18.490843]]}},{"type":"Feature","properties":{"sol":1102,"len_m":33.9,"date":"2024-03-26"},"geometry":{"type":"LineString","coordinates":[[77.325614,18.490843],[77.325601,18.490714],[77.32553,18.490742],[77.32548,18.490786],[77.325452,18.490803],[77.325421,18.490816],[77.32539,18.490821],[77.325423,18.490816],[77.325389,18.490818],[77.325425,18.490815],[77.325397,18.490836],[77.325373,18.490812],[77.325374,18.490812]]}},{"type":"Feature","properties":{"sol":1103,"len_m":52.5,"date":"2024-03-27"},"geometry":{"type":"LineString","coordinates":[[77.325374,18.490812],[77.325347,18.490795],[77.325286,18.490848],[77.325174,18.490949],[77.325148,18.490969],[77.325011,18.490973],[77.324934,18.490978],[77.324882,18.49097],[77.324795,18.490938],[77.324768,18.490929],[77.324669,18.490888],[77.324634,18.490873],[77.324603,18.490862],[77.324588,18.490865]]}},{"type":"Feature","properties":{"sol":1106,"len_m":1.0,"date":"2024-03-30"},"geometry":{"type":"LineString","coordinates":[[77.324588,18.490865],[77.324571,18.49087]]}},{"type":"Feature","properties":{"sol":1108,"len_m":56.6,"date":"2024-04-01"},"geometry":{"type":"LineString","coordinates":[[77.324571,18.49087],[77.324602,18.490862],[77.324545,18.490901],[77.324507,18.490916],[77.324478,18.490912],[77.324424,18.490872],[77.324328,18.490841],[77.324191,18.490801],[77.324152,18.490799],[77.324135,18.490772],[77.324126,18.490744],[77.324126,18.490714],[77.324129,18.490684],[77.32413,18.490656],[77.324125,18.490627],[77.324111,18.490599],[77.324081,18.490604],[77.324049,18.490605],[77.324017,18.490611],[77.324061,18.490612],[77.324091,18.490605],[77.324074,18.490598]]}},{"type":"Feature","properties":{"sol":1109,"len_m":41.2,"date":"2024-04-02"},"geometry":{"type":"LineString","coordinates":[[77.324074,18.490598],[77.324046,18.490605],[77.323939,18.49068],[77.323803,18.490725],[77.323762,18.490752],[77.323707,18.490891],[77.323697,18.490922],[77.323562,18.49098],[77.323543,18.490989]]}},{"type":"Feature","properties":{"sol":1110,"len_m":23.9,"date":"2024-04-03"},"geometry":{"type":"LineString","coordinates":[[77.323543,18.490989],[77.323513,18.490992],[77.323475,18.490993],[77.323444,18.49099],[77.32341,18.49098],[77.323373,18.490975],[77.323259,18.49098],[77.323236,18.490966],[77.323203,18.490962],[77.323211,18.490964]]}},{"type":"Feature","properties":{"sol":1114,"len_m":29.6,"date":"2024-04-07"},"geometry":{"type":"LineString","coordinates":[[77.323211,18.490964],[77.323202,18.491027],[77.323098,18.491075],[77.323032,18.491083],[77.322947,18.491111],[77.322876,18.491125],[77.322807,18.491134],[77.322787,18.491134]]}},{"type":"Feature","properties":{"sol":1115,"len_m":51.2,"date":"2024-04-08"},"geometry":{"type":"LineString","coordinates":[[77.322787,18.491134],[77.322664,18.49108],[77.322572,18.490961],[77.322497,18.490837],[77.322472,18.490797],[77.322454,18.490754],[77.322438,18.490677],[77.322414,18.490551],[77.322397,18.490527],[77.322307,18.490486],[77.322294,18.490481]]}},{"type":"Feature","properties":{"sol":1116,"len_m":54.5,"date":"2024-04-09"},"geometry":{"type":"LineString","coordinates":[[77.322294,18.490481],[77.32232,18.490488],[77.322227,18.490519],[77.322094,18.490543],[77.321946,18.490558],[77.321847,18.490564],[77.321798,18.490566],[77.321661,18.490567],[77.321544,18.490539],[77.321426,18.490495],[77.321404,18.490493]]}},{"type":"Feature","properties":{"sol":1117,"len_m":64.3,"date":"2024-04-10"},"geometry":{"type":"LineString","coordinates":[[77.321404,18.490493],[77.321435,18.490507],[77.321409,18.490464],[77.321402,18.490439],[77.321409,18.490391],[77.321398,18.490264],[77.321392,18.490162],[77.321374,18.490045],[77.321368,18.490015],[77.321398,18.489959],[77.321407,18.489933],[77.321442,18.489844],[77.321451,18.489817],[77.321442,18.489734],[77.321472,18.489646],[77.321503,18.48961],[77.321509,18.489556],[77.321502,18.489529]]}},{"type":"Feature","properties":{"sol":1118,"len_m":53.4,"date":"2024-04-11"},"geometry":{"type":"LineString","coordinates":[[77.321502,18.489529],[77.321547,18.489417],[77.321593,18.489281],[77.321617,18.489224],[77.321556,18.48912],[77.321536,18.489102],[77.321512,18.48908],[77.321488,18.48906],[77.321467,18.489039],[77.321449,18.489014],[77.321439,18.488968],[77.32145,18.488938],[77.321439,18.488986],[77.321446,18.488955],[77.321459,18.488926],[77.321448,18.488957],[77.321458,18.488929],[77.321448,18.48896],[77.321448,18.48896]]}},{"type":"Feature","properties":{"sol":1120,"len_m":57.0,"date":"2024-04-13"},"geometry":{"type":"LineString","coordinates":[[77.321448,18.48896],[77.321416,18.488959],[77.321343,18.488938],[77.321319,18.488927],[77.321216,18.488883],[77.32119,18.488873],[77.321102,18.488831],[77.320975,18.488775],[77.320946,18.488766],[77.320916,18.488758],[77.320846,18.488731],[77.320794,18.488684],[77.320763,18.488648],[77.320743,18.488622],[77.320727,18.488598],[77.320609,18.488547],[77.320586,18.48854]]}},{"type":"Feature","properties":{"sol":1122,"len_m":71.0,"date":"2024-04-16"},"geometry":{"type":"LineString","coordinates":[[77.320586,18.48854],[77.320648,18.488574],[77.320672,18.488586],[77.320706,18.488714],[77.32072,18.488861],[77.320729,18.488893],[77.320744,18.488915],[77.32071,18.489006],[77.320695,18.489034],[77.320611,18.489146],[77.320595,18.48919],[77.320609,18.489279],[77.320544,18.48932],[77.320511,18.489325],[77.320478,18.48933],[77.320446,18.489338],[77.320416,18.489347],[77.320385,18.489357],[77.320353,18.489364],[77.320323,18.489365],[77.320294,18.489357],[77.320271,18.489338],[77.320273,18.48934]]}},{"type":"Feature","properties":{"sol":1124,"len_m":34.5,"date":"2024-04-18"},"geometry":{"type":"LineString","coordinates":[[77.320273,18.48934],[77.320374,18.489375],[77.320364,18.489475],[77.320355,18.4895],[77.320327,18.489512],[77.320289,18.489522],[77.32025,18.489528],[77.320221,18.48953],[77.320244,18.489558],[77.32027,18.48958],[77.320253,18.489561],[77.320224,18.489549],[77.320203,18.489527],[77.320221,18.489514]]}},{"type":"Feature","properties":{"sol":1129,"len_m":2.5,"date":"2024-04-23"},"geometry":{"type":"LineString","coordinates":[[77.320221,18.489514],[77.320215,18.489512]]}},{"type":"Feature","properties":{"sol":1131,"len_m":15.1,"date":"2024-04-25"},"geometry":{"type":"LineString","coordinates":[[77.320215,18.489512],[77.320224,18.48947],[77.320224,18.489443],[77.320144,18.489414],[77.320084,18.4894],[77.320064,18.489386]]}},{"type":"Feature","properties":{"sol":1134,"len_m":58.1,"date":"2024-04-28"},"geometry":{"type":"LineString","coordinates":[[77.320064,18.489386],[77.320096,18.489375],[77.32003,18.48943],[77.319887,18.489459],[77.319854,18.489462],[77.31971,18.489477],[77.319679,18.489481],[77.319666,18.489519],[77.319678,18.489614],[77.319672,18.489751],[77.319683,18.489783],[77.3197,18.489828],[77.319699,18.489854],[77.319693,18.489915],[77.319693,18.489938]]}},{"type":"Feature","properties":{"sol":1136,"len_m":38.7,"date":"2024-04-30"},"geometry":{"type":"LineString","coordinates":[[77.319693,18.489938],[77.319666,18.489943],[77.31964,18.489955],[77.31962,18.489973],[77.319479,18.490013],[77.319335,18.490001],[77.319189,18.490024],[77.31916,18.490033],[77.319102,18.490047],[77.319071,18.490054],[77.319054,18.490058]]}},{"type":"Feature","properties":{"sol":1137,"len_m":34.0,"date":"2024-05-01"},"geometry":{"type":"LineString","coordinates":[[77.319054,18.490058],[77.319017,18.490051],[77.318919,18.49007],[77.318771,18.490098],[77.318634,18.490061],[77.318603,18.490054],[77.318544,18.49003],[77.318482,18.490002]]}},{"type":"Feature","properties":{"sol":1138,"len_m":28.1,"date":"2024-05-02"},"geometry":{"type":"LineString","coordinates":[[77.318482,18.490002],[77.31839,18.48997],[77.318257,18.489951],[77.318122,18.489949],[77.318095,18.489937],[77.318068,18.489923],[77.318008,18.489899]]}},{"type":"Feature","properties":{"sol":1140,"len_m":46.7,"date":"2024-05-04"},"geometry":{"type":"LineString","coordinates":[[77.318008,18.489899],[77.317941,18.489918],[77.317849,18.489919],[77.317822,18.489911],[77.317697,18.489915],[77.317667,18.48991],[77.317535,18.489887],[77.317506,18.489889],[77.317448,18.489898],[77.317368,18.489892],[77.317332,18.489886],[77.317302,18.489884],[77.317271,18.489883],[77.317239,18.489879],[77.317222,18.489878]]}},{"type":"Feature","properties":{"sol":1142,"len_m":70.4,"date":"2024-05-06"},"geometry":{"type":"LineString","coordinates":[[77.317222,18.489878],[77.317195,18.489874],[77.317072,18.489835],[77.31693,18.489781],[77.316903,18.489779],[77.316755,18.489768],[77.316729,18.489757],[77.316682,18.489767],[77.3166,18.489825],[77.316575,18.489844],[77.316459,18.489922],[77.316434,18.489944],[77.316299,18.489962],[77.316268,18.489967],[77.316221,18.489977],[77.316133,18.489988],[77.316104,18.489994],[77.316077,18.490001],[77.316079,18.490003]]}},{"type":"Feature","properties":{"sol":1143,"len_m":41.3,"date":"2024-05-07"},"geometry":{"type":"LineString","coordinates":[[77.316079,18.490003],[77.316049,18.489983],[77.31602,18.489971],[77.31589,18.489981],[77.31586,18.48998],[77.315814,18.489894],[77.31576,18.489802],[77.315664,18.489796],[77.315617,18.4898],[77.315539,18.489804],[77.31551,18.489801],[77.31551,18.489801]]}},{"type":"Feature","properties":{"sol":1144,"len_m":52.1,"date":"2024-05-08"},"geometry":{"type":"LineString","coordinates":[[77.31551,18.489801],[77.315541,18.489805],[77.315573,18.489811],[77.315549,18.489884],[77.315535,18.489907],[77.315407,18.489922],[77.315361,18.489926],[77.315236,18.489953],[77.315144,18.489984],[77.315104,18.49001],[77.315057,18.490055],[77.315003,18.49012],[77.314931,18.490165],[77.31491,18.490175]]}},{"type":"Feature","properties":{"sol":1145,"len_m":42.2,"date":"2024-05-09"},"geometry":{"type":"LineString","coordinates":[[77.31491,18.490175],[77.314878,18.49018],[77.314849,18.490183],[77.314819,18.490184],[77.314781,18.490184],[77.314752,18.490186],[77.314698,18.490169],[77.314618,18.490154],[77.314506,18.490162],[77.314481,18.490172],[77.314455,18.490192],[77.314381,18.490237],[77.314333,18.490264],[77.314273,18.490302],[77.31425,18.490317],[77.314235,18.490317]]}},{"type":"Feature","properties":{"sol":1148,"len_m":39.4,"date":"2024-05-12"},"geometry":{"type":"LineString","coordinates":[[77.314235,18.490317],[77.314168,18.490298],[77.314088,18.490277],[77.31399,18.490327],[77.313902,18.490388],[77.313797,18.490477],[77.313761,18.490496],[77.313689,18.490552],[77.313672,18.490566]]}},{"type":"Feature","properties":{"sol":1150,"len_m":16.5,"date":"2024-05-14"},"geometry":{"type":"LineString","coordinates":[[77.313672,18.490566],[77.313713,18.490681],[77.313631,18.490712],[77.313604,18.49071],[77.31359,18.490711]]}},{"type":"Feature","properties":{"sol":1154,"len_m":0.4,"date":"2024-05-18"},"geometry":{"type":"LineString","coordinates":[[77.31359,18.490711],[77.313597,18.490711]]}},{"type":"Feature","properties":{"sol":1156,"len_m":16.9,"date":"2024-05-20"},"geometry":{"type":"LineString","coordinates":[[77.313597,18.490711],[77.313563,18.490725],[77.31355,18.490748],[77.313472,18.490778],[77.31336,18.490797],[77.313333,18.490801],[77.313333,18.490801]]}},{"type":"Feature","properties":{"sol":1157,"len_m":14.2,"date":"2024-05-21"},"geometry":{"type":"LineString","coordinates":[[77.313333,18.490801],[77.313274,18.490859],[77.313169,18.490949],[77.313158,18.490958]]}},{"type":"Feature","properties":{"sol":1158,"len_m":33.5,"date":"2024-05-23"},"geometry":{"type":"LineString","coordinates":[[77.313158,18.490958],[77.313092,18.49101],[77.31307,18.491026],[77.313001,18.491077],[77.312893,18.491193],[77.312872,18.491208],[77.312841,18.491247],[77.312821,18.491273],[77.312774,18.491324],[77.312749,18.491346],[77.312746,18.491349]]}},{"type":"Feature","properties":{"sol":1159,"len_m":22.1,"date":"2024-05-24"},"geometry":{"type":"LineString","coordinates":[[77.312746,18.491349],[77.312781,18.491349],[77.312727,18.491386],[77.312657,18.49143],[77.312643,18.49151],[77.312642,18.491597],[77.312646,18.491615]]}},{"type":"Feature","properties":{"sol":1162,"len_m":200.1,"date":"2024-05-27"},"geometry":{"type":"LineString","coordinates":[[77.312646,18.491615],[77.312533,18.491678],[77.312491,18.491701],[77.312477,18.491761],[77.312478,18.491791],[77.312468,18.491856],[77.312454,18.49192],[77.312437,18.49201],[77.312438,18.492055],[77.312438,18.492151],[77.31244,18.492183],[77.312446,18.492307],[77.312458,18.492361],[77.312464,18.492394],[77.312471,18.492427],[77.312478,18.49246],[77.312486,18.492493],[77.312493,18.492526],[77.312501,18.492558],[77.312509,18.492589],[77.312517,18.492621],[77.312525,18.492653],[77.312529,18.492685],[77.31253,18.492718],[77.312526,18.492751],[77.31252,18.492783],[77.312518,18.492816],[77.312516,18.492849],[77.312516,18.49288],[77.312515,18.492912],[77.312521,18.492962],[77.312534,18.492994],[77.312549,18.493025],[77.312572,18.493071],[77.312588,18.493102],[77.312604,18.493132],[77.31262,18.493163],[77.312636,18.493193],[77.312652,18.493223],[77.312668,18.493252],[77.312687,18.493281],[77.312707,18.493309],[77.312729,18.493336],[77.312753,18.49336],[77.312781,18.493381],[77.31281,18.493399],[77.312842,18.493415],[77.312873,18.493432],[77.312902,18.493452],[77.312941,18.493486],[77.312974,18.493499],[77.313007,18.493512],[77.313037,18.493531],[77.313073,18.493539],[77.313109,18.493548],[77.313142,18.493562],[77.313192,18.493582],[77.313224,18.493595],[77.313258,18.493609],[77.313289,18.493623],[77.313321,18.493637],[77.313351,18.493654],[77.313378,18.493675],[77.313402,18.493699],[77.313427,18.493722],[77.313455,18.493743],[77.313498,18.493775],[77.313528,18.493794],[77.313558,18.493813],[77.313587,18.493833],[77.313614,18.493854],[77.313638,18.493878],[77.313661,18.493902],[77.31369,18.493912],[77.313723,18.493923],[77.313758,18.493933],[77.313793,18.493939],[77.313828,18.493945],[77.313864,18.49395],[77.313899,18.493958],[77.313947,18.493977],[77.313973,18.493997],[77.313994,18.494022],[77.314006,18.494047],[77.314022,18.494076],[77.314026,18.494086]]}},{"type":"Feature","properties":{"sol":1168,"len_m":128.9,"date":"2024-06-02"},"geometry":{"type":"LineString","coordinates":[[77.314026,18.494086],[77.31393,18.494203],[77.313912,18.494231],[77.313928,18.494369],[77.313937,18.494398],[77.31394,18.494501],[77.313944,18.494527],[77.313944,18.494561],[77.313939,18.494594],[77.313927,18.494625],[77.313912,18.494654],[77.313895,18.494684],[77.313878,18.494712],[77.313858,18.494739],[77.313839,18.494767],[77.313821,18.494796],[77.313802,18.494825],[77.313783,18.494853],[77.313765,18.494881],[77.313746,18.49491],[77.313727,18.494939],[77.313708,18.494967],[77.31369,18.494996],[77.313672,18.495023],[77.313653,18.495051],[77.313634,18.495079],[77.313615,18.495106],[77.313596,18.495135],[77.313578,18.495161],[77.313564,18.495191],[77.313561,18.495223],[77.313566,18.495256],[77.313575,18.495288],[77.313584,18.49532],[77.313593,18.495352],[77.313603,18.495383],[77.313613,18.495413],[77.313624,18.495444],[77.313634,18.495474],[77.313646,18.495506],[77.313657,18.495538],[77.313668,18.495567],[77.313681,18.495598],[77.313694,18.495628],[77.313707,18.495658],[77.313719,18.495689],[77.313731,18.495719],[77.31374,18.49575],[77.313748,18.495781],[77.313757,18.495812],[77.313766,18.495844],[77.313775,18.495876],[77.313785,18.495909],[77.313791,18.495941],[77.313795,18.495974],[77.313799,18.496007],[77.313802,18.496039],[77.313806,18.496072],[77.313807,18.496073]]}},{"type":"Feature","properties":{"sol":1170,"len_m":128.8,"date":"2024-06-04"},"geometry":{"type":"LineString","coordinates":[[77.313807,18.496073],[77.313738,18.496069],[77.313695,18.49601],[77.313655,18.495997],[77.313561,18.495981],[77.313513,18.495948],[77.313487,18.49593],[77.31346,18.495912],[77.313434,18.495893],[77.313406,18.495874],[77.313366,18.495846],[77.313337,18.495828],[77.313294,18.495801],[77.313265,18.495784],[77.313235,18.495766],[77.313203,18.495752],[77.313174,18.49574],[77.313143,18.495731],[77.31311,18.495723],[77.313077,18.495715],[77.313045,18.495708],[77.313013,18.495702],[77.312984,18.495697],[77.312935,18.495691],[77.3129,18.495693],[77.312866,18.495697],[77.312831,18.495699],[77.312796,18.4957],[77.31275,18.495686],[77.312721,18.495669],[77.312693,18.495652],[77.312666,18.495634],[77.312637,18.495617],[77.312606,18.495602],[77.312574,18.495589],[77.312543,18.495577],[77.312512,18.495566],[77.31248,18.495554],[77.312447,18.495546],[77.312414,18.49554],[77.31238,18.495533],[77.312345,18.495527],[77.312311,18.49552],[77.312277,18.495513],[77.312243,18.495507],[77.312209,18.4955],[77.312177,18.495493],[77.312143,18.495488],[77.312108,18.495483],[77.312074,18.495478],[77.31204,18.495475],[77.312006,18.495475],[77.311971,18.495473],[77.311936,18.495471],[77.311901,18.495472],[77.311865,18.495473],[77.31183,18.495474],[77.311795,18.495472],[77.311732,18.495497],[77.311731,18.495497]]}},{"type":"Feature","properties":{"sol":1171,"len_m":193.9,"date":"2024-06-05"},"geometry":{"type":"LineString","coordinates":[[77.311731,18.495497],[77.311697,18.4955],[77.311662,18.495495],[77.311628,18.49549],[77.311593,18.495489],[77.311558,18.49549],[77.311523,18.49549],[77.31149,18.495489],[77.311456,18.495488],[77.311421,18.495487],[77.311386,18.495486],[77.311352,18.495484],[77.311317,18.495482],[77.311282,18.495481],[77.311246,18.495479],[77.311212,18.495477],[77.311178,18.495474],[77.311143,18.495471],[77.311109,18.495468],[77.311074,18.495464],[77.311039,18.495461],[77.311004,18.495459],[77.310969,18.495456],[77.310935,18.495453],[77.310899,18.495449],[77.310864,18.495444],[77.310831,18.495438],[77.310795,18.495433],[77.310762,18.495434],[77.31073,18.495438],[77.310697,18.495442],[77.310663,18.495448],[77.310632,18.495454],[77.310597,18.495457],[77.310564,18.495451],[77.310498,18.495444],[77.310467,18.495445],[77.310434,18.495449],[77.310385,18.495457],[77.310351,18.495458],[77.310318,18.495455],[77.310285,18.495448],[77.310256,18.495441],[77.310206,18.495436],[77.310174,18.495437],[77.310141,18.495439],[77.310092,18.495437],[77.310057,18.495433],[77.310023,18.495427],[77.309989,18.495419],[77.309957,18.495409],[77.309923,18.4954],[77.309892,18.495393],[77.309859,18.495387],[77.309811,18.495385],[77.309779,18.495383],[77.309751,18.495383],[77.309706,18.495388],[77.309673,18.495391],[77.30964,18.495391],[77.309606,18.495386],[77.309572,18.49538],[77.309537,18.495376],[77.309503,18.495373],[77.309468,18.495371],[77.309434,18.495368],[77.3094,18.495365],[77.309367,18.495359],[77.309333,18.49535],[77.3093,18.495341],[77.309267,18.495333],[77.309233,18.495327],[77.309199,18.495323],[77.309169,18.495318],[77.309136,18.49531],[77.309103,18.495303],[77.30907,18.495295],[77.309037,18.495288],[77.309005,18.495281],[77.308973,18.495271],[77.30894,18.495264],[77.308906,18.49526],[77.308877,18.495259],[77.308843,18.49526],[77.308808,18.49526],[77.308774,18.495261],[77.30874,18.495261],[77.308705,18.495262],[77.30867,18.495262],[77.308618,18.495263],[77.308584,18.495261],[77.308551,18.495255],[77.308518,18.495247],[77.308484,18.495238],[77.308451,18.49523],[77.308418,18.495221],[77.308384,18.495213],[77.308351,18.495207],[77.308325,18.495201]]}},{"type":"Feature","properties":{"sol":1174,"len_m":120.2,"date":"2024-06-08"},"geometry":{"type":"LineString","coordinates":[[77.308325,18.495201],[77.308294,18.495201],[77.308266,18.495214],[77.308212,18.49526],[77.308119,18.495302],[77.308065,18.495319],[77.308031,18.495323],[77.307996,18.495323],[77.307964,18.495319],[77.307929,18.495313],[77.307895,18.495306],[77.307862,18.495299],[77.307829,18.495291],[77.307796,18.495284],[77.307762,18.495277],[77.307728,18.49527],[77.307694,18.495264],[77.30766,18.495255],[77.307628,18.495243],[77.307596,18.49523],[77.307564,18.495216],[77.307533,18.495203],[77.3075,18.495189],[77.307468,18.495179],[77.307433,18.495171],[77.307399,18.495164],[77.307365,18.495158],[77.307331,18.495152],[77.307299,18.495146],[77.307265,18.495143],[77.307229,18.49514],[77.307194,18.495138],[77.30716,18.495136],[77.307125,18.495133],[77.307091,18.495133],[77.307056,18.495135],[77.307021,18.495139],[77.306986,18.495143],[77.30695,18.495148],[77.306916,18.495152],[77.306881,18.495156],[77.306845,18.495158],[77.306809,18.495158],[77.306774,18.495157],[77.306739,18.495152],[77.306689,18.495138],[77.306656,18.495127],[77.306606,18.49511],[77.306572,18.495098],[77.306539,18.495088],[77.306506,18.495077],[77.306473,18.495066],[77.306439,18.495055],[77.306406,18.495044],[77.306373,18.495033],[77.30634,18.495021],[77.306307,18.49501],[77.306281,18.495001]]}},{"type":"Feature","properties":{"sol":1175,"len_m":139.2,"date":"2024-06-09"},"geometry":{"type":"LineString","coordinates":[[77.306281,18.495001],[77.306248,18.494992],[77.306214,18.494985],[77.30618,18.494977],[77.306147,18.494969],[77.306113,18.494961],[77.306079,18.494953],[77.306046,18.494945],[77.306012,18.494938],[77.305977,18.494931],[77.305944,18.494923],[77.305909,18.494916],[77.305875,18.494908],[77.305841,18.494898],[77.305808,18.494894],[77.305773,18.494896],[77.305721,18.494886],[77.305688,18.494877],[77.305654,18.49487],[77.305598,18.494897],[77.305563,18.494903],[77.305527,18.494901],[77.305493,18.494895],[77.305459,18.494888],[77.305425,18.494882],[77.305391,18.494875],[77.305356,18.494868],[77.305322,18.494863],[77.305287,18.494857],[77.305252,18.494854],[77.305217,18.494854],[77.305182,18.494857],[77.305148,18.494861],[77.305117,18.494865],[77.305082,18.494869],[77.305048,18.494873],[77.305014,18.494876],[77.30498,18.49488],[77.304947,18.494888],[77.3049,18.494907],[77.304869,18.494921],[77.304838,18.494932],[77.304791,18.494949],[77.304759,18.494961],[77.304728,18.494971],[77.304695,18.494978],[77.304663,18.494983],[77.30463,18.494989],[77.304596,18.494995],[77.304565,18.495002],[77.304533,18.495013],[77.304502,18.495025],[77.304476,18.495044],[77.304451,18.495065],[77.304424,18.495086],[77.304396,18.495104],[77.304366,18.495119],[77.304335,18.495132],[77.304303,18.495143],[77.304271,18.495153],[77.304237,18.49516],[77.304204,18.495163],[77.30417,18.495163],[77.304137,18.495166],[77.304105,18.495175],[77.304074,18.495185],[77.304042,18.495194],[77.30401,18.495198],[77.303978,18.495199],[77.303944,18.495203],[77.303913,18.495206]]}},{"type":"Feature","properties":{"sol":1176,"len_m":30.0,"date":"2024-06-10"},"geometry":{"type":"LineString","coordinates":[[77.303913,18.495206],[77.303885,18.495215],[77.303864,18.495235],[77.303854,18.495261],[77.303843,18.495345],[77.303835,18.495491],[77.303823,18.495572],[77.303811,18.49566],[77.303809,18.495677]]}},{"type":"Feature","properties":{"sol":1177,"len_m":31.0,"date":"2024-06-11"},"geometry":{"type":"LineString","coordinates":[[77.303809,18.495677],[77.303842,18.495806],[77.303851,18.495838],[77.30386,18.49597],[77.30386,18.496003],[77.303895,18.496097],[77.303869,18.496115],[77.303836,18.496112]]}},{"type":"Feature","properties":{"sol":1182,"len_m":114.8,"date":"2024-06-16"},"geometry":{"type":"LineString","coordinates":[[77.303836,18.496112],[77.303863,18.496224],[77.303893,18.496364],[77.30393,18.496434],[77.303956,18.496456],[77.303982,18.496477],[77.304007,18.496499],[77.304032,18.496521],[77.304058,18.496544],[77.304083,18.496566],[77.304108,18.496588],[77.304134,18.496609],[77.304162,18.496629],[77.304201,18.496659],[77.304226,18.49668],[77.30425,18.496701],[77.304275,18.49672],[77.304303,18.496739],[77.304329,18.496758],[77.304356,18.496777],[77.304383,18.496796],[77.30441,18.496814],[77.304438,18.496832],[77.304468,18.496847],[77.3045,18.496858],[77.304532,18.496867],[77.304563,18.496881],[77.304592,18.496897],[77.304619,18.496916],[77.304646,18.496935],[77.304663,18.49696],[77.304685,18.496982],[77.304726,18.497008],[77.304771,18.497033],[77.304802,18.497047],[77.304834,18.497057],[77.304883,18.497071],[77.304914,18.497079],[77.304966,18.497085],[77.305,18.497085],[77.305035,18.497086],[77.30507,18.49709],[77.305103,18.497097],[77.305151,18.497113],[77.305183,18.497125],[77.305215,18.497136],[77.305246,18.497149],[77.305278,18.497162],[77.30531,18.497172],[77.305342,18.49718],[77.305358,18.497182]]}},{"type":"Feature","properties":{"sol":1183,"len_m":16.2,"date":"2024-06-17"},"geometry":{"type":"LineString","coordinates":[[77.305358,18.497182],[77.305372,18.497248],[77.305368,18.497276],[77.305376,18.497336],[77.30535,18.497348],[77.305322,18.497349],[77.305322,18.497348]]}},{"type":"Feature","properties":{"sol":1185,"len_m":12.9,"date":"2024-06-19"},"geometry":{"type":"LineString","coordinates":[[77.305322,18.497348],[77.30522,18.497389],[77.305198,18.497447],[77.305188,18.49747]]}},{"type":"Feature","properties":{"sol":1189,"len_m":10.7,"date":"2024-06-23"},"geometry":{"type":"LineString","coordinates":[[77.305188,18.49747],[77.305178,18.497435],[77.30517,18.497409],[77.305136,18.497398],[77.305124,18.497422],[77.305135,18.497449]]}},{"type":"Feature","properties":{"sol":1195,"len_m":0.3,"date":"2024-06-30"},"geometry":{"type":"LineString","coordinates":[[77.305135,18.497449],[77.305133,18.497443]]}},{"type":"Feature","properties":{"sol":1204,"len_m":16.0,"date":"2024-07-09"},"geometry":{"type":"LineString","coordinates":[[77.305133,18.497443],[77.305125,18.497418],[77.305095,18.49743],[77.305069,18.497442],[77.305081,18.497512],[77.305124,18.497591],[77.305129,18.497598]]}},{"type":"Feature","properties":{"sol":1206,"len_m":23.8,"date":"2024-07-11"},"geometry":{"type":"LineString","coordinates":[[77.305129,18.497598],[77.305116,18.497574],[77.305177,18.497547],[77.305241,18.49753],[77.305389,18.497488],[77.305416,18.497489],[77.305421,18.497519],[77.305425,18.497546],[77.305425,18.497545]]}},{"type":"Feature","properties":{"sol":1210,"len_m":14.8,"date":"2024-07-15"},"geometry":{"type":"LineString","coordinates":[[77.305425,18.497545],[77.305337,18.497521],[77.305311,18.497526],[77.305279,18.497515],[77.305224,18.497495],[77.305198,18.497487],[77.305191,18.497484]]}},{"type":"Feature","properties":{"sol":1219,"len_m":132.5,"date":"2024-07-24"},"geometry":{"type":"LineString","coordinates":[[77.305191,18.497484],[77.305186,18.497382],[77.305183,18.497335],[77.305176,18.497302],[77.305166,18.497271],[77.305152,18.49724],[77.305137,18.497212],[77.305123,18.497182],[77.305108,18.497152],[77.305083,18.497109],[77.305059,18.497085],[77.305031,18.497064],[77.305004,18.497043],[77.304959,18.497019],[77.304927,18.497007],[77.304893,18.496998],[77.304861,18.496987],[77.30483,18.496977],[77.304797,18.496967],[77.304763,18.496962],[77.304696,18.496954],[77.304662,18.496947],[77.304631,18.496936],[77.304587,18.496911],[77.304559,18.496892],[77.304532,18.49687],[77.304504,18.496851],[77.304477,18.496833],[77.304446,18.496818],[77.304415,18.496804],[77.304369,18.496782],[77.304341,18.496765],[77.304311,18.496748],[77.304283,18.496729],[77.304256,18.49671],[77.30423,18.49669],[77.304203,18.496669],[77.304176,18.49665],[77.304148,18.496631],[77.30412,18.496612],[77.304091,18.496594],[77.304063,18.496575],[77.304036,18.496554],[77.304011,18.49653],[77.303984,18.496509],[77.303956,18.496489],[77.303929,18.496469],[77.303901,18.49645],[77.303874,18.496431],[77.303848,18.496408],[77.303829,18.49638],[77.303814,18.49635],[77.303802,18.496319],[77.303791,18.496288],[77.303781,18.496256],[77.303771,18.496225],[77.303761,18.496193],[77.303752,18.49616],[77.303742,18.496128],[77.303733,18.496097],[77.303723,18.496065],[77.303713,18.496033],[77.303703,18.496001],[77.303698,18.495985]]}},{"type":"Feature","properties":{"sol":1220,"len_m":41.0,"date":"2024-07-25"},"geometry":{"type":"LineString","coordinates":[[77.303698,18.495985],[77.303697,18.49587],[77.303693,18.495817],[77.30369,18.495785],[77.303687,18.495753],[77.303684,18.495721],[77.303682,18.495689],[77.303685,18.495657],[77.30369,18.495626],[77.303693,18.495594],[77.303696,18.495562],[77.303698,18.495531],[77.3037,18.495501],[77.303702,18.495468],[77.303703,18.495437],[77.303706,18.495405],[77.303711,18.495373],[77.303716,18.495342],[77.30372,18.49531],[77.303723,18.495296]]}},{"type":"Feature","properties":{"sol":1224,"len_m":163.4,"date":"2024-07-29"},"geometry":{"type":"LineString","coordinates":[[77.303723,18.495296],[77.303701,18.495412],[77.303665,18.495357],[77.303651,18.495332],[77.303636,18.495287],[77.303634,18.495255],[77.303642,18.495224],[77.303658,18.49518],[77.303667,18.495149],[77.303677,18.495119],[77.303686,18.495087],[77.303695,18.495056],[77.303705,18.495023],[77.303716,18.494991],[77.303727,18.494958],[77.303739,18.494926],[77.30375,18.494895],[77.303762,18.494863],[77.303775,18.494832],[77.303787,18.494801],[77.303798,18.494769],[77.303809,18.494737],[77.303816,18.494703],[77.303823,18.49467],[77.30383,18.494636],[77.303834,18.494604],[77.303837,18.494578],[77.303839,18.494551],[77.303837,18.494521],[77.303832,18.494492],[77.303826,18.494467],[77.303813,18.494431],[77.303801,18.494401],[77.303785,18.494337],[77.303778,18.494306],[77.303771,18.494274],[77.303764,18.494241],[77.303757,18.494209],[77.30375,18.494178],[77.303743,18.494148],[77.303734,18.4941],[77.303729,18.494068],[77.303723,18.494036],[77.303717,18.494005],[77.303711,18.493973],[77.303708,18.49394],[77.303708,18.493909],[77.303709,18.493878],[77.303709,18.493847],[77.30371,18.493815],[77.303712,18.493782],[77.303713,18.493749],[77.303714,18.493717],[77.303715,18.493685],[77.303717,18.493652],[77.303718,18.493619],[77.303711,18.49357],[77.303697,18.493539],[77.303682,18.493509],[77.303667,18.49348],[77.303651,18.49345],[77.303634,18.493421],[77.303615,18.493394],[77.303589,18.493352],[77.303571,18.493324],[77.303548,18.493299],[77.303523,18.493275],[77.303499,18.49325],[77.303476,18.493226],[77.303453,18.493202],[77.30343,18.493178],[77.303406,18.493154],[77.303383,18.49313],[77.30336,18.493105],[77.303337,18.493082],[77.303314,18.493059],[77.303288,18.493038],[77.303262,18.493018],[77.303238,18.492999]]}},{"type":"Feature","properties":{"sol":1226,"len_m":131.6,"date":"2024-07-31"},"geometry":{"type":"LineString","coordinates":[[77.303238,18.492999],[77.303172,18.493053],[77.303149,18.49307],[77.303121,18.49309],[77.303092,18.493111],[77.303065,18.493131],[77.303037,18.49315],[77.303009,18.493171],[77.30298,18.493191],[77.302952,18.493209],[77.302922,18.493228],[77.302893,18.493247],[77.302864,18.493265],[77.302835,18.493285],[77.302807,18.493304],[77.302778,18.493323],[77.302748,18.49334],[77.302717,18.493356],[77.302686,18.493372],[77.302655,18.493388],[77.302625,18.493404],[77.302594,18.49342],[77.302563,18.493437],[77.302533,18.493452],[77.302502,18.493468],[77.302471,18.493484],[77.302439,18.4935],[77.302407,18.493513],[77.302373,18.493522],[77.302339,18.493528],[77.302304,18.493534],[77.302269,18.493539],[77.302234,18.493543],[77.302199,18.493546],[77.302164,18.493547],[77.302129,18.493549],[77.302094,18.49355],[77.302059,18.493548],[77.302024,18.493546],[77.301989,18.493545],[77.301954,18.493543],[77.301918,18.493542],[77.301884,18.493541],[77.301849,18.493539],[77.301815,18.493534],[77.301781,18.493526],[77.301749,18.493513],[77.301717,18.493502],[77.301684,18.493491],[77.301651,18.493481],[77.301618,18.493472],[77.301585,18.493464],[77.301551,18.493456],[77.301518,18.493447],[77.301485,18.493439],[77.301451,18.49343],[77.301418,18.493422],[77.301384,18.493413],[77.301351,18.493404],[77.301318,18.493398],[77.301283,18.493394],[77.301249,18.493392],[77.301213,18.493391],[77.301179,18.493392],[77.301144,18.493393],[77.301111,18.493392],[77.301093,18.493393]]}},{"type":"Feature","properties":{"sol":1227,"len_m":23.0,"date":"2024-08-01"},"geometry":{"type":"LineString","coordinates":[[77.301093,18.493393],[77.301092,18.493292],[77.301089,18.493267],[77.301057,18.493176],[77.301039,18.493141],[77.301015,18.493081],[77.301006,18.493055],[77.301003,18.493046]]}},{"type":"Feature","properties":{"sol":1230,"len_m":75.8,"date":"2024-08-05"},"geometry":{"type":"LineString","coordinates":[[77.301003,18.493046],[77.301109,18.492971],[77.301133,18.492949],[77.301158,18.492919],[77.301178,18.492893],[77.301197,18.492868],[77.301216,18.492841],[77.30124,18.492798],[77.301243,18.492766],[77.301239,18.492733],[77.301231,18.492701],[77.301224,18.492671],[77.301217,18.49264],[77.30121,18.49261],[77.301203,18.492577],[77.301194,18.492546],[77.301183,18.492517],[77.301167,18.492489],[77.301152,18.492463],[77.301134,18.492433],[77.301118,18.492405],[77.301101,18.492376],[77.301085,18.492347],[77.301074,18.492317],[77.301066,18.492286],[77.30106,18.492255],[77.301055,18.492222],[77.301051,18.49219],[77.301046,18.492159],[77.301043,18.492127],[77.301043,18.492094],[77.301045,18.492063],[77.301047,18.492031],[77.301049,18.491998],[77.301047,18.491966],[77.301043,18.491934],[77.30104,18.491903]]}},{"type":"Feature","properties":{"sol":1231,"len_m":7.8,"date":"2024-08-06"},"geometry":{"type":"LineString","coordinates":[[77.30104,18.491903],[77.301074,18.491964],[77.301088,18.491986],[77.301089,18.491959],[77.301089,18.49195]]}},{"type":"Feature","properties":{"sol":1244,"len_m":84.0,"date":"2024-08-19"},"geometry":{"type":"LineString","coordinates":[[77.301089,18.49195],[77.301088,18.491983],[77.301018,18.491893],[77.301126,18.49182],[77.301147,18.491795],[77.301113,18.491686],[77.301101,18.49166],[77.301086,18.491624],[77.301075,18.491597],[77.301062,18.491571],[77.301049,18.491528],[77.301038,18.491501],[77.301025,18.491477],[77.300993,18.491435],[77.30096,18.491442],[77.300926,18.491444],[77.300892,18.491443],[77.300864,18.491429],[77.300851,18.491402],[77.30085,18.491372],[77.300852,18.491344],[77.300864,18.491273],[77.300864,18.491244],[77.300867,18.491215],[77.300876,18.491187],[77.300896,18.491166],[77.30092,18.491144],[77.300949,18.491129],[77.300981,18.49112],[77.301014,18.491119],[77.300988,18.491103],[77.300955,18.491112],[77.300928,18.491131],[77.300928,18.49114]]}},{"type":"Feature","properties":{"sol":1245,"len_m":36.4,"date":"2024-08-20"},"geometry":{"type":"LineString","coordinates":[[77.300928,18.49114],[77.300815,18.491216],[77.300783,18.491229],[77.300657,18.491284],[77.300625,18.491289],[77.300572,18.491224],[77.300611,18.491164],[77.300654,18.491121],[77.30067,18.491097],[77.300675,18.491086]]}},{"type":"Feature","properties":{"sol":1246,"len_m":96.0,"date":"2024-08-21"},"geometry":{"type":"LineString","coordinates":[[77.300675,18.491086],[77.300709,18.491001],[77.300656,18.49096],[77.300536,18.490974],[77.300539,18.490875],[77.300535,18.490848],[77.300504,18.490862],[77.300405,18.490882],[77.300371,18.490885],[77.300227,18.490892],[77.300194,18.490903],[77.300143,18.490903],[77.300114,18.490891],[77.300086,18.490872],[77.300061,18.490854],[77.300023,18.490826],[77.299997,18.490801],[77.299973,18.49077],[77.299946,18.490722],[77.299943,18.490696],[77.299948,18.490669],[77.29996,18.490636],[77.299973,18.490604],[77.29998,18.490576],[77.299985,18.490548],[77.299989,18.490519],[77.299995,18.49049],[77.299998,18.490453],[77.299992,18.490425],[77.299984,18.490399],[77.299958,18.49041],[77.299931,18.490378],[77.29992,18.490338],[77.29992,18.490338]]}},{"type":"Feature","properties":{"sol":1247,"len_m":81.7,"date":"2024-08-22"},"geometry":{"type":"LineString","coordinates":[[77.29992,18.490338],[77.299918,18.490371],[77.299913,18.490404],[77.299822,18.490324],[77.299803,18.490302],[77.299729,18.490209],[77.299677,18.490178],[77.299591,18.490097],[77.299562,18.490051],[77.299525,18.489953],[77.299482,18.48991],[77.299409,18.48983],[77.299385,18.48976],[77.29938,18.489733],[77.299353,18.489656],[77.299322,18.489606],[77.2993,18.489586],[77.29928,18.489552],[77.299268,18.489529],[77.299256,18.489505],[77.299239,18.489472],[77.299227,18.489447],[77.299217,18.489421],[77.299208,18.489396],[77.299199,18.489372],[77.29919,18.489346],[77.299193,18.489335]]}},{"type":"Feature","properties":{"sol":1250,"len_m":48.2,"date":"2024-08-25"},"geometry":{"type":"LineString","coordinates":[[77.299193,18.489335],[77.299197,18.489376],[77.299207,18.489401],[77.299227,18.489426],[77.299118,18.489416],[77.299093,18.489404],[77.299062,18.489383],[77.299043,18.489362],[77.299023,18.48933],[77.299013,18.489298],[77.299007,18.489262],[77.299006,18.48923],[77.299005,18.489184],[77.298999,18.489156],[77.298991,18.48913],[77.298982,18.489106],[77.298971,18.48908],[77.298958,18.489054],[77.298944,18.489028],[77.29893,18.489005],[77.298908,18.488975],[77.298894,18.488951],[77.298874,18.488917]]}},{"type":"Feature","properties":{"sol":1251,"len_m":31.5,"date":"2024-08-26"},"geometry":{"type":"LineString","coordinates":[[77.298874,18.488917],[77.298828,18.488838],[77.298811,18.488814],[77.298793,18.488788],[77.298773,18.488751],[77.298753,18.488722],[77.298738,18.488699],[77.298723,18.488674],[77.298709,18.48865],[77.298681,18.488604],[77.298664,18.48858],[77.298648,18.488556],[77.298635,18.488531],[77.298619,18.488499],[77.298602,18.488471],[77.298597,18.488469]]}},{"type":"Feature","properties":{"sol":1252,"len_m":50.8,"date":"2024-08-27"},"geometry":{"type":"LineString","coordinates":[[77.298597,18.488469],[77.29862,18.488501],[77.298612,18.488459],[77.298618,18.488334],[77.298615,18.488281],[77.298542,18.488165],[77.298526,18.488135],[77.298477,18.488022],[77.298454,18.487978],[77.298395,18.487863],[77.29838,18.48783],[77.298376,18.48779],[77.298379,18.487792]]}},{"type":"Feature","properties":{"sol":1253,"len_m":3.2,"date":"2024-08-28"},"geometry":{"type":"LineString","coordinates":[[77.298379,18.487792],[77.298369,18.487746],[77.29837,18.48774]]}},{"type":"Feature","properties":{"sol":1254,"len_m":17.6,"date":"2024-08-29"},"geometry":{"type":"LineString","coordinates":[[77.29837,18.48774],[77.298385,18.487774],[77.298408,18.487801],[77.298468,18.487841],[77.298494,18.487825],[77.29851,18.487769],[77.298518,18.487739],[77.298521,18.48773]]}},{"type":"Feature","properties":{"sol":1264,"len_m":36.3,"date":"2024-09-08"},"geometry":{"type":"LineString","coordinates":[[77.298521,18.48773],[77.298516,18.487756],[77.298445,18.487663],[77.298428,18.487641],[77.298413,18.48762],[77.298374,18.487517],[77.298361,18.48748],[77.298345,18.487369],[77.29831,18.487319],[77.298266,18.487249],[77.298264,18.487234]]}},{"type":"Feature","properties":{"sol":1265,"len_m":121.6,"date":"2024-09-09"},"geometry":{"type":"LineString","coordinates":[[77.298264,18.487234],[77.298283,18.487264],[77.298306,18.487288],[77.298333,18.487307],[77.298389,18.487318],[77.29851,18.487283],[77.29864,18.487229],[77.29869,18.487215],[77.298722,18.487207],[77.298755,18.487199],[77.298789,18.487192],[77.298824,18.487189],[77.298858,18.487185],[77.29891,18.487174],[77.298943,18.487167],[77.298978,18.487159],[77.299011,18.487151],[77.299046,18.487145],[77.29908,18.487139],[77.299129,18.487123],[77.299163,18.487113],[77.299196,18.487105],[77.299229,18.487095],[77.29926,18.487087],[77.299294,18.487078],[77.299329,18.487069],[77.299363,18.48706],[77.299396,18.487052],[77.299431,18.487042],[77.299465,18.487033],[77.299499,18.487024],[77.299533,18.487019],[77.299568,18.487016],[77.299603,18.487013],[77.299668,18.486992],[77.299691,18.48697],[77.299716,18.486947],[77.299741,18.486924],[77.299766,18.486902],[77.299791,18.486879],[77.299815,18.486857],[77.29984,18.486835],[77.299862,18.48681],[77.29988,18.486784],[77.299896,18.486756],[77.299919,18.486715],[77.299935,18.486689],[77.29995,18.486664],[77.299964,18.486637],[77.299974,18.486609],[77.299982,18.48658],[77.29999,18.486551],[77.299997,18.486522],[77.300004,18.486494],[77.30001,18.486472]]}},{"type":"Feature","properties":{"sol":1266,"len_m":149.1,"date":"2024-09-11"},"geometry":{"type":"LineString","coordinates":[[77.30001,18.486472],[77.300151,18.486477],[77.300185,18.486474],[77.300201,18.486403],[77.300208,18.486374],[77.300227,18.486267],[77.300224,18.486228],[77.300222,18.486197],[77.300219,18.486168],[77.300216,18.486138],[77.300215,18.486108],[77.300217,18.486077],[77.30022,18.486046],[77.30023,18.486017],[77.300253,18.485932],[77.300262,18.485903],[77.300275,18.485859],[77.300283,18.485831],[77.300292,18.485806],[77.300297,18.485777],[77.300304,18.485748],[77.300314,18.485719],[77.300322,18.48569],[77.300329,18.485661],[77.300337,18.485633],[77.300344,18.485603],[77.300351,18.485573],[77.300359,18.485542],[77.300367,18.485512],[77.300376,18.485481],[77.300385,18.48545],[77.300394,18.485419],[77.300403,18.485387],[77.300412,18.485356],[77.300421,18.485325],[77.30043,18.485294],[77.30044,18.485263],[77.300451,18.485209],[77.300456,18.485178],[77.300463,18.485132],[77.30047,18.485101],[77.300475,18.485069],[77.300482,18.485038],[77.300486,18.485007],[77.300489,18.484962],[77.300494,18.484929],[77.3005,18.484897],[77.300506,18.484866],[77.300512,18.484835],[77.300518,18.484805],[77.300526,18.484774],[77.300534,18.484742],[77.300542,18.484711],[77.300551,18.484679],[77.300558,18.484649],[77.300565,18.484617],[77.300569,18.484586],[77.30057,18.484555],[77.300571,18.484524],[77.300573,18.484492],[77.300575,18.484462],[77.300576,18.48443],[77.300579,18.484399],[77.300582,18.484366],[77.300586,18.484334],[77.30059,18.484302],[77.300594,18.48427],[77.300598,18.48424],[77.300602,18.484209],[77.300604,18.484194]]}},{"type":"Feature","properties":{"sol":1268,"len_m":165.9,"date":"2024-09-13"},"geometry":{"type":"LineString","coordinates":[[77.300604,18.484194],[77.3006,18.484102],[77.300578,18.484055],[77.300568,18.484026],[77.300561,18.483997],[77.300552,18.483966],[77.300543,18.483935],[77.300536,18.483906],[77.30053,18.483875],[77.300525,18.483845],[77.300518,18.483814],[77.300511,18.483782],[77.300506,18.483752],[77.3005,18.483721],[77.300493,18.483691],[77.300486,18.48366],[77.300478,18.48363],[77.300471,18.483599],[77.300465,18.483568],[77.300458,18.483537],[77.300452,18.483508],[77.300445,18.483478],[77.300438,18.483448],[77.30043,18.483417],[77.300422,18.483387],[77.300417,18.483356],[77.300412,18.483326],[77.300408,18.483297],[77.300404,18.483269],[77.300395,18.48324],[77.300378,18.483197],[77.300367,18.48317],[77.300356,18.483141],[77.300337,18.483099],[77.300324,18.48307],[77.300309,18.483043],[77.300295,18.483015],[77.300285,18.482985],[77.30028,18.482954],[77.300279,18.482923],[77.300282,18.482892],[77.300289,18.48286],[77.300298,18.482829],[77.300307,18.482798],[77.300315,18.482767],[77.300328,18.482704],[77.300331,18.482672],[77.300333,18.48264],[77.300336,18.482609],[77.300338,18.482579],[77.300337,18.482546],[77.300336,18.482515],[77.300335,18.482483],[77.300335,18.482452],[77.300335,18.48242],[77.300335,18.482388],[77.300334,18.482356],[77.300333,18.482324],[77.300332,18.482292],[77.300331,18.482261],[77.300331,18.482229],[77.300332,18.482199],[77.300333,18.482167],[77.300335,18.482135],[77.300336,18.482103],[77.300338,18.482071],[77.300339,18.482039],[77.300339,18.482008],[77.300339,18.481976],[77.300338,18.481944],[77.300337,18.481912],[77.300336,18.481881],[77.300334,18.481851],[77.300328,18.481821],[77.300321,18.481792],[77.300314,18.481761],[77.300308,18.481731],[77.300302,18.4817],[77.300296,18.481669],[77.300289,18.48164],[77.300282,18.48161],[77.300277,18.481579],[77.300273,18.481548],[77.300268,18.481517],[77.300264,18.481485],[77.300262,18.481457]]}},{"type":"Feature","properties":{"sol":1270,"len_m":91.3,"date":"2024-09-15"},"geometry":{"type":"LineString","coordinates":[[77.300262,18.481457],[77.300331,18.481341],[77.300329,18.481286],[77.300328,18.481254],[77.300327,18.481222],[77.300326,18.481191],[77.300327,18.481158],[77.300327,18.481126],[77.300328,18.481095],[77.300329,18.481063],[77.300328,18.481031],[77.300329,18.480999],[77.300327,18.480967],[77.300324,18.480936],[77.300321,18.480904],[77.300318,18.480874],[77.300315,18.480841],[77.300313,18.48081],[77.300311,18.480778],[77.300309,18.480747],[77.300304,18.480715],[77.3003,18.480683],[77.300296,18.480653],[77.300292,18.480621],[77.300291,18.480588],[77.300295,18.480555],[77.3003,18.480522],[77.300305,18.480491],[77.300307,18.480459],[77.300307,18.480427],[77.300303,18.480389],[77.300301,18.480358],[77.300297,18.480327],[77.300296,18.480294],[77.300299,18.480262],[77.300307,18.480231],[77.300313,18.480199],[77.300321,18.480167],[77.30033,18.480135],[77.300338,18.480103],[77.300346,18.480072],[77.300354,18.480041],[77.300363,18.480008],[77.300371,18.479976],[77.300379,18.479952]]}},{"type":"Feature","properties":{"sol":1271,"len_m":81.7,"date":"2024-09-16"},"geometry":{"type":"LineString","coordinates":[[77.300379,18.479952],[77.300388,18.47992],[77.300398,18.479888],[77.300407,18.479856],[77.300417,18.479825],[77.300427,18.479793],[77.300437,18.479762],[77.300447,18.47973],[77.300456,18.479698],[77.300462,18.479665],[77.300468,18.479633],[77.300475,18.4796],[77.300482,18.479568],[77.300493,18.479519],[77.300501,18.479487],[77.300508,18.479455],[77.300516,18.479423],[77.300522,18.47939],[77.300528,18.479358],[77.300534,18.479326],[77.300541,18.479294],[77.300547,18.479262],[77.300552,18.479229],[77.300556,18.479197],[77.300561,18.479164],[77.300566,18.479133],[77.30057,18.479101],[77.300574,18.479069],[77.300578,18.479037],[77.300579,18.479005],[77.300578,18.478973],[77.300572,18.478928],[77.300566,18.478882],[77.300561,18.47885],[77.300556,18.478819],[77.300551,18.478787],[77.300546,18.478755],[77.30054,18.478723],[77.300534,18.478692],[77.300529,18.478661],[77.300524,18.47863],[77.30052,18.478598]]}},{"type":"Feature","properties":{"sol":1274,"len_m":155.0,"date":"2024-09-19"},"geometry":{"type":"LineString","coordinates":[[77.30052,18.478598],[77.300445,18.478515],[77.300425,18.478496],[77.300399,18.478474],[77.300358,18.47845],[77.300329,18.478438],[77.300298,18.478426],[77.300268,18.478414],[77.300237,18.478405],[77.300205,18.478397],[77.300159,18.478385],[77.300126,18.478376],[77.300095,18.478368],[77.300063,18.47836],[77.300033,18.478352],[77.299984,18.478313],[77.299969,18.478286],[77.29996,18.478256],[77.299954,18.478225],[77.299948,18.478192],[77.299943,18.478161],[77.299937,18.478129],[77.299933,18.478097],[77.29993,18.478065],[77.299926,18.478033],[77.299922,18.478003],[77.299918,18.47797],[77.299913,18.477938],[77.29991,18.477906],[77.299906,18.477874],[77.299902,18.477843],[77.299898,18.477811],[77.299893,18.477781],[77.299887,18.47775],[77.29988,18.47772],[77.299873,18.477688],[77.299867,18.477656],[77.29986,18.477626],[77.299854,18.477594],[77.299848,18.477564],[77.299842,18.477532],[77.299835,18.477501],[77.299829,18.477469],[77.299824,18.477438],[77.29982,18.477407],[77.299816,18.477376],[77.299811,18.477345],[77.299805,18.477313],[77.299796,18.477283],[77.299779,18.477242],[77.299766,18.477214],[77.299751,18.477186],[77.299736,18.477157],[77.299722,18.477129],[77.29971,18.477102],[77.2997,18.477078],[77.299687,18.477051],[77.299674,18.477024],[77.299658,18.476997],[77.29964,18.476971],[77.299622,18.476945],[77.299603,18.47692],[77.299581,18.476897],[77.299559,18.476875],[77.299536,18.476853],[77.299514,18.476832],[77.299492,18.47681],[77.299469,18.476788],[77.299448,18.476768],[77.299426,18.476748],[77.299402,18.476728],[77.29938,18.476705],[77.299361,18.476679],[77.299342,18.476654],[77.299322,18.476629],[77.299299,18.476609],[77.299276,18.476589],[77.299256,18.476571],[77.299231,18.476553],[77.299204,18.476538],[77.299194,18.476535]]}},{"type":"Feature","properties":{"sol":1278,"len_m":179.8,"date":"2024-09-23"},"geometry":{"type":"LineString","coordinates":[[77.299194,18.476535],[77.299219,18.476557],[77.299367,18.476524],[77.299417,18.476506],[77.299465,18.476488],[77.2995,18.476481],[77.299535,18.476474],[77.299569,18.476467],[77.299601,18.476458],[77.299635,18.476448],[77.299694,18.476415],[77.299712,18.476386],[77.299726,18.476355],[77.299738,18.476324],[77.299751,18.476295],[77.299764,18.476263],[77.299777,18.476232],[77.299795,18.476186],[77.299806,18.476155],[77.299813,18.476123],[77.299819,18.47609],[77.299825,18.476059],[77.299833,18.476029],[77.299843,18.475981],[77.299845,18.475948],[77.299844,18.475916],[77.29984,18.475886],[77.299833,18.475855],[77.299826,18.475825],[77.299817,18.475787],[77.299804,18.475742],[77.299796,18.475712],[77.299786,18.47568],[77.299777,18.475651],[77.299768,18.475621],[77.29976,18.475591],[77.299751,18.47556],[77.299743,18.475529],[77.299735,18.475498],[77.299727,18.475467],[77.29972,18.475436],[77.299713,18.475407],[77.299707,18.475377],[77.2997,18.475346],[77.299696,18.475315],[77.299694,18.475284],[77.299694,18.475253],[77.299693,18.475224],[77.299693,18.475191],[77.299697,18.47516],[77.299705,18.475128],[77.299708,18.475098],[77.299707,18.475065],[77.299703,18.475036],[77.299702,18.475003],[77.299707,18.474972],[77.299719,18.474944],[77.299728,18.474913],[77.299738,18.474882],[77.299745,18.474854],[77.299751,18.474822],[77.299748,18.474792],[77.299727,18.474754],[77.299708,18.474731],[77.299693,18.474707],[77.299681,18.47468],[77.29967,18.474651],[77.29966,18.474622],[77.299649,18.474592],[77.299641,18.474563],[77.299632,18.474533],[77.299623,18.474502],[77.299615,18.474472],[77.299607,18.474442],[77.299598,18.474411],[77.299589,18.474379],[77.299581,18.474348],[77.299574,18.474317],[77.299567,18.474288],[77.299563,18.474256],[77.299562,18.474209],[77.299565,18.474177],[77.299569,18.474145],[77.299577,18.474114],[77.299584,18.474066],[77.299584,18.474034],[77.299581,18.473989],[77.299581,18.473983]]}},{"type":"Feature","properties":{"sol":1279,"len_m":0.0,"date":"2024-09-24"},"geometry":{"type":"LineString","coordinates":[[77.299581,18.473983]]}},{"type":"Feature","properties":{"sol":1280,"len_m":44.7,"date":"2024-09-25"},"geometry":{"type":"LineString","coordinates":[[77.299581,18.473983],[77.299602,18.473904],[77.299605,18.473878],[77.299534,18.473777],[77.299395,18.473737],[77.299365,18.473731],[77.299287,18.473713],[77.299227,18.473694],[77.299198,18.473685],[77.299158,18.473634],[77.299111,18.473568],[77.299099,18.473547]]}},{"type":"Feature","properties":{"sol":1281,"len_m":14.1,"date":"2024-09-26"},"geometry":{"type":"LineString","coordinates":[[77.299099,18.473547],[77.299116,18.473473],[77.299132,18.473451],[77.299099,18.473442],[77.299053,18.47343],[77.29902,18.473422],[77.29901,18.473419]]}},{"type":"Feature","properties":{"sol":1283,"len_m":146.4,"date":"2024-09-28"},"geometry":{"type":"LineString","coordinates":[[77.29901,18.473419],[77.299044,18.473427],[77.299115,18.473437],[77.299143,18.473441],[77.299243,18.473514],[77.299385,18.473474],[77.299414,18.473458],[77.299542,18.473409],[77.299577,18.473399],[77.299609,18.473386],[77.299638,18.47337],[77.299666,18.47335],[77.299693,18.47333],[77.299719,18.47331],[77.299747,18.473289],[77.299773,18.473269],[77.299802,18.473249],[77.299829,18.473229],[77.299853,18.473205],[77.299876,18.47318],[77.299896,18.473153],[77.299915,18.473128],[77.299936,18.473103],[77.299954,18.473078],[77.299974,18.473051],[77.299994,18.473023],[77.300013,18.472995],[77.300032,18.472967],[77.300051,18.472939],[77.300069,18.472911],[77.300088,18.472883],[77.300107,18.472855],[77.300127,18.472827],[77.300146,18.4728],[77.300166,18.472773],[77.300185,18.472745],[77.300204,18.472717],[77.300224,18.47269],[77.300244,18.472662],[77.300265,18.472634],[77.300285,18.472608],[77.300306,18.472581],[77.300328,18.472554],[77.300344,18.472524],[77.300356,18.472493],[77.300364,18.472462],[77.300369,18.47243],[77.300373,18.472398],[77.300377,18.472366],[77.300382,18.472334],[77.300384,18.472302],[77.300385,18.472272],[77.300383,18.472242],[77.300379,18.472211],[77.300375,18.47218],[77.300371,18.472149],[77.300368,18.472118],[77.300364,18.472088],[77.300362,18.472057],[77.30036,18.472025],[77.30036,18.471994],[77.30036,18.471955],[77.300353,18.471911],[77.30032,18.47188],[77.300296,18.471864],[77.300274,18.47185]]}},{"type":"Feature","properties":{"sol":1284,"len_m":29.8,"date":"2024-09-29"},"geometry":{"type":"LineString","coordinates":[[77.300274,18.47185],[77.300245,18.471833],[77.300218,18.471817],[77.300191,18.471801],[77.300166,18.471785],[77.300135,18.471767],[77.300098,18.471748],[77.300074,18.471736],[77.300051,18.471724],[77.300027,18.471711],[77.299998,18.471694],[77.299968,18.471675],[77.299941,18.47166],[77.29991,18.471643],[77.299869,18.471628],[77.299839,18.471618],[77.299813,18.471609],[77.299815,18.471611]]}},{"type":"Feature","properties":{"sol":1285,"len_m":38.9,"date":"2024-09-30"},"geometry":{"type":"LineString","coordinates":[[77.299815,18.471611],[77.299721,18.471629],[77.299688,18.471626],[77.29958,18.471674],[77.299552,18.471678],[77.299451,18.471727],[77.299424,18.471733],[77.299303,18.471778],[77.299276,18.471783],[77.29924,18.471787],[77.2992,18.471792],[77.299204,18.471794]]}},{"type":"Feature","properties":{"sol":1286,"len_m":21.5,"date":"2024-10-01"},"geometry":{"type":"LineString","coordinates":[[77.299204,18.471794],[77.299138,18.471794],[77.299072,18.471792],[77.298995,18.471789],[77.29895,18.471786],[77.298912,18.471775],[77.298859,18.471772]]}},{"type":"Feature","properties":{"sol":1288,"len_m":60.6,"date":"2024-10-03"},"geometry":{"type":"LineString","coordinates":[[77.298859,18.471772],[77.298886,18.471785],[77.298898,18.471808],[77.298889,18.47184],[77.298811,18.471918],[77.298786,18.471935],[77.298704,18.472002],[77.298674,18.472036],[77.298654,18.472056],[77.298611,18.472045],[77.29856,18.472043],[77.298516,18.472036],[77.298486,18.472018],[77.298441,18.471948],[77.298395,18.471908],[77.298364,18.471905],[77.298292,18.47183],[77.29825,18.471794],[77.298223,18.471785],[77.298185,18.471741],[77.298184,18.471737]]}},{"type":"Feature","properties":{"sol":1292,"len_m":68.5,"date":"2024-10-07"},"geometry":{"type":"LineString","coordinates":[[77.298184,18.471737],[77.298091,18.471732],[77.298062,18.47173],[77.297952,18.471714],[77.297902,18.471707],[77.297805,18.471669],[77.297741,18.471648],[77.297633,18.471624],[77.297567,18.471598],[77.297479,18.471548],[77.297443,18.47154],[77.297409,18.471533],[77.297367,18.471523],[77.297331,18.471515],[77.297233,18.471478],[77.297158,18.471441],[77.297111,18.471432],[77.297081,18.471424],[77.297039,18.471406]]}},{"type":"Feature","properties":{"sol":1293,"len_m":125.6,"date":"2024-10-08"},"geometry":{"type":"LineString","coordinates":[[77.297039,18.471406],[77.297017,18.471384],[77.296984,18.471278],[77.296966,18.47126],[77.296909,18.471186],[77.296831,18.471073],[77.2968,18.471049],[77.296768,18.471033],[77.296657,18.470978],[77.296629,18.470969],[77.29659,18.470956],[77.296536,18.470939],[77.296502,18.470928],[77.296458,18.470916],[77.296426,18.470907],[77.296364,18.47089],[77.296338,18.470884],[77.29629,18.470875],[77.296227,18.470862],[77.296195,18.470853],[77.296151,18.470841],[77.296105,18.47083],[77.296072,18.470822],[77.296037,18.470811],[77.29601,18.4708],[77.295982,18.470783],[77.295949,18.470766],[77.295896,18.470749],[77.295858,18.470739],[77.295812,18.470726],[77.295773,18.470715],[77.295747,18.470707],[77.295671,18.470683],[77.295631,18.470671],[77.295581,18.470656],[77.29553,18.470641],[77.295468,18.470622],[77.295404,18.470602],[77.295365,18.47059],[77.295257,18.47056],[77.295188,18.470544],[77.295136,18.470533],[77.295135,18.470531]]}},{"type":"Feature","properties":{"sol":1294,"len_m":20.3,"date":"2024-10-09"},"geometry":{"type":"LineString","coordinates":[[77.295135,18.470531],[77.295053,18.470592],[77.294952,18.47066],[77.294898,18.470664],[77.294889,18.470675]]}},{"type":"Feature","properties":{"sol":1295,"len_m":36.5,"date":"2024-10-10"},"geometry":{"type":"LineString","coordinates":[[77.294889,18.470675],[77.294928,18.470672],[77.294984,18.470609],[77.294993,18.470582],[77.294965,18.470487],[77.294932,18.470453],[77.294841,18.470453],[77.294772,18.470438],[77.294732,18.470343],[77.294718,18.470317]]}},{"type":"Feature","properties":{"sol":1298,"len_m":121.3,"date":"2024-10-13"},"geometry":{"type":"LineString","coordinates":[[77.294718,18.470317],[77.294642,18.470286],[77.294534,18.470257],[77.294459,18.470242],[77.29442,18.470218],[77.294391,18.470188],[77.294371,18.470167],[77.294353,18.470145],[77.294337,18.47012],[77.294321,18.470094],[77.294305,18.470067],[77.294289,18.470042],[77.294273,18.470017],[77.294258,18.469991],[77.294243,18.469964],[77.294228,18.469938],[77.294213,18.469911],[77.294198,18.469884],[77.294182,18.469857],[77.294167,18.46983],[77.294152,18.469802],[77.294137,18.469775],[77.294122,18.469748],[77.294109,18.469722],[77.294097,18.469694],[77.294085,18.469666],[77.294072,18.469639],[77.294059,18.46961],[77.294046,18.469583],[77.294032,18.469555],[77.294018,18.469527],[77.294003,18.469499],[77.293989,18.46947],[77.293975,18.469442],[77.293955,18.4694],[77.293941,18.469372],[77.293923,18.469348],[77.293901,18.469325],[77.293878,18.469306],[77.293853,18.469287],[77.293829,18.469268],[77.293804,18.46925],[77.293779,18.469232],[77.293753,18.469214],[77.293729,18.469197],[77.293699,18.469183],[77.293669,18.469179],[77.293636,18.469178],[77.293604,18.469176],[77.293572,18.469176],[77.29354,18.46918],[77.293508,18.469184],[77.293475,18.469188],[77.293443,18.469191],[77.293409,18.469194],[77.293377,18.469198],[77.293345,18.469201],[77.293312,18.469205],[77.293279,18.469208],[77.293247,18.469211],[77.293215,18.469215],[77.293201,18.469217]]}},{"type":"Feature","properties":{"sol":1299,"len_m":17.1,"date":"2024-10-14"},"geometry":{"type":"LineString","coordinates":[[77.293201,18.469217],[77.293109,18.469123],[77.293086,18.469102],[77.293013,18.469001],[77.293014,18.469001]]}},{"type":"Feature","properties":{"sol":1301,"len_m":31.9,"date":"2024-10-16"},"geometry":{"type":"LineString","coordinates":[[77.293014,18.469001],[77.293048,18.469034],[77.293072,18.469058],[77.293091,18.46919],[77.293089,18.469221],[77.293042,18.469333],[77.293026,18.469359],[77.293026,18.469385],[77.293041,18.469433],[77.293047,18.469463],[77.293047,18.469467]]}},{"type":"Feature","properties":{"sol":1302,"len_m":7.6,"date":"2024-10-18"},"geometry":{"type":"LineString","coordinates":[[77.293047,18.469467],[77.293054,18.469432],[77.293056,18.469459],[77.293055,18.469477]]}},{"type":"Feature","properties":{"sol":1305,"len_m":174.7,"date":"2024-10-21"},"geometry":{"type":"LineString","coordinates":[[77.293055,18.469477],[77.293074,18.469459],[77.293161,18.469421],[77.29319,18.469397],[77.293177,18.469264],[77.293162,18.469235],[77.293137,18.469112],[77.293127,18.469081],[77.293109,18.46901],[77.293099,18.468947],[77.293092,18.468916],[77.293063,18.468783],[77.293057,18.468752],[77.293052,18.468726],[77.293045,18.468694],[77.293039,18.468664],[77.293033,18.468633],[77.293027,18.468602],[77.293021,18.468571],[77.293015,18.46854],[77.293009,18.468509],[77.293004,18.46848],[77.292999,18.468449],[77.292994,18.468417],[77.292989,18.468387],[77.292984,18.468356],[77.292974,18.468325],[77.292959,18.468298],[77.292941,18.468273],[77.29292,18.46825],[77.292897,18.468229],[77.292874,18.468212],[77.292841,18.468187],[77.292801,18.468159],[77.292775,18.46814],[77.292749,18.468122],[77.292722,18.468103],[77.292695,18.468084],[77.292669,18.468066],[77.292642,18.468048],[77.292615,18.46803],[77.292588,18.468012],[77.29256,18.467994],[77.292531,18.467977],[77.292502,18.467961],[77.292474,18.467944],[77.292447,18.467928],[77.292419,18.467911],[77.292392,18.467895],[77.292365,18.467879],[77.292337,18.467864],[77.292308,18.467848],[77.292279,18.467832],[77.292249,18.467817],[77.292219,18.467802],[77.29219,18.467786],[77.29216,18.467772],[77.292128,18.467761],[77.292097,18.46775],[77.292066,18.467739],[77.292035,18.467728],[77.292004,18.467717],[77.291974,18.467707],[77.291943,18.467696],[77.291912,18.467685],[77.291882,18.467674],[77.29185,18.467663],[77.291819,18.467652],[77.291789,18.467641],[77.29173,18.467632],[77.291696,18.467633],[77.291662,18.467638],[77.29163,18.467646],[77.291597,18.467656],[77.291565,18.467666],[77.291532,18.467676],[77.2915,18.467687],[77.291468,18.467697],[77.291437,18.467707],[77.291437,18.467707]]}},{"type":"Feature","properties":{"sol":1307,"len_m":27.4,"date":"2024-10-23"},"geometry":{"type":"LineString","coordinates":[[77.291437,18.467707],[77.291391,18.467724],[77.291291,18.467821],[77.291205,18.46792],[77.291181,18.467938],[77.291129,18.467887],[77.291108,18.467868],[77.291101,18.467861]]}},{"type":"Feature","properties":{"sol":1308,"len_m":13.4,"date":"2024-10-24"},"geometry":{"type":"LineString","coordinates":[[77.291101,18.467861],[77.291161,18.467947],[77.291106,18.467962],[77.291078,18.467961],[77.291067,18.467961]]}},{"type":"Feature","properties":{"sol":1311,"len_m":62.0,"date":"2024-10-27"},"geometry":{"type":"LineString","coordinates":[[77.291067,18.467961],[77.291105,18.467961],[77.291206,18.468073],[77.29128,18.468208],[77.291296,18.468238],[77.291418,18.468332],[77.291476,18.468372],[77.291529,18.468417],[77.291554,18.46846],[77.291661,18.468551],[77.291698,18.468589],[77.29172,18.468683],[77.291727,18.468714],[77.291729,18.468727]]}},{"type":"Feature","properties":{"sol":1313,"len_m":10.7,"date":"2024-10-29"},"geometry":{"type":"LineString","coordinates":[[77.291729,18.468727],[77.291732,18.468758],[77.291732,18.468788],[77.291728,18.468822],[77.291759,18.46881],[77.291764,18.468805]]}},{"type":"Feature","properties":{"sol":1318,"len_m":98.1,"date":"2024-11-03"},"geometry":{"type":"LineString","coordinates":[[77.291764,18.468805],[77.291741,18.468828],[77.291704,18.46871],[77.291653,18.468568],[77.291642,18.468537],[77.291579,18.468423],[77.291568,18.468375],[77.291559,18.468344],[77.291531,18.468249],[77.291523,18.468217],[77.291487,18.468173],[77.29147,18.468144],[77.291457,18.468115],[77.291444,18.468086],[77.291432,18.468057],[77.291419,18.468028],[77.291406,18.468],[77.291391,18.46797],[77.291376,18.467941],[77.291365,18.467914],[77.291352,18.467884],[77.291338,18.467855],[77.291325,18.467825],[77.29131,18.467795],[77.291297,18.467765],[77.291283,18.467734],[77.291269,18.467704],[77.291255,18.467675],[77.291241,18.467645],[77.291227,18.467615],[77.291213,18.467585],[77.291199,18.467555],[77.291185,18.467525],[77.291169,18.467497],[77.291153,18.467469],[77.291136,18.467442],[77.291118,18.467414],[77.291099,18.467387],[77.291091,18.467373]]}},{"type":"Feature","properties":{"sol":1320,"len_m":29.0,"date":"2024-11-05"},"geometry":{"type":"LineString","coordinates":[[77.291091,18.467373],[77.291055,18.467501],[77.291042,18.467531],[77.291027,18.467667],[77.291011,18.467748],[77.290992,18.467823],[77.29098,18.467843]]}},{"type":"Feature","properties":{"sol":1321,"len_m":7.1,"date":"2024-11-06"},"geometry":{"type":"LineString","coordinates":[[77.29098,18.467843],[77.290981,18.467889],[77.290976,18.467916],[77.290942,18.467911],[77.29094,18.467911]]}},{"type":"Feature","properties":{"sol":1322,"len_m":123.2,"date":"2024-11-07"},"geometry":{"type":"LineString","coordinates":[[77.29094,18.467911],[77.290969,18.467914],[77.291022,18.467786],[77.291069,18.467673],[77.291073,18.467623],[77.291067,18.467591],[77.29106,18.467559],[77.291052,18.467526],[77.291043,18.467494],[77.291035,18.467461],[77.291027,18.467429],[77.291019,18.467397],[77.29101,18.467364],[77.291001,18.467332],[77.290993,18.4673],[77.290984,18.467268],[77.290976,18.467235],[77.290969,18.467204],[77.290962,18.467172],[77.290955,18.467141],[77.29095,18.467109],[77.290945,18.467077],[77.29094,18.467046],[77.290936,18.467013],[77.290932,18.466981],[77.29093,18.466949],[77.290926,18.4669],[77.290922,18.466868],[77.290918,18.466835],[77.290914,18.466804],[77.29091,18.466771],[77.290907,18.466739],[77.290903,18.466706],[77.2909,18.466673],[77.290897,18.466641],[77.290895,18.466609],[77.290892,18.466577],[77.29089,18.466544],[77.290887,18.466511],[77.290885,18.466478],[77.290884,18.466445],[77.290882,18.466413],[77.290881,18.46638],[77.290877,18.466347],[77.29087,18.466315],[77.290864,18.466283],[77.290858,18.46625],[77.290852,18.466218],[77.290845,18.466185],[77.290838,18.466153],[77.290832,18.46612],[77.290825,18.466088],[77.290821,18.466056],[77.290817,18.466025],[77.290812,18.465993],[77.290807,18.46596],[77.290794,18.465913],[77.290794,18.465914]]}},{"type":"Feature","properties":{"sol":1324,"len_m":117.8,"date":"2024-11-09"},"geometry":{"type":"LineString","coordinates":[[77.290794,18.465914],[77.290795,18.465784],[77.290806,18.46564],[77.290807,18.465608],[77.290743,18.465538],[77.29072,18.46552],[77.290693,18.4655],[77.290668,18.465483],[77.290629,18.465457],[77.290585,18.465436],[77.290556,18.465422],[77.290527,18.465409],[77.290498,18.465395],[77.290469,18.465382],[77.29044,18.465368],[77.29041,18.465354],[77.290382,18.465341],[77.290353,18.465328],[77.290323,18.465315],[77.290294,18.465302],[77.290264,18.465289],[77.290234,18.465276],[77.290203,18.465262],[77.290173,18.465249],[77.290143,18.465235],[77.290114,18.465222],[77.290085,18.465209],[77.290056,18.465196],[77.290027,18.465183],[77.289998,18.465169],[77.289968,18.465156],[77.289939,18.465144],[77.289909,18.465131],[77.28988,18.46512],[77.28985,18.465107],[77.289821,18.465096],[77.289793,18.465085],[77.289764,18.465073],[77.289735,18.465062],[77.289704,18.46505],[77.289674,18.465039],[77.289645,18.465029],[77.289615,18.465018],[77.289586,18.465007],[77.289557,18.464997],[77.289528,18.464987],[77.2895,18.464977],[77.289471,18.464968],[77.289442,18.464958],[77.289414,18.464949],[77.289387,18.46494],[77.289349,18.464929],[77.289309,18.464916],[77.289281,18.464908],[77.289252,18.464899],[77.289241,18.464896]]}},{"type":"Feature","properties":{"sol":1326,"len_m":95.4,"date":"2024-11-11"},"geometry":{"type":"LineString","coordinates":[[77.289241,18.464896],[77.289132,18.464888],[77.289091,18.464884],[77.288957,18.464885],[77.288921,18.464885],[77.28889,18.464875],[77.288861,18.464867],[77.288835,18.464859],[77.288808,18.464851],[77.288781,18.464844],[77.288742,18.464833],[77.288716,18.464827],[77.28869,18.464821],[77.288651,18.464813],[77.288622,18.464808],[77.288595,18.464804],[77.288567,18.464799],[77.288539,18.464795],[77.28851,18.464791],[77.288481,18.464786],[77.288454,18.464782],[77.288414,18.464778],[77.288383,18.464775],[77.288352,18.464771],[77.288306,18.464764],[77.288278,18.464758],[77.288251,18.46475],[77.288199,18.464734],[77.288172,18.464727],[77.288144,18.464719],[77.288115,18.46471],[77.288088,18.4647],[77.28806,18.46469],[77.288033,18.464681],[77.288007,18.464673],[77.287982,18.464662],[77.287947,18.464645],[77.28791,18.464632],[77.287873,18.464619],[77.287836,18.464608],[77.2878,18.464597],[77.287773,18.46459],[77.287746,18.464582],[77.287713,18.464574],[77.287683,18.464567],[77.287653,18.464559],[77.287619,18.464548],[77.287624,18.46455]]}},{"type":"Feature","properties":{"sol":1327,"len_m":9.1,"date":"2024-11-12"},"geometry":{"type":"LineString","coordinates":[[77.287624,18.46455],[77.28753,18.464586],[77.287499,18.464598],[77.287477,18.464596]]}},{"type":"Feature","properties":{"sol":1332,"len_m":77.1,"date":"2024-11-17"},"geometry":{"type":"LineString","coordinates":[[77.287477,18.464596],[77.287402,18.464576],[77.28736,18.464563],[77.287282,18.46453],[77.287224,18.464506],[77.287196,18.464502],[77.287098,18.464478],[77.287063,18.464464],[77.28703,18.464454],[77.286998,18.464454],[77.286961,18.464458],[77.286933,18.464464],[77.286884,18.464478],[77.286834,18.464494],[77.286793,18.464512],[77.286769,18.46453],[77.286748,18.464552],[77.286728,18.464577],[77.28671,18.464605],[77.286695,18.464634],[77.286679,18.464663],[77.286664,18.464692],[77.286649,18.464722],[77.286634,18.464751],[77.286622,18.464783],[77.286618,18.464816],[77.286622,18.464849],[77.286635,18.464881],[77.28665,18.46491],[77.286667,18.464941],[77.286683,18.464971],[77.286699,18.465001],[77.286715,18.465031],[77.286724,18.465046]]}},{"type":"Feature","properties":{"sol":1333,"len_m":10.4,"date":"2024-11-18"},"geometry":{"type":"LineString","coordinates":[[77.286724,18.465046],[77.286693,18.465063],[77.286678,18.46512],[77.286711,18.465116],[77.286718,18.46511]]}},{"type":"Feature","properties":{"sol":1338,"len_m":172.4,"date":"2024-11-24"},"geometry":{"type":"LineString","coordinates":[[77.286718,18.46511],[77.286692,18.465132],[77.286598,18.465034],[77.286509,18.464909],[77.28649,18.464881],[77.286437,18.46483],[77.286419,18.464803],[77.286403,18.464774],[77.286388,18.464744],[77.286373,18.464716],[77.286357,18.464687],[77.286342,18.464658],[77.286319,18.464615],[77.286303,18.464585],[77.286288,18.464557],[77.286273,18.464527],[77.286258,18.464499],[77.286243,18.46447],[77.286228,18.464441],[77.286213,18.464413],[77.286199,18.464384],[77.286184,18.464355],[77.286169,18.464326],[77.286155,18.464298],[77.286141,18.46427],[77.286128,18.464241],[77.286118,18.464211],[77.286109,18.46418],[77.2861,18.464149],[77.286093,18.464118],[77.286088,18.464086],[77.286083,18.464054],[77.286078,18.464022],[77.286076,18.46399],[77.286067,18.463943],[77.286045,18.46392],[77.286022,18.4639],[77.286,18.46388],[77.285978,18.46386],[77.285956,18.463841],[77.285934,18.46382],[77.285911,18.4638],[77.285887,18.46378],[77.285867,18.463761],[77.285842,18.46374],[77.285817,18.463721],[77.285792,18.463703],[77.285768,18.463684],[77.285743,18.463666],[77.285718,18.463647],[77.285693,18.463628],[77.285667,18.46361],[77.285641,18.463594],[77.285613,18.463578],[77.285586,18.463562],[77.285558,18.463546],[77.28553,18.46353],[77.285503,18.463515],[77.285475,18.4635],[77.285447,18.463485],[77.28542,18.46347],[77.285392,18.463456],[77.285365,18.463441],[77.285337,18.463427],[77.285308,18.463413],[77.285281,18.4634],[77.285254,18.463387],[77.285226,18.463373],[77.285199,18.463359],[77.28517,18.463345],[77.285141,18.46333],[77.285112,18.463315],[77.285083,18.4633],[77.285053,18.463285],[77.285024,18.463271],[77.284995,18.463256],[77.284966,18.463242],[77.284936,18.463232],[77.284904,18.463225],[77.28487,18.463217],[77.284839,18.463207],[77.284808,18.463196],[77.284778,18.463185],[77.284747,18.463173],[77.284733,18.463168]]}},{"type":"Feature","properties":{"sol":1339,"len_m":29.3,"date":"2024-11-24"},"geometry":{"type":"LineString","coordinates":[[77.284733,18.463168],[77.284704,18.46315],[77.284676,18.463133],[77.284647,18.463115],[77.284618,18.463098],[77.284589,18.46308],[77.284561,18.463064],[77.284532,18.463047],[77.284505,18.463031],[77.284477,18.463015],[77.284448,18.462998],[77.28442,18.462982],[77.284394,18.462966],[77.284367,18.462948],[77.28434,18.46293],[77.284311,18.462912],[77.284294,18.462901]]}},{"type":"Feature","properties":{"sol":1342,"len_m":44.2,"date":"2024-11-28"},"geometry":{"type":"LineString","coordinates":[[77.284294,18.462901],[77.284178,18.462873],[77.284147,18.462864],[77.284047,18.462823],[77.283984,18.462819],[77.28394,18.462816],[77.28391,18.462815],[77.283878,18.462813],[77.283846,18.46281],[77.283815,18.462807],[77.283783,18.462804],[77.283752,18.4628],[77.283721,18.462797],[77.28369,18.462794],[77.283659,18.462791],[77.283628,18.462788],[77.283594,18.462785],[77.283561,18.462782],[77.283528,18.462779]]}},{"type":"Feature","properties":{"sol":1343,"len_m":0.0,"date":"2024-11-29"},"geometry":{"type":"LineString","coordinates":[[77.283528,18.462779]]}},{"type":"Feature","properties":{"sol":1347,"len_m":173.5,"date":"2024-12-03"},"geometry":{"type":"LineString","coordinates":[[77.283528,18.462779],[77.283472,18.46272],[77.28345,18.462696],[77.28341,18.46266],[77.283385,18.462637],[77.283362,18.462617],[77.283337,18.462599],[77.283312,18.46258],[77.283288,18.462562],[77.283263,18.462544],[77.283238,18.462526],[77.283214,18.462508],[77.283186,18.462488],[77.283162,18.46247],[77.283139,18.462452],[77.283116,18.462434],[77.283092,18.462416],[77.283068,18.462398],[77.283044,18.462379],[77.283021,18.462361],[77.282998,18.462343],[77.282975,18.462326],[77.282953,18.462308],[77.28293,18.46229],[77.282907,18.462272],[77.282885,18.462255],[77.282863,18.462238],[77.28284,18.46222],[77.282817,18.462202],[77.282779,18.46218],[77.282744,18.462161],[77.282718,18.46215],[77.282692,18.462139],[77.282666,18.462132],[77.282638,18.462127],[77.282608,18.462122],[77.28258,18.462119],[77.282553,18.462117],[77.282523,18.462115],[77.282491,18.462114],[77.282459,18.462112],[77.282427,18.46211],[77.282397,18.462108],[77.282366,18.462107],[77.282336,18.462106],[77.282307,18.462105],[77.282277,18.462105],[77.282247,18.462107],[77.282216,18.46211],[77.282187,18.462112],[77.282157,18.462116],[77.282127,18.462119],[77.282097,18.462122],[77.282066,18.462124],[77.282035,18.462126],[77.282007,18.462128],[77.281981,18.462132],[77.281951,18.462136],[77.28192,18.462138],[77.281874,18.462137],[77.281845,18.462139],[77.281813,18.462141],[77.281783,18.462144],[77.281751,18.462147],[77.281719,18.462151],[77.281672,18.462156],[77.28164,18.46216],[77.28161,18.462163],[77.281582,18.462167],[77.281534,18.46217],[77.281503,18.462171],[77.281472,18.462171],[77.28144,18.462171],[77.281411,18.462171],[77.281376,18.46217],[77.281345,18.462168],[77.281315,18.462164],[77.281286,18.462156],[77.281258,18.462149],[77.281227,18.462141],[77.281199,18.462134],[77.281171,18.462129],[77.281144,18.462124],[77.281117,18.462119],[77.281089,18.462116],[77.28106,18.462113],[77.281029,18.462109],[77.281002,18.462105],[77.280962,18.4621],[77.280919,18.462095],[77.280887,18.462092],[77.280857,18.462089],[77.280804,18.462084],[77.280773,18.462082],[77.280742,18.462079],[77.280711,18.462076],[77.28071,18.462077]]}},{"type":"Feature","properties":{"sol":1348,"len_m":165.2,"date":"2024-12-04"},"geometry":{"type":"LineString","coordinates":[[77.28071,18.462077],[77.28059,18.462071],[77.280563,18.462068],[77.280538,18.462058],[77.280504,18.462045],[77.280476,18.462036],[77.280446,18.462029],[77.280414,18.462023],[77.280386,18.462017],[77.28036,18.462011],[77.280325,18.462006],[77.280299,18.462001],[77.280264,18.461993],[77.280232,18.461985],[77.280194,18.461979],[77.280167,18.461978],[77.280128,18.461976],[77.280088,18.46197],[77.280062,18.461965],[77.280035,18.46196],[77.280006,18.461956],[77.279976,18.461953],[77.279946,18.46195],[77.279915,18.461947],[77.279884,18.461947],[77.279855,18.461946],[77.279826,18.461944],[77.279795,18.461944],[77.279764,18.461943],[77.279726,18.461945],[77.279696,18.461946],[77.279665,18.461947],[77.279623,18.461955],[77.279587,18.461969],[77.27956,18.461978],[77.27953,18.461985],[77.279499,18.461993],[77.27947,18.462],[77.279439,18.462006],[77.279395,18.462016],[77.279366,18.462024],[77.279335,18.462033],[77.279304,18.46204],[77.279276,18.462047],[77.279248,18.462054],[77.279222,18.462062],[77.279194,18.462068],[77.279164,18.462073],[77.279133,18.462077],[77.279103,18.462082],[77.279073,18.462086],[77.279041,18.462091],[77.27901,18.462092],[77.278966,18.462088],[77.278936,18.462082],[77.278907,18.462073],[77.278877,18.462064],[77.27885,18.462055],[77.278825,18.462044],[77.278797,18.462031],[77.278768,18.462017],[77.278744,18.462005],[77.278719,18.461989],[77.278694,18.461972],[77.278667,18.461954],[77.278642,18.461937],[77.278619,18.46192],[77.278595,18.461903],[77.278572,18.461885],[77.278549,18.461868],[77.278521,18.461855],[77.278482,18.461844],[77.27844,18.46183],[77.278412,18.461817],[77.278385,18.4618],[77.278339,18.461759],[77.278317,18.461738],[77.278295,18.461716],[77.278272,18.461695],[77.27825,18.461674],[77.278228,18.461652],[77.278205,18.461631],[77.278171,18.461599],[77.278148,18.461578],[77.278126,18.461556],[77.278104,18.461534],[77.278082,18.461512],[77.27806,18.46149],[77.278041,18.461469]]}},{"type":"Feature","properties":{"sol":1349,"len_m":212.9,"date":"2024-12-05"},"geometry":{"type":"LineString","coordinates":[[77.278041,18.461469],[77.277945,18.461383],[77.277839,18.461289],[77.277794,18.461248],[77.277759,18.461215],[77.277736,18.461193],[77.277711,18.461173],[77.277685,18.461154],[77.277659,18.461135],[77.277635,18.461116],[77.27761,18.461097],[77.277584,18.461078],[77.277559,18.461058],[77.277533,18.461039],[77.277508,18.461019],[77.277482,18.461],[77.277456,18.460981],[77.277431,18.460963],[77.277405,18.460946],[77.277379,18.460929],[77.277353,18.460913],[77.277327,18.460898],[77.277299,18.460883],[77.277271,18.460867],[77.277243,18.460851],[77.277215,18.460836],[77.277187,18.46082],[77.277159,18.460804],[77.277131,18.460788],[77.277103,18.460772],[77.277076,18.460756],[77.277049,18.46074],[77.277023,18.460725],[77.276996,18.460709],[77.27697,18.460693],[77.276944,18.460679],[77.276921,18.460665],[77.276897,18.460652],[77.276872,18.460639],[77.276845,18.460626],[77.276817,18.460612],[77.27679,18.460598],[77.276762,18.460583],[77.276736,18.460569],[77.276711,18.460555],[77.276687,18.460541],[77.276662,18.460527],[77.276635,18.460511],[77.276608,18.460496],[77.27658,18.460485],[77.276552,18.460474],[77.276524,18.460464],[77.276497,18.460453],[77.276471,18.460443],[77.276443,18.460432],[77.276415,18.460421],[77.276385,18.460409],[77.276357,18.460398],[77.276328,18.460387],[77.276297,18.460376],[77.276268,18.460365],[77.276239,18.460354],[77.276209,18.460342],[77.27618,18.460331],[77.27615,18.46032],[77.27612,18.460312],[77.276091,18.460305],[77.276061,18.460297],[77.276031,18.460289],[77.276,18.460281],[77.275954,18.460269],[77.275923,18.460261],[77.275893,18.460253],[77.275863,18.460245],[77.275834,18.460238],[77.275798,18.460232],[77.275768,18.460228],[77.275739,18.460223],[77.275709,18.460217],[77.275678,18.460211],[77.275648,18.460206],[77.275617,18.4602],[77.275586,18.460196],[77.275555,18.460191],[77.275524,18.460186],[77.275494,18.460181],[77.275464,18.460176],[77.275434,18.460172],[77.275407,18.46017],[77.27538,18.460169],[77.275352,18.460167],[77.275323,18.460166],[77.275293,18.460165],[77.275262,18.460165],[77.275233,18.460164],[77.27519,18.460159],[77.275161,18.460157],[77.275131,18.460153],[77.275088,18.460147],[77.275044,18.460141],[77.275013,18.460137],[77.274982,18.460133],[77.274951,18.46013],[77.274922,18.460127],[77.274893,18.460124],[77.274864,18.460121],[77.274833,18.460118],[77.274803,18.460115],[77.274776,18.460113],[77.274732,18.460109],[77.274703,18.460101],[77.274673,18.460091],[77.274662,18.460086]]}},{"type":"Feature","properties":{"sol":1351,"len_m":139.9,"date":"2024-12-07"},"geometry":{"type":"LineString","coordinates":[[77.274662,18.460086],[77.274547,18.460028],[77.27452,18.460015],[77.274418,18.459977],[77.274393,18.459963],[77.274348,18.45993],[77.274323,18.459916],[77.274297,18.459904],[77.274269,18.459892],[77.27424,18.45988],[77.274213,18.459869],[77.274186,18.459857],[77.274155,18.459845],[77.274125,18.459833],[77.274096,18.459821],[77.274067,18.45981],[77.274038,18.4598],[77.27401,18.459791],[77.273983,18.459783],[77.273956,18.459775],[77.273918,18.459764],[77.273889,18.459755],[77.273859,18.459747],[77.273813,18.459734],[77.273784,18.459726],[77.273756,18.459719],[77.273727,18.459713],[77.273696,18.459705],[77.273665,18.459697],[77.273635,18.459691],[77.273606,18.459684],[77.273576,18.459677],[77.273547,18.459673],[77.273519,18.45967],[77.27349,18.459668],[77.273464,18.459666],[77.273435,18.459664],[77.273403,18.459661],[77.273372,18.459659],[77.273344,18.459653],[77.273316,18.459647],[77.273288,18.459641],[77.273261,18.459635],[77.273233,18.45963],[77.273204,18.459626],[77.273173,18.459621],[77.273144,18.459618],[77.273117,18.459615],[77.273078,18.459608],[77.273049,18.459602],[77.273006,18.45959],[77.272977,18.45958],[77.272949,18.459572],[77.272898,18.45956],[77.272869,18.459554],[77.272839,18.459548],[77.27281,18.459542],[77.272782,18.459536],[77.272755,18.459529],[77.272728,18.45952],[77.272703,18.459511],[77.272665,18.459496],[77.272639,18.459487],[77.272612,18.459477],[77.272587,18.459466],[77.272561,18.459456],[77.272534,18.459445],[77.272506,18.459436],[77.27248,18.459428],[77.272454,18.45942],[77.272401,18.459403],[77.272372,18.459395],[77.272343,18.459388],[77.272315,18.459381],[77.272319,18.459383]]}},{"type":"Feature","properties":{"sol":1354,"len_m":246.5,"date":"2024-12-10"},"geometry":{"type":"LineString","coordinates":[[77.272319,18.459383],[77.272204,18.459358],[77.272148,18.459345],[77.272121,18.459338],[77.272083,18.459327],[77.272057,18.459318],[77.272029,18.459309],[77.272003,18.459297],[77.271976,18.459281],[77.271949,18.459267],[77.271921,18.459252],[77.271894,18.459239],[77.271868,18.459225],[77.271843,18.459212],[77.271816,18.459198],[77.271791,18.459183],[77.271766,18.459166],[77.271743,18.459149],[77.271717,18.459131],[77.271694,18.459113],[77.271669,18.459095],[77.271645,18.459077],[77.271619,18.45906],[77.271593,18.459041],[77.271569,18.459023],[77.271548,18.459003],[77.271529,18.458981],[77.271508,18.45896],[77.271487,18.458939],[77.271466,18.458918],[77.271444,18.458896],[77.271422,18.458875],[77.2714,18.458852],[77.271378,18.458829],[77.271357,18.458807],[77.271336,18.458787],[77.271314,18.458766],[77.271294,18.458747],[77.271272,18.458726],[77.27125,18.458703],[77.271228,18.45868],[77.271194,18.458646],[77.271171,18.458623],[77.271149,18.4586],[77.271128,18.458577],[77.271104,18.458556],[77.271083,18.458539],[77.27106,18.45852],[77.271038,18.458499],[77.271015,18.458479],[77.270991,18.458462],[77.270966,18.458445],[77.27094,18.458426],[77.270913,18.458407],[77.270886,18.458388],[77.27086,18.458369],[77.270836,18.45835],[77.270813,18.458329],[77.270788,18.458309],[77.270761,18.458292],[77.270734,18.458278],[77.270706,18.458263],[77.270677,18.458248],[77.270648,18.458234],[77.270618,18.458219],[77.270589,18.458204],[77.270561,18.45819],[77.270532,18.458175],[77.270503,18.458162],[77.270474,18.458149],[77.270444,18.458136],[77.270414,18.458123],[77.270384,18.458112],[77.270354,18.4581],[77.270324,18.458089],[77.270294,18.458077],[77.270264,18.458065],[77.270233,18.458053],[77.270203,18.458042],[77.270172,18.458031],[77.270142,18.45802],[77.270112,18.458009],[77.270081,18.457999],[77.270051,18.457988],[77.270021,18.457977],[77.269993,18.457966],[77.269963,18.457955],[77.269934,18.457944],[77.269905,18.457932],[77.269876,18.45792],[77.269831,18.457902],[77.269801,18.457891],[77.269773,18.457879],[77.269744,18.457865],[77.269714,18.457851],[77.269685,18.457837],[77.269657,18.457823],[77.269629,18.45781],[77.269601,18.457797],[77.269573,18.457784],[77.269543,18.457771],[77.269514,18.457757],[77.269485,18.457744],[77.269457,18.457728],[77.26943,18.457709],[77.269402,18.457692],[77.269373,18.457679],[77.269342,18.457669],[77.269295,18.457658],[77.269264,18.457652],[77.269232,18.457645],[77.269199,18.457638],[77.269167,18.457632],[77.269135,18.457626],[77.269103,18.457619],[77.269072,18.457609],[77.269041,18.457598],[77.26901,18.457586],[77.26898,18.457573],[77.268955,18.457564],[77.268924,18.457553],[77.268892,18.457543],[77.26886,18.457537],[77.268826,18.457535],[77.268794,18.457533],[77.268761,18.457532],[77.268729,18.457532],[77.268696,18.45753],[77.268661,18.457528],[77.268627,18.457527],[77.268593,18.457526],[77.268559,18.457525],[77.268525,18.457525],[77.268527,18.457528]]}},{"type":"Feature","properties":{"sol":1358,"len_m":110.1,"date":"2024-12-14"},"geometry":{"type":"LineString","coordinates":[[77.268527,18.457528],[77.268509,18.457614],[77.268478,18.457663],[77.26846,18.457693],[77.268442,18.457722],[77.268424,18.457752],[77.268406,18.457782],[77.268388,18.457811],[77.26837,18.457841],[77.268353,18.45787],[77.268334,18.4579],[77.268316,18.457929],[77.268298,18.457958],[77.268282,18.457987],[77.268264,18.458016],[77.268247,18.458045],[77.26823,18.458074],[77.268213,18.458103],[77.268197,18.458133],[77.26818,18.458162],[77.268161,18.45819],[77.268139,18.458216],[77.268115,18.45824],[77.26809,18.458264],[77.268065,18.458287],[77.26804,18.45831],[77.268015,18.458333],[77.26799,18.458356],[77.267966,18.45838],[77.267939,18.4584],[77.267912,18.45842],[77.267885,18.45844],[77.26786,18.458464],[77.267836,18.458487],[77.267816,18.458513],[77.267793,18.458538],[77.26777,18.458562],[77.267747,18.458587],[77.267723,18.458611],[77.2677,18.458634],[77.267663,18.458669],[77.267637,18.45869],[77.26761,18.458711],[77.267583,18.458733],[77.267556,18.458754],[77.267529,18.458776],[77.267503,18.458797],[77.267476,18.458819],[77.267449,18.458842],[77.267423,18.458863],[77.267396,18.458884],[77.267355,18.458916],[77.267326,18.458935],[77.267317,18.45894]]}},{"type":"Feature","properties":{"sol":1359,"len_m":151.4,"date":"2024-12-15"},"geometry":{"type":"LineString","coordinates":[[77.267317,18.45894],[77.267302,18.458969],[77.267279,18.458994],[77.267253,18.459017],[77.267226,18.459039],[77.267201,18.459062],[77.267175,18.459085],[77.267149,18.459108],[77.267124,18.459131],[77.267083,18.459163],[77.267055,18.459181],[77.267028,18.459201],[77.266985,18.45923],[77.266905,18.459255],[77.266869,18.459254],[77.266834,18.459248],[77.2668,18.459241],[77.266765,18.459234],[77.26673,18.459228],[77.266696,18.459221],[77.266661,18.459214],[77.266627,18.459207],[77.266592,18.4592],[77.266557,18.459194],[77.266523,18.459187],[77.266487,18.45918],[77.266453,18.459173],[77.266418,18.459165],[77.266384,18.459158],[77.266349,18.459151],[77.266314,18.459144],[77.26628,18.459137],[77.266244,18.45913],[77.266209,18.459122],[77.266174,18.459116],[77.266139,18.459109],[77.266104,18.459103],[77.266069,18.459096],[77.266034,18.459089],[77.265999,18.459081],[77.265965,18.459074],[77.26593,18.459065],[77.265895,18.459057],[77.265861,18.459048],[77.265825,18.45904],[77.26579,18.459031],[77.265756,18.459022],[77.265721,18.459013],[77.265686,18.459003],[77.265652,18.458993],[77.265617,18.458985],[77.265582,18.458979],[77.265547,18.458977],[77.265511,18.458978],[77.265477,18.458982],[77.265441,18.458987],[77.265406,18.458992],[77.265372,18.458996],[77.265336,18.459],[77.265301,18.459002],[77.265266,18.459],[77.26523,18.458996],[77.265196,18.458992],[77.265161,18.458987],[77.265126,18.458983],[77.265093,18.458975],[77.265064,18.458956],[77.265041,18.458931],[77.26502,18.458904],[77.264998,18.458877],[77.264977,18.458851],[77.264956,18.458823],[77.264936,18.458796],[77.26492,18.458767],[77.264911,18.458752]]}},{"type":"Feature","properties":{"sol":1362,"len_m":86.7,"date":"2024-12-18"},"geometry":{"type":"LineString","coordinates":[[77.264911,18.458752],[77.264929,18.458781],[77.264896,18.45886],[77.264855,18.45897],[77.264848,18.459019],[77.264838,18.459053],[77.264824,18.459084],[77.264808,18.459115],[77.264791,18.459145],[77.264774,18.459175],[77.264756,18.459205],[77.264738,18.459235],[77.264722,18.459266],[77.264704,18.459315],[77.2647,18.45935],[77.264695,18.459383],[77.264687,18.459416],[77.264682,18.45945],[77.264679,18.459483],[77.264677,18.459517],[77.264675,18.459583],[77.264675,18.459617],[77.264677,18.459651],[77.264678,18.459685],[77.26468,18.459718],[77.264681,18.459752],[77.264682,18.459786],[77.264683,18.45982],[77.264684,18.459854],[77.264685,18.459888],[77.264686,18.459921],[77.264687,18.459955],[77.264688,18.459989],[77.264689,18.460023],[77.264692,18.460058],[77.264694,18.460092],[77.264696,18.460125],[77.264696,18.460152],[77.264689,18.460153]]}},{"type":"Feature","properties":{"sol":1363,"len_m":24.7,"date":"2024-12-19"},"geometry":{"type":"LineString","coordinates":[[77.264689,18.460153],[77.264704,18.460265],[77.264738,18.46039],[77.264733,18.460423],[77.264736,18.460457],[77.264737,18.460514],[77.26474,18.46054],[77.264739,18.460547]]}},{"type":"Feature","properties":{"sol":1380,"len_m":135.6,"date":"2025-01-06"},"geometry":{"type":"LineString","coordinates":[[77.264739,18.460547],[77.264725,18.460466],[77.264617,18.460428],[77.264588,18.460421],[77.264554,18.460414],[77.264519,18.460406],[77.264484,18.460398],[77.26445,18.46039],[77.264416,18.460382],[77.264381,18.460374],[77.264348,18.460366],[77.264313,18.460358],[77.264279,18.460349],[77.264246,18.46034],[77.264212,18.460331],[77.264178,18.460322],[77.264143,18.460313],[77.26411,18.460304],[77.264058,18.460292],[77.264023,18.460287],[77.263989,18.460282],[77.263954,18.460277],[77.263919,18.460271],[77.263884,18.460265],[77.26385,18.46026],[77.263816,18.460254],[77.263782,18.460249],[77.263748,18.460244],[77.263714,18.460239],[77.263679,18.460234],[77.263644,18.460229],[77.263609,18.460224],[77.263575,18.460218],[77.26354,18.460213],[77.263505,18.460208],[77.263471,18.460203],[77.263436,18.460199],[77.263402,18.460193],[77.263367,18.460188],[77.263333,18.460182],[77.263299,18.460177],[77.263264,18.460171],[77.26323,18.460166],[77.263196,18.460161],[77.263162,18.460153],[77.263128,18.460145],[77.263093,18.460139],[77.263061,18.460132],[77.263027,18.460127],[77.262992,18.460123],[77.262956,18.46012],[77.26292,18.460117],[77.262885,18.460112],[77.26285,18.460109],[77.262815,18.460104],[77.26278,18.460099],[77.262745,18.460093],[77.262693,18.460078],[77.262662,18.460067],[77.262627,18.460054],[77.262595,18.460043],[77.262562,18.46003],[77.26253,18.460018],[77.262498,18.460005],[77.262481,18.459999]]}},{"type":"Feature","properties":{"sol":1381,"len_m":16.4,"date":"2025-01-07"},"geometry":{"type":"LineString","coordinates":[[77.262481,18.459999],[77.262453,18.459986],[77.262424,18.459973],[77.262396,18.459904],[77.262405,18.459875],[77.262457,18.459848],[77.262483,18.459833],[77.26249,18.459828]]}},{"type":"Feature","properties":{"sol":1397,"len_m":138.6,"date":"2025-01-23"},"geometry":{"type":"LineString","coordinates":[[77.26249,18.459828],[77.262459,18.459844],[77.262575,18.459851],[77.262606,18.459849],[77.262728,18.459879],[77.262771,18.459899],[77.262802,18.459913],[77.262831,18.459926],[77.262861,18.459939],[77.262889,18.459951],[77.262917,18.459963],[77.262944,18.459978],[77.262968,18.459995],[77.262993,18.460013],[77.263018,18.46003],[77.263043,18.460047],[77.263069,18.460063],[77.263094,18.460081],[77.263119,18.460096],[77.263147,18.460113],[77.263173,18.460129],[77.2632,18.460145],[77.263228,18.460162],[77.263256,18.460179],[77.263284,18.460197],[77.263311,18.460214],[77.263352,18.46024],[77.26338,18.460258],[77.263421,18.460284],[77.263448,18.460302],[77.263475,18.46032],[77.263502,18.460338],[77.26353,18.460355],[77.263557,18.460373],[77.263584,18.460391],[77.263611,18.460409],[77.263639,18.460427],[77.263666,18.460444],[77.263694,18.460464],[77.263719,18.460482],[77.263749,18.460498],[77.263778,18.460511],[77.263825,18.460525],[77.263889,18.460533],[77.263922,18.460537],[77.263955,18.460541],[77.264005,18.460547],[77.264038,18.460551],[77.264071,18.460556],[77.264105,18.46056],[77.264138,18.460565],[77.264171,18.460569],[77.264204,18.460573],[77.264238,18.460576],[77.264286,18.460575],[77.264319,18.460574],[77.264351,18.460574],[77.2644,18.460573],[77.264433,18.460572],[77.264466,18.460572],[77.264499,18.460571],[77.26453,18.460571],[77.264562,18.46057],[77.264594,18.46057],[77.264626,18.460569],[77.264638,18.460569]]}},{"type":"Feature","properties":{"sol":1400,"len_m":10.7,"date":"2025-01-26"},"geometry":{"type":"LineString","coordinates":[[77.264638,18.460569],[77.264726,18.460513],[77.264749,18.460536],[77.264745,18.460553]]}},{"type":"Feature","properties":{"sol":1403,"len_m":11.8,"date":"2025-01-29"},"geometry":{"type":"LineString","coordinates":[[77.264745,18.460553],[77.264739,18.460522],[77.264728,18.460492],[77.264713,18.460464],[77.264683,18.460526],[77.264671,18.460558]]}},{"type":"Feature","properties":{"sol":1407,"len_m":106.2,"date":"2025-02-02"},"geometry":{"type":"LineString","coordinates":[[77.264671,18.460558],[77.264691,18.460514],[77.264702,18.460488],[77.264684,18.460408],[77.264696,18.460318],[77.264698,18.460269],[77.264691,18.460203],[77.264686,18.460171],[77.264679,18.460137],[77.264669,18.460089],[77.264663,18.460056],[77.264659,18.460024],[77.264659,18.459993],[77.264659,18.459944],[77.264659,18.459913],[77.264659,18.45988],[77.264661,18.459847],[77.264662,18.459815],[77.264662,18.459782],[77.264663,18.459749],[77.264664,18.459717],[77.264665,18.459685],[77.264666,18.459652],[77.264666,18.45962],[77.264668,18.459589],[77.264669,18.45954],[77.264671,18.459507],[77.264672,18.459474],[77.264673,18.459441],[77.264673,18.459409],[77.264673,18.459376],[77.264675,18.459328],[77.264682,18.459298],[77.264697,18.459272],[77.264713,18.459245],[77.264728,18.459218],[77.264745,18.45919],[77.264762,18.459162],[77.264778,18.459133],[77.264794,18.459104],[77.264809,18.459076],[77.264823,18.459047],[77.264838,18.459018],[77.264853,18.458991],[77.264869,18.458962],[77.264885,18.458933],[77.264901,18.458905],[77.264918,18.458876],[77.264934,18.458848]]}},{"type":"Feature","properties":{"sol":1408,"len_m":10.8,"date":"2025-02-03"},"geometry":{"type":"LineString","coordinates":[[77.264934,18.458848],[77.264879,18.458853],[77.264859,18.458834],[77.26487,18.458789],[77.264879,18.45876],[77.26488,18.458752]]}},{"type":"Feature","properties":{"sol":1411,"len_m":10.0,"date":"2025-02-06"},"geometry":{"type":"LineString","coordinates":[[77.26488,18.458752],[77.264873,18.458784],[77.264938,18.458744],[77.264944,18.458719],[77.264932,18.458706]]}},{"type":"Feature","properties":{"sol":1415,"len_m":109.5,"date":"2025-02-11"},"geometry":{"type":"LineString","coordinates":[[77.264932,18.458706],[77.264952,18.458727],[77.264907,18.458819],[77.264868,18.458918],[77.264857,18.45895],[77.264841,18.458998],[77.264831,18.45903],[77.264823,18.459063],[77.264815,18.459096],[77.264806,18.459129],[77.264797,18.459162],[77.264788,18.459194],[77.264779,18.459227],[77.264774,18.459262],[77.264773,18.459295],[77.26477,18.45933],[77.264768,18.45936],[77.264768,18.459393],[77.26477,18.459426],[77.264773,18.45946],[77.264775,18.459493],[77.264777,18.459527],[77.264779,18.45956],[77.264783,18.459611],[77.264784,18.459644],[77.264783,18.459713],[77.264777,18.459764],[77.264773,18.459797],[77.264768,18.459831],[77.264757,18.459881],[77.264749,18.459914],[77.264742,18.459947],[77.264734,18.45998],[77.264726,18.460014],[77.264719,18.460048],[77.264711,18.460081],[77.264703,18.460115],[77.264695,18.460149],[77.264686,18.460181],[77.264679,18.460214],[77.264676,18.460248],[77.264674,18.460281],[77.264672,18.460315],[77.26467,18.460349],[77.264668,18.460382],[77.264667,18.460415],[77.26467,18.460449],[77.264672,18.460482],[77.264667,18.460499]]}},{"type":"Feature","properties":{"sol":1416,"len_m":18.0,"date":"2025-02-12"},"geometry":{"type":"LineString","coordinates":[[77.264667,18.460499],[77.264598,18.460517],[77.264614,18.460649],[77.264628,18.460672],[77.264638,18.460643],[77.264644,18.460622]]}},{"type":"Feature","properties":{"sol":1429,"len_m":177.9,"date":"2025-02-25"},"geometry":{"type":"LineString","coordinates":[[77.264644,18.460622],[77.264631,18.460654],[77.264534,18.460611],[77.264488,18.460598],[77.264452,18.460595],[77.264417,18.460593],[77.264382,18.460591],[77.264347,18.460584],[77.264314,18.460576],[77.26428,18.460567],[77.264246,18.460559],[77.264195,18.460547],[77.26416,18.460544],[77.264125,18.460543],[77.264038,18.460539],[77.264004,18.460538],[77.263969,18.460536],[77.263898,18.460534],[77.263863,18.460536],[77.26383,18.46054],[77.263758,18.46055],[77.263671,18.460551],[77.263636,18.460549],[77.263566,18.460546],[77.263531,18.460545],[77.263496,18.460544],[77.263426,18.46054],[77.263391,18.460538],[77.263355,18.460536],[77.263303,18.460531],[77.263267,18.460528],[77.263232,18.460525],[77.263198,18.460522],[77.263163,18.460519],[77.263128,18.460515],[77.263093,18.460512],[77.263058,18.460509],[77.263024,18.460505],[77.262989,18.460502],[77.262956,18.460496],[77.262923,18.460487],[77.262876,18.460466],[77.26285,18.460442],[77.262825,18.460421],[77.262778,18.460406],[77.262743,18.460398],[77.26271,18.460388],[77.262677,18.460375],[77.262644,18.460361],[77.262612,18.460347],[77.262581,18.460333],[77.262534,18.46031],[77.26247,18.460281],[77.262402,18.460262],[77.26235,18.460251],[77.262316,18.460242],[77.262282,18.460233],[77.262249,18.460224],[77.262215,18.460216],[77.26218,18.460207],[77.262146,18.4602],[77.262111,18.460194],[77.262059,18.460186],[77.262023,18.460182],[77.26197,18.460181],[77.261917,18.460187],[77.261881,18.460191],[77.261845,18.460197],[77.261772,18.46021],[77.261736,18.460212],[77.261701,18.460212],[77.261647,18.460211],[77.261624,18.460211]]}},{"type":"Feature","properties":{"sol":1431,"len_m":158.3,"date":"2025-02-27"},"geometry":{"type":"LineString","coordinates":[[77.261624,18.460211],[77.261567,18.460203],[77.261469,18.460235],[77.261423,18.460257],[77.261391,18.460272],[77.261359,18.460286],[77.261327,18.4603],[77.261295,18.460314],[77.261263,18.460328],[77.261231,18.460342],[77.261199,18.460356],[77.261167,18.46037],[77.261136,18.460384],[77.261088,18.460404],[77.261055,18.460418],[77.261023,18.460432],[77.260976,18.460455],[77.260947,18.460473],[77.260909,18.460506],[77.260887,18.460532],[77.260867,18.460559],[77.260836,18.4606],[77.260816,18.460628],[77.260796,18.460655],[77.260776,18.460682],[77.260757,18.46071],[77.260737,18.460737],[77.260717,18.460764],[77.260697,18.460791],[77.260617,18.460853],[77.260588,18.46087],[77.260543,18.460895],[77.260513,18.460912],[77.260483,18.460928],[77.260392,18.460975],[77.260361,18.460989],[77.260314,18.461011],[77.260268,18.461033],[77.260236,18.461048],[77.260189,18.46107],[77.260158,18.461085],[77.260127,18.4611],[77.260096,18.461116],[77.26005,18.461138],[77.260018,18.461154],[77.259987,18.461169],[77.259924,18.461199],[77.259894,18.461214],[77.259863,18.461229],[77.259814,18.461249],[77.25978,18.461261],[77.259746,18.461273],[77.259713,18.461285],[77.25968,18.461296],[77.259645,18.461306],[77.259611,18.461317],[77.259577,18.461326],[77.259525,18.461341],[77.259491,18.461351],[77.259457,18.461361],[77.259407,18.461377],[77.259356,18.46139],[77.259322,18.461397],[77.259288,18.461404],[77.259253,18.461408],[77.259201,18.461408],[77.2592,18.461407]]}},{"type":"Feature","properties":{"sol":1435,"len_m":44.1,"date":"2025-03-03"},"geometry":{"type":"LineString","coordinates":[[77.2592,18.461407],[77.259071,18.461461],[77.259038,18.461475],[77.258919,18.461548],[77.258869,18.461565],[77.258733,18.461599],[77.258703,18.461617],[77.258565,18.461693],[77.258517,18.461716],[77.258503,18.461727]]}},{"type":"Feature","properties":{"sol":1445,"len_m":6.5,"date":"2025-03-13"},"geometry":{"type":"LineString","coordinates":[[77.258503,18.461727],[77.258483,18.461755],[77.258456,18.461766],[77.258433,18.461753],[77.258425,18.461749]]}},{"type":"Feature","properties":{"sol":1451,"len_m":45.8,"date":"2025-03-20"},"geometry":{"type":"LineString","coordinates":[[77.258425,18.461749],[77.258343,18.461813],[77.258226,18.461912],[77.258205,18.461929],[77.258098,18.462014],[77.258078,18.462042],[77.258009,18.4621],[77.257968,18.462132],[77.257946,18.462149],[77.257895,18.462195],[77.257835,18.462222],[77.257809,18.46223],[77.257809,18.46223]]}},{"type":"Feature","properties":{"sol":1452,"len_m":7.1,"date":"2025-03-21"},"geometry":{"type":"LineString","coordinates":[[77.257809,18.46223],[77.257771,18.462319],[77.257768,18.462339]]}},{"type":"Feature","properties":{"sol":1454,"len_m":6.1,"date":"2025-03-23"},"geometry":{"type":"LineString","coordinates":[[77.257768,18.462339],[77.257702,18.462315],[77.257668,18.462305]]}},{"type":"Feature","properties":{"sol":1461,"len_m":4.1,"date":"2025-03-30"},"geometry":{"type":"LineString","coordinates":[[77.257668,18.462305],[77.257724,18.462305],[77.25774,18.462305]]}},{"type":"Feature","properties":{"sol":1463,"len_m":2.5,"date":"2025-04-01"},"geometry":{"type":"LineString","coordinates":[[77.25774,18.462305],[77.257737,18.462337],[77.257736,18.462346]]}},{"type":"Feature","properties":{"sol":1468,"len_m":82.1,"date":"2025-04-06"},"geometry":{"type":"LineString","coordinates":[[77.257736,18.462346],[77.257737,18.462318],[77.257737,18.46229],[77.257769,18.462295],[77.257859,18.462226],[77.257883,18.462211],[77.257925,18.462183],[77.257949,18.462161],[77.257972,18.462138],[77.257996,18.462115],[77.258019,18.462092],[77.258041,18.462067],[77.258059,18.46204],[77.258074,18.462011],[77.25809,18.461982],[77.258105,18.461952],[77.258121,18.461923],[77.258137,18.461894],[77.258152,18.461864],[77.258167,18.461836],[77.258181,18.461806],[77.258194,18.461777],[77.258208,18.461747],[77.258222,18.461718],[77.258236,18.461688],[77.25825,18.461658],[77.258264,18.461629],[77.258278,18.461599],[77.258291,18.461569],[77.258305,18.46154],[77.258326,18.461495],[77.258338,18.461464],[77.258347,18.461432],[77.258354,18.461383],[77.258357,18.461349],[77.25836,18.461316],[77.258363,18.461283],[77.258367,18.46125],[77.25837,18.461217],[77.258371,18.4612]]}},{"type":"Feature","properties":{"sol":1470,"len_m":51.7,"date":"2025-04-08"},"geometry":{"type":"LineString","coordinates":[[77.258371,18.4612],[77.258265,18.461196],[77.258214,18.461193],[77.258148,18.461168],[77.258117,18.461153],[77.258085,18.461139],[77.258054,18.461124],[77.258022,18.46111],[77.25799,18.461095],[77.257958,18.461081],[77.257911,18.46106],[77.257879,18.461045],[77.257847,18.461031],[77.257815,18.461016],[77.257784,18.461002],[77.257752,18.460987],[77.25772,18.460972],[77.257689,18.460957],[77.257657,18.460943],[77.257625,18.460928],[77.257594,18.460914],[77.257562,18.460899],[77.25753,18.460885],[77.257529,18.460885]]}},{"type":"Feature","properties":{"sol":1472,"len_m":14.5,"date":"2025-04-10"},"geometry":{"type":"LineString","coordinates":[[77.257529,18.460885],[77.257457,18.460886],[77.25738,18.460886],[77.257308,18.460888],[77.25728,18.460889],[77.257271,18.460889]]}},{"type":"Feature","properties":{"sol":1477,"len_m":92.5,"date":"2025-04-15"},"geometry":{"type":"LineString","coordinates":[[77.257271,18.460889],[77.257353,18.460891],[77.25746,18.460986],[77.257487,18.461001],[77.257584,18.461098],[77.257609,18.461115],[77.257657,18.461142],[77.25769,18.461177],[77.257708,18.461204],[77.257732,18.461247],[77.257748,18.461275],[77.257764,18.461303],[77.25778,18.46133],[77.257803,18.461373],[77.257815,18.461404],[77.257823,18.461435],[77.257827,18.461468],[77.25783,18.461516],[77.257832,18.461548],[77.257833,18.461581],[77.257835,18.461613],[77.257837,18.461646],[77.257839,18.461679],[77.257842,18.461711],[77.257844,18.461743],[77.257847,18.461776],[77.257848,18.461808],[77.25785,18.461841],[77.257851,18.461873],[77.257852,18.461906],[77.257853,18.461938],[77.257855,18.46197],[77.257856,18.462003],[77.257858,18.462035],[77.257858,18.462068],[77.257858,18.4621],[77.257859,18.462132],[77.25786,18.462164],[77.257858,18.462179]]}},{"type":"Feature","properties":{"sol":1478,"len_m":9.2,"date":"2025-04-16"},"geometry":{"type":"LineString","coordinates":[[77.257858,18.462179],[77.257936,18.462193],[77.257964,18.462198],[77.257944,18.462215],[77.257928,18.46223]]}},{"type":"Feature","properties":{"sol":1502,"len_m":166.8,"date":"2025-05-11"},"geometry":{"type":"LineString","coordinates":[[77.257928,18.46223],[77.257951,18.462206],[77.257863,18.462101],[77.257842,18.462075],[77.25782,18.462048],[77.257791,18.462006],[77.257776,18.461976],[77.257755,18.461928],[77.25774,18.461896],[77.257725,18.461865],[77.257712,18.461833],[77.2577,18.461802],[77.257688,18.46177],[77.257669,18.461723],[77.257657,18.461692],[77.257645,18.46166],[77.257633,18.461628],[77.257621,18.461597],[77.257583,18.46152],[77.257567,18.461491],[77.257551,18.461461],[77.257534,18.461431],[77.257489,18.46138],[77.257427,18.461348],[77.257394,18.461334],[77.257362,18.46132],[77.257331,18.461306],[77.2573,18.461291],[77.25725,18.461271],[77.257214,18.461259],[77.25718,18.461247],[77.257114,18.461223],[77.257081,18.461211],[77.257049,18.461199],[77.256999,18.461181],[77.256967,18.461169],[77.256934,18.461157],[77.256901,18.461144],[77.256852,18.461126],[77.256819,18.461113],[77.256787,18.461101],[77.25672,18.461076],[77.256687,18.461064],[77.256654,18.461052],[77.256588,18.461028],[77.256554,18.461016],[77.256521,18.461004],[77.25647,18.460986],[77.256437,18.460973],[77.256404,18.46096],[77.256371,18.46095],[77.256318,18.460941],[77.256282,18.460935],[77.256248,18.460928],[77.256213,18.460921],[77.256179,18.460914],[77.256144,18.460907],[77.25611,18.460899],[77.256058,18.460887],[77.256024,18.460879],[77.255989,18.460872],[77.255955,18.460864],[77.25592,18.460856],[77.255886,18.460848],[77.255852,18.460839],[77.255818,18.460831],[77.255785,18.460822],[77.255751,18.460813],[77.255716,18.460804],[77.255683,18.460795],[77.255666,18.460791]]}},{"type":"Feature","properties":{"sol":1503,"len_m":96.5,"date":"2025-05-12"},"geometry":{"type":"LineString","coordinates":[[77.255666,18.460791],[77.255563,18.460769],[77.255513,18.46076],[77.255478,18.460753],[77.255443,18.460747],[77.255407,18.460741],[77.255372,18.460735],[77.255338,18.460729],[77.255303,18.460722],[77.255268,18.460717],[77.255233,18.460711],[77.255198,18.460705],[77.255164,18.460698],[77.255129,18.460693],[77.255093,18.460687],[77.255058,18.460682],[77.255024,18.460675],[77.254988,18.460669],[77.254952,18.460663],[77.254916,18.460658],[77.254881,18.460653],[77.254845,18.460647],[77.254791,18.460639],[77.254756,18.460634],[77.254721,18.46063],[77.254651,18.460619],[77.254617,18.460614],[77.254582,18.460608],[77.254511,18.460597],[77.254476,18.460591],[77.25444,18.460585],[77.254387,18.460577],[77.254352,18.460571],[77.254316,18.460565],[77.25428,18.460559],[77.254227,18.46055],[77.254191,18.460543],[77.254155,18.460537],[77.254085,18.460524],[77.254049,18.460518],[77.253998,18.460508],[77.25398,18.460505]]}},{"type":"Feature","properties":{"sol":1509,"len_m":228.3,"date":"2025-05-18"},"geometry":{"type":"LineString","coordinates":[[77.25398,18.460505],[77.254014,18.460504],[77.254121,18.460408],[77.254142,18.460385],[77.254173,18.460352],[77.254194,18.460329],[77.254215,18.460305],[77.254236,18.460281],[77.254257,18.460258],[77.254279,18.460237],[77.254304,18.460217],[77.254329,18.460197],[77.254355,18.460176],[77.25438,18.460156],[77.254406,18.460135],[77.254431,18.460115],[77.254457,18.460094],[77.254482,18.460073],[77.254521,18.460041],[77.254559,18.46001],[77.254585,18.459989],[77.254611,18.459968],[77.254635,18.459948],[77.254661,18.459929],[77.254686,18.459909],[77.254712,18.459889],[77.254738,18.45987],[77.254764,18.45985],[77.254789,18.45983],[77.254815,18.459811],[77.25484,18.459792],[77.254866,18.459773],[77.254891,18.459754],[77.254918,18.459734],[77.254944,18.459716],[77.254969,18.459697],[77.254995,18.459677],[77.255021,18.459657],[77.255047,18.459638],[77.255072,18.459618],[77.255097,18.459598],[77.255122,18.459578],[77.255148,18.459558],[77.255173,18.459538],[77.255227,18.459462],[77.25524,18.459434],[77.255258,18.459392],[77.255271,18.459363],[77.255284,18.459334],[77.255296,18.459304],[77.255306,18.459274],[77.255312,18.459242],[77.255318,18.459211],[77.255323,18.459179],[77.255328,18.459149],[77.255332,18.459117],[77.255337,18.459085],[77.255341,18.459054],[77.255346,18.459022],[77.25535,18.458991],[77.255358,18.458945],[77.255364,18.458897],[77.255369,18.458867],[77.255374,18.458838],[77.25538,18.458806],[77.255386,18.458776],[77.255397,18.458731],[77.255408,18.4587],[77.25542,18.458671],[77.255431,18.458641],[77.255443,18.458611],[77.255453,18.458581],[77.255464,18.458552],[77.255475,18.458523],[77.255485,18.458493],[77.255495,18.458463],[77.255505,18.458433],[77.255521,18.458389],[77.255535,18.458361],[77.25555,18.458334],[77.255571,18.458258],[77.255576,18.458211],[77.255579,18.458179],[77.255581,18.458147],[77.255582,18.458116],[77.255585,18.458084],[77.255579,18.45802],[77.255571,18.457988],[77.255567,18.457956],[77.255564,18.457924],[77.255561,18.457892],[77.255556,18.457859],[77.255546,18.457828],[77.255535,18.457797],[77.255524,18.457765],[77.255513,18.457735],[77.255502,18.457703],[77.255492,18.457672],[77.255487,18.45764],[77.255487,18.457594],[77.255487,18.457561],[77.255487,18.457514],[77.255488,18.457483],[77.255488,18.457451],[77.255489,18.457419],[77.25549,18.457387],[77.25549,18.457355],[77.25549,18.457323],[77.255491,18.457292],[77.255489,18.457277]]}},{"type":"Feature","properties":{"sol":1510,"len_m":191.2,"date":"2025-05-19"},"geometry":{"type":"LineString","coordinates":[[77.255489,18.457277],[77.255427,18.457157],[77.255413,18.457126],[77.255406,18.457029],[77.255409,18.456998],[77.255412,18.456965],[77.255415,18.456933],[77.255418,18.4569],[77.255419,18.456867],[77.255421,18.456835],[77.255423,18.456802],[77.255425,18.456754],[77.255427,18.456705],[77.25543,18.456673],[77.255435,18.456642],[77.25544,18.456611],[77.255446,18.456579],[77.255452,18.456548],[77.255458,18.456517],[77.255465,18.456485],[77.255472,18.456454],[77.255478,18.456422],[77.255484,18.456391],[77.255491,18.45636],[77.255497,18.456331],[77.255504,18.456299],[77.255512,18.456268],[77.25552,18.456236],[77.255528,18.456204],[77.255534,18.456175],[77.255541,18.456142],[77.255547,18.456111],[77.255554,18.456079],[77.255559,18.456048],[77.255565,18.456016],[77.25557,18.455983],[77.255574,18.455951],[77.25558,18.455919],[77.255585,18.455886],[77.255595,18.455838],[77.255596,18.455805],[77.255594,18.455772],[77.255592,18.455739],[77.25559,18.455706],[77.25559,18.455673],[77.255596,18.455626],[77.255601,18.455594],[77.255606,18.455562],[77.255613,18.45553],[77.255618,18.455498],[77.255627,18.45545],[77.255632,18.455418],[77.25564,18.455369],[77.255644,18.455338],[77.255649,18.455306],[77.255655,18.455274],[77.25566,18.455242],[77.255667,18.455209],[77.255674,18.455177],[77.25568,18.455145],[77.255683,18.455112],[77.255682,18.455079],[77.25568,18.455029],[77.255682,18.454996],[77.255683,18.454963],[77.255684,18.45493],[77.255685,18.454897],[77.255686,18.454864],[77.255687,18.45483],[77.255688,18.454797],[77.255688,18.454763],[77.255687,18.454731],[77.255687,18.454681],[77.255688,18.454648],[77.255688,18.454615],[77.255688,18.454582],[77.255688,18.454549],[77.255688,18.454516],[77.255689,18.454483],[77.255692,18.454434],[77.255699,18.454402],[77.255706,18.45437],[77.255713,18.454338],[77.255721,18.454306],[77.255728,18.454273],[77.255734,18.454241],[77.255741,18.454209],[77.255748,18.454177],[77.255754,18.454145],[77.255761,18.454112],[77.255759,18.454103]]}},{"type":"Feature","properties":{"sol":1511,"len_m":114.6,"date":"2025-05-20"},"geometry":{"type":"LineString","coordinates":[[77.255759,18.454103],[77.255823,18.453988],[77.255856,18.453931],[77.255763,18.453822],[77.255745,18.453799],[77.255725,18.453771],[77.255705,18.453743],[77.255684,18.453715],[77.255663,18.453688],[77.255642,18.45366],[77.255622,18.453633],[77.255602,18.453605],[77.255581,18.453577],[77.255561,18.45355],[77.25554,18.453523],[77.25552,18.453495],[77.255499,18.453467],[77.255479,18.453439],[77.255459,18.453412],[77.255439,18.453385],[77.255417,18.453358],[77.255395,18.453331],[77.255371,18.453307],[77.255344,18.453284],[77.255317,18.453262],[77.255291,18.453239],[77.255264,18.453217],[77.255237,18.453195],[77.25521,18.453173],[77.255183,18.45315],[77.255157,18.453128],[77.25513,18.453106],[77.255103,18.453083],[77.255076,18.453061],[77.255049,18.453039],[77.255009,18.453005],[77.254983,18.452983],[77.254956,18.45296],[77.254931,18.452938],[77.254904,18.452914],[77.254877,18.452891],[77.254851,18.452868],[77.254824,18.452844],[77.254798,18.45282],[77.25476,18.452784],[77.254735,18.452761],[77.25471,18.452737],[77.254686,18.452713],[77.254661,18.452689],[77.254648,18.452677]]}},{"type":"Feature","properties":{"sol":1512,"len_m":96.2,"date":"2025-05-21"},"geometry":{"type":"LineString","coordinates":[[77.254648,18.452677],[77.254561,18.452667],[77.254508,18.452661],[77.254473,18.452657],[77.254438,18.452653],[77.254404,18.452648],[77.254369,18.452644],[77.254334,18.45264],[77.254299,18.452635],[77.254263,18.452631],[77.254228,18.452627],[77.254193,18.452623],[77.254158,18.452619],[77.254123,18.452615],[77.25407,18.452609],[77.254035,18.452605],[77.253983,18.452598],[77.253948,18.452594],[77.253913,18.452589],[77.253878,18.452585],[77.253843,18.45258],[77.253808,18.452575],[77.253773,18.45257],[77.253738,18.452565],[77.253703,18.452559],[77.253668,18.452554],[77.253632,18.452549],[77.253597,18.452543],[77.253563,18.452538],[77.253528,18.452533],[77.253492,18.452528],[77.253457,18.452523],[77.253421,18.452517],[77.253386,18.452511],[77.25335,18.452506],[77.253316,18.4525],[77.253282,18.452495],[77.253248,18.452489],[77.253214,18.452486],[77.253179,18.452484],[77.253145,18.452482],[77.253111,18.45248],[77.253077,18.45248],[77.253043,18.452482],[77.252956,18.452484]]}},{"type":"Feature","properties":{"sol":1518,"len_m":92.6,"date":"2025-05-27"},"geometry":{"type":"LineString","coordinates":[[77.252956,18.452484],[77.252991,18.452483],[77.253068,18.452515],[77.253219,18.452543],[77.253271,18.45255],[77.253303,18.452554],[77.253338,18.452557],[77.253373,18.45256],[77.253406,18.452561],[77.253439,18.452561],[77.253472,18.45256],[77.253505,18.45256],[77.253555,18.452559],[77.253588,18.452558],[77.253622,18.452557],[77.253673,18.452555],[77.253707,18.452555],[77.253741,18.452557],[77.253775,18.452561],[77.25381,18.452564],[77.253844,18.452567],[77.253878,18.45257],[77.253912,18.452572],[77.253946,18.452575],[77.25398,18.452578],[77.254032,18.452583],[77.254101,18.45259],[77.254135,18.452594],[77.25417,18.452597],[77.254221,18.452603],[77.254255,18.452607],[77.254289,18.452611],[77.254323,18.452615],[77.254357,18.452619],[77.25439,18.452622],[77.254425,18.452626],[77.254459,18.452629],[77.254493,18.452629],[77.254527,18.452627],[77.254561,18.452624],[77.254577,18.452622]]}},{"type":"Feature","properties":{"sol":1519,"len_m":136.7,"date":"2025-05-28"},"geometry":{"type":"LineString","coordinates":[[77.254577,18.452622],[77.254713,18.452647],[77.254746,18.452653],[77.254786,18.452661],[77.25482,18.452667],[77.254854,18.452673],[77.254887,18.452679],[77.25492,18.452684],[77.254952,18.452689],[77.254985,18.452694],[77.255017,18.4527],[77.255067,18.452708],[77.255116,18.452717],[77.255149,18.452723],[77.255183,18.452729],[77.255216,18.452735],[77.255248,18.45274],[77.25528,18.452747],[77.25533,18.452757],[77.255363,18.452764],[77.255395,18.45277],[77.255444,18.45278],[77.255477,18.452787],[77.255509,18.452793],[77.25554,18.452798],[77.255587,18.452806],[77.255619,18.45281],[77.255666,18.452818],[77.255698,18.452823],[77.255728,18.452829],[77.255761,18.452835],[77.255793,18.452841],[77.255825,18.452846],[77.255856,18.452851],[77.255887,18.452856],[77.255933,18.452863],[77.255963,18.452869],[77.255993,18.452875],[77.256055,18.452889],[77.256087,18.452896],[77.25612,18.452904],[77.256166,18.452916],[77.256198,18.452925],[77.256228,18.452934],[77.256257,18.452942],[77.256286,18.452951],[77.256315,18.45296],[77.256345,18.452969],[77.256376,18.452978],[77.256421,18.452991],[77.256452,18.452999],[77.256483,18.453007],[77.256527,18.453015],[77.256557,18.453016],[77.256588,18.453017],[77.25662,18.453019],[77.256652,18.453022],[77.256683,18.453022],[77.256712,18.45302],[77.256744,18.453018],[77.256776,18.453017],[77.256807,18.453015],[77.256838,18.453013],[77.256869,18.453011],[77.256898,18.45301],[77.256929,18.453011],[77.256961,18.453011]]}},{"type":"Feature","properties":{"sol":1520,"len_m":73.9,"date":"2025-05-29"},"geometry":{"type":"LineString","coordinates":[[77.256961,18.453011],[77.256995,18.45313],[77.257007,18.453157],[77.257041,18.453194],[77.257057,18.453219],[77.25707,18.453246],[77.257079,18.453275],[77.257088,18.453305],[77.257096,18.453335],[77.257104,18.453365],[77.257111,18.453395],[77.257118,18.453424],[77.257128,18.453468],[77.257132,18.453498],[77.257137,18.453528],[77.257141,18.453559],[77.257144,18.453589],[77.257149,18.453619],[77.257155,18.453666],[77.257159,18.453696],[77.257165,18.453742],[77.257162,18.453771],[77.257161,18.4538],[77.257161,18.453829],[77.25716,18.453858],[77.257158,18.453888],[77.257156,18.453917],[77.257156,18.453948],[77.257159,18.453978],[77.257165,18.454007],[77.257174,18.454035],[77.257184,18.454062],[77.257194,18.45409],[77.257205,18.454132],[77.257213,18.45416],[77.257224,18.454187],[77.257227,18.4542]]}},{"type":"Feature","properties":{"sol":1523,"len_m":91.5,"date":"2025-06-02"},"geometry":{"type":"LineString","coordinates":[[77.257227,18.4542],[77.257178,18.454324],[77.257178,18.454353],[77.257143,18.454472],[77.257146,18.454498],[77.257059,18.454461],[77.257036,18.454446],[77.256974,18.454414],[77.25695,18.454401],[77.256919,18.454385],[77.256884,18.45437],[77.256809,18.454329],[77.256762,18.454277],[77.256735,18.454253],[77.256705,18.454231],[77.25666,18.454203],[77.25663,18.454184],[77.2566,18.454164],[77.256569,18.454147],[77.256519,18.454126],[77.256486,18.454112],[77.256453,18.4541],[77.256402,18.454081],[77.256368,18.454069],[77.256334,18.454057],[77.2563,18.454045],[77.256266,18.454032],[77.256232,18.45402],[77.256199,18.454008],[77.256164,18.453996],[77.25613,18.453985],[77.256097,18.453973],[77.256064,18.453961],[77.256032,18.453949],[77.256015,18.453942]]}},{"type":"Feature","properties":{"sol":1524,"len_m":8.4,"date":"2025-06-03"},"geometry":{"type":"LineString","coordinates":[[77.256015,18.453942],[77.255926,18.453943],[77.255915,18.453914],[77.255917,18.453905]]}},{"type":"Feature","properties":{"sol":1540,"len_m":405.5,"date":"2025-06-19"},"geometry":{"type":"LineString","coordinates":[[77.255917,18.453905],[77.255885,18.454035],[77.255866,18.454181],[77.255839,18.454277],[77.255831,18.454309],[77.255803,18.454407],[77.255794,18.454439],[77.255765,18.454553],[77.255741,18.45465],[77.255731,18.454683],[77.255722,18.454714],[77.255687,18.454826],[77.255674,18.454874],[77.255664,18.454907],[77.25565,18.454955],[77.255629,18.455035],[77.255616,18.455085],[77.255589,18.455197],[77.25556,18.455343],[77.255545,18.455408],[77.255517,18.45547],[77.255455,18.45559],[77.255459,18.455719],[77.25548,18.455864],[77.255481,18.455897],[77.255482,18.455947],[77.255484,18.455996],[77.255485,18.456063],[77.255484,18.456129],[77.255468,18.45626],[77.255445,18.456358],[77.255439,18.456391],[77.255426,18.456457],[77.255433,18.456522],[77.255443,18.456569],[77.255444,18.456635],[77.255431,18.456718],[77.255425,18.456768],[77.255419,18.456916],[77.255419,18.456966],[77.255418,18.457016],[77.25542,18.457083],[77.255422,18.457133],[77.255455,18.45726],[77.255479,18.457338],[77.25549,18.457368],[77.255502,18.457399],[77.255525,18.457459],[77.255548,18.457521],[77.255596,18.457626],[77.255613,18.45769],[77.255617,18.457755],[77.255627,18.457888],[77.255631,18.457937],[77.255638,18.458055],[77.255635,18.458157],[77.255632,18.458206],[77.255626,18.458341],[77.255621,18.458425],[77.255616,18.458475],[77.255611,18.458543],[77.255605,18.458611],[77.255601,18.458645],[77.255596,18.458696],[77.255591,18.458747],[77.255588,18.458813],[77.255595,18.458879],[77.255603,18.458944],[77.255608,18.458992],[77.255614,18.45904],[77.255621,18.459073],[77.255635,18.45917],[77.25564,18.45922],[77.25565,18.459304],[77.255671,18.459437],[77.255685,18.45952],[77.255694,18.45957],[77.255709,18.459653],[77.255714,18.459686],[77.255734,18.45982],[77.255736,18.459904],[77.255735,18.459955],[77.255735,18.460022],[77.255735,18.46009],[77.255736,18.460157],[77.255734,18.460208],[77.255728,18.460241],[77.255718,18.46029],[77.25571,18.460323],[77.2557,18.460372],[77.255679,18.460488],[77.255678,18.460538],[77.25568,18.460571],[77.255683,18.460604],[77.255683,18.460621]]}},{"type":"Feature","properties":{"sol":1542,"len_m":10.0,"date":"2025-06-21"},"geometry":{"type":"LineString","coordinates":[[77.255683,18.460621],[77.255682,18.460722],[77.255667,18.460744],[77.255635,18.460754]]}},{"type":"Feature","properties":{"sol":1549,"len_m":96.2,"date":"2025-06-28"},"geometry":{"type":"LineString","coordinates":[[77.255635,18.460754],[77.255749,18.460779],[77.255783,18.460786],[77.255815,18.460793],[77.255848,18.4608],[77.255881,18.460807],[77.255931,18.460816],[77.255963,18.460822],[77.255996,18.460828],[77.256044,18.460839],[77.256077,18.460846],[77.256109,18.460853],[77.256142,18.46086],[77.25619,18.46087],[77.256223,18.460877],[77.256255,18.460884],[77.256301,18.460896],[77.256333,18.460905],[77.256364,18.460915],[77.256395,18.460925],[77.256443,18.460938],[77.256475,18.460947],[77.256507,18.460955],[77.256569,18.460973],[77.256601,18.460982],[77.256632,18.46099],[77.256679,18.461003],[77.25671,18.46101],[77.256741,18.461017],[77.256774,18.461024],[77.256806,18.461032],[77.256838,18.461039],[77.256869,18.461047],[77.256902,18.461054],[77.256949,18.461065],[77.256982,18.461072],[77.25703,18.461081],[77.257123,18.461056],[77.257159,18.461022],[77.257182,18.460999],[77.257219,18.460947],[77.257227,18.460933]]}},{"type":"Feature","properties":{"sol":1551,"len_m":4.5,"date":"2025-06-30"},"geometry":{"type":"LineString","coordinates":[[77.257227,18.460933],[77.257205,18.460958],[77.257213,18.460933],[77.257218,18.460917]]}},{"type":"Feature","properties":{"sol":1556,"len_m":158.5,"date":"2025-07-05"},"geometry":{"type":"LineString","coordinates":[[77.257218,18.460917],[77.257209,18.460952],[77.257123,18.460923],[77.25707,18.460904],[77.257037,18.460893],[77.257004,18.460881],[77.256971,18.460869],[77.256937,18.460857],[77.256904,18.460845],[77.256871,18.460833],[77.256839,18.460821],[77.256806,18.460809],[77.256773,18.460797],[77.256739,18.460785],[77.256705,18.460773],[77.256671,18.460761],[77.256637,18.460749],[77.256603,18.460738],[77.25657,18.460727],[77.256537,18.460716],[77.256503,18.460705],[77.256469,18.460694],[77.256436,18.460684],[77.256402,18.460673],[77.256369,18.460663],[77.256335,18.460652],[77.256301,18.460641],[77.256268,18.46063],[77.256234,18.460619],[77.256201,18.460608],[77.256167,18.460597],[77.256133,18.460586],[77.2561,18.460575],[77.256066,18.460563],[77.256032,18.460551],[77.255998,18.460539],[77.255962,18.460526],[77.255928,18.460515],[77.255894,18.460502],[77.255861,18.46049],[77.255827,18.460477],[77.255795,18.460465],[77.255762,18.460452],[77.255729,18.460439],[77.255696,18.460426],[77.255664,18.460413],[77.255631,18.460399],[77.255598,18.460387],[77.255564,18.460376],[77.255531,18.460365],[77.255497,18.460354],[77.255464,18.460343],[77.25543,18.460333],[77.255396,18.460323],[77.255361,18.460313],[77.255326,18.460304],[77.255291,18.460294],[77.255256,18.460284],[77.255221,18.460274],[77.255186,18.460266],[77.25515,18.460257],[77.255098,18.460245],[77.255062,18.460237],[77.25501,18.460224],[77.254975,18.460216],[77.25494,18.460207],[77.254904,18.460199],[77.254868,18.460191],[77.254834,18.460183],[77.254798,18.460175],[77.254763,18.460167],[77.254728,18.460159],[77.254693,18.460152],[77.254659,18.460141],[77.254627,18.460127],[77.254595,18.460112],[77.254579,18.460105]]}},{"type":"Feature","properties":{"sol":1558,"len_m":23.2,"date":"2025-07-08"},"geometry":{"type":"LineString","coordinates":[[77.254579,18.460105],[77.254491,18.459924],[77.254454,18.459848],[77.254418,18.459774],[77.254407,18.459756]]}},{"type":"Feature","properties":{"sol":1560,"len_m":27.4,"date":"2025-07-10"},"geometry":{"type":"LineString","coordinates":[[77.254407,18.459756],[77.254495,18.459684],[77.254578,18.459615],[77.254599,18.459596],[77.254656,18.459543],[77.254657,18.459514],[77.254615,18.459489],[77.254593,18.459472],[77.254585,18.459467]]}},{"type":"Feature","properties":{"sol":1563,"len_m":11.3,"date":"2025-07-13"},"geometry":{"type":"LineString","coordinates":[[77.254585,18.459467],[77.254544,18.459551],[77.254518,18.459543],[77.254508,18.459518],[77.254503,18.459509]]}},{"type":"Feature","properties":{"sol":1570,"len_m":12.9,"date":"2025-07-20"},"geometry":{"type":"LineString","coordinates":[[77.254503,18.459509],[77.254511,18.459534],[77.254541,18.459535],[77.2546,18.459503],[77.254598,18.459477],[77.254582,18.459467]]}},{"type":"Feature","properties":{"sol":1576,"len_m":274.6,"date":"2025-07-26"},"geometry":{"type":"LineString","coordinates":[[77.254582,18.459467],[77.254594,18.459498],[77.254449,18.459509],[77.254415,18.4595],[77.25435,18.45942],[77.254261,18.459299],[77.254246,18.45927],[77.254283,18.459322],[77.254303,18.459348],[77.25442,18.459293],[77.254447,18.459278],[77.254536,18.459227],[77.254561,18.459217],[77.254593,18.459204],[77.254624,18.459191],[77.254655,18.459179],[77.254686,18.459166],[77.254717,18.459153],[77.254748,18.459141],[77.254779,18.459128],[77.25481,18.459116],[77.254841,18.459104],[77.254872,18.459091],[77.254903,18.459079],[77.254934,18.459067],[77.254964,18.459056],[77.254993,18.459046],[77.255023,18.459033],[77.255052,18.45902],[77.255082,18.459008],[77.255111,18.458997],[77.25514,18.458987],[77.255168,18.458975],[77.255222,18.458942],[77.255248,18.458923],[77.255273,18.458903],[77.255297,18.458882],[77.255321,18.458861],[77.255344,18.458841],[77.255368,18.458817],[77.255386,18.458792],[77.255402,18.458766],[77.255418,18.458738],[77.255434,18.458711],[77.255448,18.458683],[77.255463,18.458654],[77.255476,18.458626],[77.255487,18.458596],[77.255494,18.458565],[77.255499,18.458533],[77.255504,18.458502],[77.25551,18.458471],[77.255516,18.458439],[77.255523,18.458399],[77.255529,18.458368],[77.255534,18.458336],[77.255539,18.458304],[77.255542,18.458272],[77.255545,18.45824],[77.255548,18.458208],[77.255554,18.458177],[77.25556,18.458146],[77.255567,18.458115],[77.255573,18.458083],[77.255579,18.458052],[77.255584,18.45802],[77.255589,18.457989],[77.255595,18.457957],[77.2556,18.457925],[77.255607,18.457878],[77.255613,18.457846],[77.255618,18.457814],[77.25562,18.45775],[77.255622,18.457717],[77.255622,18.457669],[77.255623,18.457636],[77.255624,18.45757],[77.255626,18.457521],[77.255626,18.457488],[77.255626,18.457457],[77.255624,18.457392],[77.255623,18.457359],[77.255621,18.457327],[77.255617,18.457261],[77.255615,18.457228],[77.255613,18.457197],[77.255608,18.457148],[77.255605,18.457115],[77.255602,18.457083],[77.255598,18.457051],[77.255595,18.457003],[77.255594,18.456971],[77.255592,18.456938],[77.255592,18.456905],[77.255591,18.456871],[77.25559,18.456838],[77.255589,18.456805],[77.255586,18.45674],[77.255586,18.456707],[77.255585,18.456674],[77.255581,18.456609],[77.25558,18.456576],[77.255578,18.456543],[77.255573,18.456496],[77.255571,18.456464],[77.255569,18.456432],[77.255566,18.456399],[77.255561,18.456366],[77.255556,18.456334],[77.255551,18.456301],[77.255548,18.456269],[77.255547,18.456204],[77.255546,18.456172],[77.255545,18.456139],[77.255544,18.456107],[77.255544,18.456073],[77.255544,18.45604],[77.255543,18.456007],[77.255541,18.455991]]}},{"type":"Feature","properties":{"sol":1577,"len_m":241.8,"date":"2025-07-27"},"geometry":{"type":"LineString","coordinates":[[77.255541,18.455991],[77.255525,18.455878],[77.255537,18.45578],[77.255542,18.455748],[77.255556,18.455667],[77.25556,18.455635],[77.255564,18.455603],[77.255568,18.45557],[77.255573,18.455538],[77.255578,18.455505],[77.255586,18.45544],[77.255594,18.455375],[77.255597,18.455342],[77.255601,18.45531],[77.255604,18.455261],[77.255606,18.455228],[77.255608,18.455196],[77.255612,18.45513],[77.255614,18.455097],[77.255615,18.455064],[77.255617,18.454998],[77.255619,18.454949],[77.25562,18.454915],[77.255621,18.454866],[77.255623,18.454833],[77.255623,18.454799],[77.255622,18.454749],[77.255622,18.454716],[77.255621,18.454683],[77.25562,18.45465],[77.255619,18.4546],[77.255618,18.454567],[77.255616,18.454534],[77.255611,18.454467],[77.255608,18.454417],[77.255606,18.454384],[77.255605,18.454351],[77.255603,18.454317],[77.255601,18.454284],[77.255599,18.454251],[77.255597,18.454201],[77.255595,18.454167],[77.255593,18.454133],[77.25559,18.454068],[77.255588,18.454035],[77.255586,18.454001],[77.255583,18.453952],[77.255582,18.453918],[77.255581,18.453885],[77.255579,18.453851],[77.255577,18.453818],[77.255574,18.453785],[77.255594,18.453759],[77.255635,18.453732],[77.255663,18.453715],[77.255693,18.453698],[77.255721,18.453681],[77.255749,18.453663],[77.255777,18.453646],[77.255805,18.453628],[77.255831,18.45361],[77.25586,18.453592],[77.255888,18.453573],[77.25593,18.453547],[77.25596,18.453533],[77.25599,18.453519],[77.256034,18.453498],[77.256064,18.453484],[77.256094,18.45347],[77.256125,18.453457],[77.256156,18.453444],[77.256187,18.453432],[77.256218,18.453419],[77.256247,18.453406],[77.256277,18.453393],[77.256306,18.45338],[77.256336,18.453367],[77.256366,18.453354],[77.256396,18.453341],[77.256426,18.453327],[77.256454,18.453313],[77.256482,18.453298],[77.256509,18.453284],[77.256538,18.453271],[77.256567,18.453258],[77.256595,18.453244],[77.256623,18.45323],[77.25665,18.453217],[77.256676,18.453203],[77.256702,18.45319],[77.256729,18.453176],[77.256756,18.453161],[77.256783,18.453145],[77.25681,18.45313],[77.256839,18.453117],[77.25687,18.453109],[77.256917,18.453098],[77.256948,18.453093],[77.256981,18.453087],[77.257011,18.453081],[77.25704,18.453074],[77.257071,18.453068],[77.257101,18.453062],[77.257131,18.453056],[77.257162,18.453052],[77.257193,18.453049],[77.257225,18.453045],[77.257256,18.453041],[77.257287,18.453034],[77.257315,18.453024],[77.25734,18.453014]]}},{"type":"Feature","properties":{"sol":1578,"len_m":38.1,"date":"2025-07-28"},"geometry":{"type":"LineString","coordinates":[[77.25734,18.453014],[77.257455,18.453027],[77.257494,18.453026],[77.257611,18.453016],[77.25765,18.453016],[77.257763,18.453005],[77.257818,18.453004],[77.257845,18.45301],[77.257947,18.453023],[77.257976,18.45301]]}},{"type":"Feature","properties":{"sol":1579,"len_m":2.8,"date":"2025-07-29"},"geometry":{"type":"LineString","coordinates":[[77.257976,18.45301],[77.257982,18.453015]]}},{"type":"Feature","properties":{"sol":1584,"len_m":21.6,"date":"2025-08-03"},"geometry":{"type":"LineString","coordinates":[[77.257982,18.453015],[77.257954,18.453007],[77.257855,18.452998],[77.257836,18.452895],[77.257902,18.452789],[77.257907,18.452782]]}},{"type":"Feature","properties":{"sol":1590,"len_m":16.3,"date":"2025-08-09"},"geometry":{"type":"LineString","coordinates":[[77.257907,18.452782],[77.257979,18.452694],[77.258086,18.452697],[77.258118,18.452723]]}},{"type":"Feature","properties":{"sol":1592,"len_m":152.6,"date":"2025-08-11"},"geometry":{"type":"LineString","coordinates":[[77.258118,18.452723],[77.258023,18.452655],[77.257905,18.45257],[77.257774,18.452471],[77.25763,18.452401],[77.257501,18.452336],[77.257467,18.452317],[77.257358,18.452226],[77.257331,18.452202],[77.257293,18.452145],[77.257272,18.452118],[77.257247,18.452093],[77.25722,18.452069],[77.257175,18.452035],[77.257145,18.452012],[77.257102,18.451978],[77.257073,18.451957],[77.257045,18.451935],[77.257017,18.451914],[77.256989,18.451893],[77.256961,18.451871],[77.256934,18.45185],[77.256906,18.451828],[77.256878,18.451806],[77.25685,18.451784],[77.256822,18.451762],[77.256795,18.451741],[77.256764,18.451697],[77.256719,18.451644],[77.256691,18.451621],[77.256663,18.451598],[77.256635,18.451574],[77.256608,18.451551],[77.25658,18.451527],[77.256553,18.451504],[77.256526,18.45148],[77.256499,18.451455],[77.256472,18.451431],[77.256447,18.451405],[77.256422,18.45138],[77.256397,18.451355],[77.256343,18.451308],[77.256313,18.45129],[77.256282,18.451272],[77.25625,18.451254],[77.256218,18.451237],[77.256186,18.451219],[77.256154,18.451202],[77.256106,18.451176],[77.256074,18.451158],[77.256042,18.451141],[77.256021,18.451131]]}},{"type":"Feature","properties":{"sol":1593,"len_m":31.4,"date":"2025-08-12"},"geometry":{"type":"LineString","coordinates":[[77.256021,18.451131],[77.255946,18.451049],[77.255832,18.450948],[77.255739,18.450867],[77.255718,18.450847],[77.255636,18.450775],[77.255623,18.450762]]}},{"type":"Feature","properties":{"sol":1595,"len_m":201.6,"date":"2025-08-15"},"geometry":{"type":"LineString","coordinates":[[77.255623,18.450762],[77.255759,18.450881],[77.255913,18.45095],[77.25606,18.450961],[77.256089,18.45096],[77.256298,18.450918],[77.25634,18.450893],[77.256422,18.450841],[77.256463,18.450814],[77.256505,18.450787],[77.256573,18.450742],[77.256625,18.450706],[77.256676,18.45067],[77.256814,18.45056],[77.256877,18.450512],[77.256941,18.450463],[77.256966,18.450444],[77.257054,18.450372],[77.257079,18.450351],[77.257132,18.450313],[77.257177,18.4503],[77.257238,18.450279],[77.257279,18.450255],[77.25732,18.450229],[77.257452,18.450135],[77.257499,18.450089],[77.257546,18.450021],[77.257592,18.449952],[77.257612,18.449925],[77.257686,18.449817],[77.257734,18.449749],[77.25779,18.449668],[77.257891,18.449519],[77.257947,18.449438],[77.257975,18.449397],[77.257995,18.44937],[77.258041,18.449302],[77.258068,18.449261],[77.258104,18.449205],[77.258192,18.449031],[77.25819,18.44903]]}},{"type":"Feature","properties":{"sol":1597,"len_m":232.2,"date":"2025-08-17"},"geometry":{"type":"LineString","coordinates":[[77.25819,18.44903],[77.258085,18.448961],[77.258065,18.448944],[77.258083,18.44883],[77.258102,18.448776],[77.258118,18.448747],[77.258136,18.44872],[77.258156,18.448694],[77.258175,18.448668],[77.258194,18.448642],[77.258212,18.448615],[77.25823,18.448589],[77.258249,18.448563],[77.258269,18.448537],[77.258288,18.44851],[77.258307,18.448484],[77.258327,18.448457],[77.258345,18.448431],[77.258365,18.448406],[77.258389,18.448382],[77.258412,18.448361],[77.258435,18.448339],[77.258459,18.448317],[77.258484,18.448295],[77.258508,18.448273],[77.258532,18.448252],[77.258568,18.448219],[77.258605,18.448187],[77.258629,18.448166],[77.258652,18.448145],[77.258676,18.448123],[77.2587,18.448102],[77.258722,18.44808],[77.258743,18.448058],[77.258765,18.448035],[77.258787,18.448012],[77.258809,18.447989],[77.258831,18.447966],[77.258853,18.447944],[77.258887,18.44791],[77.25892,18.447876],[77.258942,18.447853],[77.258965,18.44783],[77.258988,18.447807],[77.259013,18.447787],[77.259039,18.447768],[77.259066,18.447749],[77.259093,18.44773],[77.259119,18.447711],[77.259146,18.447691],[77.259173,18.447672],[77.259199,18.447653],[77.259225,18.447635],[77.259253,18.447616],[77.259279,18.447597],[77.259319,18.447567],[77.259345,18.447547],[77.259385,18.447518],[77.259414,18.447503],[77.259443,18.447489],[77.259472,18.447474],[77.259502,18.447459],[77.259531,18.447444],[77.259575,18.447423],[77.259605,18.447408],[77.259635,18.447394],[77.259666,18.44738],[77.259696,18.447366],[77.259726,18.447352],[77.259771,18.447331],[77.259817,18.447309],[77.259848,18.447295],[77.25988,18.447281],[77.259911,18.447267],[77.259941,18.447251],[77.25997,18.447233],[77.259999,18.447216],[77.260028,18.447197],[77.260057,18.447179],[77.260086,18.447161],[77.260115,18.447143],[77.260144,18.447125],[77.260173,18.447107],[77.260202,18.44709],[77.26023,18.447074],[77.260259,18.447058],[77.260289,18.447043],[77.260318,18.447028],[77.260347,18.447012],[77.260376,18.446996],[77.260406,18.44698],[77.260435,18.446964],[77.260465,18.446948],[77.260495,18.446932],[77.260524,18.446916],[77.260554,18.446901],[77.260583,18.446885],[77.260612,18.446869],[77.260641,18.446853],[77.260684,18.446828],[77.26071,18.446808],[77.260733,18.446784],[77.260756,18.446761],[77.260779,18.446738],[77.2608,18.446715],[77.260829,18.44668],[77.260846,18.446657],[77.260864,18.446631],[77.260879,18.446605],[77.260894,18.446578],[77.260929,18.44655],[77.260957,18.446534],[77.26097,18.446525]]}},{"type":"Feature","properties":{"sol":1601,"len_m":177.9,"date":"2025-08-21"},"geometry":{"type":"LineString","coordinates":[[77.26097,18.446525],[77.261002,18.44652],[77.261036,18.446522],[77.261168,18.446567],[77.261195,18.446588],[77.261223,18.446607],[77.261269,18.446631],[77.261313,18.446653],[77.261342,18.446668],[77.261372,18.446683],[77.2614,18.446698],[77.261429,18.446713],[77.261459,18.446728],[77.261488,18.446743],[77.261517,18.446758],[77.261546,18.446773],[77.261576,18.446788],[77.261605,18.446803],[77.261634,18.446818],[77.261663,18.446833],[77.261692,18.446848],[77.261721,18.446863],[77.261751,18.446879],[77.261793,18.446902],[77.261822,18.446917],[77.26185,18.446932],[77.261907,18.446963],[77.261935,18.446978],[77.261963,18.446994],[77.262006,18.447019],[77.262034,18.447036],[77.262063,18.44705],[77.262093,18.447064],[77.262123,18.447077],[77.262154,18.447091],[77.262184,18.447104],[77.262214,18.447116],[77.262246,18.447126],[77.262279,18.447132],[77.262311,18.447138],[77.262344,18.447144],[77.262393,18.447153],[77.262425,18.447159],[77.262456,18.447165],[77.26249,18.447171],[77.262522,18.447176],[77.262554,18.447181],[77.262586,18.447186],[77.262617,18.447191],[77.262645,18.447195],[77.262674,18.4472],[77.262704,18.447205],[77.262734,18.447211],[77.262765,18.447217],[77.262795,18.447223],[77.262826,18.447228],[77.262855,18.447232],[77.262883,18.447235],[77.262913,18.447238],[77.262943,18.447241],[77.262989,18.447247],[77.263021,18.447252],[77.263052,18.447257],[77.263099,18.447264],[77.263129,18.447272],[77.263158,18.447284],[77.263187,18.447295],[77.263216,18.447307],[77.263246,18.447318],[77.263275,18.447329],[77.263305,18.447339],[77.263333,18.447349],[77.263362,18.447358],[77.263406,18.447375],[77.263451,18.447392],[77.263494,18.44741],[77.263523,18.447423],[77.263552,18.447436],[77.263581,18.447449],[77.26361,18.447461],[77.263639,18.447472],[77.263697,18.447497],[77.263727,18.447509],[77.263756,18.447522],[77.263799,18.447541],[77.263828,18.447555],[77.263857,18.44757],[77.263883,18.447589],[77.263883,18.447588]]}},{"type":"Feature","properties":{"sol":1606,"len_m":23.3,"date":"2025-08-26"},"geometry":{"type":"LineString","coordinates":[[77.263883,18.447588],[77.264004,18.447546],[77.264036,18.447537],[77.264118,18.447532],[77.264146,18.447534],[77.264176,18.447538],[77.264234,18.44755],[77.264264,18.447556],[77.264276,18.447558]]}},{"type":"Feature","properties":{"sol":1608,"len_m":6.6,"date":"2025-08-28"},"geometry":{"type":"LineString","coordinates":[[77.264276,18.447558],[77.264316,18.447603],[77.264334,18.44758]]}},{"type":"Feature","properties":{"sol":1615,"len_m":4.3,"date":"2025-09-04"},"geometry":{"type":"LineString","coordinates":[[77.264334,18.44758],[77.264343,18.447609],[77.264355,18.447633],[77.264358,18.447641]]}},{"type":"Feature","properties":{"sol":1622,"len_m":9.2,"date":"2025-09-11"},"geometry":{"type":"LineString","coordinates":[[77.264358,18.447641],[77.264283,18.447643],[77.264246,18.447658],[77.264226,18.447683],[77.26422,18.44769]]}},{"type":"Feature","properties":{"sol":1627,"len_m":23.4,"date":"2025-09-16"},"geometry":{"type":"LineString","coordinates":[[77.26422,18.44769],[77.264244,18.447574],[77.264278,18.447515],[77.264293,18.447489],[77.264329,18.447453],[77.26435,18.447432],[77.264427,18.447419],[77.264449,18.447418]]}},{"type":"Feature","properties":{"sol":1629,"len_m":7.2,"date":"2025-09-18"},"geometry":{"type":"LineString","coordinates":[[77.264449,18.447418],[77.264504,18.44745],[77.264524,18.447471],[77.264536,18.447486]]}},{"type":"Feature","properties":{"sol":1635,"len_m":22.4,"date":"2025-09-25"},"geometry":{"type":"LineString","coordinates":[[77.264536,18.447486],[77.264433,18.447522],[77.264309,18.447585],[77.264239,18.447659],[77.264225,18.447682],[77.264219,18.447688]]}},{"type":"Feature","properties":{"sol":1642,"len_m":32.9,"date":"2025-10-02"},"geometry":{"type":"LineString","coordinates":[[77.264219,18.447688],[77.264325,18.447639],[77.264451,18.447585],[77.264483,18.447575],[77.264603,18.447521],[77.264633,18.447517],[77.26459,18.447461],[77.264574,18.44744],[77.264558,18.44742]]}},{"type":"Feature","properties":{"sol":1646,"len_m":52.8,"date":"2025-10-06"},"geometry":{"type":"LineString","coordinates":[[77.264558,18.44742],[77.264531,18.447471],[77.264501,18.447566],[77.264564,18.447632],[77.264653,18.447699],[77.264657,18.447825],[77.264651,18.447855],[77.264618,18.448],[77.264617,18.448028],[77.26463,18.448063],[77.264674,18.448134],[77.264688,18.448151]]}},{"type":"Feature","properties":{"sol":1647,"len_m":17.1,"date":"2025-10-07"},"geometry":{"type":"LineString","coordinates":[[77.264688,18.448151],[77.264698,18.448178],[77.264727,18.44825],[77.264742,18.448274],[77.264772,18.448346],[77.264781,18.448315]]}},{"type":"Feature","properties":{"sol":1661,"len_m":43.9,"date":"2025-10-21"},"geometry":{"type":"LineString","coordinates":[[77.264781,18.448315],[77.26478,18.448442],[77.264804,18.448581],[77.264806,18.448625],[77.26479,18.44875],[77.264796,18.448794],[77.264818,18.4489],[77.264815,18.448926],[77.264846,18.448982],[77.264861,18.449003]]}},{"type":"Feature","properties":{"sol":1662,"len_m":5.5,"date":"2025-10-22"},"geometry":{"type":"LineString","coordinates":[[77.264861,18.449003],[77.264834,18.449024],[77.26484,18.449049],[77.264849,18.449065]]}},{"type":"Feature","properties":{"sol":1668,"len_m":41.9,"date":"2025-10-29"},"geometry":{"type":"LineString","coordinates":[[77.264849,18.449065],[77.26483,18.448928],[77.264819,18.448774],[77.264815,18.448624],[77.26479,18.448524],[77.264785,18.448495],[77.264784,18.448407],[77.264785,18.44839]]}},{"type":"Feature","properties":{"sol":1669,"len_m":6.1,"date":"2025-10-30"},"geometry":{"type":"LineString","coordinates":[[77.264785,18.44839],[77.264757,18.448367],[77.264748,18.448341],[77.264762,18.448312]]}},{"type":"Feature","properties":{"sol":1674,"len_m":252.2,"date":"2025-11-04"},"geometry":{"type":"LineString","coordinates":[[77.264762,18.448312],[77.264711,18.448201],[77.264696,18.448154],[77.264661,18.448076],[77.264647,18.448046],[77.264632,18.448014],[77.264617,18.447983],[77.264601,18.447951],[77.264586,18.447919],[77.26457,18.447888],[77.264554,18.447857],[77.264537,18.447824],[77.264495,18.447767],[77.264473,18.44774],[77.264451,18.447712],[77.26443,18.447685],[77.264399,18.447645],[77.264375,18.44762],[77.264347,18.447598],[77.264319,18.447578],[77.264291,18.447557],[77.264264,18.447536],[77.264236,18.447515],[77.264209,18.447494],[77.26418,18.447472],[77.264152,18.447451],[77.264124,18.447429],[77.264097,18.447408],[77.264069,18.447386],[77.264042,18.447365],[77.264016,18.447343],[77.26399,18.447321],[77.263963,18.447299],[77.263936,18.447277],[77.263909,18.447253],[77.263882,18.44723],[77.263854,18.447206],[77.263827,18.447182],[77.2638,18.447158],[77.263774,18.447133],[77.263747,18.447108],[77.263707,18.447072],[77.263682,18.447047],[77.263645,18.447006],[77.263621,18.446979],[77.263596,18.446952],[77.263573,18.446925],[77.263549,18.446898],[77.263525,18.446871],[77.263501,18.446844],[77.263478,18.446816],[77.263454,18.446789],[77.26343,18.446763],[77.263406,18.446736],[77.263382,18.446709],[77.263358,18.446682],[77.263334,18.446655],[77.26331,18.446628],[77.263286,18.446601],[77.263262,18.446574],[77.263238,18.446547],[77.263214,18.44652],[77.26319,18.446494],[77.263166,18.446467],[77.263142,18.44644],[77.263119,18.446414],[77.263094,18.446387],[77.26307,18.446361],[77.263026,18.446305],[77.263005,18.446276],[77.262974,18.446233],[77.262945,18.446188],[77.262928,18.446157],[77.262911,18.446126],[77.262895,18.446095],[77.262879,18.446063],[77.262862,18.446032],[77.262846,18.446001],[77.26283,18.44597],[77.262814,18.445938],[77.262798,18.445907],[77.262782,18.445875],[77.262758,18.445828],[77.262743,18.445797],[77.26272,18.44575],[77.262705,18.445718],[77.26269,18.445686],[77.262675,18.445655],[77.262659,18.445623],[77.262636,18.445576],[77.262621,18.445545],[77.262622,18.445511],[77.262618,18.44546],[77.262611,18.445426],[77.2626,18.445393],[77.262588,18.44536],[77.262576,18.445328],[77.262563,18.445295],[77.262541,18.445248],[77.262494,18.445193],[77.262482,18.44516],[77.262475,18.44511],[77.262471,18.445076],[77.262468,18.445043],[77.262464,18.44501],[77.262458,18.444976],[77.262448,18.444944],[77.262436,18.444911],[77.262423,18.44488],[77.262409,18.444849],[77.262398,18.444824],[77.262394,18.444824]]}},{"type":"Feature","properties":{"sol":1675,"len_m":222.2,"date":"2025-11-05"},"geometry":{"type":"LineString","coordinates":[[77.262394,18.444824],[77.26237,18.444798],[77.262346,18.444771],[77.262324,18.444744],[77.262294,18.444701],[77.262274,18.444672],[77.262254,18.444643],[77.262224,18.444601],[77.262204,18.444573],[77.262184,18.444544],[77.262167,18.444515],[77.262154,18.444484],[77.262144,18.444453],[77.262136,18.44442],[77.262125,18.444372],[77.262114,18.44434],[77.262091,18.444296],[77.262068,18.44425],[77.262051,18.44422],[77.262036,18.444189],[77.26202,18.444159],[77.262004,18.444129],[77.261988,18.444098],[77.261972,18.444068],[77.261957,18.444038],[77.261941,18.444008],[77.261924,18.443978],[77.261908,18.443948],[77.261891,18.443918],[77.261867,18.443874],[77.26185,18.443845],[77.261835,18.443815],[77.261819,18.443787],[77.261802,18.443757],[77.261785,18.443727],[77.261768,18.443698],[77.261752,18.443669],[77.261736,18.443639],[77.26172,18.44361],[77.261703,18.443581],[77.261687,18.443553],[77.261669,18.443523],[77.261652,18.443494],[77.261625,18.443452],[77.261607,18.443424],[77.261588,18.443395],[77.261568,18.443367],[77.261549,18.44334],[77.26153,18.443312],[77.261511,18.443284],[77.261491,18.443256],[77.261472,18.443229],[77.261452,18.443202],[77.261433,18.443174],[77.261413,18.443147],[77.261392,18.443121],[77.261371,18.443094],[77.261351,18.443068],[77.261331,18.443042],[77.261312,18.443015],[77.261293,18.442988],[77.261275,18.44296],[77.261257,18.442932],[77.261238,18.442904],[77.26122,18.442876],[77.261201,18.44285],[77.261181,18.442823],[77.261163,18.442797],[77.261145,18.442771],[77.261126,18.442743],[77.261108,18.442715],[77.261091,18.442688],[77.261073,18.442661],[77.261055,18.442633],[77.261036,18.442606],[77.261018,18.442578],[77.260999,18.442551],[77.260981,18.442523],[77.260963,18.442496],[77.260944,18.442469],[77.260925,18.442441],[77.260907,18.442414],[77.260888,18.442386],[77.260868,18.442359],[77.260849,18.442332],[77.26083,18.442305],[77.260789,18.442252],[77.260765,18.442227],[77.260723,18.442197],[77.260692,18.442182],[77.260659,18.442169],[77.260609,18.442152],[77.260576,18.442141],[77.260542,18.442131],[77.260509,18.44212],[77.260476,18.442109],[77.260443,18.442098],[77.26041,18.442086],[77.260377,18.442077],[77.260343,18.442069],[77.260308,18.442061],[77.260275,18.442053],[77.26024,18.442045],[77.260206,18.44204],[77.260153,18.442042],[77.260119,18.442045],[77.260053,18.442043],[77.260054,18.442043]]}},{"type":"Feature","properties":{"sol":1676,"len_m":24.9,"date":"2025-11-06"},"geometry":{"type":"LineString","coordinates":[[77.260054,18.442043],[77.260019,18.442046],[77.259984,18.442048],[77.259948,18.44205],[77.259879,18.442037],[77.259847,18.442023],[77.259816,18.442008],[77.259785,18.441993],[77.259754,18.441977],[77.259726,18.441957],[77.2597,18.441936],[77.25966,18.441905],[77.259659,18.441905]]}},{"type":"Feature","properties":{"sol":1686,"len_m":285.3,"date":"2025-11-16"},"geometry":{"type":"LineString","coordinates":[[77.259659,18.441905],[77.259548,18.441855],[77.259521,18.44184],[77.259492,18.441821],[77.259465,18.441799],[77.259441,18.441775],[77.25942,18.441749],[77.259398,18.441723],[77.259377,18.441696],[77.259355,18.441669],[77.259334,18.441642],[77.259313,18.441615],[77.259292,18.441588],[77.259272,18.441562],[77.25925,18.441536],[77.259228,18.441511],[77.259206,18.441486],[77.259184,18.44146],[77.259163,18.441435],[77.259142,18.441409],[77.25912,18.441383],[77.259099,18.441357],[77.259078,18.44133],[77.259056,18.441304],[77.259035,18.441278],[77.259013,18.441252],[77.258991,18.441226],[77.258969,18.441201],[77.258947,18.441175],[77.258925,18.441149],[77.258902,18.441123],[77.25888,18.441098],[77.258858,18.441072],[77.258835,18.441047],[77.258813,18.441021],[77.258789,18.440996],[77.258766,18.440971],[77.258742,18.440947],[77.258719,18.440922],[77.258695,18.440898],[77.258663,18.440859],[77.258632,18.440801],[77.258621,18.440769],[77.258606,18.440723],[77.258597,18.440692],[77.258586,18.44066],[77.258574,18.440614],[77.258569,18.440582],[77.258568,18.44055],[77.258568,18.440501],[77.258567,18.440469],[77.258566,18.440438],[77.258565,18.440406],[77.258565,18.440373],[77.258564,18.440341],[77.258564,18.440308],[77.258563,18.440275],[77.258563,18.44021],[77.258563,18.440161],[77.258559,18.440097],[77.258553,18.440049],[77.258545,18.440017],[77.258532,18.439988],[77.258516,18.439958],[77.258498,18.43993],[77.25848,18.439902],[77.258461,18.439874],[77.258443,18.439846],[77.258425,18.439817],[77.258407,18.439789],[77.258389,18.439761],[77.258371,18.439733],[77.258353,18.439704],[77.258334,18.439677],[77.258316,18.439648],[77.258297,18.43962],[77.258278,18.439593],[77.258259,18.439565],[77.258241,18.439537],[77.258222,18.439509],[77.258203,18.439481],[77.258183,18.439453],[77.258164,18.439425],[77.258145,18.439398],[77.258125,18.439371],[77.258106,18.439343],[77.258087,18.439316],[77.258068,18.439288],[77.25804,18.439247],[77.25802,18.439219],[77.258001,18.439191],[77.257981,18.439163],[77.257962,18.439137],[77.257943,18.439109],[77.257924,18.439081],[77.257904,18.439054],[77.257885,18.439026],[77.257865,18.438998],[77.257846,18.438971],[77.257827,18.438944],[77.257807,18.438916],[77.257788,18.438888],[77.257768,18.438861],[77.257749,18.438833],[77.257729,18.438806],[77.257709,18.438778],[77.25769,18.438751],[77.25767,18.438724],[77.25765,18.438697],[77.25763,18.43867],[77.257611,18.438642],[77.257593,18.438614],[77.257575,18.438586],[77.257557,18.438559],[77.257538,18.438531],[77.25752,18.438503],[77.257502,18.438475],[77.257484,18.438447],[77.257465,18.438419],[77.257447,18.438391],[77.257429,18.438363],[77.257413,18.438335],[77.257401,18.438304],[77.25739,18.438272],[77.257381,18.438242],[77.257371,18.43821],[77.257361,18.438179],[77.257351,18.438148],[77.257341,18.438118],[77.257326,18.438072],[77.257317,18.438041],[77.257308,18.43801],[77.257298,18.437979],[77.25729,18.437949],[77.25728,18.437918],[77.257271,18.437887],[77.257254,18.437826],[77.257254,18.437827]]}},{"type":"Feature","properties":{"sol":1687,"len_m":254.8,"date":"2025-11-17"},"geometry":{"type":"LineString","coordinates":[[77.257254,18.437827],[77.257271,18.4377],[77.257323,18.437564],[77.257328,18.437518],[77.257334,18.437391],[77.257348,18.437346],[77.257395,18.43723],[77.257401,18.437185],[77.257401,18.437036],[77.257437,18.436912],[77.257445,18.436882],[77.257473,18.436792],[77.257476,18.436699],[77.257471,18.436668],[77.257455,18.436558],[77.257446,18.43648],[77.257444,18.436449],[77.257444,18.436418],[77.257444,18.436339],[77.257444,18.436291],[77.257443,18.436264],[77.257415,18.436137],[77.257389,18.436059],[77.257373,18.436012],[77.257355,18.435949],[77.257351,18.435917],[77.257349,18.435885],[77.257345,18.435821],[77.257351,18.435774],[77.257349,18.435695],[77.257346,18.435647],[77.257338,18.435587],[77.257324,18.435526],[77.257305,18.435434],[77.257298,18.435405],[77.25727,18.435296],[77.257235,18.435239],[77.257214,18.435215],[77.257183,18.435175],[77.257132,18.435112],[77.2571,18.435074],[77.257066,18.435036],[77.257043,18.435011],[77.257009,18.434973],[77.256958,18.43491],[77.256932,18.43487],[77.256895,18.434815],[77.256866,18.434775],[77.256825,18.434722],[77.256761,18.434624],[77.256742,18.434598],[77.256723,18.434574],[77.256703,18.434547],[77.256674,18.434509],[77.256654,18.434483],[77.256591,18.434407],[77.256544,18.43436],[77.256521,18.434335],[77.256498,18.43431],[77.256399,18.434224],[77.256319,18.434169],[77.256201,18.4341],[77.256135,18.434026],[77.256117,18.434001],[77.256117,18.434002]]}},{"type":"Feature","properties":{"sol":1688,"len_m":304.2,"date":"2025-11-18"},"geometry":{"type":"LineString","coordinates":[[77.256117,18.434002],[77.25606,18.433888],[77.256053,18.433861],[77.256082,18.433795],[77.256091,18.43377],[77.25608,18.433651],[77.256084,18.433625],[77.256058,18.433606],[77.256031,18.433583],[77.256005,18.433562],[77.255978,18.433542],[77.255951,18.433521],[77.255925,18.433504],[77.255898,18.433485],[77.255872,18.433464],[77.255845,18.433443],[77.255819,18.433422],[77.255792,18.433401],[77.255765,18.43338],[77.255739,18.433359],[77.255698,18.433328],[77.255673,18.433307],[77.255647,18.433286],[77.255621,18.433264],[77.255595,18.433242],[77.255569,18.433221],[77.255543,18.4332],[77.255516,18.433178],[77.25549,18.433156],[77.255463,18.433134],[77.255437,18.433113],[77.25541,18.43309],[77.255382,18.43307],[77.255355,18.43305],[77.255327,18.433029],[77.255299,18.433009],[77.255271,18.43299],[77.255227,18.432961],[77.255196,18.432944],[77.255165,18.432928],[77.255135,18.432911],[77.255104,18.432894],[77.255073,18.432878],[77.255041,18.432863],[77.255009,18.432847],[77.254978,18.432832],[77.254946,18.432817],[77.254915,18.4328],[77.254871,18.432772],[77.254845,18.43275],[77.254811,18.432715],[77.254793,18.432689],[77.254775,18.432663],[77.254756,18.432637],[77.254737,18.432611],[77.254716,18.432585],[77.254696,18.43256],[77.254675,18.432533],[77.254655,18.432507],[77.254633,18.432482],[77.254612,18.432455],[77.254591,18.43243],[77.25457,18.432403],[77.254551,18.432378],[77.254532,18.432356],[77.254511,18.432335],[77.254493,18.432307],[77.254477,18.432278],[77.254462,18.432248],[77.254447,18.432218],[77.254432,18.43219],[77.254416,18.432162],[77.254401,18.432135],[77.254386,18.432106],[77.254371,18.432078],[77.254356,18.432051],[77.254344,18.432023],[77.254335,18.431992],[77.254326,18.431963],[77.254314,18.431937],[77.254302,18.431911],[77.254289,18.431881],[77.254275,18.431853],[77.254262,18.431824],[77.254243,18.431781],[77.254225,18.431739],[77.254212,18.431709],[77.254201,18.431681],[77.254189,18.431653],[77.254176,18.431624],[77.254147,18.431569],[77.254127,18.431544],[77.254104,18.431519],[77.254081,18.431494],[77.254059,18.431469],[77.254037,18.431446],[77.254013,18.431421],[77.25399,18.431396],[77.253968,18.431371],[77.253945,18.431346],[77.253919,18.431323],[77.253877,18.431294],[77.253849,18.431273],[77.25382,18.431253],[77.253792,18.431233],[77.253765,18.431215],[77.253737,18.431195],[77.253709,18.431176],[77.253681,18.431156],[77.253651,18.431138],[77.253622,18.43112],[77.253591,18.431103],[77.253565,18.431087],[77.253535,18.43107],[77.253505,18.431052],[77.253476,18.431034],[77.253416,18.430995],[77.25339,18.430973],[77.253364,18.430951],[77.253323,18.430919],[77.253296,18.430898],[77.253269,18.430877],[77.253242,18.430856],[77.253218,18.430834],[77.253194,18.430744],[77.253194,18.430713],[77.253193,18.430683],[77.253193,18.430652],[77.253192,18.430621],[77.253191,18.43059],[77.253189,18.43056],[77.253186,18.430532],[77.253182,18.430502],[77.253179,18.430473],[77.25318,18.430444],[77.253181,18.430417],[77.25318,18.43038],[77.253177,18.430353],[77.253174,18.430324],[77.25317,18.430295],[77.253167,18.430265],[77.253164,18.430223],[77.253165,18.430194],[77.253169,18.430157],[77.253175,18.430115],[77.253172,18.430119]]}},{"type":"Feature","properties":{"sol":1690,"len_m":60.7,"date":"2025-11-20"},"geometry":{"type":"LineString","coordinates":[[77.253172,18.430119],[77.253126,18.430044],[77.253114,18.430006],[77.253101,18.429907],[77.253103,18.429874],[77.253079,18.429828],[77.253057,18.429792],[77.253039,18.429766],[77.253021,18.42974],[77.253002,18.429711],[77.252984,18.429683],[77.252965,18.429655],[77.252946,18.429627],[77.252928,18.429599],[77.252909,18.429571],[77.25289,18.429543],[77.252818,18.429498],[77.252746,18.429494],[77.252694,18.429498],[77.252642,18.429502],[77.252606,18.429505],[77.252571,18.429508],[77.252535,18.42951]]}},{"type":"Feature","properties":{"sol":1698,"len_m":155.1,"date":"2025-11-28"},"geometry":{"type":"LineString","coordinates":[[77.252535,18.42951],[77.252406,18.429429],[77.252377,18.429409],[77.252345,18.429393],[77.252296,18.429374],[77.252263,18.429362],[77.252229,18.42935],[77.252195,18.429337],[77.252161,18.429325],[77.252127,18.429312],[77.252094,18.429299],[77.25206,18.429286],[77.252027,18.429274],[77.251993,18.42926],[77.25196,18.429247],[77.251926,18.429233],[77.251893,18.42922],[77.25186,18.429206],[77.251827,18.429192],[77.251795,18.429177],[77.251763,18.429161],[77.251731,18.429146],[77.251699,18.429131],[77.251666,18.429117],[77.251634,18.429102],[77.251566,18.429079],[77.251531,18.429071],[77.251477,18.429059],[77.251442,18.42905],[77.251407,18.429042],[77.251372,18.429032],[77.251338,18.429022],[77.251303,18.429013],[77.251268,18.429004],[77.251234,18.428995],[77.251198,18.428987],[77.251163,18.428979],[77.251127,18.42897],[77.251091,18.428962],[77.251036,18.42895],[77.251,18.42894],[77.250965,18.428931],[77.250931,18.428921],[77.250897,18.42891],[77.250862,18.4289],[77.250828,18.42889],[77.250793,18.428879],[77.250759,18.428869],[77.250723,18.428859],[77.250688,18.428848],[77.250653,18.428838],[77.250618,18.428827],[77.250583,18.428817],[77.250547,18.428806],[77.250512,18.428795],[77.250478,18.428783],[77.250443,18.428771],[77.250409,18.428759],[77.250375,18.428746],[77.250341,18.428734],[77.250307,18.428721],[77.250274,18.428708],[77.25024,18.428697],[77.250205,18.428687],[77.25017,18.428678],[77.250135,18.428669],[77.2501,18.42866],[77.250064,18.428652],[77.250029,18.428643],[77.249993,18.428634],[77.249957,18.428625]]}},{"type":"Feature","properties":{"sol":1699,"len_m":0.0,"date":"2025-11-29"},"geometry":{"type":"LineString","coordinates":[[77.249957,18.428625],[77.249957,18.428625]]}},{"type":"Feature","properties":{"sol":1700,"len_m":0.0,"date":"2025-11-30"},"geometry":{"type":"LineString","coordinates":[[77.249957,18.428625],[77.249957,18.428625]]}},{"type":"Feature","properties":{"sol":1701,"len_m":259.6,"date":"2025-12-01"},"geometry":{"type":"LineString","coordinates":[[77.249957,18.428625],[77.249921,18.428619],[77.249884,18.428618],[77.249794,18.428627],[77.249634,18.42861],[77.249541,18.428599],[77.249505,18.428595],[77.249432,18.428585],[77.249395,18.428581],[77.249358,18.428577],[77.249304,18.428572],[77.249211,18.428564],[77.249088,18.428551],[77.249051,18.428549],[77.248923,18.428546],[77.248782,18.428529],[77.248745,18.428524],[77.248674,18.428513],[77.248637,18.428508],[77.248584,18.4285],[77.248532,18.42849],[77.248425,18.428476],[77.248353,18.428476],[77.24828,18.428479],[77.248118,18.428487],[77.24801,18.428494],[77.247974,18.428497],[77.247919,18.428501],[77.247828,18.428507],[77.247755,18.428509],[77.24772,18.428511],[77.247683,18.42851],[77.247628,18.428503],[77.247539,18.428491],[77.247485,18.428484],[77.247448,18.428479],[77.247393,18.428472],[77.247339,18.428465],[77.247284,18.428459],[77.247248,18.428454],[77.247158,18.428442],[77.247122,18.428437],[77.247068,18.42843],[77.246997,18.428419],[77.246961,18.428414],[77.246871,18.428402],[77.246723,18.428386],[77.246666,18.42838],[77.246629,18.428376],[77.246519,18.428372],[77.246479,18.428372],[77.246406,18.42837],[77.246369,18.428369],[77.246331,18.428368],[77.246237,18.428365],[77.246199,18.428364],[77.246106,18.428361],[77.246068,18.42836],[77.24603,18.428359],[77.245937,18.428356],[77.245824,18.428354],[77.245729,18.42835],[77.245617,18.428344],[77.24558,18.428342],[77.245543,18.42834],[77.245469,18.428335],[77.245377,18.428329],[77.245364,18.428328]]}},{"type":"Feature","properties":{"sol":1703,"len_m":216.6,"date":"2025-12-03"},"geometry":{"type":"LineString","coordinates":[[77.245364,18.428328],[77.245237,18.428319],[77.245201,18.428316],[77.245165,18.428313],[77.24513,18.42831],[77.245093,18.428307],[77.245057,18.428304],[77.245021,18.428301],[77.244985,18.428297],[77.244949,18.428294],[77.244913,18.42829],[77.244876,18.428286],[77.24484,18.428281],[77.244802,18.428277],[77.244765,18.428274],[77.24473,18.42827],[77.244694,18.428266],[77.244659,18.428261],[77.244622,18.428256],[77.244586,18.428252],[77.244549,18.428247],[77.244511,18.428242],[77.244474,18.428237],[77.244437,18.428231],[77.2444,18.428226],[77.244363,18.428219],[77.244308,18.42821],[77.244272,18.428204],[77.244235,18.428197],[77.244162,18.428183],[77.244125,18.428177],[77.244088,18.42817],[77.244016,18.428155],[77.243979,18.428148],[77.243943,18.428141],[77.24387,18.428125],[77.243815,18.428113],[77.243779,18.428105],[77.243742,18.428097],[77.243707,18.428088],[77.24367,18.428079],[77.243616,18.428064],[77.243581,18.428053],[77.243529,18.428036],[77.243494,18.428025],[77.243459,18.428013],[77.243425,18.428001],[77.24339,18.42799],[77.243357,18.427977],[77.243324,18.427965],[77.24329,18.427953],[77.243256,18.427941],[77.243222,18.427929],[77.243188,18.427915],[77.243155,18.427902],[77.243106,18.42788],[77.243073,18.427866],[77.24304,18.427851],[77.243007,18.427836],[77.242974,18.427821],[77.242941,18.427806],[77.242908,18.427791],[77.242858,18.427767],[77.242826,18.427752],[77.242793,18.427737],[77.24276,18.42772],[77.242693,18.427696],[77.242659,18.427684],[77.242627,18.427667],[77.242585,18.427635],[77.24256,18.427611],[77.242534,18.427586],[77.242496,18.42755],[77.242471,18.427525],[77.242449,18.427498],[77.242411,18.4275],[77.242374,18.427505],[77.24234,18.427518],[77.242306,18.427531],[77.242272,18.427542],[77.242236,18.42755],[77.2422,18.427556],[77.242146,18.427563],[77.24211,18.427565],[77.242074,18.427565],[77.242019,18.427562],[77.241983,18.427559],[77.24193,18.427548],[77.241859,18.42756],[77.241825,18.427572],[77.241791,18.427584],[77.241725,18.427609],[77.241724,18.427609]]}},{"type":"Feature","properties":{"sol":1704,"len_m":30.3,"date":"2025-12-05"},"geometry":{"type":"LineString","coordinates":[[77.241724,18.427609],[77.241699,18.427737],[77.241681,18.427876],[77.241662,18.428007],[77.24164,18.428084],[77.241632,18.428103]]}},{"type":"Feature","properties":{"sol":1707,"len_m":205.1,"date":"2025-12-08"},"geometry":{"type":"LineString","coordinates":[[77.241632,18.428103],[77.241717,18.427997],[77.241735,18.427975],[77.241637,18.427877],[77.241613,18.427853],[77.241516,18.427755],[77.24148,18.427718],[77.241362,18.427789],[77.241278,18.427847],[77.241226,18.427894],[77.241177,18.427912],[77.241108,18.427929],[77.241078,18.427946],[77.241048,18.427963],[77.241017,18.427981],[77.240941,18.428024],[77.240901,18.428055],[77.240874,18.428078],[77.240851,18.428103],[77.24083,18.42813],[77.240809,18.428157],[77.240786,18.428183],[77.240763,18.428208],[77.24074,18.428233],[77.240705,18.42827],[77.240677,18.428291],[77.24065,18.428312],[77.240609,18.428344],[77.240582,18.428364],[77.240553,18.428385],[77.240527,18.428407],[77.240491,18.428444],[77.240467,18.428468],[77.240443,18.428493],[77.240408,18.428529],[77.240384,18.428554],[77.240357,18.428575],[77.240329,18.428595],[77.240286,18.428623],[77.240289,18.428686],[77.240276,18.428717],[77.240259,18.428746],[77.240219,18.4288],[77.240197,18.428826],[77.240176,18.428852],[77.240153,18.428877],[77.24013,18.428902],[77.240107,18.428927],[77.240083,18.428952],[77.24006,18.428977],[77.240036,18.429001],[77.240012,18.429026],[77.239988,18.42905],[77.239961,18.429072],[77.239935,18.429094],[77.239907,18.429114],[77.23988,18.429135],[77.239854,18.429156],[77.239827,18.429176],[77.239798,18.429197],[77.239773,18.42922],[77.239736,18.429256],[77.239712,18.42928],[77.239687,18.429303],[77.239638,18.42935],[77.239588,18.429395],[77.239548,18.42943],[77.239522,18.429452],[77.239483,18.429484],[77.239456,18.429507],[77.239413,18.429535],[77.239366,18.42956],[77.239334,18.429575],[77.239303,18.429591],[77.239256,18.429615],[77.239225,18.429631],[77.239215,18.429633]]}},{"type":"Feature","properties":{"sol":1709,"len_m":238.8,"date":"2025-12-10"},"geometry":{"type":"LineString","coordinates":[[77.239215,18.429633],[77.239099,18.429706],[77.239026,18.429759],[77.2388,18.429915],[77.238619,18.430044],[77.238492,18.430094],[77.238392,18.430115],[77.238358,18.43012],[77.238289,18.430128],[77.238004,18.429988],[77.23796,18.429936],[77.23793,18.429876],[77.237917,18.429827],[77.2379,18.42978],[77.237887,18.42975],[77.237874,18.429719],[77.237823,18.429496],[77.23779,18.429384],[77.237771,18.429338],[77.237752,18.429291],[77.237721,18.429214],[77.237709,18.429183],[77.237667,18.429075],[77.23765,18.429028],[77.237639,18.428996],[77.237608,18.428919],[77.237588,18.428873],[77.237555,18.428815],[77.237537,18.428786],[77.237445,18.428646],[77.237409,18.428613],[77.237369,18.428581],[77.237319,18.428537],[77.237285,18.428499],[77.237253,18.42846],[77.237227,18.428417],[77.237186,18.428345],[77.237169,18.428316],[77.237124,18.42823],[77.237098,18.42819],[77.237011,18.428087],[77.236974,18.428053],[77.23691,18.427996],[77.236874,18.427962],[77.236836,18.427928],[77.236811,18.427905],[77.236759,18.42786],[77.236734,18.427838],[77.236708,18.427817],[77.236656,18.427774],[77.236616,18.427741],[77.236591,18.427719]]}},{"type":"Feature","properties":{"sol":1710,"len_m":85.9,"date":"2025-12-11"},"geometry":{"type":"LineString","coordinates":[[77.236591,18.427719],[77.236564,18.427697],[77.236434,18.427619],[77.236401,18.427607],[77.236369,18.427594],[77.236337,18.427581],[77.236305,18.427568],[77.236273,18.427555],[77.236241,18.427542],[77.236208,18.427529],[77.236177,18.427516],[77.236129,18.427496],[77.236097,18.427484],[77.236064,18.427473],[77.235978,18.427468],[77.235909,18.42747],[77.235874,18.427471],[77.235839,18.427472],[77.235787,18.427473],[77.235753,18.427474],[77.23572,18.427475],[77.235686,18.427476],[77.235654,18.427476],[77.235624,18.427476],[77.23559,18.427476],[77.235545,18.427475],[77.235502,18.427481],[77.235461,18.427498],[77.235433,18.427509],[77.2354,18.427519],[77.235351,18.427533],[77.235317,18.427542],[77.235284,18.427552],[77.235252,18.427562],[77.235186,18.427585],[77.235154,18.427599],[77.235154,18.427599]]}},{"type":"Feature","properties":{"sol":1756,"len_m":200.2,"date":"2026-01-27"},"geometry":{"type":"LineString","coordinates":[[77.235154,18.427599],[77.235039,18.427676],[77.23501,18.427695],[77.234965,18.427721],[77.234935,18.427738],[77.23489,18.427763],[77.23486,18.42778],[77.234831,18.427797],[77.234801,18.427814],[77.234771,18.427831],[77.234741,18.427848],[77.234711,18.427865],[77.234681,18.427882],[77.234651,18.427899],[77.234622,18.427916],[77.234592,18.427934],[77.234562,18.427951],[77.234533,18.427968],[77.234504,18.427985],[77.234474,18.428002],[77.234444,18.42802],[77.234415,18.428037],[77.234385,18.428054],[77.234356,18.428071],[77.234326,18.428089],[77.234297,18.428106],[77.234267,18.428124],[77.234238,18.428141],[77.234209,18.428158],[77.234179,18.428176],[77.23415,18.428193],[77.234121,18.42821],[77.234092,18.428227],[77.234062,18.428244],[77.234033,18.428261],[77.234004,18.428279],[77.233975,18.428296],[77.233946,18.428313],[77.233917,18.428331],[77.233888,18.428349],[77.233859,18.428367],[77.233831,18.428385],[77.233802,18.428403],[77.233759,18.42843],[77.233703,18.428464],[77.233677,18.428485],[77.233651,18.428505],[77.233612,18.428536],[77.233586,18.428558],[77.23356,18.428579],[77.233534,18.428601],[77.233501,18.428637],[77.233479,18.428661],[77.233458,18.428685],[77.233426,18.428722],[77.233403,18.428747],[77.233371,18.428784],[77.233349,18.428808],[77.233314,18.428844],[77.233292,18.428868],[77.23327,18.42889],[77.233247,18.428913],[77.233224,18.428935],[77.233201,18.428958],[77.233177,18.428979],[77.233153,18.428999],[77.233131,18.429022],[77.233111,18.429046],[77.233091,18.429071],[77.233072,18.429096],[77.233043,18.429132],[77.233022,18.429157],[77.233002,18.429183],[77.23297,18.429221],[77.23295,18.429246],[77.232929,18.42927],[77.232907,18.429293],[77.232885,18.429316],[77.232861,18.429339],[77.232837,18.42936],[77.232812,18.42938],[77.232787,18.4294],[77.23276,18.42942],[77.232732,18.42944],[77.232706,18.429458],[77.232679,18.429476],[77.232652,18.429496],[77.232624,18.429516],[77.232597,18.429537],[77.232574,18.429561],[77.232552,18.429586],[77.232531,18.429611],[77.23251,18.429634],[77.232492,18.429661],[77.23249,18.429691],[77.232478,18.429721],[77.232471,18.429735]]}},{"type":"Feature","properties":{"sol":1758,"len_m":2.7,"date":"2026-01-29"},"geometry":{"type":"LineString","coordinates":[[77.232471,18.429735],[77.232439,18.42973],[77.232428,18.429729]]}},{"type":"Feature","properties":{"sol":1760,"len_m":1.1,"date":"2026-01-31"},"geometry":{"type":"LineString","coordinates":[[77.232428,18.429729],[77.23241,18.429732]]}},{"type":"Feature","properties":{"sol":1761,"len_m":0.1,"date":"2026-02-01"},"geometry":{"type":"LineString","coordinates":[[77.23241,18.429732],[77.23241,18.429732]]}},{"type":"Feature","properties":{"sol":1762,"len_m":155.6,"date":"2026-02-02"},"geometry":{"type":"LineString","coordinates":[[77.23241,18.429732],[77.232276,18.429767],[77.232243,18.429778],[77.23216,18.429804],[77.232126,18.429812],[77.232076,18.429824],[77.232041,18.429832],[77.232008,18.42984],[77.231974,18.429848],[77.231922,18.429858],[77.231887,18.429864],[77.231836,18.429869],[77.231801,18.429866],[77.231766,18.429862],[77.231734,18.429857],[77.231699,18.429852],[77.231646,18.429845],[77.231612,18.429841],[77.231577,18.429836],[77.231508,18.429826],[77.231473,18.42982],[77.231438,18.429815],[77.231369,18.429808],[77.231316,18.429803],[77.231281,18.4298],[77.231228,18.429795],[77.231193,18.429792],[77.231158,18.429789],[77.231088,18.429783],[77.231035,18.42978],[77.231,18.429779],[77.230965,18.42978],[77.230931,18.429785],[77.230897,18.429794],[77.230864,18.429806],[77.230815,18.429819],[77.230781,18.429827],[77.230747,18.429835],[77.23068,18.42985],[77.230645,18.429859],[77.230612,18.429867],[77.23056,18.429875],[77.23053,18.429863],[77.230497,18.429858],[77.230462,18.429857],[77.230427,18.429857],[77.230392,18.429858],[77.230358,18.429861],[77.230307,18.429866],[77.230254,18.429871],[77.230221,18.429874],[77.230152,18.429881],[77.230118,18.429884],[77.230085,18.429888],[77.230016,18.429891],[77.229982,18.429894],[77.229947,18.429896],[77.229914,18.429898],[77.229879,18.4299],[77.229845,18.429901],[77.229811,18.429904],[77.22976,18.429907],[77.229725,18.42991],[77.229692,18.429912],[77.229692,18.429911]]}},{"type":"Feature","properties":{"sol":1765,"len_m":206.1,"date":"2026-02-05"},"geometry":{"type":"LineString","coordinates":[[77.229692,18.429911],[77.229636,18.429847],[77.229612,18.429821],[77.22959,18.429796],[77.229567,18.42977],[77.229544,18.429744],[77.229521,18.429719],[77.229498,18.429693],[77.229475,18.429668],[77.229453,18.429643],[77.229429,18.429618],[77.229406,18.429592],[77.229383,18.429566],[77.22936,18.429541],[77.229337,18.429515],[77.229314,18.42949],[77.229291,18.429464],[77.229267,18.429439],[77.229244,18.429413],[77.229221,18.429387],[77.229198,18.429361],[77.229174,18.429336],[77.229151,18.429311],[77.229129,18.429286],[77.229106,18.42926],[77.229082,18.429235],[77.229059,18.42921],[77.229035,18.429185],[77.229011,18.42916],[77.228987,18.429135],[77.228939,18.429085],[77.228917,18.42906],[77.228897,18.429032],[77.228879,18.429003],[77.228861,18.428974],[77.228843,18.428945],[77.228825,18.428917],[77.228798,18.428874],[77.22878,18.428845],[77.228762,18.428816],[77.228736,18.428772],[77.228718,18.428743],[77.228701,18.428714],[77.228683,18.428685],[77.228665,18.428656],[77.228647,18.428627],[77.228629,18.428598],[77.228611,18.428569],[77.228588,18.428524],[77.228575,18.428493],[77.228562,18.428461],[77.228548,18.42843],[77.228535,18.4284],[77.228521,18.428369],[77.228508,18.428338],[77.228494,18.428307],[77.22848,18.428276],[77.228466,18.428245],[77.228452,18.428214],[77.228438,18.428183],[77.228424,18.428152],[77.228409,18.42812],[77.228395,18.428089],[77.22838,18.428058],[77.228364,18.428028],[77.228349,18.427998],[77.228333,18.427968],[77.228317,18.427938],[77.228302,18.427908],[77.22828,18.427862],[77.228265,18.427832],[77.228249,18.427801],[77.228227,18.427755],[77.228205,18.427709],[77.22819,18.427679],[77.228168,18.427633],[77.228153,18.427602],[77.228138,18.427571],[77.228123,18.42754],[77.228108,18.42751],[77.228094,18.427479],[77.228079,18.427449],[77.228064,18.427418],[77.22804,18.427373],[77.22802,18.427346],[77.227997,18.427321],[77.22796,18.427285],[77.227935,18.427261],[77.227911,18.427237],[77.227886,18.427213],[77.227862,18.427189],[77.227837,18.427165],[77.227812,18.427141],[77.227788,18.427117],[77.227763,18.427093],[77.227739,18.42707],[77.227714,18.427046],[77.227702,18.427034]]}},{"type":"Feature","properties":{"sol":1767,"len_m":13.7,"date":"2026-02-07"},"geometry":{"type":"LineString","coordinates":[[77.227702,18.427034],[77.227579,18.427043],[77.227549,18.427046],[77.227597,18.427066],[77.227629,18.427081]]}},{"type":"Feature","properties":{"sol":1775,"len_m":34.7,"date":"2026-02-15"},"geometry":{"type":"LineString","coordinates":[[77.227629,18.427081],[77.227561,18.427176],[77.227478,18.427291],[77.227461,18.427311],[77.22739,18.427401],[77.227314,18.427415],[77.227275,18.427419],[77.227243,18.427416],[77.227213,18.427419],[77.227204,18.427419]]}},{"type":"Feature","properties":{"sol":1779,"len_m":18.8,"date":"2026-02-20"},"geometry":{"type":"LineString","coordinates":[[77.227204,18.427419],[77.227173,18.427427],[77.22702,18.427413],[77.226999,18.427434],[77.227012,18.427482],[77.227021,18.42751],[77.227024,18.427519]]}},{"type":"Feature","properties":{"sol":1781,"len_m":17.7,"date":"2026-02-22"},"geometry":{"type":"LineString","coordinates":[[77.227024,18.427519],[77.226994,18.427526],[77.226946,18.427551],[77.226915,18.427607],[77.226905,18.427633],[77.226904,18.427679],[77.226887,18.427703],[77.22686,18.427709]]}},{"type":"Feature","properties":{"sol":1783,"len_m":11.4,"date":"2026-02-24"},"geometry":{"type":"LineString","coordinates":[[77.22686,18.427709],[77.226889,18.427701],[77.226921,18.427751],[77.226889,18.427757],[77.226856,18.427754],[77.226855,18.427754]]}},{"type":"Feature","properties":{"sol":1790,"len_m":26.1,"date":"2026-03-03"},"geometry":{"type":"LineString","coordinates":[[77.226855,18.427754],[77.226886,18.427758],[77.226881,18.427643],[77.226802,18.427646],[77.226731,18.427663],[77.226653,18.427681],[77.226629,18.427682]]}},{"type":"Feature","properties":{"sol":1792,"len_m":3.3,"date":"2026-03-05"},"geometry":{"type":"LineString","coordinates":[[77.226629,18.427682],[77.226652,18.427708],[77.22666,18.427725]]}},{"type":"Feature","properties":{"sol":1805,"len_m":10.4,"date":"2026-03-18"},"geometry":{"type":"LineString","coordinates":[[77.22666,18.427725],[77.226651,18.427697],[77.226718,18.427663],[77.226748,18.427663],[77.226775,18.427682]]}},{"type":"Feature","properties":{"sol":1812,"len_m":11.6,"date":"2026-03-26"},"geometry":{"type":"LineString","coordinates":[[77.226775,18.427682],[77.226751,18.427666],[77.226814,18.427611],[77.226833,18.427594],[77.22685,18.427616],[77.226855,18.427622]]}},{"type":"Feature","properties":{"sol":1814,"len_m":225.3,"date":"2026-03-28"},"geometry":{"type":"LineString","coordinates":[[77.226855,18.427622],[77.22681,18.427529],[77.226797,18.427498],[77.226754,18.427445],[77.226727,18.427424],[77.226698,18.427405],[77.226669,18.427387],[77.226624,18.427362],[77.226593,18.427345],[77.226549,18.427321],[77.226519,18.427303],[77.22649,18.427286],[77.22646,18.427268],[77.22643,18.42725],[77.226401,18.427232],[77.226372,18.427214],[77.226342,18.427196],[77.226313,18.427178],[77.226283,18.42716],[77.226253,18.427142],[77.226223,18.427125],[77.226193,18.427107],[77.226164,18.427088],[77.226134,18.427069],[77.226104,18.427051],[77.226056,18.427032],[77.226023,18.42702],[77.225973,18.427007],[77.225906,18.426994],[77.225873,18.426988],[77.225839,18.426983],[77.225805,18.426978],[77.225772,18.426973],[77.225739,18.426969],[77.225707,18.426967],[77.225644,18.426959],[77.225594,18.42696],[77.225562,18.42696],[77.225528,18.42696],[77.225494,18.42696],[77.225459,18.42696],[77.225424,18.42696],[77.22539,18.42696],[77.225355,18.42696],[77.22532,18.426959],[77.225285,18.426958],[77.22525,18.426957],[77.225201,18.42696],[77.225168,18.426965],[77.225134,18.42697],[77.2251,18.426975],[77.225068,18.42698],[77.225034,18.426986],[77.225,18.426993],[77.224966,18.426999],[77.224932,18.427005],[77.224898,18.427011],[77.224864,18.427016],[77.22483,18.427022],[77.224796,18.427027],[77.224761,18.427032],[77.224728,18.427038],[77.224696,18.427048],[77.224668,18.427059],[77.224637,18.42707],[77.224605,18.427082],[77.224572,18.427095],[77.224539,18.427106],[77.224506,18.427118],[77.224474,18.42713],[77.224441,18.427142],[77.224408,18.427154],[77.224376,18.427166],[77.224344,18.427178],[77.224312,18.427191],[77.224279,18.427203],[77.224246,18.427215],[77.224214,18.427227],[77.224182,18.427239],[77.224149,18.427249],[77.224116,18.427258],[77.224083,18.427265],[77.224051,18.427272],[77.224016,18.427278],[77.223982,18.427284],[77.223947,18.427289],[77.223913,18.427295],[77.223862,18.427304],[77.223827,18.427309],[77.223792,18.427316],[77.223758,18.427322],[77.223724,18.427328],[77.223689,18.427334],[77.223655,18.42734],[77.223621,18.427346],[77.223587,18.427353],[77.223552,18.427359],[77.223518,18.427366],[77.223484,18.427372],[77.22345,18.427379],[77.223415,18.427385],[77.223381,18.427391],[77.223347,18.427397],[77.223313,18.427405],[77.223281,18.427416],[77.223248,18.427428],[77.223216,18.42744],[77.223183,18.427451],[77.223171,18.427455]]}},{"type":"Feature","properties":{"sol":1815,"len_m":268.0,"date":"2026-03-29"},"geometry":{"type":"LineString","coordinates":[[77.223171,18.427455],[77.223139,18.427467],[77.223106,18.42748],[77.223075,18.427492],[77.223044,18.427505],[77.223012,18.427517],[77.22298,18.42753],[77.222949,18.427543],[77.222917,18.427556],[77.222878,18.427574],[77.222832,18.427595],[77.222801,18.427609],[77.22274,18.427638],[77.222709,18.427653],[77.222664,18.427676],[77.222634,18.427689],[77.222603,18.427703],[77.222573,18.427717],[77.222543,18.427732],[77.2225,18.427758],[77.222459,18.427785],[77.222431,18.427803],[77.222388,18.42783],[77.22236,18.427849],[77.222332,18.427867],[77.222304,18.427885],[77.222276,18.427902],[77.222248,18.42792],[77.222219,18.427937],[77.222191,18.427954],[77.222162,18.427971],[77.222134,18.427989],[77.222108,18.428009],[77.22208,18.428029],[77.222053,18.428049],[77.222026,18.428069],[77.221998,18.428089],[77.221972,18.42811],[77.221945,18.42813],[77.221918,18.42815],[77.221891,18.428171],[77.221864,18.428192],[77.22184,18.428216],[77.221799,18.428269],[77.221779,18.428296],[77.221761,18.428323],[77.221744,18.42835],[77.221726,18.428378],[77.221708,18.428407],[77.22169,18.428435],[77.221671,18.428463],[77.221653,18.428491],[77.221635,18.428519],[77.221616,18.428548],[77.221598,18.428576],[77.22158,18.428603],[77.221561,18.428632],[77.221544,18.42866],[77.221514,18.428703],[77.221495,18.42873],[77.221456,18.428784],[77.221435,18.428812],[77.221413,18.428838],[77.221346,18.428893],[77.221317,18.428912],[77.221289,18.428934],[77.221261,18.428955],[77.221232,18.428976],[77.221206,18.428998],[77.221181,18.429022],[77.221145,18.429061],[77.221122,18.429086],[77.221098,18.429112],[77.221075,18.429138],[77.221052,18.429164],[77.221029,18.42919],[77.221006,18.429217],[77.220983,18.429243],[77.22096,18.429269],[77.220937,18.429295],[77.220914,18.429321],[77.22089,18.429347],[77.220866,18.429373],[77.220843,18.429399],[77.220819,18.429424],[77.220783,18.429463],[77.220748,18.429501],[77.220723,18.429526],[77.2207,18.429551],[77.220674,18.429575],[77.220647,18.429596],[77.220617,18.429614],[77.220587,18.429633],[77.220556,18.429651],[77.220526,18.42967],[77.220496,18.429689],[77.220465,18.429708],[77.220435,18.429727],[77.220404,18.429747],[77.220374,18.429766],[77.220344,18.429785],[77.220314,18.429804],[77.220286,18.429824],[77.220243,18.429855],[77.220214,18.429876],[77.220173,18.429908],[77.220144,18.429929],[77.220116,18.429951],[77.22009,18.429973],[77.220063,18.429995],[77.220037,18.430017],[77.22001,18.430039],[77.219984,18.430061],[77.219945,18.430096],[77.219922,18.430121],[77.219884,18.430157],[77.219857,18.430179],[77.219813,18.430209],[77.219784,18.430229],[77.219756,18.430248],[77.219728,18.430268],[77.219699,18.430288],[77.21967,18.430307],[77.219641,18.430327],[77.219612,18.430347],[77.219612,18.430347]]}},{"type":"Feature","properties":{"sol":1817,"len_m":105.4,"date":"2026-03-31"},"geometry":{"type":"LineString","coordinates":[[77.219612,18.430347],[77.219543,18.4304],[77.219506,18.430438],[77.219482,18.430463],[77.219446,18.430501],[77.219422,18.430525],[77.219398,18.43055],[77.219375,18.430574],[77.21935,18.430597],[77.219324,18.43062],[77.219299,18.430644],[77.219273,18.430668],[77.219248,18.430692],[77.219223,18.430716],[77.219198,18.43074],[77.219172,18.430764],[77.219147,18.430788],[77.219121,18.430812],[77.219096,18.430835],[77.21907,18.430859],[77.219045,18.430884],[77.21902,18.430908],[77.218994,18.430932],[77.218969,18.430956],[77.218944,18.430981],[77.218919,18.431006],[77.218894,18.43103],[77.21887,18.431055],[77.218845,18.431079],[77.218808,18.431116],[77.218785,18.43114],[77.218749,18.431178],[77.218726,18.431203],[77.218702,18.431228],[77.218678,18.431254],[77.218654,18.43128],[77.218631,18.431305],[77.218608,18.431331],[77.218586,18.431357],[77.218565,18.431384],[77.218543,18.43141],[77.218522,18.431437],[77.2185,18.431463],[77.218478,18.43149],[77.218457,18.431517],[77.218435,18.431543],[77.218411,18.431568],[77.218376,18.431606],[77.218355,18.431633],[77.218342,18.431648]]}},{"type":"Feature","properties":{"sol":1819,"len_m":20.4,"date":"2026-04-02"},"geometry":{"type":"LineString","coordinates":[[77.218342,18.431648],[77.218388,18.43177],[77.2184,18.4318],[77.218326,18.431845],[77.218311,18.431822],[77.218315,18.431801]]}},{"type":"Feature","properties":{"sol":1825,"len_m":3.3,"date":"2026-04-08"},"geometry":{"type":"LineString","coordinates":[[77.218315,18.431801],[77.218309,18.431828],[77.218304,18.431854],[77.218303,18.431854]]}},{"type":"Feature","properties":{"sol":1829,"len_m":0.0,"date":"2026-04-12"},"geometry":{"type":"LineString","coordinates":[[77.218303,18.431854],[77.218303,18.431854]]}},{"type":"Feature","properties":{"sol":1830,"len_m":0.0,"date":"2026-04-13"},"geometry":{"type":"LineString","coordinates":[[77.218303,18.431854],[77.218302,18.431854]]}},{"type":"Feature","properties":{"sol":1833,"len_m":1.4,"date":"2026-04-16"},"geometry":{"type":"LineString","coordinates":[[77.218302,18.431854],[77.218308,18.431831]]}},{"type":"Feature","properties":{"sol":1835,"len_m":117.6,"date":"2026-04-18"},"geometry":{"type":"LineString","coordinates":[[77.218308,18.431831],[77.218317,18.431801],[77.218347,18.431692],[77.218371,18.431606],[77.21841,18.431607],[77.218439,18.431625],[77.218467,18.431643],[77.218511,18.431668],[77.21854,18.431684],[77.218569,18.4317],[77.218598,18.431715],[77.218627,18.431731],[77.218656,18.431748],[77.218685,18.431764],[77.218713,18.431782],[77.21874,18.431801],[77.218768,18.431821],[77.218796,18.43184],[77.218824,18.431859],[77.218852,18.431878],[77.218879,18.431898],[77.218907,18.431917],[77.218934,18.431935],[77.218976,18.431962],[77.219005,18.431976],[77.219038,18.431985],[77.219101,18.431997],[77.219128,18.432015],[77.219149,18.432039],[77.219196,18.432086],[77.219223,18.432107],[77.219249,18.432129],[77.219284,18.432166],[77.219319,18.432204],[77.219341,18.432229],[77.219364,18.432255],[77.219386,18.43228],[77.219408,18.432306],[77.219442,18.432344],[77.219464,18.43237],[77.219501,18.432406],[77.219528,18.432427],[77.219555,18.432447],[77.219583,18.432466],[77.219622,18.432497],[77.219667,18.432509],[77.219695,18.432527],[77.219737,18.432543],[77.219776,18.432576],[77.219797,18.432602],[77.219797,18.432604]]}},{"type":"Feature","properties":{"sol":1840,"len_m":49.9,"date":"2026-04-23"},"geometry":{"type":"LineString","coordinates":[[77.219797,18.432604],[77.219787,18.432738],[77.219782,18.432786],[77.219785,18.432684],[77.219789,18.432622],[77.219838,18.432516],[77.219854,18.432492],[77.219986,18.432509],[77.220037,18.432515],[77.220129,18.432522],[77.220149,18.432523]]}},{"type":"Feature","properties":{"sol":1842,"len_m":17.8,"date":"2026-04-25"},"geometry":{"type":"LineString","coordinates":[[77.220149,18.432523],[77.22023,18.432583],[77.220304,18.432532],[77.220296,18.432492],[77.220277,18.432468],[77.220272,18.432462]]}},{"type":"Feature","properties":{"sol":1849,"len_m":50.2,"date":"2026-05-03"},"geometry":{"type":"LineString","coordinates":[[77.220272,18.432462],[77.220254,18.432596],[77.22024,18.432728],[77.220187,18.43287],[77.220173,18.43292],[77.220165,18.432971],[77.220129,18.433048],[77.2201,18.433091],[77.220028,18.433207],[77.220021,18.433239],[77.220021,18.433256]]}},{"type":"Feature","properties":{"sol":1856,"len_m":78.0,"date":"2026-05-10"},"geometry":{"type":"LineString","coordinates":[[77.220021,18.433256],[77.220036,18.433277],[77.220084,18.433163],[77.2201,18.433135],[77.220128,18.433008],[77.220138,18.432982],[77.220187,18.432864],[77.220199,18.432839],[77.220218,18.432746],[77.220217,18.432715],[77.220217,18.432669],[77.220217,18.432638],[77.220217,18.432605],[77.220217,18.432574],[77.220217,18.432541],[77.220217,18.432509],[77.220215,18.43246],[77.220209,18.432429],[77.220201,18.432399],[77.220184,18.432355],[77.220166,18.432309],[77.220154,18.432279],[77.22013,18.432219],[77.220123,18.432187],[77.22012,18.432139],[77.220122,18.432092],[77.220124,18.432061],[77.220123,18.432063]]}},{"type":"Feature","properties":{"sol":1859,"len_m":43.5,"date":"2026-05-13"},"geometry":{"type":"LineString","coordinates":[[77.220123,18.432063],[77.220204,18.431971],[77.220225,18.431949],[77.220311,18.431856],[77.220328,18.431834],[77.220414,18.431738],[77.220451,18.431693],[77.220503,18.431634],[77.22054,18.431593],[77.220599,18.431527],[77.220613,18.431509]]}},{"type":"Feature","properties":{"sol":1863,"len_m":57.6,"date":"2026-05-17"},"geometry":{"type":"LineString","coordinates":[[77.220613,18.431509],[77.220484,18.431447],[77.220437,18.431423],[77.220323,18.431341],[77.220248,18.431295],[77.22026,18.431202],[77.22027,18.43117],[77.22029,18.431127],[77.220355,18.431011],[77.220381,18.430933],[77.220445,18.431016],[77.220458,18.431032]]}},{"type":"Feature","properties":{"sol":1866,"len_m":3.4,"date":"2026-05-20"},"geometry":{"type":"LineString","coordinates":[[77.220458,18.431032],[77.220433,18.431048],[77.220446,18.431069]]}},{"type":"Feature","properties":{"sol":1867,"len_m":3.8,"date":"2026-05-21"},"geometry":{"type":"LineString","coordinates":[[77.220446,18.431069],[77.22043,18.431048],[77.220431,18.431065]]}},{"type":"Feature","properties":{"sol":1877,"len_m":17.6,"date":"2026-05-31"},"geometry":{"type":"LineString","coordinates":[[77.220431,18.431065],[77.220547,18.431021],[77.220579,18.431014],[77.220594,18.430987],[77.220617,18.430943],[77.220629,18.430918],[77.220633,18.43091]]}},{"type":"Feature","properties":{"sol":1880,"len_m":49.5,"date":"2026-06-03"},"geometry":{"type":"LineString","coordinates":[[77.220633,18.43091],[77.220616,18.43094],[77.220601,18.430969],[77.220546,18.430926],[77.220628,18.43081],[77.22065,18.430794],[77.220767,18.430706],[77.220884,18.430585],[77.220903,18.430566],[77.220955,18.430526],[77.220977,18.430509],[77.221028,18.430472],[77.221047,18.430455]]}},{"type":"Feature","properties":{"sol":1883,"len_m":13.5,"date":"2026-06-07"},"geometry":{"type":"LineString","coordinates":[[77.221047,18.430455],[77.221149,18.430529],[77.221172,18.430477],[77.221173,18.43047]]}},{"type":"Feature","properties":{"sol":1890,"len_m":239.0,"date":"2026-06-14"},"geometry":{"type":"LineString","coordinates":[[77.221173,18.43047],[77.221159,18.430498],[77.221144,18.430527],[77.221131,18.430554],[77.221017,18.430474],[77.220935,18.430408],[77.220906,18.430388],[77.220877,18.430367],[77.220849,18.430347],[77.220821,18.430326],[77.220793,18.430307],[77.220763,18.430287],[77.220718,18.430261],[77.220688,18.430245],[77.220658,18.430228],[77.220595,18.430195],[77.220563,18.43018],[77.220531,18.430165],[77.220466,18.430133],[77.220435,18.430118],[77.220403,18.430102],[77.220355,18.430078],[77.220324,18.430062],[77.220292,18.430047],[77.220261,18.430031],[77.220214,18.430006],[77.220156,18.42997],[77.220114,18.42994],[77.220087,18.429918],[77.220062,18.429894],[77.220036,18.42987],[77.220011,18.429847],[77.219986,18.429824],[77.219961,18.429799],[77.219936,18.429776],[77.21991,18.429752],[77.219885,18.429728],[77.21986,18.429705],[77.219834,18.429681],[77.219809,18.429658],[77.219771,18.429623],[77.219746,18.429599],[77.219721,18.429575],[77.219696,18.429551],[77.21967,18.429529],[77.219645,18.429506],[77.219606,18.429473],[77.219579,18.429451],[77.21954,18.429417],[77.219511,18.429397],[77.219483,18.429377],[77.219455,18.429356],[77.219426,18.429336],[77.219398,18.429315],[77.219356,18.429285],[77.219314,18.429254],[77.219285,18.429234],[77.219257,18.429214],[77.219228,18.429194],[77.219199,18.429174],[77.219171,18.429154],[77.219142,18.429134],[77.219113,18.429115],[77.219084,18.429095],[77.219055,18.429076],[77.219027,18.429057],[77.218996,18.429039],[77.218967,18.429021],[77.218937,18.429002],[77.218907,18.428984],[77.218876,18.428967],[77.218845,18.42895],[77.218814,18.428933],[77.218783,18.428916],[77.218753,18.428899],[77.218724,18.428878],[77.218678,18.428839],[77.218652,18.428815],[77.218626,18.428792],[77.218589,18.428757],[77.218564,18.428733],[77.218541,18.42871],[77.218518,18.428686],[77.218494,18.428661],[77.218471,18.428637],[77.218447,18.428612],[77.218423,18.428587],[77.2184,18.428562],[77.218375,18.428537],[77.218353,18.428512],[77.21833,18.428487],[77.218295,18.428452],[77.218271,18.428427],[77.218247,18.428404],[77.218221,18.428381],[77.218197,18.428358],[77.218172,18.428335],[77.218147,18.428312],[77.21812,18.42829],[77.218095,18.428268],[77.218069,18.428246],[77.218042,18.428225],[77.218011,18.428209],[77.217977,18.428198],[77.217952,18.428174],[77.217926,18.428153],[77.217901,18.428132],[77.2179,18.428132]]}},{"type":"Feature","properties":{"sol":1893,"len_m":198.2,"date":"2026-06-17"},"geometry":{"type":"LineString","coordinates":[[77.2179,18.428132],[77.217785,18.428075],[77.21775,18.428065],[77.217715,18.428056],[77.21768,18.428046],[77.217645,18.428036],[77.217609,18.428026],[77.217575,18.428017],[77.21754,18.428007],[77.217505,18.427998],[77.21747,18.427988],[77.217435,18.427978],[77.217399,18.427968],[77.217365,18.427958],[77.21733,18.427949],[77.217295,18.427939],[77.21726,18.42793],[77.217225,18.42792],[77.217191,18.42791],[77.217156,18.4279],[77.217122,18.427889],[77.217089,18.427878],[77.217054,18.427867],[77.21702,18.427855],[77.216948,18.427788],[77.216933,18.427758],[77.21691,18.427714],[77.216895,18.427684],[77.216879,18.427655],[77.216864,18.427625],[77.216849,18.427596],[77.216833,18.427566],[77.216818,18.427536],[77.216805,18.427506],[77.216791,18.427458],[77.216787,18.427426],[77.216786,18.427394],[77.216786,18.427346],[77.216796,18.427267],[77.216801,18.427236],[77.216813,18.427173],[77.216822,18.427143],[77.216833,18.427114],[77.21685,18.42707],[77.216862,18.427039],[77.216873,18.427009],[77.216884,18.426979],[77.216922,18.426927],[77.216948,18.426906],[77.216973,18.426885],[77.216996,18.426864],[77.217018,18.42684],[77.217036,18.426814],[77.217052,18.426787],[77.217066,18.42676],[77.217079,18.426734],[77.217093,18.426704],[77.217107,18.426675],[77.217122,18.426647],[77.217139,18.426619],[77.217158,18.426594],[77.217178,18.426568],[77.217197,18.426544],[77.217214,18.426521],[77.217236,18.426496],[77.217257,18.426475],[77.217285,18.426459],[77.217311,18.426442],[77.217339,18.426424],[77.217377,18.426396],[77.2174,18.426375],[77.217422,18.42635],[77.217438,18.426325],[77.217453,18.426299],[77.21747,18.426272],[77.217487,18.426245],[77.217503,18.426217],[77.217516,18.426189],[77.217524,18.426161],[77.217536,18.426131],[77.217557,18.426108],[77.217597,18.42608],[77.217625,18.426063],[77.217655,18.426047],[77.217722,18.426039],[77.217756,18.426042],[77.217789,18.426045],[77.217834,18.426032],[77.217865,18.426023],[77.217894,18.426019],[77.217926,18.426021],[77.217933,18.426029]]}},{"type":"Feature","properties":{"sol":1896,"len_m":135.6,"date":"2026-06-20"},"geometry":{"type":"LineString","coordinates":[[77.217933,18.426029],[77.217984,18.426103],[77.21804,18.426078],[77.218083,18.426062],[77.218114,18.426055],[77.218169,18.42603],[77.218189,18.426008],[77.218203,18.425982],[77.21821,18.425953],[77.218217,18.425924],[77.218249,18.425889],[77.218285,18.425856],[77.21831,18.425832],[77.218332,18.425808],[77.218372,18.425735],[77.218383,18.425702],[77.218391,18.425669],[77.218397,18.425635],[77.218404,18.425601],[77.218412,18.425567],[77.218419,18.425532],[77.21843,18.425482],[77.218438,18.425448],[77.218448,18.425416],[77.218456,18.425382],[77.218464,18.425348],[77.218472,18.425314],[77.21848,18.42528],[77.218489,18.42523],[77.218496,18.425197],[77.218505,18.425163],[77.218514,18.425129],[77.218522,18.425095],[77.21853,18.425062],[77.218538,18.425029],[77.218546,18.424996],[77.218554,18.424962],[77.218561,18.424929],[77.218569,18.424896],[77.218591,18.424851],[77.218614,18.424825],[77.218637,18.4248],[77.218661,18.424776],[77.218686,18.424751],[77.21871,18.424727],[77.218734,18.424702],[77.218758,18.424678],[77.218782,18.424653],[77.218807,18.424629],[77.218831,18.424604],[77.218869,18.424568],[77.218896,18.424546],[77.218925,18.424525],[77.218953,18.424505],[77.218981,18.424484],[77.219009,18.424464],[77.219038,18.424445],[77.219067,18.424426],[77.219095,18.424406],[77.219123,18.424384],[77.219123,18.424382]]}},{"type":"Feature","properties":{"sol":1897,"len_m":307.9,"date":"2026-06-20"},"geometry":{"type":"LineString","coordinates":[[77.217933,18.426029],[77.217984,18.426103],[77.21804,18.426078],[77.218083,18.426062],[77.218114,18.426055],[77.218169,18.42603],[77.218189,18.426008],[77.218203,18.425982],[77.21821,18.425953],[77.218217,18.425924],[77.218249,18.425889],[77.218285,18.425856],[77.21831,18.425832],[77.218332,18.425808],[77.218372,18.425735],[77.218383,18.425702],[77.218391,18.425669],[77.218397,18.425635],[77.218404,18.425601],[77.218412,18.425567],[77.218419,18.425532],[77.21843,18.425482],[77.218438,18.425448],[77.218448,18.425416],[77.218456,18.425382],[77.218464,18.425348],[77.218472,18.425314],[77.21848,18.42528],[77.218489,18.42523],[77.218496,18.425197],[77.218505,18.425163],[77.218514,18.425129],[77.218522,18.425095],[77.21853,18.425062],[77.218538,18.425029],[77.218546,18.424996],[77.218554,18.424962],[77.218561,18.424929],[77.218569,18.424896],[77.218591,18.424851],[77.218614,18.424825],[77.218637,18.4248],[77.218661,18.424776],[77.218686,18.424751],[77.21871,18.424727],[77.218734,18.424702],[77.218758,18.424678],[77.218782,18.424653],[77.218807,18.424629],[77.218831,18.424604],[77.218869,18.424568],[77.218896,18.424546],[77.218925,18.424525],[77.218953,18.424505],[77.218981,18.424484],[77.219009,18.424464],[77.219038,18.424445],[77.219067,18.424426],[77.219095,18.424406],[77.219123,18.424384],[77.219173,18.424314],[77.219214,18.424282],[77.21927,18.424243],[77.219298,18.424224],[77.219327,18.424205],[77.219356,18.424186],[77.219386,18.424167],[77.219416,18.42415],[77.219444,18.424128],[77.219468,18.424104],[77.219489,18.424076],[77.219509,18.424047],[77.219528,18.424019],[77.219546,18.42399],[77.219566,18.423961],[77.219586,18.423934],[77.219608,18.423907],[77.21963,18.42388],[77.219652,18.423854],[77.219674,18.423827],[77.219696,18.4238],[77.219719,18.423774],[77.219742,18.423747],[77.219764,18.42372],[77.219786,18.423693],[77.219808,18.423667],[77.21983,18.42364],[77.219852,18.423613],[77.219874,18.423586],[77.219896,18.42356],[77.219918,18.423533],[77.21994,18.423507],[77.219963,18.423481],[77.219985,18.423454],[77.220007,18.423428],[77.22004,18.423388],[77.220061,18.42336],[77.220081,18.423332],[77.220119,18.423274],[77.220137,18.423244],[77.220155,18.423215],[77.220173,18.423186],[77.220191,18.423157],[77.220208,18.423128],[77.220226,18.423099],[77.220243,18.42307],[77.22026,18.423041],[77.220278,18.423012],[77.220295,18.422982],[77.220313,18.422953],[77.22033,18.422924],[77.220348,18.422894],[77.220365,18.422865],[77.220389,18.422819],[77.220401,18.422787],[77.220413,18.422756],[77.220424,18.422724],[77.220436,18.422693],[77.220448,18.422662],[77.22046,18.422631],[77.220472,18.422599],[77.220485,18.422568],[77.220497,18.422537],[77.220509,18.422505],[77.220521,18.422474],[77.220533,18.422443],[77.220545,18.422411],[77.220557,18.42238],[77.22057,18.422349],[77.220583,18.422319],[77.220597,18.422289],[77.220612,18.422259],[77.220626,18.422228],[77.220639,18.422197],[77.220652,18.422166],[77.220666,18.422134],[77.220678,18.422103],[77.220691,18.422071],[77.220703,18.42204],[77.220715,18.42201],[77.220726,18.42198],[77.220731,18.421964]]}},{"type":"Feature","properties":{"sol":1900,"len_m":139.5,"date":"2026-06-24"},"geometry":{"type":"LineString","coordinates":[[77.220731,18.421964],[77.22077,18.421872],[77.220772,18.421821],[77.220764,18.421788],[77.220755,18.421755],[77.220748,18.421722],[77.220742,18.421689],[77.220717,18.421609],[77.220701,18.421578],[77.220678,18.421533],[77.220663,18.421503],[77.220641,18.421457],[77.220617,18.421413],[77.220597,18.421386],[77.220573,18.42136],[77.220547,18.421337],[77.22052,18.421314],[77.220493,18.421291],[77.220466,18.42127],[77.22044,18.421248],[77.220414,18.421225],[77.220388,18.421202],[77.220362,18.421179],[77.220336,18.421156],[77.220309,18.421134],[77.220282,18.421111],[77.220256,18.421089],[77.22023,18.421066],[77.220204,18.421044],[77.220178,18.421021],[77.220154,18.420995],[77.220072,18.420934],[77.220038,18.420922],[77.219988,18.420906],[77.219955,18.420894],[77.219923,18.420881],[77.21989,18.420868],[77.219857,18.420856],[77.219824,18.420843],[77.219791,18.42083],[77.219758,18.420817],[77.219726,18.420804],[77.219694,18.420792],[77.219661,18.420779],[77.219628,18.420766],[77.219596,18.420753],[77.219564,18.42074],[77.219531,18.420728],[77.219498,18.420715],[77.219449,18.420696],[77.219417,18.420683],[77.219385,18.42067],[77.219336,18.420651],[77.219287,18.420631],[77.219255,18.420618],[77.219204,18.420602],[77.21917,18.420594],[77.219136,18.420587],[77.219101,18.42058],[77.219066,18.420577],[77.219031,18.420577]]}},{"type":"Feature","properties":{"sol":1904,"len_m":83.2,"date":"2026-06-28"},"geometry":{"type":"LineString","coordinates":[[77.219031,18.420577],[77.219024,18.420444],[77.219049,18.420299],[77.219114,18.420244],[77.219143,18.420226],[77.219216,18.420183],[77.21925,18.420173],[77.219301,18.420174],[77.219337,18.420175],[77.219434,18.420202],[77.219465,18.420214],[77.219513,18.420231],[77.219593,18.420209],[77.219623,18.420193],[77.219669,18.42017],[77.219699,18.420156],[77.21973,18.420142],[77.219761,18.420127],[77.219792,18.420113],[77.219823,18.4201],[77.219853,18.420086],[77.219885,18.420072],[77.219915,18.420059],[77.219946,18.420046],[77.219977,18.420033],[77.220008,18.42002],[77.22004,18.420007],[77.220072,18.419993],[77.220103,18.419981],[77.220116,18.419975]]}},{"type":"Feature","properties":{"sol":1906,"len_m":8.5,"date":"2026-06-30"},"geometry":{"type":"LineString","coordinates":[[77.220116,18.419975],[77.220115,18.420008],[77.220148,18.420009],[77.220133,18.419974],[77.220129,18.41997]]}},{"type":"Feature","properties":{"sol":1910,"len_m":178.0,"date":"2026-07-04"},"geometry":{"type":"LineString","coordinates":[[77.220129,18.41997],[77.220024,18.420058],[77.22001,18.42016],[77.220036,18.420289],[77.220052,18.420334],[77.220062,18.420364],[77.220074,18.420396],[77.22009,18.420443],[77.220102,18.420474],[77.220113,18.420506],[77.220123,18.420537],[77.220134,18.420568],[77.220144,18.420599],[77.220155,18.420629],[77.220165,18.42066],[77.220176,18.420691],[77.220188,18.420721],[77.2202,18.420753],[77.220212,18.420784],[77.220223,18.420815],[77.220234,18.420847],[77.220245,18.420877],[77.220257,18.420907],[77.220269,18.420937],[77.220281,18.420968],[77.220292,18.420997],[77.220304,18.421029],[77.220313,18.42106],[77.220322,18.421092],[77.22033,18.421124],[77.220339,18.421155],[77.220353,18.421201],[77.220367,18.421229],[77.220384,18.421257],[77.220401,18.421286],[77.220417,18.421315],[77.220432,18.421343],[77.220454,18.421386],[77.220487,18.421437],[77.220507,18.421461],[77.22053,18.421486],[77.220552,18.421512],[77.220575,18.421537],[77.220597,18.421561],[77.220618,18.421586],[77.220639,18.421611],[77.220661,18.421637],[77.220679,18.421665],[77.220697,18.421694],[77.220714,18.421722],[77.220729,18.421751],[77.220751,18.421796],[77.220765,18.421842],[77.22077,18.421874],[77.22077,18.421907],[77.22077,18.42194],[77.220768,18.421989],[77.220758,18.42205],[77.220749,18.422091],[77.220741,18.42214],[77.220737,18.422173],[77.22073,18.422223],[77.220727,18.422256],[77.220727,18.422289],[77.22073,18.422322],[77.220734,18.422355],[77.220738,18.422388],[77.220742,18.42242],[77.220746,18.422453],[77.220749,18.422502],[77.220747,18.422535],[77.220745,18.422568],[77.220743,18.422601],[77.220741,18.422634],[77.220739,18.422666],[77.220736,18.422699],[77.220734,18.422748],[77.220734,18.422747]]}},{"type":"Feature","properties":{"sol":1913,"len_m":6.3,"date":"2026-07-07"},"geometry":{"type":"LineString","coordinates":[[77.220734,18.422747],[77.220666,18.422732],[77.220635,18.422737]]}},{"type":"Feature","properties":{"sol":1917,"len_m":183.3,"date":"2026-07-11"},"geometry":{"type":"LineString","coordinates":[[77.220635,18.422737],[77.220503,18.422688],[77.220357,18.422629],[77.220333,18.422654],[77.22031,18.422679],[77.220286,18.422704],[77.22025,18.422741],[77.220227,18.422766],[77.220204,18.42279],[77.220182,18.422815],[77.220145,18.42287],[77.220128,18.422898],[77.220109,18.422926],[77.220089,18.422954],[77.220069,18.422982],[77.22005,18.42301],[77.22003,18.423038],[77.220011,18.423066],[77.219992,18.423094],[77.219974,18.423121],[77.219955,18.423148],[77.219935,18.423176],[77.219916,18.423203],[77.219896,18.42323],[77.219876,18.423258],[77.219857,18.423286],[77.219838,18.423314],[77.219819,18.423341],[77.219801,18.423369],[77.219782,18.423396],[77.219764,18.423424],[77.219745,18.423452],[77.219727,18.42348],[77.219709,18.423508],[77.219691,18.423537],[77.219671,18.423564],[77.219648,18.423588],[77.219624,18.423612],[77.219599,18.423635],[77.219562,18.423669],[77.219524,18.423704],[77.219499,18.423726],[77.219464,18.423762],[77.21944,18.423786],[77.219416,18.42381],[77.219369,18.423857],[77.219346,18.423881],[77.219323,18.423905],[77.219287,18.423941],[77.219263,18.423965],[77.219239,18.423989],[77.219217,18.424013],[77.219197,18.424039],[77.219175,18.424065],[77.219154,18.424089],[77.219131,18.424114],[77.219109,18.424138],[77.219086,18.424163],[77.219065,18.424188],[77.219043,18.424214],[77.21902,18.424239],[77.218998,18.424264],[77.218975,18.424289],[77.218953,18.424312],[77.21893,18.424336],[77.218908,18.424361],[77.218885,18.424386],[77.218863,18.424411],[77.218841,18.424436],[77.218819,18.42446],[77.218797,18.424485],[77.218774,18.42451],[77.218752,18.424534],[77.21873,18.424559],[77.218708,18.424583],[77.218685,18.424608],[77.218663,18.424633],[77.218642,18.424658],[77.21862,18.424684],[77.218599,18.424709],[77.21858,18.424735],[77.218563,18.424763],[77.218547,18.424791],[77.218531,18.424819],[77.218531,18.424818]]}},{"type":"Feature","properties":{"sol":1921,"len_m":59.4,"date":"2026-07-15"},"geometry":{"type":"LineString","coordinates":[[77.218531,18.424818],[77.218506,18.424944],[77.218497,18.42499],[77.218491,18.42502],[77.218484,18.425051],[77.218477,18.425082],[77.218467,18.425127],[77.218456,18.425172],[77.218449,18.425202],[77.218441,18.42523],[77.218434,18.42526],[77.218426,18.425288],[77.218419,18.425316],[77.218411,18.425345],[77.218401,18.425372],[77.21839,18.425401],[77.218379,18.425427],[77.218368,18.425456],[77.218356,18.425484],[77.218345,18.425509],[77.218334,18.425535],[77.218324,18.42556],[77.218317,18.425588],[77.21831,18.425642],[77.218315,18.42567],[77.218322,18.425696],[77.218345,18.42576],[77.218347,18.425761]]}},{"type":"Feature","properties":{"sol":1922,"len_m":43.5,"date":"2026-07-17"},"geometry":{"type":"LineString","coordinates":[[77.218347,18.425761],[77.218334,18.42573],[77.218415,18.425797],[77.218455,18.425835],[77.218364,18.425921],[77.218328,18.425956],[77.21823,18.426044],[77.218147,18.426103],[77.218078,18.426153],[77.21806,18.426167]]}},{"type":"Feature","properties":{"sol":1927,"len_m":6.8,"date":"2026-07-22"},"geometry":{"type":"LineString","coordinates":[[77.21806,18.426167],[77.218023,18.426216],[77.217988,18.426211],[77.21798,18.426205]]}},{"type":"Feature","properties":{"sol":1935,"len_m":92.8,"date":"2026-07-30"},"geometry":{"type":"LineString","coordinates":[[77.21798,18.426205],[77.218005,18.426221],[77.218052,18.42615],[77.218105,18.426072],[77.218207,18.42604],[77.218306,18.42597],[77.218341,18.425932],[77.218358,18.425905],[77.218411,18.425783],[77.218466,18.425644],[77.218517,18.425514],[77.218544,18.425452],[77.218559,18.425386],[77.218566,18.425247],[77.218574,18.425109],[77.21855,18.425007],[77.218545,18.424959],[77.218549,18.424926],[77.218554,18.42491]]}},{"type":"Feature","properties":{"sol":1939,"len_m":240.1,"date":"2026-08-03"},"geometry":{"type":"LineString","coordinates":[[77.218554,18.42491],[77.218638,18.424828],[77.218694,18.424787],[77.218738,18.424759],[77.218767,18.424743],[77.218813,18.42472],[77.218844,18.424707],[77.218877,18.424696],[77.218944,18.424683],[77.218979,18.424678],[77.219012,18.424673],[77.219046,18.424667],[77.219079,18.424661],[77.219112,18.424656],[77.219144,18.424651],[77.219176,18.424646],[77.219208,18.424642],[77.219241,18.424635],[77.219273,18.424629],[77.219305,18.424622],[77.219338,18.424615],[77.219371,18.424608],[77.219405,18.424602],[77.219438,18.424595],[77.21947,18.424589],[77.219503,18.424583],[77.219552,18.424574],[77.219586,18.424568],[77.219637,18.424558],[77.21967,18.424552],[77.219705,18.424546],[77.219738,18.424539],[77.219772,18.424532],[77.219806,18.424526],[77.21984,18.42452],[77.219875,18.424514],[77.219909,18.424507],[77.219943,18.424499],[77.219977,18.424492],[77.220012,18.424486],[77.220047,18.42448],[77.220081,18.424471],[77.220116,18.424466],[77.220151,18.424459],[77.220186,18.424453],[77.220221,18.424447],[77.220256,18.42444],[77.220291,18.424432],[77.220326,18.424424],[77.220361,18.424416],[77.220396,18.424407],[77.22043,18.424399],[77.220465,18.424394],[77.220501,18.424389],[77.220536,18.424384],[77.220571,18.424379],[77.220623,18.424374],[77.220676,18.424368],[77.220712,18.424364],[77.220748,18.42436],[77.220783,18.424357],[77.220819,18.424358],[77.220854,18.424363],[77.220889,18.424368],[77.220924,18.424373],[77.220977,18.42438],[77.221011,18.424385],[77.221047,18.424387],[77.221118,18.424388],[77.22119,18.424389],[77.221261,18.424382],[77.221296,18.424376],[77.221331,18.424373],[77.221367,18.424372],[77.221469,18.424394],[77.221502,18.424407],[77.221534,18.42442],[77.221567,18.424433],[77.221599,18.424447],[77.221631,18.42446],[77.221662,18.424476],[77.221693,18.424491],[77.221724,18.424506],[77.221754,18.424521],[77.221785,18.424536],[77.221817,18.424551],[77.221848,18.424566],[77.221879,18.424581],[77.221924,18.424608],[77.221953,18.424626],[77.221982,18.424644],[77.222026,18.424671],[77.222056,18.424689],[77.222085,18.424707],[77.222115,18.424725],[77.222173,18.424762],[77.2222,18.424783],[77.222227,18.424805],[77.222252,18.424827],[77.222275,18.424852],[77.222298,18.424878],[77.222321,18.424903],[77.222344,18.424928],[77.222367,18.424953],[77.22239,18.424978],[77.222413,18.425003],[77.222435,18.425027],[77.222458,18.425052],[77.222465,18.425058]]}},{"type":"Feature","properties":{"sol":1940,"len_m":142.7,"date":"2026-08-04"},"geometry":{"type":"LineString","coordinates":[[77.222465,18.425058],[77.222532,18.425111],[77.222559,18.425133],[77.222594,18.42516],[77.222621,18.425181],[77.222648,18.425201],[77.222675,18.425221],[77.222702,18.425242],[77.22273,18.425263],[77.222757,18.425283],[77.222785,18.425304],[77.222812,18.425324],[77.22284,18.425344],[77.222868,18.425365],[77.222895,18.425385],[77.222923,18.425405],[77.22295,18.425426],[77.222978,18.425446],[77.223005,18.425466],[77.223033,18.425486],[77.22306,18.425507],[77.223088,18.425528],[77.223115,18.425548],[77.223143,18.425568],[77.223171,18.425589],[77.223198,18.425609],[77.223227,18.42563],[77.223254,18.42565],[77.223282,18.42567],[77.22331,18.425691],[77.223337,18.425711],[77.223365,18.425731],[77.223394,18.425751],[77.223422,18.425771],[77.223449,18.425792],[77.223477,18.425812],[77.223505,18.425832],[77.223532,18.425854],[77.223557,18.425878],[77.223581,18.425902],[77.223606,18.425924],[77.223634,18.425943],[77.223665,18.42596],[77.223697,18.425974],[77.223729,18.425988],[77.223777,18.42601],[77.223809,18.426024],[77.223841,18.426038],[77.223873,18.426053],[77.223904,18.426067],[77.223952,18.426088],[77.223984,18.426103],[77.224016,18.426117],[77.224047,18.426132],[77.224095,18.426153],[77.224127,18.426168],[77.224158,18.426182],[77.224222,18.426211],[77.224268,18.426233],[77.2243,18.426247],[77.224377,18.426287],[77.224407,18.426305],[77.224436,18.426322],[77.224466,18.426339],[77.224497,18.426356],[77.224527,18.426373],[77.224557,18.42639],[77.224557,18.426389]]}},{"type":"Feature","properties":{"sol":1941,"len_m":225.5,"date":"2026-08-05"},"geometry":{"type":"LineString","coordinates":[[77.224557,18.426389],[77.224626,18.426441],[77.224666,18.426474],[77.224693,18.426494],[77.22472,18.426515],[77.224761,18.426546],[77.224789,18.426566],[77.224816,18.426586],[77.224843,18.426606],[77.224885,18.426636],[77.224912,18.426657],[77.224939,18.426677],[77.22498,18.426707],[77.225007,18.426727],[77.225035,18.426747],[77.225062,18.426767],[77.225089,18.426787],[77.225116,18.426807],[77.225143,18.426827],[77.22517,18.426848],[77.225197,18.426868],[77.225224,18.426887],[77.22525,18.426907],[77.225276,18.426926],[77.225303,18.426947],[77.22533,18.426967],[77.225358,18.426986],[77.225385,18.427006],[77.225428,18.427033],[77.225459,18.427048],[77.22549,18.427061],[77.225539,18.427082],[77.225571,18.427096],[77.225603,18.427109],[77.225635,18.427123],[77.225668,18.427137],[77.225699,18.427151],[77.225733,18.427163],[77.225767,18.427172],[77.225802,18.427179],[77.225837,18.427186],[77.225872,18.427191],[77.225907,18.427196],[77.225942,18.427201],[77.225978,18.427206],[77.226013,18.427211],[77.226047,18.427216],[77.226082,18.427221],[77.226116,18.427226],[77.226149,18.427232],[77.226183,18.427238],[77.226217,18.427246],[77.226251,18.427253],[77.226286,18.42726],[77.226343,18.427271],[77.226378,18.427278],[77.226412,18.427284],[77.226447,18.42729],[77.226481,18.427297],[77.226516,18.427303],[77.226551,18.427309],[77.226583,18.427316],[77.226617,18.427323],[77.226652,18.42733],[77.226687,18.427338],[77.226721,18.427344],[77.226755,18.427351],[77.22679,18.427358],[77.226825,18.427364],[77.22686,18.42737],[77.226896,18.427376],[77.22693,18.427382],[77.226965,18.427389],[77.226999,18.427395],[77.227034,18.427401],[77.227068,18.427407],[77.227103,18.427413],[77.227137,18.42742],[77.227171,18.427426],[77.227206,18.427433],[77.227239,18.427438],[77.227275,18.427443],[77.22731,18.427449],[77.227344,18.427455],[77.227379,18.42746],[77.227414,18.427465],[77.227449,18.427471],[77.227484,18.427478],[77.227535,18.427486],[77.227604,18.427495],[77.22765,18.427541],[77.227667,18.427569],[77.227701,18.427625],[77.227718,18.427654],[77.227734,18.427682],[77.227759,18.427726],[77.227776,18.427755],[77.227793,18.427783],[77.22781,18.427811],[77.227827,18.42784],[77.227844,18.427869],[77.227862,18.427897],[77.227878,18.427926],[77.227896,18.427955],[77.227913,18.427984],[77.22793,18.428012],[77.227943,18.428034]]}},{"type":"Feature","properties":{"sol":1946,"len_m":245.3,"date":"2026-08-09"},"geometry":{"type":"LineString","coordinates":[[77.227943,18.428034],[77.228011,18.428149],[77.228036,18.428192],[77.228052,18.428221],[77.228069,18.42825],[77.228086,18.428279],[77.228104,18.428308],[77.228122,18.428336],[77.22814,18.428364],[77.228158,18.428392],[77.228175,18.428421],[77.228193,18.428449],[77.228211,18.428477],[77.228229,18.428506],[77.228246,18.428534],[77.228264,18.428562],[77.228282,18.428591],[77.2283,18.428619],[77.228318,18.428648],[77.228336,18.428676],[77.228355,18.428704],[77.228371,18.428733],[77.228388,18.428763],[77.228405,18.428792],[77.228422,18.42882],[77.228438,18.428849],[77.228455,18.428877],[77.228473,18.428907],[77.228498,18.428949],[77.228521,18.428994],[77.228534,18.429024],[77.228547,18.429055],[77.22856,18.429086],[77.228571,18.429118],[77.228582,18.429149],[77.228593,18.429181],[77.228605,18.429212],[77.228616,18.429243],[77.228626,18.429274],[77.228637,18.429306],[77.228648,18.429338],[77.228658,18.429369],[77.22867,18.4294],[77.228687,18.429429],[77.228706,18.429456],[77.228728,18.429482],[77.228804,18.429524],[77.228836,18.429538],[77.228869,18.429551],[77.228901,18.429563],[77.228934,18.429576],[77.228967,18.429588],[77.229,18.429601],[77.229032,18.429613],[77.229065,18.429627],[77.229095,18.429642],[77.229125,18.42966],[77.229155,18.429677],[77.229185,18.429694],[77.229214,18.429712],[77.229244,18.429731],[77.229275,18.429745],[77.229309,18.429754],[77.229343,18.429765],[77.229376,18.429775],[77.22941,18.429787],[77.229443,18.429798],[77.229476,18.42981],[77.229509,18.429822],[77.229543,18.429833],[77.229575,18.429845],[77.229608,18.429858],[77.229638,18.429876],[77.229682,18.429903],[77.229712,18.429917],[77.229762,18.429933],[77.229797,18.429938],[77.229833,18.429941],[77.229885,18.429945],[77.229921,18.429946],[77.229956,18.429947],[77.229991,18.429948],[77.230044,18.429946],[77.230079,18.429938],[77.230113,18.42993],[77.230177,18.429899],[77.230212,18.429905],[77.230246,18.429915],[77.230312,18.429937],[77.230342,18.429954],[77.23038,18.429989],[77.230408,18.43001],[77.230437,18.430028],[77.230469,18.430043],[77.230502,18.430054],[77.230536,18.430065],[77.230558,18.430091],[77.230594,18.430094],[77.230628,18.4301],[77.230663,18.430106],[77.230716,18.430114],[77.230751,18.43012],[77.230786,18.430126],[77.23082,18.430135],[77.230853,18.430146],[77.230886,18.430159],[77.230917,18.430175],[77.230948,18.430191],[77.230978,18.430207],[77.231002,18.43022],[77.231049,18.430242],[77.231099,18.43026],[77.231108,18.430266]]}},{"type":"Feature","properties":{"sol":1947,"len_m":358.7,"date":"2026-08-10"},"geometry":{"type":"LineString","coordinates":[[77.231108,18.430266],[77.231138,18.430284],[77.231184,18.430305],[77.231217,18.43032],[77.231265,18.430341],[77.231297,18.430355],[77.231329,18.430369],[77.231362,18.43038],[77.231394,18.430395],[77.231426,18.43041],[77.231458,18.430424],[77.23149,18.430439],[77.231522,18.430453],[77.231554,18.430467],[77.231602,18.430488],[77.231634,18.430502],[77.231666,18.430516],[77.231698,18.43053],[77.231729,18.430544],[77.231761,18.430558],[77.231793,18.430572],[77.231824,18.430587],[77.231872,18.430606],[77.231905,18.430615],[77.231939,18.430621],[77.231992,18.430623],[77.232009,18.430687],[77.232006,18.43072],[77.23199,18.430785],[77.23198,18.430817],[77.231971,18.430849],[77.231962,18.430881],[77.231953,18.430913],[77.231944,18.430945],[77.231934,18.430977],[77.231925,18.431008],[77.231915,18.43104],[77.231906,18.431072],[77.231897,18.431105],[77.231888,18.431137],[77.231879,18.431169],[77.231868,18.4312],[77.231856,18.431231],[77.231843,18.431262],[77.23183,18.431293],[77.231817,18.431324],[77.231805,18.431355],[77.231793,18.431386],[77.231781,18.431416],[77.231768,18.431447],[77.231754,18.431478],[77.231736,18.431506],[77.231713,18.431569],[77.231705,18.431601],[77.231701,18.431633],[77.2317,18.431667],[77.231703,18.431699],[77.231706,18.431733],[77.23171,18.431766],[77.231715,18.431815],[77.231719,18.431848],[77.231722,18.431881],[77.231726,18.431913],[77.23173,18.431946],[77.231733,18.431978],[77.231737,18.43201],[77.231746,18.432074],[77.231755,18.432106],[77.231766,18.432138],[77.231789,18.4322],[77.231801,18.432231],[77.231795,18.432261],[77.231793,18.432306],[77.231795,18.432334],[77.231799,18.432365],[77.231807,18.432411],[77.231813,18.432442],[77.231819,18.432475],[77.231825,18.432507],[77.23183,18.432539],[77.231835,18.432572],[77.23184,18.432604],[77.231845,18.432636],[77.23185,18.432667],[77.231853,18.4327],[77.231857,18.432732],[77.231861,18.432764],[77.231865,18.432797],[77.231868,18.43283],[77.231872,18.432862],[77.231875,18.432895],[77.231879,18.432928],[77.231883,18.43296],[77.23189,18.432991],[77.231897,18.433022],[77.231904,18.433054],[77.231911,18.433086],[77.231918,18.433118],[77.231925,18.433151],[77.231931,18.433183],[77.231946,18.433247],[77.231953,18.433279],[77.231961,18.433311],[77.231968,18.433343],[77.231975,18.433375],[77.231982,18.433407],[77.23199,18.433439],[77.231997,18.433471],[77.232005,18.433503],[77.232012,18.433535],[77.23202,18.433566],[77.232029,18.433598],[77.232037,18.433629],[77.232045,18.43366],[77.232053,18.433692],[77.232067,18.433749],[77.232075,18.43378],[77.232086,18.433812],[77.232099,18.433842],[77.232125,18.433885],[77.232143,18.433912],[77.23216,18.433939],[77.232182,18.433982],[77.232197,18.434012],[77.232212,18.434041],[77.232227,18.434071],[77.232241,18.4341],[77.232263,18.434143],[77.232279,18.43417],[77.232302,18.434212],[77.232323,18.434255],[77.232336,18.434284],[77.232355,18.434328],[77.232368,18.434359],[77.232379,18.434388],[77.232389,18.434419],[77.2324,18.434449],[77.23241,18.43448],[77.232421,18.434511],[77.232432,18.434541],[77.232442,18.434573],[77.232453,18.434604],[77.232463,18.434634],[77.232472,18.434664],[77.232482,18.434694],[77.232492,18.434725],[77.232503,18.434754],[77.232514,18.434783],[77.23253,18.434825],[77.232537,18.434853],[77.232544,18.434881],[77.232565,18.434938],[77.232578,18.434967],[77.232592,18.434994],[77.232613,18.435037],[77.232645,18.435063],[77.232666,18.435086],[77.232686,18.435111],[77.232705,18.435137],[77.232725,18.435163],[77.232744,18.435189],[77.232762,18.435215],[77.23278,18.435242],[77.232798,18.435268],[77.232828,18.435323],[77.232843,18.435352],[77.232856,18.435379],[77.232877,18.435419],[77.232894,18.435444],[77.232909,18.435468],[77.232909,18.435468]]}},{"type":"Feature","properties":{"sol":1955,"len_m":9.4,"date":"2026-08-19"},"geometry":{"type":"LineString","coordinates":[[77.232909,18.435468],[77.232881,18.435483],[77.232868,18.435555],[77.232871,18.435581],[77.232871,18.435599]]}}]}