{"type":"FeatureCollection","features":[{"type":"Feature","properties":{"sol":14,"len_m":6.2,"date":"2021-03-03"},"geometry":{"type":"LineString","coordinates":[[77.450886,18.444627],[77.450947,18.444543]]}},{"type":"Feature","properties":{"sol":15,"len_m":36.4,"date":"2021-03-05"},"geometry":{"type":"LineString","coordinates":[[77.450947,18.444543],[77.450938,18.444657],[77.450939,18.444771],[77.45094,18.444885],[77.450957,18.444995],[77.451009,18.445092],[77.451034,18.445135]]}},{"type":"Feature","properties":{"sol":16,"len_m":27.4,"date":"2021-03-06"},"geometry":{"type":"LineString","coordinates":[[77.451034,18.445135],[77.451136,18.445167],[77.451238,18.4452],[77.451345,18.445231],[77.451447,18.445263],[77.451497,18.44528]]}},{"type":"Feature","properties":{"sol":20,"len_m":23.4,"date":"2021-03-10"},"geometry":{"type":"LineString","coordinates":[[77.451497,18.44528],[77.451613,18.445292],[77.451717,18.445256],[77.451805,18.445189],[77.451856,18.445148]]}},{"type":"Feature","properties":{"sol":23,"len_m":5.5,"date":"2021-03-13"},"geometry":{"type":"LineString","coordinates":[[77.451856,18.445148],[77.451777,18.445202]]}},{"type":"Feature","properties":{"sol":29,"len_m":3.9,"date":"2021-03-20"},"geometry":{"type":"LineString","coordinates":[[77.451777,18.445202],[77.451822,18.445164]]}},{"type":"Feature","properties":{"sol":31,"len_m":33.4,"date":"2021-03-22"},"geometry":{"type":"LineString","coordinates":[[77.451822,18.445164],[77.45172,18.445228],[77.451618,18.445289],[77.451497,18.445312],[77.451404,18.445244],[77.451332,18.44518]]}},{"type":"Feature","properties":{"sol":32,"len_m":30.6,"date":"2021-03-23"},"geometry":{"type":"LineString","coordinates":[[77.451332,18.44518],[77.451332,18.445064],[77.451317,18.444949],[77.451295,18.444835],[77.451233,18.444736],[77.451197,18.4447]]}},{"type":"Feature","properties":{"sol":33,"len_m":13.0,"date":"2021-03-24"},"geometry":{"type":"LineString","coordinates":[[77.451197,18.4447],[77.45108,18.444697],[77.451024,18.444752]]}},{"type":"Feature","properties":{"sol":34,"len_m":6.5,"date":"2021-03-25"},"geometry":{"type":"LineString","coordinates":[[77.451024,18.444752],[77.451022,18.444863]]}},{"type":"Feature","properties":{"sol":43,"len_m":4.6,"date":"2021-04-03"},"geometry":{"type":"LineString","coordinates":[[77.451022,18.444863],[77.451025,18.44494]]}},{"type":"Feature","properties":{"sol":44,"len_m":1.4,"date":"2021-04-04"},"geometry":{"type":"LineString","coordinates":[[77.451025,18.44494],[77.45102,18.444943]]}},{"type":"Feature","properties":{"sol":47,"len_m":38.4,"date":"2021-04-07"},"geometry":{"type":"LineString","coordinates":[[77.45102,18.444943],[77.451122,18.44491],[77.451121,18.444803],[77.451228,18.444757],[77.451346,18.444773],[77.451461,18.444782],[77.45153,18.444779]]}},{"type":"Feature","properties":{"sol":48,"len_m":17.2,"date":"2021-04-08"},"geometry":{"type":"LineString","coordinates":[[77.45153,18.444779],[77.451647,18.444815],[77.451753,18.444848],[77.451819,18.444871]]}},{"type":"Feature","properties":{"sol":49,"len_m":12.1,"date":"2021-04-09"},"geometry":{"type":"LineString","coordinates":[[77.451819,18.444871],[77.451933,18.444827],[77.452019,18.444796]]}},{"type":"Feature","properties":{"sol":52,"len_m":11.5,"date":"2021-04-12"},"geometry":{"type":"LineString","coordinates":[[77.452019,18.444796],[77.452131,18.44483],[77.45214,18.444752]]}},{"type":"Feature","properties":{"sol":65,"len_m":8.5,"date":"2021-04-26"},"geometry":{"type":"LineString","coordinates":[[77.45214,18.444752],[77.452223,18.444679],[77.452226,18.444666]]}},{"type":"Feature","properties":{"sol":66,"len_m":9.2,"date":"2021-04-26"},"geometry":{"type":"LineString","coordinates":[[77.452226,18.444666],[77.45229,18.444539],[77.452298,18.444529]]}},{"type":"Feature","properties":{"sol":72,"len_m":19.5,"date":"2021-05-03"},"geometry":{"type":"LineString","coordinates":[[77.452298,18.444529],[77.452375,18.44444],[77.452449,18.444354],[77.452517,18.444278]]}},{"type":"Feature","properties":{"sol":73,"len_m":9.8,"date":"2021-05-04"},"geometry":{"type":"LineString","coordinates":[[77.452517,18.444278],[77.452566,18.444171],[77.452587,18.444126]]}},{"type":"Feature","properties":{"sol":84,"len_m":18.4,"date":"2021-05-15"},"geometry":{"type":"LineString","coordinates":[[77.452587,18.444126],[77.452468,18.444158],[77.45235,18.444192],[77.452277,18.444219]]}},{"type":"Feature","properties":{"sol":86,"len_m":4.8,"date":"2021-05-17"},"geometry":{"type":"LineString","coordinates":[[77.452277,18.444219],[77.452219,18.44416]]}},{"type":"Feature","properties":{"sol":91,"len_m":19.8,"date":"2021-05-22"},"geometry":{"type":"LineString","coordinates":[[77.452219,18.44416],[77.452273,18.444059],[77.452279,18.443936],[77.452207,18.44388]]}},{"type":"Feature","properties":{"sol":99,"len_m":16.4,"date":"2021-05-30"},"geometry":{"type":"LineString","coordinates":[[77.452207,18.44388],[77.452172,18.443775],[77.452162,18.443763]]}},{"type":"Feature","properties":{"sol":102,"len_m":47.6,"date":"2021-06-03"},"geometry":{"type":"LineString","coordinates":[[77.452162,18.443763],[77.452074,18.443667],[77.45198,18.443571],[77.451898,18.443471],[77.451759,18.443382],[77.451644,18.443307],[77.451544,18.44326],[77.451527,18.443255]]}},{"type":"Feature","properties":{"sol":103,"len_m":24.2,"date":"2021-06-04"},"geometry":{"type":"LineString","coordinates":[[77.451527,18.443255],[77.45142,18.443171],[77.451311,18.443086],[77.451209,18.443005],[77.451194,18.442998]]}},{"type":"Feature","properties":{"sol":104,"len_m":38.8,"date":"2021-06-05"},"geometry":{"type":"LineString","coordinates":[[77.451194,18.442998],[77.451126,18.44288],[77.451057,18.442762],[77.45099,18.442641],[77.450923,18.442522],[77.450864,18.442423]]}},{"type":"Feature","properties":{"sol":105,"len_m":26.6,"date":"2021-06-06"},"geometry":{"type":"LineString","coordinates":[[77.450864,18.442423],[77.450821,18.442297],[77.450778,18.442171],[77.450707,18.44202],[77.450697,18.442008]]}},{"type":"Feature","properties":{"sol":107,"len_m":9.2,"date":"2021-06-08"},"geometry":{"type":"LineString","coordinates":[[77.450697,18.442008],[77.45068,18.441878]]}},{"type":"Feature","properties":{"sol":108,"len_m":21.9,"date":"2021-06-09"},"geometry":{"type":"LineString","coordinates":[[77.45068,18.441878],[77.450453,18.441804],[77.450334,18.441782],[77.450318,18.441778]]}},{"type":"Feature","properties":{"sol":109,"len_m":51.6,"date":"2021-06-10"},"geometry":{"type":"LineString","coordinates":[[77.450318,18.441778],[77.450219,18.441711],[77.450113,18.441593],[77.450025,18.441487],[77.449939,18.441382],[77.449852,18.441275],[77.449779,18.441186],[77.449725,18.44112]]}},{"type":"Feature","properties":{"sol":110,"len_m":56.9,"date":"2021-06-11"},"geometry":{"type":"LineString","coordinates":[[77.449725,18.44112],[77.449765,18.440992],[77.449806,18.440864],[77.449788,18.440678],[77.449756,18.440548],[77.449724,18.440418],[77.449691,18.440288],[77.449644,18.440199]]}},{"type":"Feature","properties":{"sol":113,"len_m":35.8,"date":"2021-06-14"},"geometry":{"type":"LineString","coordinates":[[77.449644,18.440199],[77.449649,18.440067],[77.449621,18.439967],[77.449583,18.439805],[77.449556,18.439691],[77.449538,18.439611]]}},{"type":"Feature","properties":{"sol":116,"len_m":46.3,"date":"2021-06-17"},"geometry":{"type":"LineString","coordinates":[[77.449538,18.439611],[77.449626,18.439509],[77.449704,18.43942],[77.449685,18.439273],[77.449653,18.439162],[77.449523,18.439111],[77.449422,18.439074],[77.449402,18.439069]]}},{"type":"Feature","properties":{"sol":122,"len_m":30.4,"date":"2021-06-23"},"geometry":{"type":"LineString","coordinates":[[77.449402,18.439069],[77.449409,18.439296],[77.449391,18.439421],[77.449411,18.439571],[77.449411,18.439571]]}},{"type":"Feature","properties":{"sol":123,"len_m":72.8,"date":"2021-06-24"},"geometry":{"type":"LineString","coordinates":[[77.449411,18.439571],[77.44948,18.439454],[77.44954,18.439352],[77.449484,18.439226],[77.449426,18.439106],[77.449428,18.438933],[77.449449,18.438821],[77.449513,18.438699],[77.449579,18.43858],[77.449629,18.438475],[77.449635,18.438459]]}},{"type":"Feature","properties":{"sol":124,"len_m":8.2,"date":"2021-06-25"},"geometry":{"type":"LineString","coordinates":[[77.449635,18.438459],[77.449577,18.438368],[77.44956,18.438341]]}},{"type":"Feature","properties":{"sol":126,"len_m":24.7,"date":"2021-06-27"},"geometry":{"type":"LineString","coordinates":[[77.44956,18.438341],[77.449685,18.438283],[77.449783,18.438136],[77.44982,18.438041]]}},{"type":"Feature","properties":{"sol":127,"len_m":40.4,"date":"2021-06-28"},"geometry":{"type":"LineString","coordinates":[[77.44982,18.438041],[77.449876,18.437839],[77.449906,18.437711],[77.449939,18.437581],[77.449972,18.437452],[77.449959,18.437381]]}},{"type":"Feature","properties":{"sol":128,"len_m":2.8,"date":"2021-06-29"},"geometry":{"type":"LineString","coordinates":[[77.449959,18.437381],[77.449965,18.437429]]}},{"type":"Feature","properties":{"sol":129,"len_m":51.4,"date":"2021-06-30"},"geometry":{"type":"LineString","coordinates":[[77.449965,18.437429],[77.450082,18.437447],[77.450212,18.437391],[77.450348,18.437288],[77.45044,18.437191],[77.450489,18.437098],[77.450445,18.437001],[77.450411,18.437044]]}},{"type":"Feature","properties":{"sol":130,"len_m":125.5,"date":"2021-07-01"},"geometry":{"type":"LineString","coordinates":[[77.450411,18.437044],[77.450552,18.437093],[77.450696,18.43705],[77.450807,18.436995],[77.450966,18.43694],[77.451068,18.436885],[77.451176,18.436836],[77.451283,18.436788],[77.45143,18.436644],[77.45148,18.436523],[77.451537,18.436429],[77.451639,18.436334],[77.451677,18.436227],[77.451702,18.436115],[77.451726,18.435984],[77.451743,18.435852],[77.451725,18.435755]]}},{"type":"Feature","properties":{"sol":131,"len_m":105.8,"date":"2021-07-02"},"geometry":{"type":"LineString","coordinates":[[77.451725,18.435755],[77.451771,18.435629],[77.451816,18.43546],[77.451854,18.435352],[77.451893,18.435244],[77.451995,18.43506],[77.452014,18.434949],[77.452003,18.434834],[77.451993,18.43472],[77.451976,18.434608],[77.451975,18.434431],[77.452001,18.434304],[77.452012,18.434189],[77.452039,18.43408],[77.452047,18.434032]]}},{"type":"Feature","properties":{"sol":134,"len_m":94.7,"date":"2021-07-05"},"geometry":{"type":"LineString","coordinates":[[77.452047,18.434032],[77.452057,18.433931],[77.452069,18.433789],[77.452081,18.433672],[77.452094,18.433555],[77.452106,18.433439],[77.452095,18.433262],[77.452102,18.433148],[77.452119,18.433032],[77.452123,18.432918],[77.452177,18.432713],[77.452224,18.43259],[77.452294,18.432475]]}},{"type":"Feature","properties":{"sol":135,"len_m":104.2,"date":"2021-07-06"},"geometry":{"type":"LineString","coordinates":[[77.452294,18.432475],[77.45234,18.43237],[77.45248,18.432211],[77.452513,18.432109],[77.452563,18.431987],[77.452599,18.431878],[77.452639,18.431751],[77.452679,18.431623],[77.452728,18.431499],[77.45263,18.431432],[77.452466,18.431307],[77.452369,18.431242],[77.452257,18.431193],[77.452149,18.431137]]}},{"type":"Feature","properties":{"sol":136,"len_m":36.4,"date":"2021-07-07"},"geometry":{"type":"LineString","coordinates":[[77.452149,18.431137],[77.452072,18.431025],[77.452044,18.430914],[77.452068,18.43074],[77.452049,18.430582],[77.452044,18.430565]]}},{"type":"Feature","properties":{"sol":137,"len_m":37.5,"date":"2021-07-08"},"geometry":{"type":"LineString","coordinates":[[77.452044,18.430565],[77.45203,18.430452],[77.452085,18.430288],[77.452115,18.43015],[77.45215,18.429995],[77.452151,18.429979]]}},{"type":"Feature","properties":{"sol":153,"len_m":99.6,"date":"2021-07-25"},"geometry":{"type":"LineString","coordinates":[[77.452151,18.429979],[77.452147,18.429846],[77.45217,18.429665],[77.452187,18.429549],[77.452203,18.429434],[77.452221,18.429319],[77.452244,18.429188],[77.452267,18.429075],[77.452253,18.428944],[77.452228,18.428831],[77.452192,18.428721],[77.452155,18.428611],[77.452114,18.428502],[77.452047,18.428391],[77.452029,18.428372]]}},{"type":"Feature","properties":{"sol":155,"len_m":44.5,"date":"2021-07-27"},"geometry":{"type":"LineString","coordinates":[[77.452029,18.428372],[77.451886,18.428268],[77.451779,18.428126],[77.451719,18.428024],[77.451659,18.427922],[77.451601,18.42782],[77.451576,18.427777]]}},{"type":"Feature","properties":{"sol":157,"len_m":6.6,"date":"2021-07-29"},"geometry":{"type":"LineString","coordinates":[[77.451576,18.427777],[77.45165,18.427695]]}},{"type":"Feature","properties":{"sol":168,"len_m":31.9,"date":"2021-08-09"},"geometry":{"type":"LineString","coordinates":[[77.45165,18.427695],[77.451604,18.427589],[77.451632,18.427466],[77.451623,18.427357],[77.451607,18.427255],[77.451607,18.427253]]}},{"type":"Feature","properties":{"sol":169,"len_m":53.2,"date":"2021-08-10"},"geometry":{"type":"LineString","coordinates":[[77.451607,18.427253],[77.451498,18.42737],[77.451356,18.427464],[77.451231,18.427553],[77.45108,18.427588],[77.450959,18.427611],[77.450839,18.427635],[77.450806,18.427642]]}},{"type":"Feature","properties":{"sol":170,"len_m":104.5,"date":"2021-08-11"},"geometry":{"type":"LineString","coordinates":[[77.450806,18.427642],[77.450668,18.427665],[77.450502,18.427705],[77.450402,18.427767],[77.450304,18.427834],[77.450194,18.427877],[77.450012,18.427895],[77.449932,18.427977],[77.449848,18.428061],[77.449756,18.428114],[77.449646,18.42817],[77.44952,18.428233],[77.449396,18.428296],[77.449281,18.428373],[77.449202,18.42844]]}},{"type":"Feature","properties":{"sol":171,"len_m":111.9,"date":"2021-08-12"},"geometry":{"type":"LineString","coordinates":[[77.449202,18.42844],[77.449188,18.428544],[77.449069,18.428645],[77.448957,18.428696],[77.448845,18.428746],[77.448735,18.428799],[77.448608,18.428856],[77.448486,18.428922],[77.448383,18.428984],[77.448274,18.429036],[77.448134,18.429105],[77.448049,18.429189],[77.447966,18.429278],[77.447873,18.429379],[77.447802,18.429455],[77.447677,18.429548]]}},{"type":"Feature","properties":{"sol":173,"len_m":39.2,"date":"2021-08-15"},"geometry":{"type":"LineString","coordinates":[[77.447677,18.429548],[77.44751,18.429556],[77.447378,18.429505],[77.447233,18.429542],[77.447089,18.429597],[77.447046,18.429612]]}},{"type":"Feature","properties":{"sol":175,"len_m":20.7,"date":"2021-08-17"},"geometry":{"type":"LineString","coordinates":[[77.447046,18.429612],[77.446928,18.429681],[77.446823,18.429732],[77.446793,18.429662]]}},{"type":"Feature","properties":{"sol":177,"len_m":93.9,"date":"2021-08-19"},"geometry":{"type":"LineString","coordinates":[[77.446793,18.429662],[77.446685,18.42981],[77.446507,18.429907],[77.446404,18.429971],[77.446299,18.430031],[77.446177,18.430097],[77.446054,18.430163],[77.445949,18.430222],[77.44583,18.430292],[77.445698,18.430374],[77.445581,18.430446],[77.445462,18.430512],[77.445455,18.430514]]}},{"type":"Feature","properties":{"sol":178,"len_m":81.8,"date":"2021-08-20"},"geometry":{"type":"LineString","coordinates":[[77.445455,18.430514],[77.445451,18.430622],[77.445324,18.430662],[77.445214,18.430703],[77.445084,18.430746],[77.444952,18.430778],[77.444813,18.430829],[77.444716,18.430896],[77.444587,18.43098],[77.444471,18.430989],[77.444404,18.430893],[77.444311,18.430826]]}},{"type":"Feature","properties":{"sol":180,"len_m":11.0,"date":"2021-08-22"},"geometry":{"type":"LineString","coordinates":[[77.444311,18.430826],[77.44442,18.430742],[77.444366,18.430739]]}},{"type":"Feature","properties":{"sol":199,"len_m":72.7,"date":"2021-09-10"},"geometry":{"type":"LineString","coordinates":[[77.444366,18.430739],[77.44423,18.430851],[77.444123,18.4309],[77.444008,18.430933],[77.443841,18.430979],[77.443738,18.431033],[77.443634,18.431093],[77.443527,18.43115],[77.443406,18.431211],[77.443324,18.43123]]}},{"type":"Feature","properties":{"sol":200,"len_m":169.5,"date":"2021-09-11"},"geometry":{"type":"LineString","coordinates":[[77.443324,18.43123],[77.44321,18.43127],[77.443068,18.43133],[77.442955,18.431373],[77.442844,18.431417],[77.44274,18.431466],[77.442635,18.431515],[77.442511,18.43157],[77.442381,18.431607],[77.442248,18.431647],[77.442082,18.431699],[77.441962,18.431763],[77.441868,18.431832],[77.441679,18.431906],[77.441573,18.431958],[77.441463,18.432005],[77.44135,18.432051],[77.441243,18.432105],[77.441134,18.432186],[77.441008,18.432271],[77.440918,18.432351],[77.440816,18.432442],[77.440687,18.432548]]}},{"type":"Feature","properties":{"sol":201,"len_m":41.9,"date":"2021-09-12"},"geometry":{"type":"LineString","coordinates":[[77.440687,18.432548],[77.440793,18.43253],[77.44083,18.432628],[77.440979,18.43268],[77.441156,18.432701],[77.44127,18.432703],[77.441287,18.432702]]}},{"type":"Feature","properties":{"sol":202,"len_m":44.8,"date":"2021-09-13"},"geometry":{"type":"LineString","coordinates":[[77.441287,18.432702],[77.441368,18.432816],[77.441451,18.432947],[77.441579,18.433008],[77.441671,18.433131],[77.441752,18.43326],[77.441761,18.433273]]}},{"type":"Feature","properties":{"sol":203,"len_m":29.4,"date":"2021-09-14"},"geometry":{"type":"LineString","coordinates":[[77.441761,18.433273],[77.441913,18.433301],[77.442081,18.43328],[77.442225,18.43333],[77.442248,18.433334]]}},{"type":"Feature","properties":{"sol":204,"len_m":16.5,"date":"2021-09-15"},"geometry":{"type":"LineString","coordinates":[[77.442248,18.433334],[77.442441,18.433351],[77.44241,18.433398]]}},{"type":"Feature","properties":{"sol":210,"len_m":52.4,"date":"2021-09-22"},"geometry":{"type":"LineString","coordinates":[[77.44241,18.433398],[77.442239,18.433325],[77.441999,18.433485],[77.442037,18.433621],[77.442083,18.433714],[77.442121,18.433785]]}},{"type":"Feature","properties":{"sol":237,"len_m":32.5,"date":"2021-10-19"},"geometry":{"type":"LineString","coordinates":[[77.442121,18.433785],[77.442251,18.433793],[77.442368,18.433841],[77.442534,18.433889],[77.442663,18.433912]]}},{"type":"Feature","properties":{"sol":238,"len_m":17.9,"date":"2021-10-20"},"geometry":{"type":"LineString","coordinates":[[77.442663,18.433912],[77.442796,18.433927],[77.442938,18.433873],[77.44296,18.433866]]}},{"type":"Feature","properties":{"sol":239,"len_m":11.7,"date":"2021-10-21"},"geometry":{"type":"LineString","coordinates":[[77.44296,18.433866],[77.443013,18.433959],[77.443012,18.433961]]}},{"type":"Feature","properties":{"sol":248,"len_m":0.7,"date":"2021-10-31"},"geometry":{"type":"LineString","coordinates":[[77.443012,18.433961],[77.443019,18.433964]]}},{"type":"Feature","properties":{"sol":278,"len_m":6.3,"date":"2021-11-30"},"geometry":{"type":"LineString","coordinates":[[77.443019,18.433964],[77.443059,18.433926]]}},{"type":"Feature","properties":{"sol":280,"len_m":36.3,"date":"2021-12-02"},"geometry":{"type":"LineString","coordinates":[[77.443059,18.433926],[77.442839,18.433935],[77.442673,18.433907],[77.442545,18.433885],[77.442435,18.433875]]}},{"type":"Feature","properties":{"sol":281,"len_m":36.3,"date":"2021-12-03"},"geometry":{"type":"LineString","coordinates":[[77.442435,18.433875],[77.442308,18.433827],[77.442173,18.433664],[77.442095,18.433518],[77.442025,18.433442]]}},{"type":"Feature","properties":{"sol":283,"len_m":4.0,"date":"2021-12-05"},"geometry":{"type":"LineString","coordinates":[[77.442025,18.433442],[77.442081,18.433461]]}},{"type":"Feature","properties":{"sol":285,"len_m":62.5,"date":"2021-12-08"},"geometry":{"type":"LineString","coordinates":[[77.442081,18.433461],[77.441924,18.433447],[77.441788,18.433274],[77.441724,18.433119],[77.441659,18.43297],[77.441563,18.432876],[77.441464,18.432784],[77.441448,18.432771]]}},{"type":"Feature","properties":{"sol":286,"len_m":8.0,"date":"2021-12-09"},"geometry":{"type":"LineString","coordinates":[[77.441448,18.432771],[77.441391,18.432674],[77.441373,18.432661]]}},{"type":"Feature","properties":{"sol":328,"len_m":4.3,"date":"2022-01-21"},"geometry":{"type":"LineString","coordinates":[[77.441373,18.432661],[77.441411,18.432602]]}},{"type":"Feature","properties":{"sol":333,"len_m":13.5,"date":"2022-01-26"},"geometry":{"type":"LineString","coordinates":[[77.441411,18.432602],[77.441348,18.432606]]}},{"type":"Feature","properties":{"sol":335,"len_m":9.0,"date":"2022-01-28"},"geometry":{"type":"LineString","coordinates":[[77.441348,18.432606],[77.441314,18.432609]]}},{"type":"Feature","properties":{"sol":340,"len_m":238.5,"date":"2022-02-02"},"geometry":{"type":"LineString","coordinates":[[77.441314,18.432609],[77.441162,18.43263],[77.441028,18.432677],[77.440891,18.432674],[77.440813,18.432594],[77.44076,18.432494],[77.440712,18.432388],[77.440688,18.432273],[77.440699,18.432158],[77.440717,18.432031],[77.440805,18.43193],[77.440886,18.431846],[77.440954,18.431768],[77.441055,18.431672],[77.441152,18.43155],[77.441237,18.431489],[77.441396,18.43136],[77.441469,18.431285],[77.441553,18.431199],[77.441677,18.431082],[77.441779,18.43102],[77.441893,18.430973],[77.442023,18.430919],[77.442155,18.430928],[77.44231,18.430903],[77.442437,18.430865],[77.442555,18.430829],[77.442671,18.430787],[77.442793,18.430722],[77.442911,18.430688],[77.443063,18.430718],[77.443187,18.430713],[77.443187,18.430713]]}},{"type":"Feature","properties":{"sol":341,"len_m":240.6,"date":"2022-02-03"},"geometry":{"type":"LineString","coordinates":[[77.443187,18.430713],[77.443328,18.430717],[77.443538,18.430721],[77.443662,18.430725],[77.443784,18.430722],[77.443907,18.430727],[77.444034,18.430762],[77.444154,18.430732],[77.444267,18.430768],[77.444357,18.430844],[77.444461,18.430895],[77.444599,18.430885],[77.444705,18.430829],[77.444866,18.430818],[77.444964,18.430746],[77.445056,18.430667],[77.44521,18.430594],[77.44533,18.430523],[77.445414,18.430438],[77.445504,18.430383],[77.44563,18.430344],[77.445705,18.430254],[77.445788,18.43019],[77.445932,18.430077],[77.446039,18.429974],[77.446157,18.429937],[77.446263,18.429947],[77.446376,18.429902],[77.446536,18.429831],[77.44669,18.429794],[77.446748,18.42977]]}},{"type":"Feature","properties":{"sol":342,"len_m":12.8,"date":"2022-02-04"},"geometry":{"type":"LineString","coordinates":[[77.446748,18.42977],[77.446876,18.429713],[77.446953,18.429678]]}},{"type":"Feature","properties":{"sol":343,"len_m":19.2,"date":"2022-02-05"},"geometry":{"type":"LineString","coordinates":[[77.446953,18.429678],[77.447048,18.429631],[77.447103,18.429538],[77.44704,18.429456]]}},{"type":"Feature","properties":{"sol":350,"len_m":92.4,"date":"2022-02-12"},"geometry":{"type":"LineString","coordinates":[[77.44704,18.429456],[77.447146,18.429547],[77.447263,18.42957],[77.447408,18.429518],[77.447512,18.429484],[77.447622,18.429435],[77.447722,18.429371],[77.447857,18.429251],[77.447953,18.429205],[77.448124,18.429187],[77.448225,18.429122],[77.448312,18.42904],[77.448406,18.42899],[77.448408,18.428975]]}},{"type":"Feature","properties":{"sol":351,"len_m":406.2,"date":"2022-02-12"},"geometry":{"type":"LineString","coordinates":[[77.44704,18.429456],[77.447146,18.429547],[77.447263,18.42957],[77.447408,18.429518],[77.447512,18.429484],[77.447622,18.429435],[77.447722,18.429371],[77.447857,18.429251],[77.447953,18.429205],[77.448124,18.429187],[77.448225,18.429122],[77.448312,18.42904],[77.448406,18.42899],[77.448496,18.428876],[77.448583,18.428817],[77.448681,18.428745],[77.448806,18.428682],[77.448892,18.428622],[77.449029,18.428551],[77.449168,18.428483],[77.449268,18.42839],[77.449369,18.428321],[77.449539,18.428234],[77.449652,18.428193],[77.449764,18.428152],[77.449876,18.428109],[77.449997,18.428048],[77.450054,18.427952],[77.450031,18.427849],[77.450087,18.427748],[77.450176,18.42767],[77.450279,18.427612],[77.45039,18.427573],[77.450519,18.427532],[77.450627,18.427482],[77.450762,18.427484],[77.450878,18.427522],[77.450988,18.427571],[77.451095,18.427626],[77.451191,18.427696],[77.451285,18.427769],[77.451382,18.427843],[77.451481,18.427912],[77.451574,18.427963],[77.451681,18.428018],[77.45177,18.428095],[77.451828,18.428196],[77.451889,18.428297],[77.451949,18.428398],[77.452008,18.4285],[77.452068,18.428601],[77.452121,18.428705],[77.452172,18.42881],[77.452231,18.42893],[77.452291,18.42905],[77.452351,18.429169],[77.452363,18.429209]]}},{"type":"Feature","properties":{"sol":352,"len_m":488.5,"date":"2022-02-12"},"geometry":{"type":"LineString","coordinates":[[77.44704,18.429456],[77.447146,18.429547],[77.447263,18.42957],[77.447408,18.429518],[77.447512,18.429484],[77.447622,18.429435],[77.447722,18.429371],[77.447857,18.429251],[77.447953,18.429205],[77.448124,18.429187],[77.448225,18.429122],[77.448312,18.42904],[77.448406,18.42899],[77.448496,18.428876],[77.448583,18.428817],[77.448681,18.428745],[77.448806,18.428682],[77.448892,18.428622],[77.449029,18.428551],[77.449168,18.428483],[77.449268,18.42839],[77.449369,18.428321],[77.449539,18.428234],[77.449652,18.428193],[77.449764,18.428152],[77.449876,18.428109],[77.449997,18.428048],[77.450054,18.427952],[77.450031,18.427849],[77.450087,18.427748],[77.450176,18.42767],[77.450279,18.427612],[77.45039,18.427573],[77.450519,18.427532],[77.450627,18.427482],[77.450762,18.427484],[77.450878,18.427522],[77.450988,18.427571],[77.451095,18.427626],[77.451191,18.427696],[77.451285,18.427769],[77.451382,18.427843],[77.451481,18.427912],[77.451574,18.427963],[77.451681,18.428018],[77.45177,18.428095],[77.451828,18.428196],[77.451889,18.428297],[77.451949,18.428398],[77.452008,18.4285],[77.452068,18.428601],[77.452121,18.428705],[77.452172,18.42881],[77.452231,18.42893],[77.452291,18.42905],[77.452351,18.429169],[77.452363,18.429291],[77.452337,18.429405],[77.452304,18.429515],[77.452269,18.429627],[77.452227,18.42975],[77.452184,18.429891],[77.452186,18.430007],[77.452187,18.430121],[77.452175,18.430243],[77.452304,18.43021],[77.452307,18.430214]]}},{"type":"Feature","properties":{"sol":353,"len_m":212.3,"date":"2022-02-15"},"geometry":{"type":"LineString","coordinates":[[77.452307,18.430214],[77.452172,18.430237],[77.45204,18.43027],[77.452029,18.430386],[77.452045,18.430495],[77.452064,18.430606],[77.452091,18.430733],[77.452077,18.430856],[77.452086,18.430962],[77.452141,18.431096],[77.452227,18.431209],[77.452317,18.431276],[77.452424,18.431288],[77.452522,18.431339],[77.452629,18.431499],[77.452596,18.431605],[77.452531,18.431696],[77.452612,18.431788],[77.45259,18.4319],[77.452572,18.432027],[77.452554,18.432158],[77.452518,18.432284],[77.452468,18.432385],[77.452318,18.432439],[77.452244,18.432546],[77.452197,18.432654],[77.452151,18.432762],[77.452113,18.432853]]}},{"type":"Feature","properties":{"sol":354,"len_m":186.8,"date":"2022-02-16"},"geometry":{"type":"LineString","coordinates":[[77.452113,18.432853],[77.452051,18.432952],[77.45202,18.433061],[77.452007,18.433165],[77.452006,18.433278],[77.452017,18.433389],[77.452032,18.433502],[77.452048,18.433617],[77.452066,18.433748],[77.452085,18.433878],[77.452106,18.434008],[77.452129,18.434138],[77.452149,18.434267],[77.452148,18.434378],[77.452123,18.43449],[77.452093,18.4346],[77.452058,18.434709],[77.452022,18.43485],[77.451986,18.435005],[77.451971,18.435117],[77.451954,18.435245],[77.451936,18.435355],[77.451911,18.435465],[77.451869,18.43558],[77.451822,18.435705],[77.451794,18.435836],[77.451776,18.435927]]}},{"type":"Feature","properties":{"sol":355,"len_m":269.1,"date":"2022-02-17"},"geometry":{"type":"LineString","coordinates":[[77.451776,18.435927],[77.451709,18.436023],[77.45167,18.436124],[77.451667,18.436237],[77.451657,18.436345],[77.451615,18.436449],[77.451562,18.436554],[77.45151,18.436659],[77.451456,18.436762],[77.451401,18.436865],[77.451351,18.436966],[77.451301,18.437086],[77.451243,18.437225],[77.451229,18.437337],[77.451213,18.437453],[77.451195,18.437567],[77.451175,18.437681],[77.451152,18.437792],[77.451117,18.437901],[77.451077,18.438042],[77.451025,18.438144],[77.450964,18.438245],[77.450911,18.438347],[77.450856,18.438517],[77.450875,18.43863],[77.450894,18.438745],[77.450917,18.438856],[77.450943,18.438967],[77.450938,18.439084],[77.450941,18.439217],[77.450967,18.439344],[77.45096,18.439475],[77.451024,18.439564],[77.451107,18.43964],[77.451185,18.439747],[77.451257,18.439858],[77.451382,18.439969],[77.451456,18.440074],[77.451463,18.440088]]}},{"type":"Feature","properties":{"sol":358,"len_m":43.8,"date":"2022-02-21"},"geometry":{"type":"LineString","coordinates":[[77.451463,18.440088],[77.451547,18.440192],[77.451629,18.440298],[77.451708,18.440399],[77.451787,18.440474],[77.451846,18.4406],[77.451896,18.440688]]}},{"type":"Feature","properties":{"sol":359,"len_m":44.1,"date":"2022-02-21"},"geometry":{"type":"LineString","coordinates":[[77.451463,18.440088],[77.451547,18.440192],[77.451629,18.440298],[77.451708,18.440399],[77.451787,18.440474],[77.451846,18.4406],[77.451893,18.44069]]}},{"type":"Feature","properties":{"sol":360,"len_m":204.7,"date":"2022-02-23"},"geometry":{"type":"LineString","coordinates":[[77.451893,18.44069],[77.451984,18.44075],[77.452088,18.440832],[77.452161,18.440914],[77.452188,18.441027],[77.452176,18.441139],[77.452141,18.441248],[77.452093,18.441372],[77.452054,18.441481],[77.452017,18.441609],[77.451962,18.441746],[77.451919,18.441853],[77.451857,18.44197],[77.451786,18.442102],[77.451737,18.44222],[77.451737,18.442336],[77.451753,18.442449],[77.451775,18.442563],[77.451799,18.442692],[77.451821,18.442805],[77.451848,18.442935],[77.451877,18.443066],[77.451888,18.44318],[77.45192,18.443293],[77.451972,18.443417],[77.452012,18.443561],[77.452047,18.443684],[77.452104,18.443784],[77.452171,18.443856]]}},{"type":"Feature","properties":{"sol":361,"len_m":19.4,"date":"2022-02-24"},"geometry":{"type":"LineString","coordinates":[[77.452171,18.443856],[77.452271,18.443915],[77.452376,18.443938],[77.452438,18.443894]]}},{"type":"Feature","properties":{"sol":362,"len_m":9.4,"date":"2022-02-25"},"geometry":{"type":"LineString","coordinates":[[77.452438,18.443894],[77.452434,18.443902]]}},{"type":"Feature","properties":{"sol":379,"len_m":198.8,"date":"2022-03-14"},"geometry":{"type":"LineString","coordinates":[[77.452434,18.443902],[77.45223,18.443833],[77.452041,18.443876],[77.451961,18.443944],[77.451875,18.444023],[77.451775,18.444085],[77.451668,18.444142],[77.451545,18.444203],[77.451418,18.444252],[77.451294,18.444305],[77.451238,18.444406],[77.451216,18.44452],[77.4512,18.444634],[77.451201,18.444749],[77.45124,18.444875],[77.451268,18.444988],[77.451282,18.445118],[77.451311,18.445231],[77.451336,18.445378],[77.45134,18.445493],[77.45134,18.445624],[77.451344,18.445756],[77.451361,18.445883],[77.451367,18.445995],[77.4514,18.446103],[77.451458,18.446204],[77.451474,18.446228]]}},{"type":"Feature","properties":{"sol":380,"len_m":252.1,"date":"2022-03-15"},"geometry":{"type":"LineString","coordinates":[[77.451474,18.446228],[77.451553,18.446334],[77.451618,18.446462],[77.451684,18.446566],[77.451734,18.446669],[77.451785,18.446775],[77.451835,18.446881],[77.451881,18.446989],[77.451931,18.447115],[77.451995,18.447234],[77.452017,18.447333],[77.452005,18.447447],[77.452054,18.44755],[77.452161,18.447646],[77.452278,18.447682],[77.45239,18.447725],[77.452503,18.44777],[77.452604,18.447834],[77.452694,18.447913],[77.452784,18.447991],[77.452888,18.44808],[77.452944,18.448211],[77.453001,18.448307],[77.453034,18.448408],[77.453151,18.448428],[77.453264,18.44847],[77.453303,18.448572],[77.453383,18.448653],[77.453521,18.44868],[77.453661,18.448672],[77.45379,18.448722],[77.453885,18.448796],[77.454047,18.448852],[77.454156,18.448904],[77.454263,18.448962],[77.454325,18.448995]]}},{"type":"Feature","properties":{"sol":381,"len_m":252.1,"date":"2022-03-15"},"geometry":{"type":"LineString","coordinates":[[77.451474,18.446228],[77.451553,18.446334],[77.451618,18.446462],[77.451684,18.446566],[77.451734,18.446669],[77.451785,18.446775],[77.451835,18.446881],[77.451881,18.446989],[77.451931,18.447115],[77.451995,18.447234],[77.452017,18.447333],[77.452005,18.447447],[77.452054,18.44755],[77.452161,18.447646],[77.452278,18.447682],[77.45239,18.447725],[77.452503,18.44777],[77.452604,18.447834],[77.452694,18.447913],[77.452784,18.447991],[77.452888,18.44808],[77.452944,18.448211],[77.453001,18.448307],[77.453034,18.448408],[77.453151,18.448428],[77.453264,18.44847],[77.453303,18.448572],[77.453383,18.448653],[77.453521,18.44868],[77.453661,18.448672],[77.45379,18.448722],[77.453885,18.448796],[77.454047,18.448852],[77.454156,18.448904],[77.454263,18.448962],[77.454325,18.448996]]}},{"type":"Feature","properties":{"sol":382,"len_m":293.6,"date":"2022-03-17"},"geometry":{"type":"LineString","coordinates":[[77.454325,18.448996],[77.454396,18.449092],[77.454521,18.449176],[77.454654,18.449221],[77.454769,18.44926],[77.454885,18.4493],[77.455115,18.449387],[77.455377,18.449483],[77.455584,18.449575],[77.45578,18.449647],[77.455968,18.449738],[77.456081,18.449816],[77.456225,18.449911],[77.456397,18.449995],[77.456677,18.450082],[77.456826,18.45017],[77.456952,18.45023],[77.457078,18.450289],[77.457276,18.45039],[77.457402,18.450478],[77.457501,18.450539],[77.45784,18.450676],[77.458207,18.450864],[77.458392,18.450963],[77.458571,18.451034],[77.458727,18.451064],[77.458847,18.451135],[77.458941,18.451199],[77.45894,18.4512]]}},{"type":"Feature","properties":{"sol":383,"len_m":233.3,"date":"2022-03-18"},"geometry":{"type":"LineString","coordinates":[[77.45894,18.4512],[77.459033,18.451279],[77.459132,18.451346],[77.459238,18.451404],[77.459337,18.451443],[77.459458,18.45151],[77.459567,18.451584],[77.459675,18.451633],[77.459774,18.451698],[77.4599,18.451758],[77.460022,18.451759],[77.46014,18.451828],[77.460259,18.451852],[77.46038,18.45187],[77.460534,18.452003],[77.460603,18.4521],[77.460673,18.452215],[77.460757,18.4523],[77.460828,18.452396],[77.460885,18.452497],[77.46095,18.452596],[77.461057,18.452727],[77.46115,18.452802],[77.461247,18.452875],[77.461354,18.45296],[77.461461,18.453047],[77.461566,18.453134],[77.461674,18.45322],[77.461782,18.453305],[77.46185,18.453449],[77.46186,18.453564],[77.461859,18.453672],[77.461859,18.453671]]}},{"type":"Feature","properties":{"sol":384,"len_m":208.3,"date":"2022-03-19"},"geometry":{"type":"LineString","coordinates":[[77.461859,18.453671],[77.461894,18.453781],[77.461861,18.453891],[77.461824,18.454002],[77.461803,18.454114],[77.461829,18.454225],[77.461824,18.454338],[77.461784,18.454444],[77.461786,18.454574],[77.46183,18.454686],[77.46186,18.454815],[77.461832,18.454914],[77.46182,18.45502],[77.461847,18.455141],[77.461896,18.455299],[77.461923,18.455411],[77.461951,18.455524],[77.461973,18.455623],[77.462012,18.455731],[77.462045,18.455841],[77.462089,18.455943],[77.462122,18.456049],[77.462116,18.456164],[77.462075,18.45631],[77.462046,18.456424],[77.462017,18.456572],[77.462011,18.456706],[77.462014,18.45687],[77.462011,18.456987],[77.462005,18.45707]]}},{"type":"Feature","properties":{"sol":385,"len_m":13.9,"date":"2022-03-20"},"geometry":{"type":"LineString","coordinates":[[77.462005,18.45707],[77.46199,18.457181],[77.461945,18.457275],[77.461937,18.457289]]}},{"type":"Feature","properties":{"sol":386,"len_m":234.9,"date":"2022-03-21"},"geometry":{"type":"LineString","coordinates":[[77.461937,18.457289],[77.461912,18.457522],[77.461865,18.457663],[77.461818,18.457792],[77.461748,18.457994],[77.461705,18.458121],[77.461715,18.458251],[77.461803,18.458349],[77.461887,18.458489],[77.461994,18.45864],[77.462071,18.458728],[77.462156,18.458804],[77.462251,18.458899],[77.462363,18.459004],[77.462519,18.459157],[77.462623,18.459266],[77.4627,18.459431],[77.462861,18.459704],[77.462924,18.459838],[77.462977,18.460195],[77.463068,18.46044],[77.463115,18.460571],[77.463129,18.460701],[77.463133,18.460791]]}},{"type":"Feature","properties":{"sol":387,"len_m":259.6,"date":"2022-03-22"},"geometry":{"type":"LineString","coordinates":[[77.463133,18.460791],[77.463089,18.460895],[77.463046,18.461004],[77.463037,18.461119],[77.462986,18.461276],[77.462927,18.461394],[77.462867,18.461495],[77.462799,18.461627],[77.462733,18.461721],[77.462697,18.461881],[77.462694,18.462015],[77.462726,18.462209],[77.46279,18.462553],[77.462804,18.462736],[77.462832,18.463086],[77.462843,18.46322],[77.462831,18.463417],[77.462706,18.463692],[77.462572,18.463819],[77.462474,18.463915],[77.462372,18.463976],[77.462168,18.464077],[77.462072,18.464151],[77.461927,18.464245],[77.461785,18.464313],[77.461666,18.464397],[77.461579,18.464476],[77.461579,18.464476]]}},{"type":"Feature","properties":{"sol":388,"len_m":253.8,"date":"2022-03-23"},"geometry":{"type":"LineString","coordinates":[[77.461579,18.464476],[77.461523,18.4646],[77.461435,18.464752],[77.461368,18.464849],[77.461297,18.464945],[77.461215,18.465055],[77.461134,18.465165],[77.461054,18.465274],[77.460973,18.465384],[77.46088,18.465505],[77.460806,18.465599],[77.460722,18.465707],[77.460639,18.465815],[77.460556,18.465924],[77.460474,18.466033],[77.460393,18.466143],[77.460286,18.466277],[77.460185,18.466345],[77.460075,18.466396],[77.459953,18.466411],[77.459831,18.466416],[77.459712,18.46644],[77.459595,18.466468],[77.459489,18.466526],[77.459386,18.466588],[77.459266,18.466656],[77.459145,18.466723],[77.459037,18.466807],[77.458928,18.466893],[77.458802,18.466982],[77.458687,18.467022],[77.458558,18.467075],[77.458434,18.467136],[77.458351,18.467198]]}},{"type":"Feature","properties":{"sol":389,"len_m":239.3,"date":"2022-03-24"},"geometry":{"type":"LineString","coordinates":[[77.458351,18.467198],[77.458244,18.467256],[77.458136,18.467311],[77.458024,18.467361],[77.457912,18.46741],[77.457808,18.467472],[77.457705,18.467538],[77.457569,18.467615],[77.45746,18.467671],[77.457342,18.467744],[77.457214,18.467802],[77.457068,18.467863],[77.456944,18.467864],[77.456804,18.467853],[77.456667,18.46787],[77.456545,18.467906],[77.456462,18.46801],[77.456355,18.46807],[77.456245,18.468122],[77.456119,18.468182],[77.455994,18.468242],[77.455858,18.468272],[77.455736,18.468278],[77.455617,18.468279],[77.455495,18.468271],[77.455357,18.468282],[77.455243,18.468317],[77.455093,18.468336],[77.45498,18.468312],[77.454827,18.468276],[77.454711,18.468304],[77.454555,18.468315],[77.454441,18.468297]]}},{"type":"Feature","properties":{"sol":394,"len_m":128.8,"date":"2022-03-25"},"geometry":{"type":"LineString","coordinates":[[77.454441,18.468297],[77.45432,18.468279],[77.454198,18.468271],[77.454075,18.468262],[77.453951,18.468252],[77.453827,18.468243],[77.453704,18.468235],[77.453579,18.46823],[77.453438,18.468225],[77.453298,18.468218],[77.45316,18.468208],[77.453023,18.468216],[77.452883,18.468206],[77.452741,18.468205],[77.452581,18.468217],[77.452457,18.468222],[77.452316,18.46822],[77.452158,18.468208]]}},{"type":"Feature","properties":{"sol":395,"len_m":197.6,"date":"2022-03-31"},"geometry":{"type":"LineString","coordinates":[[77.452158,18.468208],[77.451861,18.468198],[77.451704,18.468199],[77.451567,18.468166],[77.451432,18.468126],[77.451299,18.468086],[77.451164,18.468048],[77.451044,18.468027],[77.450873,18.467996],[77.450735,18.467971],[77.450615,18.46795],[77.450478,18.467926],[77.450324,18.467899],[77.450187,18.467877],[77.450069,18.467856],[77.449916,18.467827],[77.449779,18.467802],[77.449657,18.467788],[77.449535,18.467782],[77.449397,18.467793],[77.449275,18.467803],[77.449155,18.467812],[77.448966,18.467826],[77.44883,18.467839],[77.448712,18.467845],[77.448695,18.467845]]}},{"type":"Feature","properties":{"sol":396,"len_m":158.2,"date":"2022-04-01"},"geometry":{"type":"LineString","coordinates":[[77.448695,18.467845],[77.448491,18.4678],[77.448372,18.467779],[77.448214,18.467724],[77.448084,18.46768],[77.447952,18.467646],[77.44782,18.467625],[77.447702,18.467597],[77.447547,18.467562],[77.447405,18.467554],[77.447263,18.467557],[77.447156,18.46756],[77.447016,18.467563],[77.446874,18.467552],[77.446733,18.467541],[77.446611,18.467531],[77.446453,18.467518],[77.446315,18.467495],[77.446196,18.467439],[77.44608,18.467408],[77.445952,18.467371],[77.445952,18.467371]]}},{"type":"Feature","properties":{"sol":397,"len_m":66.6,"date":"2022-04-02"},"geometry":{"type":"LineString","coordinates":[[77.445952,18.467371],[77.445813,18.467368],[77.445664,18.467352],[77.445498,18.467263],[77.445385,18.467184],[77.445285,18.467116],[77.445165,18.467047],[77.445117,18.466917],[77.445152,18.466787],[77.445152,18.466787]]}},{"type":"Feature","properties":{"sol":398,"len_m":229.6,"date":"2022-04-03"},"geometry":{"type":"LineString","coordinates":[[77.445152,18.466787],[77.445157,18.466671],[77.44519,18.46654],[77.445199,18.466392],[77.445235,18.466263],[77.44528,18.466171],[77.445328,18.46608],[77.445394,18.466],[77.445291,18.465915],[77.445158,18.465869],[77.445026,18.465828],[77.444896,18.465789],[77.444759,18.465776],[77.444623,18.465771],[77.444506,18.4658],[77.444395,18.465847],[77.444288,18.465901],[77.44417,18.46597],[77.44409,18.466056],[77.443964,18.466092],[77.443829,18.466057],[77.443719,18.466062],[77.443592,18.46601],[77.44347,18.465942],[77.443341,18.465891],[77.443189,18.465902],[77.443074,18.465878],[77.442902,18.465799],[77.442725,18.465708],[77.442607,18.465641],[77.442504,18.465584]]}},{"type":"Feature","properties":{"sol":399,"len_m":214.1,"date":"2022-04-04"},"geometry":{"type":"LineString","coordinates":[[77.442504,18.465584],[77.44238,18.465518],[77.442272,18.465461],[77.442164,18.465403],[77.442041,18.465336],[77.441916,18.465244],[77.4418,18.465169],[77.441655,18.465109],[77.441524,18.465061],[77.44136,18.465003],[77.441227,18.46496],[77.441095,18.464915],[77.44098,18.464872],[77.440831,18.464818],[77.440716,18.464777],[77.4406,18.464735],[77.440485,18.464693],[77.440354,18.464644],[77.440223,18.464596],[77.440091,18.464548],[77.43996,18.4645],[77.439829,18.464452],[77.439609,18.464349],[77.439502,18.464299],[77.43939,18.46423],[77.439296,18.46416],[77.439159,18.464091],[77.439074,18.464058]]}},{"type":"Feature","properties":{"sol":400,"len_m":212.4,"date":"2022-04-05"},"geometry":{"type":"LineString","coordinates":[[77.439074,18.464058],[77.438984,18.463956],[77.438853,18.463837],[77.438742,18.463754],[77.438633,18.463672],[77.438536,18.4636],[77.438425,18.463518],[77.438313,18.463436],[77.438203,18.463354],[77.438093,18.463271],[77.437984,18.463188],[77.437891,18.463091],[77.437805,18.462988],[77.437719,18.462885],[77.437646,18.462792],[77.437549,18.462675],[77.437464,18.462591],[77.43736,18.462506],[77.437191,18.462386],[77.437079,18.462339],[77.43695,18.462285],[77.436837,18.462239],[77.436677,18.462171],[77.436549,18.462116],[77.436421,18.462064],[77.436292,18.462015],[77.436162,18.461965],[77.436105,18.461944]]}},{"type":"Feature","properties":{"sol":401,"len_m":179.6,"date":"2022-04-06"},"geometry":{"type":"LineString","coordinates":[[77.436105,18.461944],[77.435988,18.461912],[77.435836,18.461876],[77.435703,18.461838],[77.435568,18.461798],[77.435448,18.461775],[77.435294,18.461744],[77.435157,18.461722],[77.435022,18.461712],[77.434899,18.461704],[77.434741,18.461706],[77.434548,18.461715],[77.434391,18.461724],[77.434252,18.461715],[77.43412,18.46175],[77.433984,18.461728],[77.433869,18.461689],[77.433737,18.461648],[77.433618,18.461623],[77.433485,18.461588],[77.433312,18.461597],[77.433108,18.461609],[77.432977,18.461596],[77.432978,18.461596]]}},{"type":"Feature","properties":{"sol":402,"len_m":180.3,"date":"2022-04-07"},"geometry":{"type":"LineString","coordinates":[[77.432978,18.461596],[77.432888,18.461516],[77.432777,18.461482],[77.432647,18.461432],[77.432536,18.461384],[77.432409,18.461326],[77.432301,18.461273],[77.432191,18.461221],[77.432076,18.461181],[77.431954,18.461114],[77.431826,18.461066],[77.431669,18.461041],[77.431528,18.461036],[77.431389,18.461026],[77.431266,18.461013],[77.431125,18.460999],[77.43097,18.46097],[77.430859,18.460919],[77.430726,18.460874],[77.43061,18.460837],[77.430497,18.460793],[77.430398,18.460724],[77.430285,18.460682],[77.43015,18.460647],[77.430014,18.460617],[77.429997,18.460616]]}},{"type":"Feature","properties":{"sol":404,"len_m":253.5,"date":"2022-04-09"},"geometry":{"type":"LineString","coordinates":[[77.429997,18.460616],[77.429798,18.460563],[77.429685,18.46054],[77.429565,18.460518],[77.429445,18.460496],[77.429314,18.460461],[77.42922,18.460394],[77.429098,18.460326],[77.428965,18.460287],[77.428831,18.460257],[77.428699,18.460217],[77.428569,18.460165],[77.428439,18.460112],[77.428317,18.460056],[77.42821,18.460002],[77.428102,18.459947],[77.427979,18.459885],[77.427853,18.459834],[77.427729,18.459787],[77.4276,18.459736],[77.427472,18.459689],[77.427372,18.459656],[77.427257,18.459618],[77.427142,18.45958],[77.427024,18.459549],[77.426912,18.459517],[77.426795,18.459501],[77.426684,18.459467],[77.426567,18.459432],[77.426428,18.459434],[77.42629,18.459422],[77.426167,18.459422],[77.426045,18.459406],[77.425924,18.459384],[77.425814,18.459342],[77.425757,18.459318]]}},{"type":"Feature","properties":{"sol":405,"len_m":264.5,"date":"2022-04-10"},"geometry":{"type":"LineString","coordinates":[[77.425757,18.459318],[77.425617,18.459314],[77.425496,18.459291],[77.425374,18.459268],[77.425236,18.459243],[77.425062,18.459222],[77.424952,18.459177],[77.424845,18.459123],[77.424727,18.459055],[77.424622,18.458993],[77.42452,18.458929],[77.424416,18.458866],[77.424298,18.458796],[77.424179,18.458725],[77.424061,18.458653],[77.423943,18.45858],[77.423824,18.458508],[77.423706,18.458435],[77.42358,18.458325],[77.423485,18.458251],[77.423393,18.458174],[77.423288,18.458086],[77.423178,18.458005],[77.42307,18.457919],[77.42297,18.457824],[77.42285,18.457726],[77.422748,18.45766],[77.422658,18.457603],[77.422541,18.457529],[77.422425,18.457454],[77.42231,18.457379],[77.422195,18.457308],[77.422075,18.457239],[77.42196,18.457173],[77.421837,18.457107],[77.421783,18.457078]]}},{"type":"Feature","properties":{"sol":407,"len_m":206.4,"date":"2022-04-12"},"geometry":{"type":"LineString","coordinates":[[77.421783,18.457078],[77.421661,18.457009],[77.421546,18.456968],[77.42143,18.456929],[77.421314,18.45689],[77.421198,18.456851],[77.421074,18.456789],[77.420949,18.456727],[77.420825,18.456663],[77.420701,18.456601],[77.420578,18.456539],[77.420454,18.456474],[77.42033,18.45641],[77.420175,18.45633],[77.42007,18.456267],[77.419969,18.456199],[77.419867,18.456132],[77.419766,18.456065],[77.419654,18.455985],[77.419537,18.45591],[77.41942,18.455833],[77.419304,18.455758],[77.419167,18.455684],[77.419058,18.45563],[77.418933,18.455568],[77.418808,18.455506],[77.418684,18.455445],[77.418584,18.455395]]}},{"type":"Feature","properties":{"sol":408,"len_m":269.8,"date":"2022-04-13"},"geometry":{"type":"LineString","coordinates":[[77.418584,18.455395],[77.418474,18.455342],[77.418364,18.455289],[77.418253,18.455237],[77.41814,18.455189],[77.418027,18.455143],[77.417915,18.455096],[77.417802,18.455047],[77.417676,18.45499],[77.417549,18.454932],[77.417422,18.454875],[77.417296,18.454817],[77.417169,18.45476],[77.417043,18.454703],[77.416914,18.45465],[77.41678,18.454609],[77.416625,18.454596],[77.416502,18.454604],[77.416345,18.454596],[77.416223,18.454575],[77.416102,18.454553],[77.41598,18.454532],[77.415867,18.454486],[77.415746,18.454418],[77.415624,18.45435],[77.415503,18.454284],[77.41538,18.454219],[77.415253,18.454165],[77.415124,18.454113],[77.414994,18.454068],[77.414844,18.454027],[77.414705,18.453963],[77.414592,18.453921],[77.414473,18.453895],[77.41436,18.453874],[77.414221,18.453849],[77.414136,18.453833]]}},{"type":"Feature","properties":{"sol":409,"len_m":213.8,"date":"2022-04-14"},"geometry":{"type":"LineString","coordinates":[[77.414136,18.453833],[77.414013,18.453814],[77.413891,18.453807],[77.41377,18.453826],[77.413649,18.453846],[77.413528,18.45386],[77.413406,18.45386],[77.413283,18.453859],[77.413164,18.453832],[77.413046,18.453801],[77.412927,18.453771],[77.412808,18.453741],[77.412673,18.453707],[77.412538,18.453675],[77.412402,18.453644],[77.41223,18.453621],[77.412108,18.453628],[77.411987,18.453641],[77.411866,18.453654],[77.411752,18.453684],[77.411597,18.453755],[77.411478,18.453781],[77.411359,18.453807],[77.411221,18.453831],[77.411082,18.453852],[77.410943,18.453873],[77.410805,18.453892],[77.410665,18.453913],[77.410527,18.453932],[77.410419,18.453946],[77.410419,18.453946]]}},{"type":"Feature","properties":{"sol":413,"len_m":144.9,"date":"2022-04-18"},"geometry":{"type":"LineString","coordinates":[[77.410278,18.453969],[77.410136,18.453996],[77.410025,18.454017],[77.40992,18.454037],[77.409797,18.454061],[77.409693,18.45408],[77.409575,18.454119],[77.409443,18.454168],[77.409334,18.454226],[77.409243,18.454279],[77.409127,18.454278],[77.409023,18.454213],[77.408941,18.454129],[77.408873,18.454032],[77.408808,18.453934],[77.408746,18.453833],[77.408684,18.453733],[77.408639,18.453607],[77.408611,18.453476],[77.408586,18.453344],[77.408564,18.453229],[77.408552,18.453161]]}},{"type":"Feature","properties":{"sol":414,"len_m":161.9,"date":"2022-04-19"},"geometry":{"type":"LineString","coordinates":[[77.408552,18.453161],[77.408478,18.453047],[77.408359,18.452955],[77.408245,18.45288],[77.408133,18.452832],[77.408015,18.452793],[77.407882,18.452748],[77.407749,18.452702],[77.407648,18.452667],[77.407532,18.452628],[77.407415,18.452587],[77.407301,18.452541],[77.407187,18.452496],[77.407073,18.452451],[77.406958,18.452408],[77.406827,18.452359],[77.406728,18.452299],[77.406602,18.45225],[77.406497,18.452187],[77.406408,18.452132],[77.40629,18.452057],[77.406144,18.451964],[77.40605,18.451942]]}},{"type":"Feature","properties":{"sol":415,"len_m":161.0,"date":"2022-04-20"},"geometry":{"type":"LineString","coordinates":[[77.405916,18.451903],[77.405785,18.451857],[77.405703,18.451757],[77.405681,18.451626],[77.405643,18.451481],[77.405601,18.451373],[77.405563,18.451229],[77.405556,18.451114],[77.405549,18.450999],[77.405539,18.450884],[77.405525,18.450752],[77.405514,18.450636],[77.4055,18.450521],[77.405461,18.450397],[77.405429,18.450286],[77.405408,18.450172],[77.405381,18.45006],[77.405325,18.449962],[77.405253,18.449874],[77.405204,18.449749],[77.405193,18.449634],[77.405186,18.449405]]}},{"type":"Feature","properties":{"sol":416,"len_m":69.7,"date":"2022-04-21"},"geometry":{"type":"LineString","coordinates":[[77.405186,18.449405],[77.405144,18.449279],[77.405088,18.449107],[77.405075,18.448977],[77.405051,18.448817],[77.405021,18.448706],[77.40497,18.448524],[77.404924,18.44843],[77.40486,18.448333],[77.404827,18.448306]]}},{"type":"Feature","properties":{"sol":418,"len_m":159.7,"date":"2022-04-23"},"geometry":{"type":"LineString","coordinates":[[77.404827,18.448306],[77.404716,18.448269],[77.404589,18.448326],[77.404419,18.448367],[77.404278,18.448389],[77.404166,18.448416],[77.404054,18.448446],[77.403945,18.448478],[77.40381,18.448524],[77.403699,18.448547],[77.403589,18.448569],[77.403479,18.448593],[77.403367,18.448618],[77.403235,18.44864],[77.403109,18.448668],[77.402985,18.448705],[77.402863,18.448727],[77.402722,18.448764],[77.402551,18.448814],[77.402444,18.448838],[77.402332,18.448871],[77.402228,18.448899],[77.402126,18.448932],[77.402103,18.44894]]}},{"type":"Feature","properties":{"sol":419,"len_m":50.6,"date":"2022-04-24"},"geometry":{"type":"LineString","coordinates":[[77.402103,18.44894],[77.401988,18.448912],[77.401906,18.448832],[77.401829,18.448748],[77.401692,18.448752],[77.401577,18.448767],[77.401642,18.448788]]}},{"type":"Feature","properties":{"sol":420,"len_m":66.0,"date":"2022-04-25"},"geometry":{"type":"LineString","coordinates":[[77.401642,18.448788],[77.401559,18.448939],[77.401518,18.449041],[77.401471,18.449175],[77.401392,18.44934],[77.401378,18.449496],[77.401374,18.449662],[77.401371,18.44978],[77.401363,18.449825]]}},{"type":"Feature","properties":{"sol":421,"len_m":42.1,"date":"2022-04-26"},"geometry":{"type":"LineString","coordinates":[[77.401363,18.449825],[77.401448,18.449904],[77.401445,18.450022],[77.401436,18.450153],[77.401433,18.450272],[77.401439,18.450375],[77.401439,18.450478],[77.401439,18.450496]]}},{"type":"Feature","properties":{"sol":422,"len_m":5.3,"date":"2022-04-27"},"geometry":{"type":"LineString","coordinates":[[77.401439,18.450496],[77.401422,18.450566]]}},{"type":"Feature","properties":{"sol":426,"len_m":144.8,"date":"2022-05-01"},"geometry":{"type":"LineString","coordinates":[[77.401422,18.450566],[77.401428,18.450452],[77.401496,18.450347],[77.401619,18.450276],[77.401731,18.450235],[77.401854,18.450195],[77.401961,18.450187],[77.402086,18.450184],[77.402185,18.450246],[77.402307,18.450235],[77.402467,18.450178],[77.40259,18.450184],[77.402728,18.450119],[77.40292,18.450129],[77.40311,18.450151],[77.403217,18.45014],[77.403324,18.450149],[77.403445,18.450157],[77.403438,18.450177]]}},{"type":"Feature","properties":{"sol":427,"len_m":74.3,"date":"2022-05-02"},"geometry":{"type":"LineString","coordinates":[[77.403438,18.450177],[77.40357,18.450134],[77.403737,18.450095],[77.403854,18.450098],[77.403966,18.450058],[77.40404,18.450143],[77.404115,18.450256],[77.404222,18.45023],[77.404288,18.45014],[77.404367,18.450062],[77.404492,18.450002],[77.404499,18.449999]]}},{"type":"Feature","properties":{"sol":428,"len_m":121.2,"date":"2022-05-03"},"geometry":{"type":"LineString","coordinates":[[77.404499,18.449999],[77.404588,18.449944],[77.404661,18.450056],[77.404794,18.450101],[77.404886,18.450169],[77.404901,18.450285],[77.404991,18.4504],[77.405058,18.450496],[77.405097,18.45059],[77.405138,18.450702],[77.405173,18.450799],[77.40521,18.450894],[77.405218,18.45101],[77.405152,18.45116],[77.405212,18.451353],[77.405238,18.451458],[77.405294,18.451531]]}},{"type":"Feature","properties":{"sol":430,"len_m":0.1,"date":"2022-05-06"},"geometry":{"type":"LineString","coordinates":[[77.405294,18.451531],[77.405294,18.451532]]}},{"type":"Feature","properties":{"sol":432,"len_m":172.2,"date":"2022-05-08"},"geometry":{"type":"LineString","coordinates":[[77.405294,18.451532],[77.405336,18.451397],[77.405437,18.451504],[77.40555,18.451624],[77.405675,18.451778],[77.405823,18.451853],[77.405988,18.451935],[77.406077,18.451997],[77.406159,18.452106],[77.406257,18.452178],[77.406355,18.452249],[77.406455,18.45232],[77.406556,18.452412],[77.406611,18.452517],[77.406695,18.4526],[77.406794,18.45267],[77.406917,18.452732],[77.407051,18.452775],[77.407222,18.452882],[77.407362,18.452884],[77.407486,18.452875],[77.407539,18.452875]]}},{"type":"Feature","properties":{"sol":433,"len_m":83.8,"date":"2022-05-09"},"geometry":{"type":"LineString","coordinates":[[77.407539,18.452875],[77.407784,18.452872],[77.407926,18.452866],[77.408049,18.452867],[77.408195,18.452951],[77.408271,18.453055],[77.408325,18.453159],[77.408356,18.453271],[77.40836,18.453453],[77.4084,18.45358],[77.40842,18.453648]]}},{"type":"Feature","properties":{"sol":434,"len_m":28.7,"date":"2022-05-10"},"geometry":{"type":"LineString","coordinates":[[77.40842,18.453648],[77.40843,18.453869],[77.40847,18.453998],[77.40851,18.454105],[77.408512,18.454105]]}},{"type":"Feature","properties":{"sol":436,"len_m":112.2,"date":"2022-05-12"},"geometry":{"type":"LineString","coordinates":[[77.408512,18.454105],[77.408522,18.454206],[77.408519,18.454321],[77.408517,18.454438],[77.408515,18.454556],[77.408513,18.454672],[77.408513,18.454788],[77.408511,18.454905],[77.408509,18.455039],[77.408507,18.455172],[77.408502,18.455305],[77.408478,18.455437],[77.408454,18.455569],[77.408447,18.4557],[77.408456,18.455833],[77.408464,18.455982],[77.408464,18.455981]]}},{"type":"Feature","properties":{"sol":437,"len_m":69.5,"date":"2022-05-13"},"geometry":{"type":"LineString","coordinates":[[77.408464,18.455981],[77.408494,18.456112],[77.408484,18.456274],[77.408504,18.45644],[77.408563,18.456608],[77.408627,18.456752],[77.408668,18.456862],[77.408703,18.456994],[77.408745,18.457103],[77.408746,18.457102]]}},{"type":"Feature","properties":{"sol":439,"len_m":19.1,"date":"2022-05-15"},"geometry":{"type":"LineString","coordinates":[[77.408746,18.457102],[77.408807,18.457213],[77.40885,18.457307],[77.408881,18.457389]]}},{"type":"Feature","properties":{"sol":441,"len_m":34.4,"date":"2022-05-17"},"geometry":{"type":"LineString","coordinates":[[77.408881,18.457389],[77.408902,18.457511],[77.40891,18.457612],[77.408692,18.457658],[77.408585,18.457664],[77.40858,18.457661]]}},{"type":"Feature","properties":{"sol":443,"len_m":66.6,"date":"2022-05-19"},"geometry":{"type":"LineString","coordinates":[[77.40858,18.457661],[77.408448,18.457695],[77.408261,18.457664],[77.408132,18.457604],[77.40798,18.457573],[77.407858,18.457557],[77.407703,18.457545],[77.407528,18.45753],[77.40747,18.457527]]}},{"type":"Feature","properties":{"sol":448,"len_m":67.5,"date":"2022-05-24"},"geometry":{"type":"LineString","coordinates":[[77.40747,18.457527],[77.407331,18.457535],[77.407184,18.457593],[77.407017,18.457558],[77.406832,18.457503],[77.406624,18.45748],[77.406431,18.457457],[77.406338,18.457445]]}},{"type":"Feature","properties":{"sol":449,"len_m":8.3,"date":"2022-05-25"},"geometry":{"type":"LineString","coordinates":[[77.406338,18.457445],[77.406301,18.45751]]}},{"type":"Feature","properties":{"sol":455,"len_m":22.8,"date":"2022-05-31"},"geometry":{"type":"LineString","coordinates":[[77.406301,18.457509],[77.406297,18.457634],[77.40629,18.457736],[77.406283,18.457856],[77.406277,18.45789]]}},{"type":"Feature","properties":{"sol":456,"len_m":18.6,"date":"2022-06-01"},"geometry":{"type":"LineString","coordinates":[[77.406277,18.45789],[77.406407,18.457921],[77.406499,18.457998],[77.406498,18.458017]]}},{"type":"Feature","properties":{"sol":460,"len_m":40.7,"date":"2022-06-05"},"geometry":{"type":"LineString","coordinates":[[77.406498,18.458017],[77.406396,18.458216],[77.406337,18.458311],[77.406251,18.45839],[77.406158,18.458464],[77.406093,18.458514]]}},{"type":"Feature","properties":{"sol":461,"len_m":17.6,"date":"2022-06-06"},"geometry":{"type":"LineString","coordinates":[[77.406093,18.458514],[77.406147,18.458608],[77.406203,18.4587],[77.406145,18.458692]]}},{"type":"Feature","properties":{"sol":464,"len_m":15.5,"date":"2022-06-10"},"geometry":{"type":"LineString","coordinates":[[77.406145,18.458692],[77.406014,18.458713],[77.406013,18.458794]]}},{"type":"Feature","properties":{"sol":474,"len_m":15.1,"date":"2022-06-20"},"geometry":{"type":"LineString","coordinates":[[77.406013,18.458794],[77.4061,18.458856]]}},{"type":"Feature","properties":{"sol":477,"len_m":11.2,"date":"2022-06-23"},"geometry":{"type":"LineString","coordinates":[[77.4061,18.458856],[77.406168,18.458895]]}},{"type":"Feature","properties":{"sol":501,"len_m":19.1,"date":"2022-07-18"},"geometry":{"type":"LineString","coordinates":[[77.406168,18.458895],[77.406147,18.458795],[77.406049,18.458736],[77.405952,18.458695]]}},{"type":"Feature","properties":{"sol":502,"len_m":3.8,"date":"2022-07-19"},"geometry":{"type":"LineString","coordinates":[[77.405952,18.458695],[77.405925,18.458647]]}},{"type":"Feature","properties":{"sol":535,"len_m":85.0,"date":"2022-08-21"},"geometry":{"type":"LineString","coordinates":[[77.405925,18.458647],[77.406035,18.45856],[77.406167,18.45848],[77.4063,18.458399],[77.406443,18.458356],[77.406593,18.458333],[77.406716,18.458345],[77.406856,18.458356],[77.406994,18.458369],[77.407134,18.458376],[77.407275,18.458359],[77.407328,18.45835]]}},{"type":"Feature","properties":{"sol":536,"len_m":72.5,"date":"2022-08-22"},"geometry":{"type":"LineString","coordinates":[[77.407328,18.45835],[77.407423,18.458295],[77.407548,18.458268],[77.40768,18.458263],[77.407839,18.458251],[77.407958,18.458261],[77.408111,18.458246],[77.408231,18.458223],[77.408354,18.458216],[77.408476,18.458203],[77.408576,18.458216]]}},{"type":"Feature","properties":{"sol":537,"len_m":15.4,"date":"2022-08-23"},"geometry":{"type":"LineString","coordinates":[[77.408576,18.458216],[77.408781,18.458212],[77.408849,18.45821]]}},{"type":"Feature","properties":{"sol":538,"len_m":91.5,"date":"2022-08-25"},"geometry":{"type":"LineString","coordinates":[[77.408849,18.45821],[77.408782,18.458105],[77.40869,18.457965],[77.408754,18.457836],[77.408869,18.457702],[77.408905,18.457541],[77.408886,18.457437],[77.40884,18.457306],[77.4088,18.457191],[77.408748,18.457064],[77.408695,18.45694],[77.408657,18.456844],[77.408651,18.456828]]}},{"type":"Feature","properties":{"sol":539,"len_m":99.4,"date":"2022-08-26"},"geometry":{"type":"LineString","coordinates":[[77.408651,18.456828],[77.408592,18.456705],[77.40854,18.456556],[77.408488,18.456393],[77.408408,18.456267],[77.408351,18.456155],[77.408303,18.456019],[77.408245,18.455921],[77.408186,18.455818],[77.408127,18.455715],[77.408069,18.455611],[77.408019,18.455522],[77.407962,18.455418],[77.407909,18.455319],[77.407909,18.455319]]}},{"type":"Feature","properties":{"sol":541,"len_m":106.7,"date":"2022-08-28"},"geometry":{"type":"LineString","coordinates":[[77.407909,18.455319],[77.407781,18.455117],[77.407692,18.454971],[77.407629,18.454869],[77.407568,18.454767],[77.407508,18.454664],[77.407453,18.454561],[77.407398,18.454455],[77.407336,18.454335],[77.407267,18.45422],[77.407175,18.454123],[77.407085,18.454024],[77.407007,18.453935],[77.406929,18.453846],[77.406896,18.453807]]}},{"type":"Feature","properties":{"sol":542,"len_m":133.7,"date":"2022-08-29"},"geometry":{"type":"LineString","coordinates":[[77.406896,18.453807],[77.406823,18.453713],[77.406756,18.453616],[77.406688,18.453517],[77.406625,18.453416],[77.406561,18.453315],[77.406496,18.453213],[77.406425,18.45308],[77.406391,18.452952],[77.406315,18.452823],[77.406234,18.452742],[77.406149,18.452656],[77.406106,18.452548],[77.406065,18.452438],[77.40602,18.45233],[77.405973,18.452222],[77.405908,18.452092],[77.405793,18.451994],[77.405691,18.451935],[77.405682,18.451925]]}},{"type":"Feature","properties":{"sol":543,"len_m":143.0,"date":"2022-08-30"},"geometry":{"type":"LineString","coordinates":[[77.405682,18.451925],[77.405631,18.451784],[77.405567,18.451637],[77.405476,18.451507],[77.405349,18.451349],[77.405239,18.451185],[77.405186,18.451077],[77.40512,18.450968],[77.405122,18.450844],[77.405112,18.450687],[77.405086,18.450492],[77.405026,18.450374],[77.404878,18.450227],[77.404799,18.450145],[77.404879,18.450249],[77.404911,18.450275]]}},{"type":"Feature","properties":{"sol":548,"len_m":15.8,"date":"2022-09-04"},"geometry":{"type":"LineString","coordinates":[[77.404911,18.450275],[77.404879,18.450146],[77.404773,18.450091]]}},{"type":"Feature","properties":{"sol":551,"len_m":0.5,"date":"2022-09-07"},"geometry":{"type":"LineString","coordinates":[[77.404773,18.450091],[77.404765,18.450091]]}},{"type":"Feature","properties":{"sol":555,"len_m":219.9,"date":"2022-09-11"},"geometry":{"type":"LineString","coordinates":[[77.404765,18.450091],[77.404618,18.449969],[77.404481,18.449958],[77.404383,18.450044],[77.404368,18.450217],[77.404372,18.450335],[77.404467,18.450283],[77.404397,18.450183],[77.40429,18.450147],[77.404181,18.450186],[77.404044,18.450231],[77.403895,18.450151],[77.403779,18.450149],[77.403659,18.450148],[77.403479,18.450164],[77.403362,18.450176],[77.403242,18.450187],[77.403121,18.450196],[77.403003,18.450215],[77.402883,18.450212],[77.402746,18.450211],[77.402633,18.450197],[77.402515,18.450194],[77.402388,18.450218],[77.40227,18.450228],[77.402154,18.450253],[77.402039,18.45028],[77.401908,18.450289],[77.401798,18.450322],[77.4018,18.450324]]}},{"type":"Feature","properties":{"sol":556,"len_m":43.8,"date":"2022-09-12"},"geometry":{"type":"LineString","coordinates":[[77.4018,18.450324],[77.401675,18.450368],[77.401661,18.450502],[77.401663,18.450617],[77.401681,18.450751],[77.401521,18.450756],[77.401498,18.450755]]}},{"type":"Feature","properties":{"sol":557,"len_m":6.0,"date":"2022-09-13"},"geometry":{"type":"LineString","coordinates":[[77.401498,18.450755],[77.401443,18.450743]]}},{"type":"Feature","properties":{"sol":565,"len_m":1.0,"date":"2022-09-21"},"geometry":{"type":"LineString","coordinates":[[77.401443,18.450743],[77.40144,18.450726]]}},{"type":"Feature","properties":{"sol":592,"len_m":39.6,"date":"2022-10-19"},"geometry":{"type":"LineString","coordinates":[[77.40144,18.450726],[77.401367,18.450826],[77.401344,18.450981],[77.401341,18.451145],[77.40133,18.451333],[77.401331,18.451361]]}},{"type":"Feature","properties":{"sol":593,"len_m":5.3,"date":"2022-10-20"},"geometry":{"type":"LineString","coordinates":[[77.401331,18.451361],[77.401258,18.45133]]}},{"type":"Feature","properties":{"sol":606,"len_m":208.5,"date":"2022-11-02"},"geometry":{"type":"LineString","coordinates":[[77.401258,18.45133],[77.40136,18.451477],[77.401387,18.451603],[77.401257,18.451674],[77.401154,18.451758],[77.40106,18.451826],[77.400963,18.451894],[77.40085,18.451975],[77.400741,18.452057],[77.400659,18.452121],[77.400564,18.452196],[77.400469,18.452271],[77.400374,18.452344],[77.400279,18.452417],[77.400155,18.452506],[77.400048,18.452559],[77.399935,18.452599],[77.39982,18.452622],[77.399685,18.452648],[77.399549,18.452674],[77.399414,18.452703],[77.399256,18.45281],[77.399211,18.452902],[77.399182,18.453015],[77.399164,18.453147],[77.399153,18.453289],[77.399129,18.453406],[77.399143,18.453518],[77.399147,18.453532]]}},{"type":"Feature","properties":{"sol":609,"len_m":12.2,"date":"2022-11-06"},"geometry":{"type":"LineString","coordinates":[[77.399147,18.453532],[77.399208,18.453648],[77.399154,18.453644]]}},{"type":"Feature","properties":{"sol":629,"len_m":205.4,"date":"2022-11-26"},"geometry":{"type":"LineString","coordinates":[[77.399154,18.453644],[77.399146,18.453518],[77.399132,18.453352],[77.399168,18.453192],[77.399182,18.453062],[77.399186,18.452942],[77.399223,18.452832],[77.399266,18.452724],[77.399404,18.452568],[77.399525,18.452553],[77.399648,18.452542],[77.399769,18.45253],[77.399895,18.452474],[77.399987,18.452422],[77.400093,18.452404],[77.400236,18.452396],[77.400343,18.452405],[77.400462,18.452374],[77.400574,18.452327],[77.400674,18.452291],[77.400783,18.452237],[77.400877,18.45216],[77.400977,18.452067],[77.401061,18.451983],[77.401148,18.451898],[77.401235,18.451815],[77.401325,18.451733],[77.401418,18.451656],[77.401437,18.451625]]}},{"type":"Feature","properties":{"sol":632,"len_m":23.3,"date":"2022-11-29"},"geometry":{"type":"LineString","coordinates":[[77.401437,18.451625],[77.401438,18.45148],[77.401357,18.451367],[77.401257,18.451331]]}},{"type":"Feature","properties":{"sol":641,"len_m":103.5,"date":"2022-12-08"},"geometry":{"type":"LineString","coordinates":[[77.401257,18.451331],[77.401238,18.451218],[77.401202,18.451105],[77.401183,18.450952],[77.401182,18.450787],[77.401176,18.450614],[77.401173,18.450447],[77.401227,18.450356],[77.401311,18.450288],[77.401424,18.45024],[77.401521,18.450196],[77.401618,18.450133],[77.401732,18.450089],[77.40183,18.450037],[77.401831,18.450037]]}},{"type":"Feature","properties":{"sol":645,"len_m":66.0,"date":"2022-12-12"},"geometry":{"type":"LineString","coordinates":[[77.401831,18.450037],[77.401974,18.450045],[77.402118,18.45007],[77.402211,18.450118],[77.40232,18.450172],[77.402441,18.450168],[77.40265,18.450195],[77.402773,18.450185],[77.402881,18.450178],[77.402935,18.450176]]}},{"type":"Feature","properties":{"sol":646,"len_m":142.0,"date":"2022-12-13"},"geometry":{"type":"LineString","coordinates":[[77.402935,18.450176],[77.403066,18.45024],[77.403201,18.45022],[77.403311,18.45018],[77.403431,18.450152],[77.403554,18.450147],[77.403659,18.450166],[77.403766,18.450184],[77.403889,18.450191],[77.404029,18.450141],[77.404169,18.450216],[77.40428,18.450137],[77.404388,18.450029],[77.404514,18.44997],[77.404678,18.450021],[77.404715,18.450117],[77.404696,18.450245],[77.404738,18.450301]]}},{"type":"Feature","properties":{"sol":647,"len_m":71.0,"date":"2022-12-14"},"geometry":{"type":"LineString","coordinates":[[77.404738,18.450301],[77.404894,18.450376],[77.405008,18.450402],[77.405068,18.450519],[77.405101,18.450648],[77.405163,18.450732],[77.405207,18.450825],[77.405225,18.450975],[77.405143,18.451151],[77.405124,18.451193]]}},{"type":"Feature","properties":{"sol":648,"len_m":150.0,"date":"2022-12-15"},"geometry":{"type":"LineString","coordinates":[[77.405124,18.451193],[77.405217,18.451279],[77.405319,18.451333],[77.405456,18.451487],[77.405592,18.45161],[77.405659,18.451708],[77.405721,18.451827],[77.40579,18.451969],[77.405868,18.45206],[77.40597,18.452114],[77.406077,18.452175],[77.406194,18.452214],[77.406318,18.452224],[77.406442,18.452235],[77.406565,18.452249],[77.406682,18.452312],[77.406789,18.452365],[77.406903,18.45241],[77.407018,18.452454],[77.407134,18.452495],[77.407202,18.452516]]}},{"type":"Feature","properties":{"sol":652,"len_m":36.5,"date":"2022-12-20"},"geometry":{"type":"LineString","coordinates":[[77.407202,18.452516],[77.407342,18.452505],[77.407482,18.452493],[77.407641,18.45248],[77.40774,18.452598],[77.407756,18.452627]]}},{"type":"Feature","properties":{"sol":654,"len_m":10.3,"date":"2022-12-22"},"geometry":{"type":"LineString","coordinates":[[77.407756,18.452627],[77.407816,18.452538],[77.407847,18.452523]]}},{"type":"Feature","properties":{"sol":658,"len_m":17.9,"date":"2022-12-26"},"geometry":{"type":"LineString","coordinates":[[77.407847,18.452523],[77.407951,18.452621],[77.408048,18.452668],[77.408056,18.45267]]}},{"type":"Feature","properties":{"sol":663,"len_m":8.4,"date":"2022-12-31"},"geometry":{"type":"LineString","coordinates":[[77.408056,18.45267],[77.408078,18.452766]]}},{"type":"Feature","properties":{"sol":667,"len_m":10.0,"date":"2023-01-04"},"geometry":{"type":"LineString","coordinates":[[77.408078,18.452766],[77.40818,18.452722],[77.4082,18.452724]]}},{"type":"Feature","properties":{"sol":668,"len_m":9.6,"date":"2023-01-04"},"geometry":{"type":"LineString","coordinates":[[77.408081,18.452762],[77.408179,18.452721],[77.408198,18.452722]]}},{"type":"Feature","properties":{"sol":670,"len_m":8.0,"date":"2023-01-07"},"geometry":{"type":"LineString","coordinates":[[77.4082,18.452724],[77.408244,18.452813]]}},{"type":"Feature","properties":{"sol":674,"len_m":8.4,"date":"2023-01-11"},"geometry":{"type":"LineString","coordinates":[[77.408244,18.452813],[77.40832,18.452734],[77.408336,18.452728]]}},{"type":"Feature","properties":{"sol":678,"len_m":21.8,"date":"2023-01-15"},"geometry":{"type":"LineString","coordinates":[[77.408336,18.452728],[77.408433,18.452831],[77.408472,18.452927],[77.408505,18.453005]]}},{"type":"Feature","properties":{"sol":681,"len_m":15.8,"date":"2023-01-18"},"geometry":{"type":"LineString","coordinates":[[77.408505,18.453005],[77.408608,18.452975],[77.408601,18.453066]]}},{"type":"Feature","properties":{"sol":684,"len_m":20.6,"date":"2023-01-21"},"geometry":{"type":"LineString","coordinates":[[77.408601,18.453066],[77.408496,18.45321],[77.408453,18.45333],[77.408448,18.453365]]}},{"type":"Feature","properties":{"sol":686,"len_m":0.4,"date":"2023-01-24"},"geometry":{"type":"LineString","coordinates":[[77.408448,18.453365],[77.408447,18.453372]]}},{"type":"Feature","properties":{"sol":693,"len_m":47.8,"date":"2023-01-31"},"geometry":{"type":"LineString","coordinates":[[77.408447,18.453372],[77.408438,18.453553],[77.408439,18.453718],[77.408443,18.45391],[77.408446,18.454043],[77.408448,18.454159],[77.408448,18.454176]]}},{"type":"Feature","properties":{"sol":694,"len_m":184.7,"date":"2023-02-01"},"geometry":{"type":"LineString","coordinates":[[77.408448,18.454176],[77.408451,18.454294],[77.408455,18.454429],[77.408458,18.454531],[77.408457,18.454632],[77.408445,18.454749],[77.408431,18.454866],[77.408419,18.454967],[77.408403,18.455101],[77.408386,18.455235],[77.408368,18.455368],[77.408378,18.455515],[77.408421,18.455626],[77.408449,18.45574],[77.408484,18.455886],[77.408487,18.456015],[77.408499,18.456163],[77.408508,18.456323],[77.408544,18.456526],[77.408565,18.456638],[77.4086,18.456765],[77.408653,18.456868],[77.408698,18.456976],[77.408734,18.457084],[77.408773,18.457194],[77.408784,18.457224]]}},{"type":"Feature","properties":{"sol":695,"len_m":10.1,"date":"2023-02-02"},"geometry":{"type":"LineString","coordinates":[[77.408784,18.457224],[77.408799,18.457336],[77.408804,18.457391]]}},{"type":"Feature","properties":{"sol":698,"len_m":44.1,"date":"2023-02-05"},"geometry":{"type":"LineString","coordinates":[[77.408804,18.457391],[77.408838,18.457513],[77.408886,18.457638],[77.408798,18.457745],[77.408666,18.457845],[77.408642,18.457955],[77.408643,18.457964]]}},{"type":"Feature","properties":{"sol":700,"len_m":12.9,"date":"2023-02-07"},"geometry":{"type":"LineString","coordinates":[[77.408643,18.457964],[77.408733,18.458029],[77.408763,18.458109]]}},{"type":"Feature","properties":{"sol":702,"len_m":8.5,"date":"2023-02-09"},"geometry":{"type":"LineString","coordinates":[[77.408763,18.458109],[77.408695,18.458215],[77.408695,18.458214]]}},{"type":"Feature","properties":{"sol":706,"len_m":1.4,"date":"2023-02-13"},"geometry":{"type":"LineString","coordinates":[[77.408695,18.458214],[77.408694,18.458219]]}},{"type":"Feature","properties":{"sol":707,"len_m":36.0,"date":"2023-02-14"},"geometry":{"type":"LineString","coordinates":[[77.408694,18.458219],[77.408749,18.458314],[77.408704,18.458442],[77.408621,18.458591],[77.408474,18.458636],[77.408457,18.458642]]}},{"type":"Feature","properties":{"sol":708,"len_m":185.6,"date":"2023-02-15"},"geometry":{"type":"LineString","coordinates":[[77.408457,18.458642],[77.408354,18.458723],[77.408278,18.458798],[77.408181,18.458858],[77.408085,18.458923],[77.407984,18.458984],[77.407864,18.45904],[77.407746,18.459106],[77.407648,18.459165],[77.407581,18.459262],[77.407456,18.459312],[77.407326,18.459354],[77.407188,18.459371],[77.40705,18.459374],[77.406896,18.459405],[77.406813,18.459486],[77.406704,18.459481],[77.406601,18.459509],[77.406527,18.45959],[77.406472,18.459688],[77.40649,18.459793],[77.406435,18.459883],[77.40633,18.45993],[77.406222,18.459973],[77.40611,18.460008],[77.406005,18.460051],[77.405888,18.460056],[77.405842,18.460075]]}},{"type":"Feature","properties":{"sol":709,"len_m":202.3,"date":"2023-02-16"},"geometry":{"type":"LineString","coordinates":[[77.405842,18.460075],[77.405728,18.460138],[77.405593,18.460212],[77.405487,18.460245],[77.405373,18.460278],[77.405285,18.460354],[77.405203,18.460425],[77.405107,18.460482],[77.40502,18.460569],[77.404969,18.460669],[77.404915,18.460781],[77.404881,18.460901],[77.404799,18.460981],[77.404723,18.461063],[77.40467,18.461177],[77.40457,18.461261],[77.404454,18.461295],[77.404348,18.461307],[77.404228,18.461305],[77.404091,18.461317],[77.403975,18.461353],[77.40386,18.46139],[77.403728,18.46143],[77.403597,18.461466],[77.403469,18.461506],[77.403342,18.461547],[77.403219,18.461592],[77.403093,18.461632],[77.402934,18.461671]]}},{"type":"Feature","properties":{"sol":713,"len_m":173.2,"date":"2023-02-20"},"geometry":{"type":"LineString","coordinates":[[77.402934,18.461671],[77.403009,18.461775],[77.403004,18.461876],[77.403004,18.461989],[77.403027,18.462101],[77.403059,18.46221],[77.403124,18.462306],[77.403183,18.462395],[77.403231,18.46249],[77.403155,18.462601],[77.403079,18.462712],[77.403006,18.462822],[77.402935,18.462931],[77.402862,18.46304],[77.402791,18.463149],[77.402713,18.463249],[77.402618,18.463334],[77.402506,18.463425],[77.402438,18.463511],[77.402342,18.463621],[77.402284,18.463718],[77.402225,18.463816],[77.402165,18.463915],[77.402109,18.464017],[77.402097,18.46404]]}},{"type":"Feature","properties":{"sol":714,"len_m":159.4,"date":"2023-02-21"},"geometry":{"type":"LineString","coordinates":[[77.402097,18.46404],[77.402108,18.464175],[77.402104,18.464317],[77.402099,18.464435],[77.402091,18.464585],[77.402051,18.46484],[77.402026,18.464945],[77.402002,18.465057],[77.401782,18.465059],[77.401629,18.465035],[77.401425,18.464989],[77.401293,18.464951],[77.401107,18.464922],[77.400969,18.464931],[77.400855,18.465097],[77.400769,18.465263],[77.400708,18.465383],[77.400638,18.465519]]}},{"type":"Feature","properties":{"sol":715,"len_m":190.8,"date":"2023-02-22"},"geometry":{"type":"LineString","coordinates":[[77.400638,18.465519],[77.400584,18.465625],[77.400529,18.465731],[77.400474,18.465837],[77.400424,18.465944],[77.400389,18.466075],[77.400385,18.466192],[77.40038,18.466309],[77.400378,18.466443],[77.400378,18.46656],[77.400378,18.466695],[77.400377,18.466828],[77.400363,18.466962],[77.400349,18.467095],[77.400335,18.467229],[77.400321,18.467362],[77.400292,18.467492],[77.400252,18.46762],[77.400209,18.467747],[77.40016,18.467872],[77.400093,18.467989],[77.400031,18.46809],[77.399986,18.468199],[77.399948,18.468326],[77.399924,18.468456],[77.399884,18.468583],[77.399879,18.468606]]}},{"type":"Feature","properties":{"sol":716,"len_m":182.1,"date":"2023-02-23"},"geometry":{"type":"LineString","coordinates":[[77.399879,18.468606],[77.399824,18.468729],[77.39978,18.468835],[77.399733,18.468959],[77.399701,18.469071],[77.399679,18.469185],[77.399687,18.469301],[77.399701,18.469468],[77.3997,18.469584],[77.39969,18.469749],[77.399656,18.469879],[77.399621,18.469989],[77.399562,18.470092],[77.399491,18.470205],[77.399436,18.470325],[77.399348,18.470437],[77.399302,18.470542],[77.399265,18.470652],[77.399224,18.470778],[77.399181,18.470905],[77.399156,18.471018],[77.399139,18.471132],[77.399079,18.471233],[77.399066,18.471348],[77.399063,18.471449],[77.399063,18.471477]]}},{"type":"Feature","properties":{"sol":717,"len_m":216.5,"date":"2023-02-24"},"geometry":{"type":"LineString","coordinates":[[77.399063,18.471477],[77.399112,18.471603],[77.399142,18.471707],[77.39916,18.471823],[77.399127,18.471948],[77.399096,18.472058],[77.399105,18.472172],[77.399131,18.47232],[77.399128,18.472436],[77.399099,18.472582],[77.399064,18.472688],[77.399032,18.472796],[77.399007,18.472901],[77.398975,18.473012],[77.398933,18.473122],[77.398889,18.473232],[77.39885,18.473327],[77.398808,18.47342],[77.398739,18.473514],[77.39866,18.473602],[77.398572,18.47368],[77.398446,18.473765],[77.398351,18.473833],[77.398218,18.473906],[77.398115,18.473969],[77.398,18.474044],[77.397887,18.474124],[77.397763,18.474217],[77.397655,18.474272],[77.397533,18.474335],[77.397434,18.474369]]}},{"type":"Feature","properties":{"sol":718,"len_m":198.9,"date":"2023-02-25"},"geometry":{"type":"LineString","coordinates":[[77.397434,18.474369],[77.397299,18.474386],[77.397191,18.474406],[77.39708,18.474433],[77.396967,18.474464],[77.396856,18.474501],[77.396721,18.474542],[77.396601,18.474563],[77.396487,18.474587],[77.396353,18.474613],[77.396228,18.474656],[77.396105,18.474715],[77.395986,18.47478],[77.395878,18.474831],[77.395766,18.474872],[77.39566,18.474921],[77.395552,18.474974],[77.395444,18.475027],[77.395332,18.475044],[77.395187,18.475087],[77.39507,18.475078],[77.394939,18.475092],[77.394824,18.475123],[77.394693,18.47516],[77.394562,18.475201],[77.394447,18.475241],[77.394316,18.475288],[77.394187,18.475337],[77.394098,18.475371]]}},{"type":"Feature","properties":{"sol":719,"len_m":216.5,"date":"2023-02-26"},"geometry":{"type":"LineString","coordinates":[[77.394098,18.475371],[77.393986,18.475416],[77.393874,18.475464],[77.393763,18.475514],[77.393656,18.475566],[77.393547,18.47562],[77.393438,18.475674],[77.393312,18.475731],[77.393164,18.475763],[77.393049,18.475763],[77.392933,18.475757],[77.392816,18.475753],[77.392686,18.475755],[77.392577,18.475732],[77.392452,18.475695],[77.392324,18.475662],[77.392182,18.475636],[77.392068,18.475641],[77.391935,18.475647],[77.391801,18.47565],[77.391664,18.47566],[77.391507,18.475666],[77.391385,18.475653],[77.391245,18.475636],[77.391106,18.475622],[77.390968,18.475611],[77.390795,18.475605],[77.390674,18.475623],[77.390554,18.475639],[77.390416,18.475644],[77.390367,18.475636]]}},{"type":"Feature","properties":{"sol":721,"len_m":134.4,"date":"2023-02-28"},"geometry":{"type":"LineString","coordinates":[[77.390367,18.475636],[77.390255,18.475635],[77.390237,18.47577],[77.390226,18.475929],[77.390104,18.47602],[77.389998,18.475969],[77.389907,18.47587],[77.389869,18.475763],[77.38984,18.475651],[77.389816,18.475524],[77.389793,18.475398],[77.389781,18.475271],[77.389772,18.475143],[77.389797,18.475015],[77.389822,18.474888],[77.389828,18.474741],[77.389813,18.474632],[77.389815,18.474502],[77.389816,18.474442]]}},{"type":"Feature","properties":{"sol":726,"len_m":0.0,"date":"2023-03-06"},"geometry":{"type":"LineString","coordinates":[[77.389816,18.474442]]}},{"type":"Feature","properties":{"sol":727,"len_m":0.0,"date":"2023-03-07"},"geometry":{"type":"LineString","coordinates":[[77.389816,18.474442]]}},{"type":"Feature","properties":{"sol":731,"len_m":287.5,"date":"2023-03-11"},"geometry":{"type":"LineString","coordinates":[[77.389816,18.474442],[77.389675,18.474516],[77.389553,18.474514],[77.389435,18.47448],[77.389296,18.474493],[77.389183,18.474542],[77.389071,18.474594],[77.388949,18.474612],[77.388825,18.474608],[77.388708,18.474631],[77.388595,18.474679],[77.388479,18.474722],[77.38836,18.474753],[77.388221,18.474751],[77.388101,18.47477],[77.387964,18.474793],[77.387843,18.474814],[77.387712,18.474803],[77.387592,18.474785],[77.387474,18.47476],[77.387353,18.474772],[77.387232,18.474791],[77.387113,18.474809],[77.387012,18.474759],[77.386934,18.474679],[77.386853,18.474591],[77.386774,18.474503],[77.38671,18.474408],[77.386667,18.474284],[77.386647,18.47417],[77.386638,18.474064],[77.386635,18.473951],[77.386675,18.473809],[77.386673,18.473692],[77.386685,18.473562],[77.386713,18.473434],[77.386742,18.473306],[77.386769,18.47316],[77.386766,18.473019],[77.386751,18.472929]]}},{"type":"Feature","properties":{"sol":732,"len_m":291.5,"date":"2023-03-12"},"geometry":{"type":"LineString","coordinates":[[77.386751,18.472929],[77.38671,18.472822],[77.386635,18.472697],[77.386676,18.47257],[77.386718,18.472446],[77.386749,18.472316],[77.386783,18.47219],[77.386822,18.472062],[77.38686,18.471938],[77.386895,18.47181],[77.386931,18.471684],[77.386967,18.471559],[77.386985,18.471439],[77.387041,18.471341],[77.387116,18.471261],[77.387127,18.471152],[77.387056,18.471061],[77.386961,18.470992],[77.386859,18.470912],[77.386754,18.470829],[77.38665,18.470749],[77.386557,18.470681],[77.386474,18.470603],[77.386366,18.470561],[77.386251,18.470544],[77.386136,18.470532],[77.386022,18.470526],[77.38591,18.470536],[77.385804,18.470561],[77.385681,18.470585],[77.385552,18.47059],[77.385425,18.470595],[77.38531,18.470596],[77.385177,18.470604],[77.385047,18.470618],[77.384912,18.470626],[77.384793,18.470609],[77.38468,18.470566],[77.384571,18.470514],[77.384465,18.47046],[77.384359,18.470405],[77.384292,18.470368]]}},{"type":"Feature","properties":{"sol":736,"len_m":21.4,"date":"2023-03-16"},"geometry":{"type":"LineString","coordinates":[[77.384292,18.470368],[77.384194,18.470279],[77.384108,18.4702],[77.383996,18.47021],[77.383988,18.470212]]}},{"type":"Feature","properties":{"sol":753,"len_m":328.7,"date":"2023-04-02"},"geometry":{"type":"LineString","coordinates":[[77.383988,18.470212],[77.383964,18.470328],[77.38392,18.470436],[77.383879,18.470546],[77.383842,18.470658],[77.383805,18.470769],[77.38377,18.470878],[77.383663,18.471007],[77.383546,18.471027],[77.383426,18.471037],[77.383299,18.470981],[77.3832,18.470913],[77.383064,18.470895],[77.38294,18.47089],[77.38282,18.47089],[77.382685,18.470926],[77.382496,18.470933],[77.382373,18.470931],[77.382252,18.470942],[77.38213,18.470959],[77.381977,18.470965],[77.381844,18.470995],[77.381731,18.470929],[77.381569,18.470937],[77.381421,18.470977],[77.381319,18.47104],[77.381254,18.47115],[77.381143,18.47123],[77.381008,18.471222],[77.380895,18.471178],[77.380792,18.471113],[77.380572,18.471042],[77.380485,18.470943],[77.380404,18.470839],[77.380323,18.470736],[77.38019,18.47062],[77.380064,18.4706],[77.379937,18.470578],[77.379827,18.470557],[77.379722,18.470537],[77.379593,18.470506],[77.379491,18.470457],[77.379368,18.470407],[77.379312,18.470388]]}},{"type":"Feature","properties":{"sol":755,"len_m":130.7,"date":"2023-04-04"},"geometry":{"type":"LineString","coordinates":[[77.379312,18.470388],[77.379235,18.4705],[77.3791,18.470587],[77.378992,18.470637],[77.378878,18.470652],[77.378784,18.470717],[77.378639,18.47076],[77.378525,18.470793],[77.378417,18.470838],[77.378307,18.470908],[77.378258,18.471005],[77.378171,18.471069],[77.378066,18.471111],[77.377962,18.471163],[77.377852,18.471228],[77.377739,18.471299],[77.377636,18.471345],[77.377525,18.471386],[77.377419,18.471361],[77.377371,18.471346]]}},{"type":"Feature","properties":{"sol":759,"len_m":218.8,"date":"2023-04-08"},"geometry":{"type":"LineString","coordinates":[[77.377371,18.471346],[77.377544,18.471352],[77.377655,18.471347],[77.377822,18.471309],[77.377927,18.471364],[77.378025,18.47143],[77.378149,18.471492],[77.378246,18.471535],[77.378353,18.471589],[77.378444,18.471664],[77.378521,18.471763],[77.378565,18.471858],[77.378663,18.471923],[77.378771,18.47197],[77.378855,18.472068],[77.378945,18.472145],[77.379056,18.472268],[77.379123,18.472364],[77.379189,18.472461],[77.379255,18.47256],[77.379307,18.472664],[77.379357,18.472789],[77.379394,18.472898],[77.379448,18.473023],[77.379505,18.473144],[77.379563,18.473263],[77.379621,18.473383],[77.379686,18.4735],[77.379718,18.473607],[77.379848,18.473652],[77.379889,18.473682]]}},{"type":"Feature","properties":{"sol":762,"len_m":217.7,"date":"2023-04-12"},"geometry":{"type":"LineString","coordinates":[[77.379889,18.473682],[77.379867,18.473571],[77.379776,18.473468],[77.379732,18.473358],[77.37969,18.473246],[77.379576,18.472973],[77.379497,18.47279],[77.379248,18.472779],[77.379103,18.472845],[77.378982,18.472908],[77.378861,18.472972],[77.378527,18.473192],[77.378439,18.473265],[77.378253,18.473379],[77.378147,18.473429],[77.377933,18.473526],[77.377767,18.473611],[77.377589,18.473705],[77.377459,18.473761],[77.377343,18.473822],[77.377213,18.473894],[77.37705,18.473931]]}},{"type":"Feature","properties":{"sol":763,"len_m":219.2,"date":"2023-04-13"},"geometry":{"type":"LineString","coordinates":[[77.37705,18.473931],[77.376953,18.473992],[77.376847,18.473971],[77.37674,18.473971],[77.376629,18.473997],[77.376521,18.474039],[77.376412,18.474082],[77.376281,18.474121],[77.37615,18.474157],[77.376018,18.47419],[77.375887,18.474218],[77.375765,18.474258],[77.375659,18.474304],[77.375579,18.474382],[77.375481,18.474428],[77.375381,18.474468],[77.375296,18.474542],[77.375209,18.474631],[77.375133,18.474704],[77.375056,18.474779],[77.374973,18.474854],[77.374882,18.474929],[77.374781,18.474972],[77.374678,18.475022],[77.374571,18.475068],[77.374467,18.475126],[77.374359,18.475176],[77.374249,18.475217],[77.374139,18.475257],[77.374027,18.475308],[77.373915,18.475357],[77.373787,18.475413],[77.373652,18.475489],[77.373643,18.475497]]}},{"type":"Feature","properties":{"sol":764,"len_m":166.3,"date":"2023-04-14"},"geometry":{"type":"LineString","coordinates":[[77.373643,18.475497],[77.373536,18.475546],[77.373408,18.47561],[77.373302,18.475663],[77.373196,18.47572],[77.373124,18.475807],[77.373078,18.475904],[77.37299,18.47598],[77.372895,18.476055],[77.372802,18.47613],[77.372708,18.476206],[77.372615,18.476283],[77.372522,18.476361],[77.37243,18.476439],[77.372325,18.476527],[77.372202,18.476582],[77.372091,18.476619],[77.371926,18.476653],[77.371825,18.476693],[77.371727,18.47675],[77.371642,18.47685],[77.37156,18.476952],[77.371471,18.477023],[77.37136,18.477008],[77.371323,18.477013]]}},{"type":"Feature","properties":{"sol":765,"len_m":166.8,"date":"2023-04-15"},"geometry":{"type":"LineString","coordinates":[[77.371323,18.477013],[77.371242,18.477119],[77.371174,18.477213],[77.371106,18.477306],[77.371018,18.477384],[77.370906,18.477414],[77.370781,18.477459],[77.370672,18.477507],[77.370562,18.477555],[77.370441,18.477635],[77.37037,18.47772],[77.370291,18.477808],[77.370188,18.477901],[77.370084,18.477991],[77.36998,18.478078],[77.369861,18.4782],[77.369798,18.4783],[77.369726,18.478395],[77.369667,18.478496],[77.369648,18.47861],[77.369625,18.478723],[77.369595,18.478853],[77.369556,18.478963],[77.369507,18.479061]]}},{"type":"Feature","properties":{"sol":766,"len_m":57.2,"date":"2023-04-16"},"geometry":{"type":"LineString","coordinates":[[77.369507,18.479061],[77.369456,18.479167],[77.369391,18.479281],[77.369347,18.479381],[77.369364,18.479487],[77.369339,18.479607],[77.369292,18.479707],[77.369253,18.479811],[77.36927,18.479893]]}},{"type":"Feature","properties":{"sol":768,"len_m":100.5,"date":"2023-04-18"},"geometry":{"type":"LineString","coordinates":[[77.36927,18.479893],[77.369151,18.479892],[77.369099,18.48],[77.368998,18.480103],[77.368897,18.480281],[77.368894,18.480393],[77.368899,18.480505],[77.368903,18.48062],[77.368911,18.480736],[77.368911,18.480851],[77.368946,18.480982],[77.368985,18.481076],[77.369058,18.481225],[77.369104,18.481268]]}},{"type":"Feature","properties":{"sol":770,"len_m":114.3,"date":"2023-04-20"},"geometry":{"type":"LineString","coordinates":[[77.369104,18.481268],[77.369007,18.481197],[77.368985,18.481307],[77.368963,18.481411],[77.368943,18.48151],[77.368929,18.481627],[77.368931,18.481745],[77.368923,18.481846],[77.368937,18.48196],[77.368935,18.482078],[77.368933,18.482195],[77.368934,18.48233],[77.368953,18.482442],[77.368961,18.48255],[77.368902,18.482646],[77.368907,18.482754],[77.36895,18.482857],[77.369008,18.482929]]}},{"type":"Feature","properties":{"sol":775,"len_m":2.5,"date":"2023-04-25"},"geometry":{"type":"LineString","coordinates":[[77.369008,18.482929],[77.369004,18.482912]]}},{"type":"Feature","properties":{"sol":784,"len_m":25.4,"date":"2023-05-04"},"geometry":{"type":"LineString","coordinates":[[77.369004,18.482912],[77.368817,18.482829],[77.368706,18.48281],[77.368632,18.482727],[77.368632,18.482727]]}},{"type":"Feature","properties":{"sol":793,"len_m":21.0,"date":"2023-05-13"},"geometry":{"type":"LineString","coordinates":[[77.368632,18.482727],[77.368745,18.482667],[77.368675,18.482564],[77.36868,18.48256]]}},{"type":"Feature","properties":{"sol":795,"len_m":7.4,"date":"2023-05-16"},"geometry":{"type":"LineString","coordinates":[[77.36868,18.48256],[77.368645,18.482641]]}},{"type":"Feature","properties":{"sol":797,"len_m":2.9,"date":"2023-05-18"},"geometry":{"type":"LineString","coordinates":[[77.368645,18.482641],[77.368616,18.482666]]}},{"type":"Feature","properties":{"sol":816,"len_m":48.6,"date":"2023-06-06"},"geometry":{"type":"LineString","coordinates":[[77.368616,18.482666],[77.36867,18.482804],[77.368665,18.482913],[77.368624,18.483038],[77.36863,18.483183],[77.368595,18.483293],[77.368564,18.483399],[77.368548,18.483441]]}},{"type":"Feature","properties":{"sol":818,"len_m":39.2,"date":"2023-06-08"},"geometry":{"type":"LineString","coordinates":[[77.368548,18.483441],[77.368441,18.483487],[77.368347,18.483394],[77.368268,18.483324],[77.368217,18.48319],[77.368179,18.483056],[77.368192,18.483037]]}},{"type":"Feature","properties":{"sol":821,"len_m":11.0,"date":"2023-06-11"},"geometry":{"type":"LineString","coordinates":[[77.368192,18.483037],[77.368194,18.482988]]}},{"type":"Feature","properties":{"sol":836,"len_m":150.8,"date":"2023-06-27"},"geometry":{"type":"LineString","coordinates":[[77.368194,18.482988],[77.367987,18.483124],[77.367799,18.483382],[77.367573,18.483517],[77.367405,18.483536],[77.367294,18.483503],[77.367132,18.483298],[77.367108,18.483147],[77.367,18.483237],[77.366891,18.483256],[77.366768,18.48305],[77.366727,18.482929],[77.366718,18.482825],[77.366702,18.48264],[77.366698,18.48251],[77.366697,18.482509]]}},{"type":"Feature","properties":{"sol":838,"len_m":100.2,"date":"2023-06-29"},"geometry":{"type":"LineString","coordinates":[[77.366697,18.482509],[77.366719,18.482368],[77.366679,18.482272],[77.366629,18.482172],[77.366585,18.482068],[77.366528,18.481954],[77.366483,18.48184],[77.3664,18.481746],[77.36628,18.48171],[77.366162,18.481694],[77.366112,18.481589],[77.366024,18.481506],[77.365967,18.481415],[77.365886,18.481331],[77.36581,18.481268]]}},{"type":"Feature","properties":{"sol":843,"len_m":17.9,"date":"2023-07-04"},"geometry":{"type":"LineString","coordinates":[[77.36581,18.481268],[77.365723,18.48134],[77.365794,18.48144],[77.365828,18.481442]]}},{"type":"Feature","properties":{"sol":848,"len_m":14.2,"date":"2023-07-09"},"geometry":{"type":"LineString","coordinates":[[77.365828,18.481442],[77.365845,18.481415]]}},{"type":"Feature","properties":{"sol":854,"len_m":63.9,"date":"2023-07-15"},"geometry":{"type":"LineString","coordinates":[[77.365845,18.481415],[77.365756,18.481345],[77.365676,18.48123],[77.365461,18.48121],[77.365353,18.481266],[77.365182,18.481312],[77.365072,18.481261],[77.364974,18.481198],[77.364942,18.481149]]}},{"type":"Feature","properties":{"sol":856,"len_m":15.1,"date":"2023-07-17"},"geometry":{"type":"LineString","coordinates":[[77.364942,18.481149],[77.364826,18.481154],[77.364726,18.481101],[77.364706,18.481089]]}},{"type":"Feature","properties":{"sol":866,"len_m":120.0,"date":"2023-07-28"},"geometry":{"type":"LineString","coordinates":[[77.364706,18.481089],[77.364634,18.480974],[77.364527,18.480936],[77.364411,18.480924],[77.364293,18.48092],[77.364162,18.480946],[77.36406,18.480994],[77.36394,18.480981],[77.363837,18.480911],[77.363714,18.480838],[77.363582,18.480839],[77.363469,18.480839],[77.363359,18.480855],[77.363297,18.48096],[77.363195,18.481019],[77.363038,18.481026],[77.362993,18.481028]]}},{"type":"Feature","properties":{"sol":868,"len_m":95.4,"date":"2023-07-30"},"geometry":{"type":"LineString","coordinates":[[77.362993,18.481028],[77.3628,18.481093],[77.362677,18.481089],[77.362558,18.481086],[77.36244,18.48108],[77.362343,18.481028],[77.362247,18.481081],[77.362146,18.481133],[77.362031,18.481134],[77.361898,18.481122],[77.361772,18.481114],[77.361683,18.481199],[77.361573,18.481175],[77.361561,18.481135]]}},{"type":"Feature","properties":{"sol":870,"len_m":128.4,"date":"2023-08-01"},"geometry":{"type":"LineString","coordinates":[[77.361561,18.481135],[77.361579,18.481031],[77.361476,18.481066],[77.361386,18.481142],[77.361219,18.481352],[77.36109,18.481387],[77.36098,18.481405],[77.360871,18.481465],[77.360779,18.481624],[77.360736,18.481766],[77.360711,18.481901],[77.36071,18.482005],[77.360645,18.482096],[77.36057,18.48229],[77.36056,18.482434],[77.360571,18.482562],[77.360571,18.482561]]}},{"type":"Feature","properties":{"sol":871,"len_m":73.7,"date":"2023-08-02"},"geometry":{"type":"LineString","coordinates":[[77.360571,18.482561],[77.360541,18.482666],[77.360567,18.482821],[77.360631,18.482931],[77.360654,18.483037],[77.360654,18.483149],[77.36065,18.483294],[77.360618,18.483406],[77.360578,18.483515],[77.360534,18.483636],[77.360508,18.483747],[77.360509,18.483747]]}},{"type":"Feature","properties":{"sol":872,"len_m":10.8,"date":"2023-08-03"},"geometry":{"type":"LineString","coordinates":[[77.360509,18.483747],[77.360592,18.483815],[77.36051,18.483805]]}},{"type":"Feature","properties":{"sol":884,"len_m":108.8,"date":"2023-08-15"},"geometry":{"type":"LineString","coordinates":[[77.36051,18.483805],[77.360716,18.483822],[77.36088,18.483818],[77.360996,18.483812],[77.361113,18.483799],[77.360994,18.483815],[77.360875,18.483818],[77.360791,18.483751],[77.36071,18.483666],[77.360628,18.483582],[77.360548,18.483496],[77.360466,18.48341],[77.360366,18.483297],[77.360291,18.483187],[77.360207,18.483104],[77.360196,18.483092]]}},{"type":"Feature","properties":{"sol":885,"len_m":138.2,"date":"2023-08-16"},"geometry":{"type":"LineString","coordinates":[[77.360196,18.483092],[77.360171,18.482978],[77.360207,18.482831],[77.360259,18.48267],[77.360263,18.482537],[77.360254,18.482403],[77.36025,18.482269],[77.360268,18.482054],[77.360287,18.481921],[77.360295,18.481789],[77.360303,18.481657],[77.360284,18.481527],[77.360273,18.481411],[77.360239,18.481264],[77.360208,18.481135],[77.360177,18.481008],[77.36013,18.480885],[77.360101,18.480807]]}},{"type":"Feature","properties":{"sol":886,"len_m":4.3,"date":"2023-08-17"},"geometry":{"type":"LineString","coordinates":[[77.360101,18.480807],[77.360086,18.480793]]}},{"type":"Feature","properties":{"sol":896,"len_m":169.9,"date":"2023-08-27"},"geometry":{"type":"LineString","coordinates":[[77.360086,18.480793],[77.360077,18.480924],[77.360063,18.481152],[77.360056,18.481284],[77.360051,18.481417],[77.359933,18.481519],[77.3598,18.481558],[77.359664,18.481588],[77.359527,18.481599],[77.359377,18.481654],[77.359307,18.481746],[77.359207,18.481873],[77.359168,18.481995],[77.359141,18.482121],[77.359094,18.482223],[77.359016,18.482324],[77.358874,18.482456],[77.358748,18.482489],[77.358619,18.482501],[77.358517,18.482574],[77.35836,18.482616],[77.35836,18.482615]]}},{"type":"Feature","properties":{"sol":897,"len_m":0.1,"date":"2023-08-28"},"geometry":{"type":"LineString","coordinates":[[77.35836,18.482615],[77.358361,18.482615]]}},{"type":"Feature","properties":{"sol":899,"len_m":6.2,"date":"2023-08-30"},"geometry":{"type":"LineString","coordinates":[[77.358361,18.482615],[77.358463,18.482646],[77.358464,18.482646]]}},{"type":"Feature","properties":{"sol":903,"len_m":16.6,"date":"2023-09-03"},"geometry":{"type":"LineString","coordinates":[[77.358464,18.482646],[77.358352,18.482609],[77.358241,18.48253],[77.358235,18.482501]]}},{"type":"Feature","properties":{"sol":905,"len_m":127.4,"date":"2023-09-06"},"geometry":{"type":"LineString","coordinates":[[77.358235,18.482501],[77.358085,18.482561],[77.357958,18.482589],[77.357838,18.482579],[77.357729,18.482547],[77.357704,18.482439],[77.357758,18.482346],[77.357864,18.482256],[77.357964,18.482299],[77.358033,18.482385],[77.35815,18.482391],[77.358151,18.482493],[77.358064,18.482565],[77.357937,18.482609],[77.357806,18.482608],[77.35777,18.482603]]}},{"type":"Feature","properties":{"sol":907,"len_m":21.3,"date":"2023-09-08"},"geometry":{"type":"LineString","coordinates":[[77.35777,18.482603],[77.357669,18.482525],[77.357717,18.482399],[77.357718,18.482377]]}},{"type":"Feature","properties":{"sol":909,"len_m":474.0,"date":"2023-09-09"},"geometry":{"type":"LineString","coordinates":[[77.357718,18.482377],[77.3575,18.482375],[77.35736,18.482341],[77.357251,18.482322],[77.357089,18.482319],[77.356906,18.482316],[77.356785,18.48233],[77.356697,18.482261],[77.356587,18.482219],[77.35647,18.48216],[77.356369,18.48211],[77.356251,18.482098],[77.356134,18.482089],[77.356016,18.482091],[77.355898,18.4821],[77.355763,18.482112],[77.355639,18.482106],[77.355523,18.482078],[77.355381,18.482101],[77.35527,18.482137],[77.355158,18.482207],[77.355089,18.482295],[77.355019,18.482385],[77.354938,18.482468],[77.354854,18.482547],[77.354777,18.482636],[77.3547,18.482723],[77.354611,18.482812],[77.354524,18.482908],[77.354535,18.483053],[77.354503,18.483165],[77.35441,18.483225],[77.354308,18.483271],[77.354203,18.483327],[77.354084,18.483399],[77.353965,18.483391],[77.353845,18.483367],[77.353727,18.483344],[77.353605,18.483329],[77.353472,18.483348],[77.353334,18.483354],[77.353215,18.483332],[77.353096,18.483313],[77.352977,18.48329],[77.352869,18.483238],[77.352771,18.483185],[77.352666,18.483124],[77.352522,18.483056],[77.352408,18.483009],[77.352292,18.482968],[77.352189,18.48294],[77.352082,18.482931],[77.351975,18.482926],[77.351867,18.482921],[77.351734,18.482949],[77.351629,18.483014],[77.351519,18.48307],[77.351379,18.483143],[77.351296,18.48323],[77.351265,18.483329],[77.351245,18.483435],[77.351129,18.48341],[77.351033,18.483326],[77.350917,18.483336],[77.350834,18.483254],[77.35072,18.48326],[77.350704,18.483288]]}},{"type":"Feature","properties":{"sol":911,"len_m":20.9,"date":"2023-09-12"},"geometry":{"type":"LineString","coordinates":[[77.350704,18.483288],[77.350804,18.483348],[77.350731,18.483442],[77.350694,18.483443]]}},{"type":"Feature","properties":{"sol":925,"len_m":9.5,"date":"2023-09-26"},"geometry":{"type":"LineString","coordinates":[[77.350694,18.483443],[77.350585,18.483396],[77.350551,18.48342]]}},{"type":"Feature","properties":{"sol":926,"len_m":124.5,"date":"2023-09-27"},"geometry":{"type":"LineString","coordinates":[[77.350551,18.48342],[77.350698,18.48346],[77.350821,18.48357],[77.350843,18.483712],[77.350821,18.483818],[77.350739,18.483903],[77.350696,18.484011],[77.350634,18.484111],[77.350577,18.484297],[77.35059,18.484413],[77.350603,18.484528],[77.350608,18.484644],[77.350616,18.48476],[77.350624,18.484877],[77.350634,18.485007],[77.350606,18.485152],[77.350589,18.485232]]}},{"type":"Feature","properties":{"sol":927,"len_m":186.9,"date":"2023-09-28"},"geometry":{"type":"LineString","coordinates":[[77.350589,18.485232],[77.350615,18.485342],[77.350523,18.485443],[77.350563,18.485586],[77.350615,18.485708],[77.350641,18.485838],[77.350632,18.485986],[77.350596,18.486098],[77.350554,18.486207],[77.350534,18.486322],[77.350504,18.486432],[77.350443,18.486533],[77.350381,18.486633],[77.350309,18.486748],[77.350266,18.486874],[77.350272,18.487022],[77.35023,18.487149],[77.350169,18.487248],[77.350105,18.487346],[77.350052,18.48745],[77.350027,18.487554],[77.34998,18.487659],[77.349918,18.487757],[77.349856,18.487856],[77.349777,18.487937],[77.349685,18.488005],[77.349633,18.488038]]}},{"type":"Feature","properties":{"sol":929,"len_m":79.1,"date":"2023-09-30"},"geometry":{"type":"LineString","coordinates":[[77.349633,18.488038],[77.349643,18.487844],[77.349609,18.487727],[77.349574,18.487628],[77.349537,18.487518],[77.349503,18.487408],[77.349433,18.487316],[77.349413,18.487213],[77.349305,18.487158],[77.349222,18.487074],[77.34914,18.48699],[77.349124,18.486993]]}},{"type":"Feature","properties":{"sol":931,"len_m":91.8,"date":"2023-10-02"},"geometry":{"type":"LineString","coordinates":[[77.349124,18.486993],[77.348941,18.486991],[77.348809,18.486993],[77.348718,18.487066],[77.348701,18.487206],[77.348593,18.487218],[77.348479,18.487235],[77.348398,18.487153],[77.348291,18.487101],[77.348177,18.48711],[77.348063,18.487137],[77.347995,18.487151]]}},{"type":"Feature","properties":{"sol":932,"len_m":178.2,"date":"2023-10-03"},"geometry":{"type":"LineString","coordinates":[[77.347995,18.487151],[77.34786,18.487137],[77.347675,18.487136],[77.347494,18.487101],[77.347346,18.487107],[77.347213,18.487118],[77.347095,18.487126],[77.346951,18.487206],[77.34687,18.487287],[77.346773,18.487417],[77.346716,18.48753],[77.346694,18.48764],[77.346652,18.487746],[77.346629,18.487858],[77.346611,18.48797],[77.346589,18.488098],[77.346571,18.488271],[77.346634,18.488369],[77.346528,18.488418],[77.346539,18.488524],[77.34664,18.488582],[77.346752,18.488629],[77.346881,18.488675],[77.346925,18.488701]]}},{"type":"Feature","properties":{"sol":933,"len_m":10.8,"date":"2023-10-04"},"geometry":{"type":"LineString","coordinates":[[77.346925,18.488701],[77.34703,18.488759],[77.347043,18.488715]]}},{"type":"Feature","properties":{"sol":950,"len_m":298.0,"date":"2023-10-22"},"geometry":{"type":"LineString","coordinates":[[77.347043,18.488715],[77.34694,18.488765],[77.346821,18.488755],[77.346791,18.488853],[77.346831,18.488974],[77.346905,18.489067],[77.346975,18.489162],[77.347027,18.489266],[77.347067,18.489373],[77.347122,18.489476],[77.347183,18.489576],[77.347235,18.489679],[77.347276,18.489802],[77.347318,18.489908],[77.347346,18.490006],[77.347431,18.490107],[77.347527,18.49017],[77.347594,18.490265],[77.347625,18.490374],[77.347663,18.49048],[77.347715,18.490579],[77.347768,18.490682],[77.347874,18.490675],[77.347959,18.490596],[77.348068,18.490552],[77.348218,18.490598],[77.348294,18.490676],[77.348349,18.490778],[77.348405,18.490879],[77.348463,18.49098],[77.348516,18.491084],[77.348541,18.491198],[77.348548,18.491313],[77.348553,18.491428],[77.348539,18.49154],[77.348517,18.491666],[77.348495,18.491776],[77.348473,18.491881],[77.348432,18.491983],[77.348385,18.492086],[77.34836,18.492188],[77.348353,18.492202]]}},{"type":"Feature","properties":{"sol":952,"len_m":165.1,"date":"2023-10-24"},"geometry":{"type":"LineString","coordinates":[[77.348353,18.492202],[77.348276,18.492288],[77.348202,18.492367],[77.348138,18.492458],[77.348123,18.492561],[77.348173,18.492659],[77.348217,18.492762],[77.348211,18.492867],[77.348248,18.492966],[77.348261,18.493075],[77.348233,18.493187],[77.348198,18.493296],[77.348147,18.493434],[77.34806,18.493503],[77.347992,18.493594],[77.347926,18.4937],[77.347875,18.493822],[77.34785,18.49392],[77.347786,18.494017],[77.347715,18.4941],[77.347672,18.494218],[77.347709,18.494321],[77.347704,18.49432]]}},{"type":"Feature","properties":{"sol":957,"len_m":27.8,"date":"2023-10-29"},"geometry":{"type":"LineString","coordinates":[[77.347704,18.49432],[77.347663,18.494194],[77.347791,18.494184],[77.347819,18.494282],[77.347838,18.494332]]}},{"type":"Feature","properties":{"sol":958,"len_m":105.4,"date":"2023-10-30"},"geometry":{"type":"LineString","coordinates":[[77.347838,18.494332],[77.348015,18.494383],[77.348058,18.494481],[77.347987,18.494627],[77.347901,18.494749],[77.347809,18.494862],[77.347711,18.495024],[77.347516,18.495081],[77.347424,18.495139],[77.347314,18.495192],[77.347204,18.495308],[77.347153,18.495511],[77.347153,18.495513]]}},{"type":"Feature","properties":{"sol":959,"len_m":292.1,"date":"2023-10-31"},"geometry":{"type":"LineString","coordinates":[[77.347153,18.495513],[77.347182,18.495639],[77.347343,18.495765],[77.34746,18.495802],[77.347561,18.495836],[77.347674,18.495917],[77.347756,18.496005],[77.347847,18.496074],[77.347967,18.496075],[77.348086,18.49609],[77.34822,18.496125],[77.348359,18.496148],[77.348492,18.496186],[77.348605,18.496202],[77.348708,18.496231],[77.34877,18.496354],[77.348888,18.496391],[77.348998,18.496435],[77.349121,18.496491],[77.349239,18.49649],[77.34936,18.496476],[77.349496,18.496461],[77.349633,18.496443],[77.34977,18.496449],[77.349905,18.496437],[77.350039,18.496446],[77.350179,18.496457],[77.350314,18.496471],[77.350435,18.496473],[77.350555,18.496468],[77.350682,18.496465],[77.350794,18.496508],[77.350902,18.496512],[77.351037,18.496532],[77.351154,18.496526],[77.351267,18.496507],[77.351374,18.496473],[77.351523,18.496485],[77.351624,18.496502]]}},{"type":"Feature","properties":{"sol":960,"len_m":41.1,"date":"2023-11-01"},"geometry":{"type":"LineString","coordinates":[[77.351624,18.496502],[77.351763,18.496488],[77.352004,18.496458],[77.352113,18.496468],[77.352245,18.496491],[77.352337,18.49651]]}},{"type":"Feature","properties":{"sol":991,"len_m":10.6,"date":"2023-12-03"},"geometry":{"type":"LineString","coordinates":[[77.352337,18.49651],[77.352225,18.496532],[77.352211,18.49655]]}},{"type":"Feature","properties":{"sol":993,"len_m":85.0,"date":"2023-12-05"},"geometry":{"type":"LineString","coordinates":[[77.352211,18.49655],[77.352171,18.496673],[77.352084,18.49675],[77.352096,18.496894],[77.352023,18.496989],[77.351936,18.497071],[77.351822,18.49715],[77.351707,18.497179],[77.351592,18.497211],[77.351468,18.497295],[77.351431,18.497403],[77.351416,18.497518],[77.351413,18.497549]]}},{"type":"Feature","properties":{"sol":994,"len_m":144.8,"date":"2023-12-06"},"geometry":{"type":"LineString","coordinates":[[77.351413,18.497549],[77.351528,18.49758],[77.351639,18.497629],[77.351701,18.497719],[77.35176,18.497856],[77.351735,18.497984],[77.351715,18.498097],[77.351691,18.498212],[77.351664,18.498343],[77.351655,18.498477],[77.351658,18.498593],[77.351639,18.498724],[77.351593,18.498869],[77.351556,18.498979],[77.351528,18.499108],[77.351498,18.499235],[77.351468,18.499365],[77.351424,18.499491],[77.351349,18.499638],[77.351307,18.499663]]}},{"type":"Feature","properties":{"sol":997,"len_m":160.6,"date":"2023-12-09"},"geometry":{"type":"LineString","coordinates":[[77.351307,18.499663],[77.351191,18.499592],[77.351129,18.499506],[77.351068,18.499406],[77.35102,18.499302],[77.350984,18.499193],[77.350952,18.499068],[77.350919,18.498924],[77.350858,18.498829],[77.350799,18.49873],[77.350734,18.498635],[77.350665,18.498548],[77.350572,18.49848],[77.350528,18.498353],[77.35044,18.498281],[77.350308,18.498259],[77.350189,18.498265],[77.350074,18.498297],[77.349959,18.498328],[77.349842,18.498331],[77.349725,18.498317],[77.349609,18.498346],[77.349496,18.49839],[77.349396,18.498453],[77.349399,18.498453]]}},{"type":"Feature","properties":{"sol":998,"len_m":79.1,"date":"2023-12-10"},"geometry":{"type":"LineString","coordinates":[[77.349399,18.498453],[77.34932,18.498369],[77.34924,18.498289],[77.349179,18.498197],[77.349088,18.498131],[77.348969,18.498146],[77.348855,18.498164],[77.348737,18.498126],[77.348819,18.498197],[77.348935,18.498157],[77.349026,18.498089],[77.349066,18.498036]]}},{"type":"Feature","properties":{"sol":999,"len_m":226.6,"date":"2023-12-11"},"geometry":{"type":"LineString","coordinates":[[77.349066,18.498036],[77.349145,18.497931],[77.34912,18.497825],[77.349035,18.497751],[77.34896,18.497669],[77.348892,18.497579],[77.348805,18.497503],[77.348697,18.497474],[77.348588,18.497466],[77.348492,18.497403],[77.348466,18.497292],[77.348478,18.497177],[77.348484,18.497045],[77.348513,18.496901],[77.34851,18.496788],[77.348492,18.496663],[77.348453,18.496558],[77.348359,18.496501],[77.348249,18.496476],[77.348142,18.496437],[77.348056,18.496365],[77.347982,18.496281],[77.347888,18.496189],[77.347803,18.496094],[77.347719,18.495998],[77.347636,18.495902],[77.347569,18.495814],[77.347483,18.495739],[77.347375,18.495692],[77.347266,18.495689],[77.34716,18.495667],[77.34707,18.495605],[77.34698,18.495543],[77.346884,18.495489],[77.346877,18.495486]]}},{"type":"Feature","properties":{"sol":1000,"len_m":14.1,"date":"2023-12-12"},"geometry":{"type":"LineString","coordinates":[[77.346877,18.495486],[77.346666,18.495403],[77.346647,18.495396]]}},{"type":"Feature","properties":{"sol":1001,"len_m":136.4,"date":"2023-12-13"},"geometry":{"type":"LineString","coordinates":[[77.346647,18.495396],[77.34654,18.495349],[77.346405,18.495299],[77.346232,18.495254],[77.346171,18.495171],[77.346221,18.49507],[77.346279,18.494978],[77.346248,18.495079],[77.346185,18.495168],[77.346163,18.495277],[77.346198,18.495375],[77.346306,18.495388],[77.346407,18.495353],[77.34642,18.495241],[77.346371,18.49522]]}},{"type":"Feature","properties":{"sol":1002,"len_m":128.5,"date":"2023-12-14"},"geometry":{"type":"LineString","coordinates":[[77.346371,18.49522],[77.346313,18.495097],[77.346231,18.494962],[77.3461,18.49485],[77.345959,18.494744],[77.345786,18.494725],[77.345677,18.494658],[77.345595,18.494573],[77.345508,18.49449],[77.345429,18.494403],[77.345378,18.494298],[77.345306,18.494203],[77.345213,18.494107],[77.345102,18.494077],[77.344986,18.494109],[77.344882,18.494166],[77.344757,18.494209],[77.34474,18.494223]]}},{"type":"Feature","properties":{"sol":1004,"len_m":7.7,"date":"2023-12-16"},"geometry":{"type":"LineString","coordinates":[[77.34474,18.494223],[77.344643,18.494288],[77.344629,18.494295]]}},{"type":"Feature","properties":{"sol":1006,"len_m":49.2,"date":"2023-12-18"},"geometry":{"type":"LineString","coordinates":[[77.344629,18.494295],[77.344478,18.494375],[77.344409,18.494462],[77.344344,18.494556],[77.34436,18.494698],[77.34434,18.494799],[77.344338,18.494854]]}},{"type":"Feature","properties":{"sol":1007,"len_m":207.2,"date":"2023-12-19"},"geometry":{"type":"LineString","coordinates":[[77.344338,18.494854],[77.344356,18.494719],[77.344334,18.494574],[77.344289,18.494473],[77.34422,18.49438],[77.344151,18.49429],[77.344072,18.494209],[77.34398,18.494142],[77.343923,18.494048],[77.343883,18.493949],[77.343777,18.493899],[77.343692,18.493817],[77.343619,18.493726],[77.34355,18.493636],[77.343498,18.493535],[77.343528,18.493407],[77.343441,18.493333],[77.343349,18.493261],[77.343271,18.493179],[77.343162,18.493226],[77.34306,18.49326],[77.342955,18.49321],[77.342868,18.493132],[77.342783,18.493053],[77.34271,18.492965],[77.342668,18.492861],[77.34257,18.492803],[77.342458,18.492767],[77.342345,18.492744],[77.342233,18.492712],[77.342179,18.492692]]}},{"type":"Feature","properties":{"sol":1018,"len_m":181.1,"date":"2023-12-31"},"geometry":{"type":"LineString","coordinates":[[77.342179,18.492692],[77.342063,18.492621],[77.341947,18.492613],[77.341831,18.49259],[77.34173,18.492629],[77.341607,18.492634],[77.341496,18.492641],[77.34138,18.492656],[77.341263,18.492675],[77.341169,18.492737],[77.341065,18.492782],[77.340959,18.492823],[77.340843,18.492847],[77.340727,18.49287],[77.340628,18.492821],[77.340538,18.492743],[77.34043,18.492756],[77.340373,18.492851],[77.340278,18.492919],[77.340174,18.492951],[77.340064,18.492922],[77.339966,18.492841],[77.339865,18.492805],[77.339731,18.492797],[77.339635,18.492743],[77.339556,18.49271]]}},{"type":"Feature","properties":{"sol":1019,"len_m":108.5,"date":"2024-01-01"},"geometry":{"type":"LineString","coordinates":[[77.339556,18.49271],[77.339655,18.49277],[77.339768,18.492798],[77.339918,18.492803],[77.340042,18.492779],[77.340048,18.492677],[77.340162,18.492642],[77.340223,18.492728],[77.340139,18.492793],[77.340027,18.492789],[77.340147,18.492794],[77.340196,18.492696],[77.340105,18.492642],[77.340046,18.492662]]}},{"type":"Feature","properties":{"sol":1021,"len_m":47.2,"date":"2024-01-03"},"geometry":{"type":"LineString","coordinates":[[77.340046,18.492662],[77.340008,18.492543],[77.339929,18.492439],[77.339813,18.492376],[77.339685,18.492343],[77.339574,18.492361],[77.339524,18.492455],[77.33954,18.492448]]}},{"type":"Feature","properties":{"sol":1041,"len_m":202.5,"date":"2024-01-23"},"geometry":{"type":"LineString","coordinates":[[77.33954,18.492448],[77.339455,18.492627],[77.33939,18.492777],[77.339338,18.492906],[77.339204,18.493052],[77.339038,18.493055],[77.338934,18.493086],[77.338836,18.493145],[77.338741,18.493262],[77.338717,18.49337],[77.338721,18.493483],[77.338703,18.493596],[77.338585,18.493614],[77.338451,18.493627],[77.338337,18.493622],[77.338237,18.493571],[77.338161,18.493487],[77.338132,18.493386],[77.338068,18.493294],[77.338004,18.493202],[77.337928,18.493118],[77.337829,18.49301],[77.337737,18.492945],[77.33764,18.492879],[77.337523,18.492796],[77.337437,18.49272],[77.337344,18.492627],[77.337284,18.492584]]}},{"type":"Feature","properties":{"sol":1042,"len_m":165.5,"date":"2024-01-24"},"geometry":{"type":"LineString","coordinates":[[77.337284,18.492584],[77.337151,18.492566],[77.337029,18.492554],[77.336911,18.492567],[77.336776,18.492582],[77.336673,18.492617],[77.336562,18.492647],[77.336439,18.492682],[77.336315,18.492719],[77.336203,18.49274],[77.336092,18.492718],[77.33617,18.492793],[77.336144,18.492685],[77.336208,18.492595],[77.336304,18.492536],[77.336258,18.492662],[77.33629,18.492785],[77.336395,18.492829],[77.336378,18.492936],[77.336267,18.492955],[77.336145,18.492932],[77.336127,18.492921]]}},{"type":"Feature","properties":{"sol":1043,"len_m":15.4,"date":"2024-01-25"},"geometry":{"type":"LineString","coordinates":[[77.336127,18.492921],[77.336018,18.492976],[77.335908,18.493004],[77.335877,18.493005]]}},{"type":"Feature","properties":{"sol":1045,"len_m":197.8,"date":"2024-01-27"},"geometry":{"type":"LineString","coordinates":[[77.335877,18.493005],[77.335762,18.493031],[77.335662,18.492939],[77.335503,18.49287],[77.33537,18.492827],[77.335237,18.49278],[77.33513,18.492752],[77.335011,18.492718],[77.334903,18.492682],[77.334788,18.492698],[77.334708,18.492767],[77.334591,18.492762],[77.334478,18.492822],[77.334388,18.492917],[77.334336,18.493012],[77.334219,18.493046],[77.334109,18.493093],[77.333987,18.493143],[77.333892,18.493232],[77.333793,18.493285],[77.333665,18.493274],[77.33356,18.493321],[77.333443,18.493322],[77.333317,18.493292],[77.333232,18.493223],[77.333174,18.493112],[77.333158,18.493099]]}},{"type":"Feature","properties":{"sol":1046,"len_m":206.7,"date":"2024-01-28"},"geometry":{"type":"LineString","coordinates":[[77.333158,18.493099],[77.333051,18.493066],[77.332936,18.493062],[77.332824,18.493044],[77.332709,18.492981],[77.332661,18.492888],[77.332704,18.492795],[77.3327,18.492693],[77.332641,18.492605],[77.33257,18.492488],[77.332561,18.492378],[77.332529,18.492274],[77.332449,18.492205],[77.332426,18.492096],[77.332453,18.491998],[77.332368,18.491889],[77.332259,18.491818],[77.332151,18.491769],[77.332057,18.491698],[77.331954,18.49165],[77.331889,18.491565],[77.331817,18.491478],[77.331746,18.491379],[77.331633,18.49137],[77.331517,18.491381],[77.331409,18.491366],[77.331301,18.491334],[77.3312,18.491285],[77.33114,18.491181],[77.331047,18.49113],[77.331012,18.491118]]}},{"type":"Feature","properties":{"sol":1047,"len_m":93.8,"date":"2024-01-29"},"geometry":{"type":"LineString","coordinates":[[77.331012,18.491118],[77.330809,18.491137],[77.330664,18.491133],[77.33053,18.491137],[77.330421,18.491123],[77.33031,18.491061],[77.33023,18.490963],[77.330112,18.490923],[77.329987,18.490904],[77.329873,18.490918],[77.329764,18.490958],[77.329652,18.490944],[77.329534,18.490911],[77.329518,18.490915]]}},{"type":"Feature","properties":{"sol":1049,"len_m":66.1,"date":"2024-01-31"},"geometry":{"type":"LineString","coordinates":[[77.329518,18.490915],[77.329445,18.490998],[77.329333,18.491061],[77.329231,18.491099],[77.329118,18.491137],[77.329003,18.491164],[77.328931,18.491241],[77.328826,18.491295],[77.328812,18.491312]]}},{"type":"Feature","properties":{"sol":1052,"len_m":119.6,"date":"2024-02-04"},"geometry":{"type":"LineString","coordinates":[[77.328812,18.491312],[77.328681,18.491298],[77.328556,18.491398],[77.32842,18.491448],[77.32826,18.491485],[77.328148,18.491492],[77.328035,18.491484],[77.327908,18.49148],[77.327783,18.491493],[77.327665,18.49149],[77.327553,18.491474],[77.327431,18.49143],[77.32734,18.491506],[77.327268,18.491597],[77.32713,18.491561],[77.327034,18.491523]]}},{"type":"Feature","properties":{"sol":1055,"len_m":0.0,"date":"2024-02-07"},"geometry":{"type":"LineString","coordinates":[[77.327034,18.491523],[77.327034,18.491523]]}},{"type":"Feature","properties":{"sol":1059,"len_m":2.8,"date":"2024-02-11"},"geometry":{"type":"LineString","coordinates":[[77.327034,18.491523],[77.326986,18.491512]]}},{"type":"Feature","properties":{"sol":1063,"len_m":22.7,"date":"2024-02-15"},"geometry":{"type":"LineString","coordinates":[[77.326986,18.491512],[77.3271,18.491548],[77.327215,18.491592],[77.327315,18.49163],[77.327363,18.491648]]}},{"type":"Feature","properties":{"sol":1066,"len_m":16.3,"date":"2024-02-18"},"geometry":{"type":"LineString","coordinates":[[77.327363,18.491648],[77.327231,18.491657],[77.32721,18.491756],[77.327215,18.491771]]}},{"type":"Feature","properties":{"sol":1068,"len_m":3.5,"date":"2024-02-20"},"geometry":{"type":"LineString","coordinates":[[77.327215,18.491771],[77.327217,18.491821]]}},{"type":"Feature","properties":{"sol":1084,"len_m":5.5,"date":"2024-03-08"},"geometry":{"type":"LineString","coordinates":[[77.327217,18.491821],[77.327203,18.491833]]}},{"type":"Feature","properties":{"sol":1092,"len_m":2.4,"date":"2024-03-16"},"geometry":{"type":"LineString","coordinates":[[77.327203,18.491833],[77.32718,18.4918]]}},{"type":"Feature","properties":{"sol":1096,"len_m":52.0,"date":"2024-03-20"},"geometry":{"type":"LineString","coordinates":[[77.32718,18.4918],[77.32708,18.491859],[77.326956,18.491889],[77.326827,18.491917],[77.326714,18.491903],[77.32661,18.491959],[77.326554,18.492049],[77.326535,18.492122]]}},{"type":"Feature","properties":{"sol":1100,"len_m":33.2,"date":"2024-03-24"},"geometry":{"type":"LineString","coordinates":[[77.326535,18.492122],[77.326584,18.492003],[77.326538,18.491905],[77.326413,18.491937],[77.326268,18.491982],[77.326246,18.49198]]}},{"type":"Feature","properties":{"sol":1101,"len_m":92.8,"date":"2024-03-25"},"geometry":{"type":"LineString","coordinates":[[77.326246,18.49198],[77.326262,18.491872],[77.326145,18.491829],[77.326049,18.491713],[77.326008,18.491617],[77.325982,18.491513],[77.325959,18.49141],[77.325936,18.491306],[77.3259,18.491205],[77.325888,18.491091],[77.325858,18.49099],[77.325793,18.490904],[77.325753,18.490807],[77.325622,18.490831],[77.325614,18.490843]]}},{"type":"Feature","properties":{"sol":1102,"len_m":33.9,"date":"2024-03-26"},"geometry":{"type":"LineString","coordinates":[[77.325614,18.490843],[77.325601,18.490714],[77.32548,18.490786],[77.325373,18.490812],[77.325374,18.490812]]}},{"type":"Feature","properties":{"sol":1103,"len_m":52.5,"date":"2024-03-27"},"geometry":{"type":"LineString","coordinates":[[77.325374,18.490812],[77.325276,18.49086],[77.325174,18.490949],[77.325011,18.490973],[77.324882,18.49097],[77.324782,18.490931],[77.324669,18.490888],[77.324588,18.490865]]}},{"type":"Feature","properties":{"sol":1106,"len_m":1.0,"date":"2024-03-30"},"geometry":{"type":"LineString","coordinates":[[77.324588,18.490865],[77.324571,18.49087]]}},{"type":"Feature","properties":{"sol":1108,"len_m":56.6,"date":"2024-04-01"},"geometry":{"type":"LineString","coordinates":[[77.324571,18.49087],[77.324466,18.490905],[77.324328,18.490841],[77.324191,18.490801],[77.324126,18.490714],[77.324111,18.490599],[77.324074,18.490598]]}},{"type":"Feature","properties":{"sol":1109,"len_m":41.2,"date":"2024-04-02"},"geometry":{"type":"LineString","coordinates":[[77.324074,18.490598],[77.323939,18.49068],[77.323803,18.490725],[77.323707,18.490891],[77.323562,18.49098],[77.323543,18.490989]]}},{"type":"Feature","properties":{"sol":1110,"len_m":23.9,"date":"2024-04-03"},"geometry":{"type":"LineString","coordinates":[[77.323543,18.490989],[77.323428,18.490986],[77.323259,18.49098],[77.323211,18.490964]]}},{"type":"Feature","properties":{"sol":1114,"len_m":29.6,"date":"2024-04-07"},"geometry":{"type":"LineString","coordinates":[[77.323211,18.490964],[77.323098,18.491075],[77.322947,18.491111],[77.322807,18.491134],[77.322787,18.491134]]}},{"type":"Feature","properties":{"sol":1115,"len_m":51.2,"date":"2024-04-08"},"geometry":{"type":"LineString","coordinates":[[77.322787,18.491134],[77.322664,18.49108],[77.322572,18.490961],[77.322497,18.490837],[77.322438,18.490677],[77.322414,18.490551],[77.322307,18.490486],[77.322294,18.490481]]}},{"type":"Feature","properties":{"sol":1116,"len_m":54.5,"date":"2024-04-09"},"geometry":{"type":"LineString","coordinates":[[77.322294,18.490481],[77.322094,18.490543],[77.321946,18.490558],[77.321798,18.490566],[77.321661,18.490567],[77.321544,18.490539],[77.321426,18.490495],[77.321404,18.490493]]}},{"type":"Feature","properties":{"sol":1117,"len_m":64.3,"date":"2024-04-10"},"geometry":{"type":"LineString","coordinates":[[77.321404,18.490493],[77.321409,18.490391],[77.321398,18.490264],[77.321392,18.490162],[77.321374,18.490045],[77.321403,18.489946],[77.321442,18.489844],[77.321442,18.489734],[77.321484,18.489636],[77.321502,18.489529]]}},{"type":"Feature","properties":{"sol":1118,"len_m":53.4,"date":"2024-04-11"},"geometry":{"type":"LineString","coordinates":[[77.321502,18.489529],[77.321547,18.489417],[77.321593,18.489281],[77.321556,18.48912],[77.321477,18.48905],[77.321443,18.488953],[77.321448,18.48896]]}},{"type":"Feature","properties":{"sol":1120,"len_m":57.0,"date":"2024-04-13"},"geometry":{"type":"LineString","coordinates":[[77.321448,18.48896],[77.321343,18.488938],[77.321216,18.488883],[77.321102,18.488831],[77.320975,18.488775],[77.320846,18.488731],[77.320763,18.488648],[77.320609,18.488547],[77.320586,18.48854]]}},{"type":"Feature","properties":{"sol":1122,"len_m":71.0,"date":"2024-04-16"},"geometry":{"type":"LineString","coordinates":[[77.320586,18.48854],[77.320706,18.488714],[77.32072,18.488861],[77.32071,18.489006],[77.320611,18.489146],[77.320609,18.489279],[77.320511,18.489325],[77.320401,18.489353],[77.320294,18.489357],[77.320273,18.48934]]}},{"type":"Feature","properties":{"sol":1124,"len_m":34.5,"date":"2024-04-18"},"geometry":{"type":"LineString","coordinates":[[77.320273,18.48934],[77.320374,18.489375],[77.320358,18.48949],[77.32025,18.489528],[77.320221,18.489514]]}},{"type":"Feature","properties":{"sol":1129,"len_m":2.5,"date":"2024-04-23"},"geometry":{"type":"LineString","coordinates":[[77.320221,18.489514],[77.320215,18.489512]]}},{"type":"Feature","properties":{"sol":1131,"len_m":15.1,"date":"2024-04-25"},"geometry":{"type":"LineString","coordinates":[[77.320215,18.489512],[77.320144,18.489414],[77.320064,18.489386]]}},{"type":"Feature","properties":{"sol":1134,"len_m":58.1,"date":"2024-04-28"},"geometry":{"type":"LineString","coordinates":[[77.320064,18.489386],[77.319887,18.489459],[77.31971,18.489477],[77.319678,18.489614],[77.319672,18.489751],[77.319699,18.489854],[77.319693,18.489938]]}},{"type":"Feature","properties":{"sol":1136,"len_m":38.7,"date":"2024-04-30"},"geometry":{"type":"LineString","coordinates":[[77.319693,18.489938],[77.319479,18.490013],[77.319335,18.490001],[77.319189,18.490024],[77.319071,18.490054],[77.319054,18.490058]]}},{"type":"Feature","properties":{"sol":1137,"len_m":34.0,"date":"2024-05-01"},"geometry":{"type":"LineString","coordinates":[[77.319054,18.490058],[77.318919,18.49007],[77.318771,18.490098],[77.318634,18.490061],[77.31853,18.490025],[77.318482,18.490002]]}},{"type":"Feature","properties":{"sol":1138,"len_m":28.1,"date":"2024-05-02"},"geometry":{"type":"LineString","coordinates":[[77.318482,18.490002],[77.318375,18.489962],[77.318257,18.489951],[77.318122,18.489949],[77.318008,18.489899]]}},{"type":"Feature","properties":{"sol":1140,"len_m":46.7,"date":"2024-05-04"},"geometry":{"type":"LineString","coordinates":[[77.318008,18.489899],[77.317849,18.489919],[77.317697,18.489915],[77.317535,18.489887],[77.317368,18.489892],[77.317255,18.489881],[77.317222,18.489878]]}},{"type":"Feature","properties":{"sol":1142,"len_m":70.4,"date":"2024-05-06"},"geometry":{"type":"LineString","coordinates":[[77.317222,18.489878],[77.317072,18.489835],[77.31693,18.489781],[77.316755,18.489768],[77.3166,18.489825],[77.316459,18.489922],[77.316299,18.489962],[77.316133,18.489988],[77.316079,18.490003]]}},{"type":"Feature","properties":{"sol":1143,"len_m":41.3,"date":"2024-05-07"},"geometry":{"type":"LineString","coordinates":[[77.316079,18.490003],[77.31589,18.489981],[77.315814,18.489894],[77.31576,18.489802],[77.315617,18.4898],[77.31551,18.489801]]}},{"type":"Feature","properties":{"sol":1144,"len_m":52.1,"date":"2024-05-08"},"geometry":{"type":"LineString","coordinates":[[77.31551,18.489801],[77.31554,18.489898],[77.315407,18.489922],[77.315236,18.489953],[77.315104,18.49001],[77.315003,18.49012],[77.314908,18.490175],[77.31491,18.490175]]}},{"type":"Feature","properties":{"sol":1145,"len_m":42.2,"date":"2024-05-09"},"geometry":{"type":"LineString","coordinates":[[77.31491,18.490175],[77.314795,18.490184],[77.314683,18.490164],[77.314506,18.490162],[77.314381,18.490237],[77.314273,18.490302],[77.314235,18.490317]]}},{"type":"Feature","properties":{"sol":1148,"len_m":39.4,"date":"2024-05-12"},"geometry":{"type":"LineString","coordinates":[[77.314235,18.490317],[77.314088,18.490277],[77.31399,18.490327],[77.313902,18.490388],[77.313797,18.490477],[77.313689,18.490552],[77.313672,18.490566]]}},{"type":"Feature","properties":{"sol":1150,"len_m":16.5,"date":"2024-05-14"},"geometry":{"type":"LineString","coordinates":[[77.313672,18.490566],[77.313713,18.490681],[77.313604,18.49071],[77.31359,18.490711]]}},{"type":"Feature","properties":{"sol":1154,"len_m":0.4,"date":"2024-05-18"},"geometry":{"type":"LineString","coordinates":[[77.31359,18.490711],[77.313597,18.490711]]}},{"type":"Feature","properties":{"sol":1156,"len_m":16.9,"date":"2024-05-20"},"geometry":{"type":"LineString","coordinates":[[77.313597,18.490711],[77.313472,18.490778],[77.31336,18.490797],[77.313333,18.490801]]}},{"type":"Feature","properties":{"sol":1157,"len_m":14.2,"date":"2024-05-21"},"geometry":{"type":"LineString","coordinates":[[77.313333,18.490801],[77.313169,18.490949],[77.313158,18.490958]]}},{"type":"Feature","properties":{"sol":1158,"len_m":33.5,"date":"2024-05-23"},"geometry":{"type":"LineString","coordinates":[[77.313158,18.490958],[77.31307,18.491026],[77.312981,18.491088],[77.312893,18.491193],[77.312821,18.491273],[77.312745,18.491349],[77.312746,18.491349]]}},{"type":"Feature","properties":{"sol":1159,"len_m":22.1,"date":"2024-05-24"},"geometry":{"type":"LineString","coordinates":[[77.312746,18.491349],[77.312657,18.49143],[77.312643,18.491532],[77.312646,18.491615]]}},{"type":"Feature","properties":{"sol":1162,"len_m":200.1,"date":"2024-05-27"},"geometry":{"type":"LineString","coordinates":[[77.312646,18.491615],[77.312533,18.491678],[77.312477,18.491777],[77.312454,18.49192],[77.312437,18.492023],[77.312438,18.492151],[77.312446,18.492307],[77.312468,18.492411],[77.312489,18.49251],[77.312517,18.492621],[77.312526,18.492751],[77.312516,18.49288],[77.312534,18.492994],[77.31258,18.493087],[77.312636,18.493193],[77.312707,18.493309],[77.31281,18.493399],[77.312902,18.493452],[77.313007,18.493512],[77.313109,18.493548],[77.313208,18.493589],[77.313321,18.493637],[77.313427,18.493722],[77.313513,18.493785],[77.313614,18.493854],[77.313706,18.493918],[77.31381,18.493942],[77.313915,18.493963],[77.314001,18.494036],[77.314026,18.494086]]}},{"type":"Feature","properties":{"sol":1168,"len_m":128.9,"date":"2024-06-02"},"geometry":{"type":"LineString","coordinates":[[77.314026,18.494086],[77.31393,18.494203],[77.313928,18.494369],[77.31394,18.494501],[77.313934,18.49461],[77.313878,18.494712],[77.313811,18.494811],[77.313746,18.49491],[77.313682,18.495009],[77.313615,18.495106],[77.313561,18.495208],[77.313584,18.49532],[77.313624,18.495444],[77.313668,18.495567],[77.313719,18.495689],[77.313757,18.495812],[77.313791,18.495941],[77.313806,18.496072],[77.313807,18.496073]]}},{"type":"Feature","properties":{"sol":1170,"len_m":128.8,"date":"2024-06-04"},"geometry":{"type":"LineString","coordinates":[[77.313807,18.496073],[77.313695,18.49601],[77.313561,18.495981],[77.313473,18.495921],[77.313366,18.495846],[77.313265,18.495784],[77.313159,18.495735],[77.313045,18.495708],[77.312935,18.495691],[77.312796,18.4957],[77.312693,18.495652],[77.31259,18.495595],[77.31248,18.495554],[77.312363,18.49553],[77.312243,18.495507],[77.312125,18.495485],[77.312006,18.495475],[77.311883,18.495472],[77.311732,18.495497],[77.311731,18.495497]]}},{"type":"Feature","properties":{"sol":1171,"len_m":193.9,"date":"2024-06-05"},"geometry":{"type":"LineString","coordinates":[[77.311731,18.495497],[77.311593,18.495489],[77.311456,18.495488],[77.311317,18.495482],[77.311195,18.495475],[77.311074,18.495464],[77.310953,18.495454],[77.310831,18.495438],[77.310713,18.49544],[77.310597,18.495457],[77.310483,18.495444],[77.310367,18.495458],[77.310256,18.495441],[77.310141,18.495439],[77.310023,18.495427],[77.309907,18.495396],[77.309795,18.495384],[77.309673,18.495391],[77.309555,18.495377],[77.309434,18.495368],[77.3093,18.495341],[77.309169,18.495318],[77.309037,18.495288],[77.308923,18.495261],[77.308808,18.49526],[77.308688,18.495262],[77.308567,18.495258],[77.308451,18.49523],[77.308334,18.495203],[77.308325,18.495201]]}},{"type":"Feature","properties":{"sol":1174,"len_m":120.2,"date":"2024-06-08"},"geometry":{"type":"LineString","coordinates":[[77.308325,18.495201],[77.308212,18.49526],[77.308103,18.495308],[77.307996,18.495323],[77.307879,18.495302],[77.307762,18.495277],[77.307644,18.495249],[77.307533,18.495203],[77.307399,18.495164],[77.307265,18.495143],[77.307125,18.495133],[77.306986,18.495143],[77.306862,18.495157],[77.306739,18.495152],[77.306606,18.49511],[77.306473,18.495066],[77.30634,18.495021],[77.306281,18.495001]]}},{"type":"Feature","properties":{"sol":1175,"len_m":139.2,"date":"2024-06-09"},"geometry":{"type":"LineString","coordinates":[[77.306281,18.495001],[77.306164,18.494973],[77.306046,18.494945],[77.305926,18.49492],[77.305808,18.494894],[77.305688,18.494877],[77.30558,18.494901],[77.305459,18.494888],[77.305339,18.494865],[77.305217,18.494854],[77.305099,18.494868],[77.30498,18.49488],[77.304869,18.494921],[77.304759,18.494961],[77.304646,18.494986],[77.304533,18.495013],[77.304424,18.495086],[77.304303,18.495143],[77.30417,18.495163],[77.304057,18.49519],[77.303944,18.495203],[77.303913,18.495206]]}},{"type":"Feature","properties":{"sol":1176,"len_m":30.0,"date":"2024-06-10"},"geometry":{"type":"LineString","coordinates":[[77.303913,18.495206],[77.303843,18.495345],[77.303835,18.495491],[77.30382,18.495595],[77.303809,18.495677]]}},{"type":"Feature","properties":{"sol":1177,"len_m":31.0,"date":"2024-06-11"},"geometry":{"type":"LineString","coordinates":[[77.303809,18.495677],[77.303842,18.495806],[77.30386,18.49597],[77.303895,18.496097],[77.303836,18.496112]]}},{"type":"Feature","properties":{"sol":1182,"len_m":114.8,"date":"2024-06-16"},"geometry":{"type":"LineString","coordinates":[[77.303836,18.496112],[77.303863,18.496224],[77.303893,18.496364],[77.303956,18.496456],[77.304045,18.496533],[77.304134,18.496609],[77.304226,18.49668],[77.304315,18.496748],[77.30441,18.496814],[77.304532,18.496867],[77.304646,18.496935],[77.304726,18.497008],[77.304834,18.497057],[77.304966,18.497085],[77.305087,18.497093],[77.305199,18.497131],[77.30531,18.497172],[77.305358,18.497182]]}},{"type":"Feature","properties":{"sol":1183,"len_m":16.2,"date":"2024-06-17"},"geometry":{"type":"LineString","coordinates":[[77.305358,18.497182],[77.305376,18.497336],[77.305322,18.497348]]}},{"type":"Feature","properties":{"sol":1185,"len_m":12.9,"date":"2024-06-19"},"geometry":{"type":"LineString","coordinates":[[77.305322,18.497348],[77.30522,18.497389],[77.305188,18.49747]]}},{"type":"Feature","properties":{"sol":1189,"len_m":10.7,"date":"2024-06-23"},"geometry":{"type":"LineString","coordinates":[[77.305188,18.49747],[77.305113,18.497396],[77.305135,18.497449]]}},{"type":"Feature","properties":{"sol":1195,"len_m":0.3,"date":"2024-06-30"},"geometry":{"type":"LineString","coordinates":[[77.305135,18.497449],[77.305133,18.497443]]}},{"type":"Feature","properties":{"sol":1204,"len_m":16.0,"date":"2024-07-09"},"geometry":{"type":"LineString","coordinates":[[77.305133,18.497443],[77.305081,18.497535],[77.305129,18.497598]]}},{"type":"Feature","properties":{"sol":1206,"len_m":23.8,"date":"2024-07-11"},"geometry":{"type":"LineString","coordinates":[[77.305129,18.497598],[77.305241,18.49753],[77.305389,18.497488],[77.305425,18.497545]]}},{"type":"Feature","properties":{"sol":1210,"len_m":14.8,"date":"2024-07-15"},"geometry":{"type":"LineString","coordinates":[[77.305425,18.497545],[77.305311,18.497526],[77.305207,18.497492],[77.305191,18.497484]]}},{"type":"Feature","properties":{"sol":1219,"len_m":132.5,"date":"2024-07-24"},"geometry":{"type":"LineString","coordinates":[[77.305191,18.497484],[77.305186,18.497382],[77.305166,18.497271],[77.305116,18.497168],[77.305045,18.497075],[77.304943,18.497012],[77.30483,18.496977],[77.304696,18.496954],[77.304587,18.496911],[77.304477,18.496833],[77.304369,18.496782],[77.304269,18.49672],[77.304176,18.49665],[77.304077,18.496584],[77.303984,18.496509],[77.303874,18.496431],[77.303808,18.496335],[77.303771,18.496225],[77.303738,18.496112],[77.303703,18.496001],[77.303698,18.495985]]}},{"type":"Feature","properties":{"sol":1220,"len_m":41.0,"date":"2024-07-25"},"geometry":{"type":"LineString","coordinates":[[77.303698,18.495985],[77.303697,18.49587],[77.303689,18.495769],[77.303685,18.495657],[77.303697,18.495546],[77.303703,18.495437],[77.30372,18.49531],[77.303723,18.495296]]}},{"type":"Feature","properties":{"sol":1224,"len_m":163.4,"date":"2024-07-29"},"geometry":{"type":"LineString","coordinates":[[77.303723,18.495296],[77.303701,18.495412],[77.303636,18.495287],[77.303658,18.49518],[77.303695,18.495056],[77.303727,18.494958],[77.303768,18.494848],[77.303809,18.494737],[77.30383,18.494636],[77.303837,18.494521],[77.303807,18.494417],[77.303778,18.494306],[77.303753,18.494194],[77.303732,18.494084],[77.303711,18.493973],[77.303709,18.493847],[77.303714,18.493717],[77.303718,18.493602],[77.303675,18.493494],[77.303615,18.493394],[77.303548,18.493299],[77.303464,18.493213],[77.303383,18.49313],[77.303301,18.493049],[77.303238,18.492999]]}},{"type":"Feature","properties":{"sol":1226,"len_m":131.6,"date":"2024-07-31"},"geometry":{"type":"LineString","coordinates":[[77.303238,18.492999],[77.303149,18.49307],[77.303051,18.493141],[77.302952,18.493209],[77.30285,18.493275],[77.302748,18.49334],[77.30264,18.493396],[77.302533,18.493452],[77.302407,18.493513],[77.302286,18.493537],[77.302164,18.493547],[77.302041,18.493547],[77.301918,18.493542],[77.301798,18.49353],[77.301684,18.493491],[77.301568,18.49346],[77.301451,18.49343],[77.301334,18.4934],[77.301213,18.493391],[77.301094,18.493393],[77.301093,18.493393]]}},{"type":"Feature","properties":{"sol":1227,"len_m":23.0,"date":"2024-08-01"},"geometry":{"type":"LineString","coordinates":[[77.301093,18.493393],[77.30109,18.493277],[77.301057,18.493176],[77.301015,18.493081],[77.301003,18.493046]]}},{"type":"Feature","properties":{"sol":1230,"len_m":75.8,"date":"2024-08-05"},"geometry":{"type":"LineString","coordinates":[[77.301003,18.493046],[77.301109,18.492971],[77.301178,18.492893],[77.30124,18.492798],[77.301227,18.492686],[77.301203,18.492577],[77.301159,18.492475],[77.301101,18.492376],[77.301063,18.49227],[77.301046,18.492159],[77.301046,18.492047],[77.301043,18.491934],[77.30104,18.491903]]}},{"type":"Feature","properties":{"sol":1231,"len_m":7.8,"date":"2024-08-06"},"geometry":{"type":"LineString","coordinates":[[77.30104,18.491903],[77.301089,18.49195]]}},{"type":"Feature","properties":{"sol":1244,"len_m":84.0,"date":"2024-08-19"},"geometry":{"type":"LineString","coordinates":[[77.301089,18.49195],[77.30101,18.49188],[77.301126,18.49182],[77.301113,18.491686],[77.301069,18.491585],[77.301031,18.491488],[77.300926,18.491444],[77.30085,18.491372],[77.300864,18.491258],[77.300907,18.491155],[77.301014,18.491119],[77.300928,18.49114]]}},{"type":"Feature","properties":{"sol":1245,"len_m":36.4,"date":"2024-08-20"},"geometry":{"type":"LineString","coordinates":[[77.300928,18.49114],[77.300815,18.491216],[77.300657,18.491284],[77.300567,18.491212],[77.300654,18.491121],[77.300675,18.491086]]}},{"type":"Feature","properties":{"sol":1246,"len_m":96.0,"date":"2024-08-21"},"geometry":{"type":"LineString","coordinates":[[77.300675,18.491086],[77.300712,18.490987],[77.300536,18.490974],[77.300538,18.490862],[77.300405,18.490882],[77.300227,18.490892],[77.300114,18.490891],[77.300023,18.490826],[77.299946,18.490722],[77.299969,18.490616],[77.299992,18.490504],[77.299984,18.490399],[77.29992,18.490338]]}},{"type":"Feature","properties":{"sol":1247,"len_m":81.7,"date":"2024-08-22"},"geometry":{"type":"LineString","coordinates":[[77.29992,18.490338],[77.299803,18.490302],[77.299729,18.490209],[77.299591,18.490097],[77.299525,18.489953],[77.299409,18.48983],[77.299353,18.489656],[77.29928,18.489552],[77.299233,18.48946],[77.299196,18.489364],[77.299193,18.489335]]}},{"type":"Feature","properties":{"sol":1250,"len_m":48.2,"date":"2024-08-25"},"geometry":{"type":"LineString","coordinates":[[77.299193,18.489335],[77.299241,18.489438],[77.299118,18.489416],[77.299035,18.489352],[77.299007,18.489251],[77.298995,18.489143],[77.298952,18.489041],[77.298894,18.488951],[77.298874,18.488917]]}},{"type":"Feature","properties":{"sol":1251,"len_m":31.5,"date":"2024-08-26"},"geometry":{"type":"LineString","coordinates":[[77.298874,18.488917],[77.29882,18.488827],[77.29876,18.488732],[77.298703,18.48864],[77.298641,18.488543],[77.298597,18.488469]]}},{"type":"Feature","properties":{"sol":1252,"len_m":50.8,"date":"2024-08-27"},"geometry":{"type":"LineString","coordinates":[[77.298597,18.488469],[77.298618,18.488334],[77.298542,18.488165],[77.298477,18.488022],[77.298395,18.487863],[77.298379,18.487792]]}},{"type":"Feature","properties":{"sol":1253,"len_m":3.2,"date":"2024-08-28"},"geometry":{"type":"LineString","coordinates":[[77.298379,18.487792],[77.29837,18.48774]]}},{"type":"Feature","properties":{"sol":1254,"len_m":17.6,"date":"2024-08-29"},"geometry":{"type":"LineString","coordinates":[[77.29837,18.48774],[77.298468,18.487841],[77.298515,18.487747],[77.298521,18.48773]]}},{"type":"Feature","properties":{"sol":1264,"len_m":36.3,"date":"2024-09-08"},"geometry":{"type":"LineString","coordinates":[[77.298521,18.48773],[77.298428,18.487641],[77.298374,18.487517],[77.298345,18.487369],[77.298266,18.487249],[77.298264,18.487234]]}},{"type":"Feature","properties":{"sol":1265,"len_m":121.6,"date":"2024-09-09"},"geometry":{"type":"LineString","coordinates":[[77.298264,18.487234],[77.298337,18.487317],[77.29851,18.487283],[77.29864,18.487229],[77.298755,18.487199],[77.298877,18.487182],[77.298994,18.487155],[77.299129,18.487123],[77.29926,18.487087],[77.29938,18.487057],[77.299499,18.487024],[77.299622,18.487012],[77.299716,18.486947],[77.299803,18.486868],[77.29988,18.486784],[77.299935,18.486689],[77.299982,18.48658],[77.300007,18.486479],[77.30001,18.486472]]}},{"type":"Feature","properties":{"sol":1266,"len_m":149.1,"date":"2024-09-11"},"geometry":{"type":"LineString","coordinates":[[77.30001,18.486472],[77.300151,18.486477],[77.300205,18.486388],[77.300227,18.486267],[77.300217,18.486153],[77.30022,18.486046],[77.300253,18.485932],[77.300283,18.485831],[77.300314,18.485719],[77.300341,18.485619],[77.300367,18.485512],[77.300399,18.485403],[77.30043,18.485294],[77.300454,18.485194],[77.300473,18.485085],[77.300489,18.484962],[77.300512,18.484835],[77.300538,18.484727],[77.300565,18.484617],[77.300572,18.484509],[77.300579,18.484399],[77.300591,18.484286],[77.300604,18.484194]]}},{"type":"Feature","properties":{"sol":1268,"len_m":165.9,"date":"2024-09-13"},"geometry":{"type":"LineString","coordinates":[[77.300604,18.484194],[77.300594,18.48409],[77.300556,18.483982],[77.30053,18.483875],[77.300508,18.483768],[77.300486,18.48366],[77.300461,18.483553],[77.300438,18.483448],[77.300415,18.483342],[77.300395,18.48324],[77.300356,18.483141],[77.300309,18.483043],[77.300279,18.482938],[77.300298,18.482829],[77.300328,18.482704],[77.300337,18.482593],[77.300335,18.482483],[77.300334,18.482372],[77.300331,18.482261],[77.300334,18.48215],[77.300339,18.482039],[77.300337,18.481912],[77.300324,18.481807],[77.300302,18.4817],[77.30028,18.481594],[77.300264,18.481485],[77.300262,18.481457]]}},{"type":"Feature","properties":{"sol":1270,"len_m":91.3,"date":"2024-09-15"},"geometry":{"type":"LineString","coordinates":[[77.300262,18.481457],[77.300331,18.481341],[77.300328,18.481238],[77.300327,18.481126],[77.300328,18.481015],[77.300321,18.480904],[77.300311,18.480778],[77.300298,18.480668],[77.300295,18.480555],[77.300308,18.480443],[77.300299,18.480342],[77.300307,18.480231],[77.300334,18.480119],[77.300363,18.480008],[77.300379,18.479952]]}},{"type":"Feature","properties":{"sol":1271,"len_m":81.7,"date":"2024-09-16"},"geometry":{"type":"LineString","coordinates":[[77.300379,18.479952],[77.300412,18.47984],[77.300447,18.47973],[77.300472,18.479616],[77.300497,18.479503],[77.300522,18.47939],[77.300547,18.479262],[77.300566,18.479133],[77.300579,18.479005],[77.300566,18.478882],[77.300546,18.478755],[77.300524,18.47863],[77.30052,18.478598]]}},{"type":"Feature","properties":{"sol":1274,"len_m":155.0,"date":"2024-09-19"},"geometry":{"type":"LineString","coordinates":[[77.30052,18.478598],[77.300445,18.478515],[77.300358,18.47845],[77.300252,18.478409],[77.300142,18.47838],[77.300033,18.478352],[77.299964,18.478272],[77.299943,18.478161],[77.299928,18.478049],[77.299913,18.477938],[77.299901,18.477827],[77.29988,18.47772],[77.299857,18.47761],[77.299835,18.477501],[77.299818,18.477391],[77.299796,18.477283],[77.299751,18.477186],[77.299705,18.47709],[77.299658,18.476997],[77.299592,18.476908],[77.299514,18.476832],[77.299426,18.476748],[77.299351,18.476666],[77.299276,18.476589],[77.299194,18.476535]]}},{"type":"Feature","properties":{"sol":1278,"len_m":179.8,"date":"2024-09-23"},"geometry":{"type":"LineString","coordinates":[[77.299194,18.476535],[77.299367,18.476524],[77.299483,18.476485],[77.299601,18.476458],[77.299703,18.476401],[77.299751,18.476295],[77.299795,18.476186],[77.299825,18.476059],[77.299845,18.475948],[77.29983,18.47584],[77.299804,18.475742],[77.299772,18.475636],[77.299743,18.475529],[77.299717,18.475422],[77.299696,18.475315],[77.299692,18.475207],[77.299708,18.475098],[77.299703,18.474987],[77.299738,18.474882],[77.299743,18.474779],[77.299681,18.47468],[77.299646,18.474578],[77.299615,18.474472],[77.299585,18.474364],[77.299563,18.474256],[77.299569,18.474145],[77.299584,18.474034],[77.299581,18.473983]]}},{"type":"Feature","properties":{"sol":1279,"len_m":0.0,"date":"2024-09-24"},"geometry":{"type":"LineString","coordinates":[[77.299581,18.473983]]}},{"type":"Feature","properties":{"sol":1280,"len_m":44.7,"date":"2024-09-25"},"geometry":{"type":"LineString","coordinates":[[77.299581,18.473983],[77.299605,18.473878],[77.299534,18.473777],[77.299395,18.473737],[77.299287,18.473713],[77.299158,18.473634],[77.299098,18.473547],[77.299099,18.473547]]}},{"type":"Feature","properties":{"sol":1281,"len_m":14.1,"date":"2024-09-26"},"geometry":{"type":"LineString","coordinates":[[77.299099,18.473547],[77.299132,18.473451],[77.299027,18.473424],[77.29901,18.473419]]}},{"type":"Feature","properties":{"sol":1283,"len_m":146.4,"date":"2024-09-28"},"geometry":{"type":"LineString","coordinates":[[77.29901,18.473419],[77.299115,18.473437],[77.299243,18.473514],[77.299385,18.473474],[77.299542,18.473409],[77.299651,18.47336],[77.299747,18.473289],[77.299841,18.473217],[77.299915,18.473128],[77.299994,18.473023],[77.300069,18.472911],[77.300146,18.4728],[77.300224,18.47269],[77.300296,18.472594],[77.300356,18.472493],[77.300375,18.472382],[77.300385,18.472272],[77.300371,18.472149],[77.300361,18.472041],[77.300353,18.471911],[77.300274,18.47185]]}},{"type":"Feature","properties":{"sol":1284,"len_m":29.8,"date":"2024-09-29"},"geometry":{"type":"LineString","coordinates":[[77.300274,18.47185],[77.300178,18.471793],[77.300074,18.471736],[77.299968,18.471675],[77.299869,18.471628],[77.299815,18.471611]]}},{"type":"Feature","properties":{"sol":1285,"len_m":38.9,"date":"2024-09-30"},"geometry":{"type":"LineString","coordinates":[[77.299815,18.471611],[77.29971,18.47163],[77.29958,18.471674],[77.299451,18.471727],[77.299303,18.471778],[77.299204,18.471794]]}},{"type":"Feature","properties":{"sol":1286,"len_m":21.5,"date":"2024-10-01"},"geometry":{"type":"LineString","coordinates":[[77.299204,18.471794],[77.299072,18.471792],[77.29895,18.471786],[77.298859,18.471772]]}},{"type":"Feature","properties":{"sol":1288,"len_m":60.6,"date":"2024-10-03"},"geometry":{"type":"LineString","coordinates":[[77.298859,18.471772],[77.298811,18.471918],[77.298704,18.472002],[77.298601,18.472044],[77.298486,18.472018],[77.298426,18.471931],[77.298292,18.47183],[77.298185,18.471741],[77.298184,18.471737]]}},{"type":"Feature","properties":{"sol":1292,"len_m":68.5,"date":"2024-10-07"},"geometry":{"type":"LineString","coordinates":[[77.298184,18.471737],[77.298069,18.47173],[77.297952,18.471714],[77.297805,18.471669],[77.297633,18.471624],[77.297479,18.471548],[77.297367,18.471523],[77.297233,18.471478],[77.297111,18.471432],[77.297039,18.471406]]}},{"type":"Feature","properties":{"sol":1293,"len_m":125.6,"date":"2024-10-08"},"geometry":{"type":"LineString","coordinates":[[77.297039,18.471406],[77.296984,18.471278],[77.296909,18.471186],[77.296831,18.471073],[77.296657,18.470978],[77.296536,18.470939],[77.296426,18.470907],[77.29629,18.470875],[77.296151,18.470841],[77.296037,18.470811],[77.295896,18.470749],[77.295787,18.470719],[77.295671,18.470683],[77.29553,18.470641],[77.295404,18.470602],[77.295257,18.47056],[77.295136,18.470533],[77.295135,18.470531]]}},{"type":"Feature","properties":{"sol":1294,"len_m":20.3,"date":"2024-10-09"},"geometry":{"type":"LineString","coordinates":[[77.295135,18.470531],[77.29504,18.470593],[77.294952,18.47066],[77.294889,18.470675]]}},{"type":"Feature","properties":{"sol":1295,"len_m":36.5,"date":"2024-10-10"},"geometry":{"type":"LineString","coordinates":[[77.294889,18.470675],[77.294984,18.470609],[77.294965,18.470487],[77.294841,18.470453],[77.294732,18.470343],[77.294718,18.470317]]}},{"type":"Feature","properties":{"sol":1298,"len_m":121.3,"date":"2024-10-13"},"geometry":{"type":"LineString","coordinates":[[77.294718,18.470317],[77.294534,18.470257],[77.29442,18.470218],[77.294345,18.470133],[77.294289,18.470042],[77.294228,18.469938],[77.294167,18.46983],[77.294109,18.469722],[77.294059,18.46961],[77.294003,18.469499],[77.293955,18.4694],[77.293889,18.469316],[77.293804,18.46925],[77.293714,18.469188],[77.293604,18.469176],[77.293491,18.469186],[77.293377,18.469198],[77.293263,18.46921],[77.293201,18.469217]]}},{"type":"Feature","properties":{"sol":1299,"len_m":17.1,"date":"2024-10-14"},"geometry":{"type":"LineString","coordinates":[[77.293201,18.469217],[77.293109,18.469123],[77.293013,18.469001],[77.293014,18.469001]]}},{"type":"Feature","properties":{"sol":1301,"len_m":31.9,"date":"2024-10-16"},"geometry":{"type":"LineString","coordinates":[[77.293014,18.469001],[77.293091,18.46919],[77.293042,18.469333],[77.293043,18.469437],[77.293047,18.469467]]}},{"type":"Feature","properties":{"sol":1302,"len_m":7.6,"date":"2024-10-18"},"geometry":{"type":"LineString","coordinates":[[77.293047,18.469467],[77.293055,18.469477]]}},{"type":"Feature","properties":{"sol":1305,"len_m":174.7,"date":"2024-10-21"},"geometry":{"type":"LineString","coordinates":[[77.293055,18.469477],[77.293161,18.469421],[77.293177,18.469264],[77.293137,18.469112],[77.293109,18.46901],[77.293088,18.468901],[77.293063,18.468783],[77.293042,18.468679],[77.293021,18.468571],[77.292999,18.468449],[77.292974,18.468325],[77.292897,18.468229],[77.292801,18.468159],[77.292695,18.468084],[77.292601,18.46802],[77.292502,18.467961],[77.292406,18.467903],[77.292308,18.467848],[77.292205,18.467794],[77.292097,18.46775],[77.291989,18.467712],[77.291882,18.467674],[77.291764,18.467635],[77.291646,18.467641],[77.291532,18.467676],[77.291437,18.467707]]}},{"type":"Feature","properties":{"sol":1307,"len_m":27.4,"date":"2024-10-23"},"geometry":{"type":"LineString","coordinates":[[77.291437,18.467707],[77.291291,18.467821],[77.291205,18.46792],[77.291108,18.467868],[77.291101,18.467861]]}},{"type":"Feature","properties":{"sol":1308,"len_m":13.4,"date":"2024-10-24"},"geometry":{"type":"LineString","coordinates":[[77.291101,18.467861],[77.291161,18.467947],[77.291067,18.467961]]}},{"type":"Feature","properties":{"sol":1311,"len_m":62.0,"date":"2024-10-27"},"geometry":{"type":"LineString","coordinates":[[77.291067,18.467961],[77.291206,18.468073],[77.29128,18.468208],[77.291418,18.468332],[77.291529,18.468417],[77.291661,18.468551],[77.29172,18.468683],[77.291729,18.468727]]}},{"type":"Feature","properties":{"sol":1313,"len_m":10.7,"date":"2024-10-29"},"geometry":{"type":"LineString","coordinates":[[77.291729,18.468727],[77.291724,18.468837],[77.291764,18.468805]]}},{"type":"Feature","properties":{"sol":1318,"len_m":98.1,"date":"2024-11-03"},"geometry":{"type":"LineString","coordinates":[[77.291764,18.468805],[77.291704,18.46871],[77.291653,18.468568],[77.291579,18.468423],[77.291531,18.468249],[77.291479,18.468159],[77.291432,18.468057],[77.291376,18.467941],[77.291325,18.467825],[77.291269,18.467704],[77.291213,18.467585],[77.291153,18.467469],[77.291091,18.467373]]}},{"type":"Feature","properties":{"sol":1320,"len_m":29.0,"date":"2024-11-05"},"geometry":{"type":"LineString","coordinates":[[77.291091,18.467373],[77.291055,18.467501],[77.291027,18.467667],[77.290992,18.467823],[77.29098,18.467843]]}},{"type":"Feature","properties":{"sol":1321,"len_m":7.1,"date":"2024-11-06"},"geometry":{"type":"LineString","coordinates":[[77.29098,18.467843],[77.29094,18.467911]]}},{"type":"Feature","properties":{"sol":1322,"len_m":123.2,"date":"2024-11-07"},"geometry":{"type":"LineString","coordinates":[[77.29094,18.467911],[77.291022,18.467786],[77.291069,18.467673],[77.29106,18.467559],[77.291031,18.467445],[77.291001,18.467332],[77.290973,18.467219],[77.29095,18.467109],[77.290934,18.466997],[77.290924,18.466884],[77.29091,18.466771],[77.290899,18.466657],[77.29089,18.466544],[77.290882,18.466413],[77.290867,18.466299],[77.290845,18.466185],[77.290823,18.466072],[77.290807,18.46596],[77.290794,18.465914]]}},{"type":"Feature","properties":{"sol":1324,"len_m":117.8,"date":"2024-11-09"},"geometry":{"type":"LineString","coordinates":[[77.290794,18.465914],[77.290795,18.465784],[77.290806,18.46564],[77.290743,18.465538],[77.290655,18.465474],[77.290556,18.465422],[77.290454,18.465375],[77.290353,18.465328],[77.290234,18.465276],[77.290114,18.465222],[77.289998,18.465169],[77.28988,18.46512],[77.289779,18.465079],[77.289674,18.465039],[77.289571,18.465002],[77.289471,18.464968],[77.289362,18.464933],[77.289252,18.464899],[77.289241,18.464896]]}},{"type":"Feature","properties":{"sol":1326,"len_m":95.4,"date":"2024-11-11"},"geometry":{"type":"LineString","coordinates":[[77.289241,18.464896],[77.289132,18.464888],[77.288957,18.464885],[77.288848,18.464863],[77.288742,18.464833],[77.288636,18.464811],[77.288525,18.464793],[77.288414,18.464778],[77.288306,18.464764],[77.288199,18.464734],[77.288088,18.4647],[77.287982,18.464662],[77.287873,18.464619],[77.287746,18.464582],[77.287642,18.464556],[77.287624,18.46455]]}},{"type":"Feature","properties":{"sol":1327,"len_m":9.1,"date":"2024-11-12"},"geometry":{"type":"LineString","coordinates":[[77.287624,18.46455],[77.287499,18.464598],[77.287477,18.464596]]}},{"type":"Feature","properties":{"sol":1332,"len_m":77.1,"date":"2024-11-17"},"geometry":{"type":"LineString","coordinates":[[77.287477,18.464596],[77.28736,18.464563],[77.287224,18.464506],[77.287098,18.464478],[77.286986,18.464454],[77.286873,18.464482],[77.286769,18.46453],[77.286702,18.46462],[77.286649,18.464722],[77.286619,18.464832],[77.286667,18.464941],[77.286723,18.465046],[77.286724,18.465046]]}},{"type":"Feature","properties":{"sol":1333,"len_m":10.4,"date":"2024-11-18"},"geometry":{"type":"LineString","coordinates":[[77.286724,18.465046],[77.286677,18.465145],[77.286718,18.46511]]}},{"type":"Feature","properties":{"sol":1338,"len_m":172.4,"date":"2024-11-24"},"geometry":{"type":"LineString","coordinates":[[77.286718,18.46511],[77.286598,18.465034],[77.286509,18.464909],[77.286437,18.46483],[77.286381,18.46473],[77.286319,18.464615],[77.286258,18.464499],[77.286199,18.464384],[77.286148,18.464284],[77.286109,18.46418],[77.286086,18.46407],[77.286067,18.463943],[77.285989,18.46387],[77.285911,18.4638],[77.285829,18.463731],[77.285743,18.463666],[77.285641,18.463594],[77.28553,18.46353],[77.285434,18.463477],[77.285337,18.463427],[77.28524,18.46338],[77.285141,18.46333],[77.285039,18.463278],[77.284936,18.463232],[77.284823,18.463201],[77.284733,18.463168]]}},{"type":"Feature","properties":{"sol":1339,"len_m":29.3,"date":"2024-11-24"},"geometry":{"type":"LineString","coordinates":[[77.284733,18.463168],[77.284632,18.463106],[77.284532,18.463047],[77.284434,18.46299],[77.28434,18.46293],[77.284294,18.462901]]}},{"type":"Feature","properties":{"sol":1342,"len_m":44.2,"date":"2024-11-28"},"geometry":{"type":"LineString","coordinates":[[77.284294,18.462901],[77.284178,18.462873],[77.284047,18.462823],[77.28394,18.462816],[77.283831,18.462809],[77.283721,18.462797],[77.283611,18.462787],[77.283528,18.462779]]}},{"type":"Feature","properties":{"sol":1343,"len_m":0.0,"date":"2024-11-29"},"geometry":{"type":"LineString","coordinates":[[77.283528,18.462779]]}},{"type":"Feature","properties":{"sol":1347,"len_m":173.5,"date":"2024-12-03"},"geometry":{"type":"LineString","coordinates":[[77.283528,18.462779],[77.28345,18.462696],[77.283362,18.462617],[77.283275,18.462553],[77.283186,18.462488],[77.283092,18.462416],[77.282998,18.462343],[77.282907,18.462272],[77.282817,18.462202],[77.282718,18.46215],[77.282608,18.462122],[77.282491,18.462114],[77.282381,18.462107],[77.282262,18.462106],[77.282142,18.462118],[77.282035,18.462126],[77.28192,18.462138],[77.281798,18.462142],[77.281672,18.462156],[77.281534,18.46217],[77.281424,18.462171],[77.281315,18.462164],[77.281199,18.462134],[77.281089,18.462116],[77.280976,18.462102],[77.280857,18.462089],[77.280742,18.462079],[77.28071,18.462077]]}},{"type":"Feature","properties":{"sol":1348,"len_m":165.2,"date":"2024-12-04"},"geometry":{"type":"LineString","coordinates":[[77.28071,18.462077],[77.28059,18.462071],[77.280476,18.462036],[77.28036,18.462011],[77.280253,18.46199],[77.280142,18.461977],[77.280035,18.46196],[77.279915,18.461947],[77.279795,18.461944],[77.279681,18.461946],[77.279575,18.461974],[77.27947,18.462],[77.279351,18.462029],[77.279235,18.462059],[77.279118,18.462079],[77.27901,18.462092],[77.278892,18.462069],[77.278783,18.462023],[77.278681,18.461963],[77.278595,18.461903],[77.278496,18.461848],[77.278385,18.4618],[77.278306,18.461727],[77.278228,18.461652],[77.278148,18.461578],[77.278071,18.4615],[77.278041,18.461469]]}},{"type":"Feature","properties":{"sol":1349,"len_m":212.9,"date":"2024-12-05"},"geometry":{"type":"LineString","coordinates":[[77.278041,18.461469],[77.277945,18.461383],[77.277839,18.461289],[77.277759,18.461215],[77.277672,18.461144],[77.277584,18.461078],[77.277495,18.46101],[77.277405,18.460946],[77.277314,18.460891],[77.277215,18.460836],[77.277117,18.46078],[77.277023,18.460725],[77.276921,18.460665],[77.276817,18.460612],[77.276711,18.460555],[77.276608,18.460496],[77.276497,18.460453],[77.276385,18.460409],[77.276282,18.46037],[77.27618,18.460331],[77.276076,18.460301],[77.275954,18.460269],[77.275848,18.460242],[77.275739,18.460223],[77.275633,18.460203],[77.275524,18.460186],[77.275407,18.46017],[77.275293,18.460165],[77.275175,18.460158],[77.275044,18.460141],[77.274936,18.460129],[77.274818,18.460116],[77.274703,18.460101],[77.274662,18.460086]]}},{"type":"Feature","properties":{"sol":1351,"len_m":139.9,"date":"2024-12-07"},"geometry":{"type":"LineString","coordinates":[[77.274662,18.460086],[77.274547,18.460028],[77.274418,18.459977],[77.274323,18.459916],[77.274213,18.459869],[77.27411,18.459827],[77.27401,18.459791],[77.273899,18.459759],[77.273784,18.459726],[77.27368,18.459701],[77.273561,18.459675],[77.27345,18.459665],[77.27333,18.45965],[77.273219,18.459628],[77.273104,18.459613],[77.272991,18.459585],[77.272884,18.459557],[77.272768,18.459533],[77.272665,18.459496],[77.272561,18.459456],[77.272454,18.45942],[77.272343,18.459388],[77.272319,18.459383]]}},{"type":"Feature","properties":{"sol":1354,"len_m":246.5,"date":"2024-12-10"},"geometry":{"type":"LineString","coordinates":[[77.272319,18.459383],[77.272204,18.459358],[77.272097,18.459331],[77.27199,18.459289],[77.271894,18.459239],[77.271791,18.459183],[77.271705,18.459122],[77.271619,18.45906],[77.271539,18.458992],[77.271466,18.458918],[77.271378,18.458829],[77.271294,18.458747],[77.271218,18.458669],[77.271138,18.458588],[77.271049,18.45851],[77.270966,18.458445],[77.270873,18.458379],[77.270788,18.458309],[77.270691,18.458256],[77.270589,18.458204],[77.270489,18.458156],[77.270384,18.458112],[77.270279,18.458071],[77.270172,18.458031],[77.270066,18.457993],[77.269963,18.457955],[77.269861,18.457914],[77.269758,18.457872],[77.269657,18.457823],[77.269558,18.457777],[77.269457,18.457728],[77.269358,18.457673],[77.269248,18.457648],[77.269135,18.457626],[77.269026,18.457592],[77.268924,18.457553],[77.26881,18.457534],[77.268696,18.45753],[77.268576,18.457525],[77.268527,18.457528]]}},{"type":"Feature","properties":{"sol":1358,"len_m":110.1,"date":"2024-12-14"},"geometry":{"type":"LineString","coordinates":[[77.268527,18.457528],[77.2685,18.457629],[77.268442,18.457722],[77.268388,18.457811],[77.268334,18.4579],[77.268264,18.458016],[77.268205,18.458118],[77.268139,18.458216],[77.268053,18.458299],[77.267966,18.45838],[77.267872,18.458452],[77.267793,18.458538],[77.267711,18.458623],[77.267623,18.458701],[77.267529,18.458776],[77.267436,18.458852],[77.267341,18.458926],[77.267317,18.45894]]}},{"type":"Feature","properties":{"sol":1359,"len_m":151.4,"date":"2024-12-15"},"geometry":{"type":"LineString","coordinates":[[77.267317,18.45894],[77.26724,18.459028],[77.267149,18.459108],[77.267055,18.459181],[77.266905,18.459255],[77.266782,18.459238],[77.266661,18.459214],[77.266523,18.459187],[77.266401,18.459162],[77.26628,18.459137],[77.266174,18.459116],[77.266069,18.459096],[77.265947,18.459069],[77.265825,18.45904],[77.265721,18.459013],[77.265617,18.458985],[77.265494,18.45898],[77.265372,18.458996],[77.265248,18.458998],[77.265126,18.458983],[77.265031,18.458917],[77.264956,18.458823],[77.264911,18.458752]]}},{"type":"Feature","properties":{"sol":1362,"len_m":86.7,"date":"2024-12-18"},"geometry":{"type":"LineString","coordinates":[[77.264911,18.458752],[77.264896,18.45886],[77.264855,18.45897],[77.264824,18.459084],[77.264774,18.459175],[77.264722,18.459266],[77.264698,18.459366],[77.26468,18.459467],[77.264675,18.459583],[77.264678,18.459685],[77.264682,18.459786],[77.264685,18.459888],[77.264688,18.459989],[77.264694,18.460092],[77.264689,18.460153]]}},{"type":"Feature","properties":{"sol":1363,"len_m":24.7,"date":"2024-12-19"},"geometry":{"type":"LineString","coordinates":[[77.264689,18.460153],[77.264704,18.460265],[77.264738,18.46039],[77.264737,18.460514],[77.264739,18.460547]]}},{"type":"Feature","properties":{"sol":1380,"len_m":135.6,"date":"2025-01-06"},"geometry":{"type":"LineString","coordinates":[[77.264739,18.460547],[77.264617,18.460428],[77.264501,18.460402],[77.264381,18.460374],[77.264263,18.460344],[77.264143,18.460313],[77.264023,18.460287],[77.263884,18.460265],[77.263765,18.460246],[77.263644,18.460229],[77.263523,18.46021],[77.263402,18.460193],[77.263264,18.460171],[77.263145,18.460149],[77.263027,18.460127],[77.26292,18.460117],[77.262797,18.460102],[77.262693,18.460078],[77.262579,18.460036],[77.262481,18.459999]]}},{"type":"Feature","properties":{"sol":1381,"len_m":16.4,"date":"2025-01-07"},"geometry":{"type":"LineString","coordinates":[[77.262481,18.459999],[77.262396,18.459904],[77.262483,18.459833],[77.26249,18.459828]]}},{"type":"Feature","properties":{"sol":1397,"len_m":138.6,"date":"2025-01-23"},"geometry":{"type":"LineString","coordinates":[[77.26249,18.459828],[77.262606,18.459849],[77.262728,18.459879],[77.262831,18.459926],[77.262944,18.459978],[77.26303,18.460039],[77.263119,18.460096],[77.263214,18.460153],[77.263311,18.460214],[77.263421,18.460284],[77.26353,18.460355],[77.263639,18.460427],[77.263749,18.460498],[77.263889,18.460533],[77.264005,18.460547],[77.264138,18.460565],[77.264254,18.460576],[77.264367,18.460573],[77.264483,18.460571],[77.264594,18.46057],[77.264638,18.460569]]}},{"type":"Feature","properties":{"sol":1400,"len_m":10.7,"date":"2025-01-26"},"geometry":{"type":"LineString","coordinates":[[77.264638,18.460569],[77.26474,18.46051],[77.264745,18.460553]]}},{"type":"Feature","properties":{"sol":1403,"len_m":11.8,"date":"2025-01-29"},"geometry":{"type":"LineString","coordinates":[[77.264745,18.460553],[77.264671,18.460558]]}},{"type":"Feature","properties":{"sol":1407,"len_m":106.2,"date":"2025-02-02"},"geometry":{"type":"LineString","coordinates":[[77.264671,18.460558],[77.264684,18.460408],[77.264697,18.460302],[77.264688,18.460187],[77.264666,18.460073],[77.264659,18.459944],[77.264661,18.459831],[77.264664,18.459717],[77.264668,18.459589],[77.264672,18.459474],[77.264673,18.459359],[77.264705,18.459259],[77.264762,18.459162],[77.264816,18.459061],[77.264869,18.458962],[77.264926,18.458862],[77.264934,18.458848]]}},{"type":"Feature","properties":{"sol":1408,"len_m":10.8,"date":"2025-02-03"},"geometry":{"type":"LineString","coordinates":[[77.264934,18.458848],[77.264879,18.45876],[77.26488,18.458752]]}},{"type":"Feature","properties":{"sol":1411,"len_m":10.0,"date":"2025-02-06"},"geometry":{"type":"LineString","coordinates":[[77.26488,18.458752],[77.264932,18.458706]]}},{"type":"Feature","properties":{"sol":1415,"len_m":109.5,"date":"2025-02-11"},"geometry":{"type":"LineString","coordinates":[[77.264932,18.458706],[77.264907,18.458819],[77.264868,18.458918],[77.264831,18.45903],[77.264806,18.459129],[77.264779,18.459227],[77.26477,18.45933],[77.264771,18.459443],[77.264779,18.45956],[77.264785,18.459661],[77.264777,18.459764],[77.264757,18.459881],[77.264734,18.45998],[77.264711,18.460081],[77.264686,18.460181],[77.264673,18.460298],[77.264667,18.460415],[77.264667,18.460499]]}},{"type":"Feature","properties":{"sol":1416,"len_m":18.0,"date":"2025-02-12"},"geometry":{"type":"LineString","coordinates":[[77.264667,18.460499],[77.264614,18.460649],[77.264644,18.460622]]}},{"type":"Feature","properties":{"sol":1429,"len_m":177.9,"date":"2025-02-25"},"geometry":{"type":"LineString","coordinates":[[77.264644,18.460622],[77.264534,18.460611],[77.264417,18.460593],[77.264297,18.460572],[77.264178,18.460545],[77.264038,18.460539],[77.263898,18.460534],[77.263758,18.46055],[77.263636,18.460549],[77.263514,18.460545],[77.263391,18.460538],[77.263267,18.460528],[77.263146,18.460517],[77.263024,18.460505],[77.262876,18.460466],[77.262778,18.460406],[77.262677,18.460375],[77.262565,18.460325],[77.262402,18.460262],[77.262282,18.460233],[77.262163,18.460203],[77.262023,18.460182],[77.261899,18.460189],[77.261772,18.46021],[77.261647,18.460211],[77.261624,18.460211]]}},{"type":"Feature","properties":{"sol":1431,"len_m":158.3,"date":"2025-02-27"},"geometry":{"type":"LineString","coordinates":[[77.261624,18.460211],[77.261469,18.460235],[77.261359,18.460286],[77.261247,18.460335],[77.261136,18.460384],[77.261023,18.460432],[77.260909,18.460506],[77.260836,18.4606],[77.260757,18.46071],[77.260617,18.460853],[77.260513,18.460912],[77.260392,18.460975],[77.260268,18.461033],[77.260158,18.461085],[77.26005,18.461138],[77.259924,18.461199],[77.259814,18.461249],[77.259713,18.461285],[77.259611,18.461317],[77.259508,18.461346],[77.25939,18.461382],[77.259253,18.461408],[77.2592,18.461407]]}},{"type":"Feature","properties":{"sol":1435,"len_m":44.1,"date":"2025-03-03"},"geometry":{"type":"LineString","coordinates":[[77.2592,18.461407],[77.259071,18.461461],[77.258919,18.461548],[77.258733,18.461599],[77.258565,18.461693],[77.258503,18.461727]]}},{"type":"Feature","properties":{"sol":1445,"len_m":6.5,"date":"2025-03-13"},"geometry":{"type":"LineString","coordinates":[[77.258503,18.461727],[77.258425,18.461749]]}},{"type":"Feature","properties":{"sol":1451,"len_m":45.8,"date":"2025-03-20"},"geometry":{"type":"LineString","coordinates":[[77.258425,18.461749],[77.258333,18.461826],[77.258226,18.461912],[77.258098,18.462014],[77.258009,18.4621],[77.257895,18.462195],[77.257809,18.46223]]}},{"type":"Feature","properties":{"sol":1452,"len_m":7.1,"date":"2025-03-21"},"geometry":{"type":"LineString","coordinates":[[77.257809,18.46223],[77.257768,18.462334],[77.257768,18.462339]]}},{"type":"Feature","properties":{"sol":1454,"len_m":6.1,"date":"2025-03-23"},"geometry":{"type":"LineString","coordinates":[[77.257768,18.462339],[77.257668,18.462305]]}},{"type":"Feature","properties":{"sol":1461,"len_m":4.1,"date":"2025-03-30"},"geometry":{"type":"LineString","coordinates":[[77.257668,18.462305],[77.25774,18.462305]]}},{"type":"Feature","properties":{"sol":1463,"len_m":2.5,"date":"2025-04-01"},"geometry":{"type":"LineString","coordinates":[[77.25774,18.462305],[77.257736,18.462346]]}},{"type":"Feature","properties":{"sol":1468,"len_m":82.1,"date":"2025-04-06"},"geometry":{"type":"LineString","coordinates":[[77.257736,18.462346],[77.257859,18.462226],[77.257949,18.462161],[77.258041,18.462067],[77.258097,18.461967],[77.258152,18.461864],[77.258201,18.461762],[77.25825,18.461658],[77.258298,18.461555],[77.258343,18.461448],[77.258358,18.461333],[77.25837,18.461217],[77.258371,18.4612]]}},{"type":"Feature","properties":{"sol":1470,"len_m":51.7,"date":"2025-04-08"},"geometry":{"type":"LineString","coordinates":[[77.258371,18.4612],[77.258248,18.461196],[77.258132,18.461161],[77.258022,18.46111],[77.257911,18.46106],[77.257799,18.461009],[77.257689,18.460957],[77.257578,18.460907],[77.257529,18.460885]]}},{"type":"Feature","properties":{"sol":1472,"len_m":14.5,"date":"2025-04-10"},"geometry":{"type":"LineString","coordinates":[[77.257529,18.460885],[77.25738,18.460886],[77.257271,18.460889]]}},{"type":"Feature","properties":{"sol":1477,"len_m":92.5,"date":"2025-04-15"},"geometry":{"type":"LineString","coordinates":[[77.257271,18.460889],[77.25746,18.460986],[77.257584,18.461098],[77.25769,18.461177],[77.257748,18.461275],[77.257803,18.461373],[77.257827,18.461483],[77.257834,18.461597],[77.257842,18.461711],[77.257849,18.461825],[77.257853,18.461938],[77.257858,18.462052],[77.25786,18.462164],[77.257858,18.462179]]}},{"type":"Feature","properties":{"sol":1478,"len_m":9.2,"date":"2025-04-16"},"geometry":{"type":"LineString","coordinates":[[77.257858,18.462179],[77.257964,18.462198],[77.257928,18.46223]]}},{"type":"Feature","properties":{"sol":1502,"len_m":166.8,"date":"2025-05-11"},"geometry":{"type":"LineString","coordinates":[[77.257928,18.46223],[77.257863,18.462101],[77.257791,18.462006],[77.257747,18.461912],[77.2577,18.461802],[77.257657,18.461692],[77.257615,18.461581],[77.257559,18.461476],[77.257489,18.46138],[77.257362,18.46132],[77.25725,18.461271],[77.257114,18.461223],[77.256999,18.461181],[77.256885,18.461138],[77.25677,18.461095],[77.25667,18.461058],[77.256554,18.461016],[77.256453,18.46098],[77.256318,18.460941],[77.256196,18.460918],[77.256058,18.460887],[77.25592,18.460856],[77.255785,18.460822],[77.255666,18.460791],[77.255666,18.460791]]}},{"type":"Feature","properties":{"sol":1503,"len_m":96.5,"date":"2025-05-12"},"geometry":{"type":"LineString","coordinates":[[77.255666,18.460791],[77.255548,18.460766],[77.255425,18.460744],[77.255303,18.460722],[77.255181,18.460701],[77.255076,18.460685],[77.254952,18.460663],[77.254845,18.460647],[77.254738,18.460632],[77.254617,18.460614],[77.254511,18.460597],[77.254387,18.460577],[77.25428,18.460559],[77.254173,18.46054],[77.254066,18.460521],[77.25398,18.460505]]}},{"type":"Feature","properties":{"sol":1509,"len_m":228.3,"date":"2025-05-18"},"geometry":{"type":"LineString","coordinates":[[77.25398,18.460505],[77.254121,18.460408],[77.254194,18.460329],[77.254268,18.460247],[77.254355,18.460176],[77.254457,18.460094],[77.254559,18.46001],[77.254648,18.459939],[77.254738,18.45987],[77.254828,18.459801],[77.254918,18.459734],[77.255008,18.459667],[77.255097,18.459598],[77.255185,18.45953],[77.25524,18.459434],[77.255284,18.459334],[77.255315,18.459226],[77.255332,18.459117],[77.255348,18.459006],[77.255364,18.458897],[77.255383,18.458791],[77.255414,18.458685],[77.255453,18.458581],[77.25549,18.458478],[77.255527,18.458375],[77.255571,18.458258],[77.255581,18.458147],[77.255579,18.45802],[77.255562,18.457908],[77.255535,18.457797],[77.255492,18.457672],[77.255487,18.457561],[77.255488,18.457451],[77.25549,18.457323],[77.255489,18.457277]]}},{"type":"Feature","properties":{"sol":1510,"len_m":191.2,"date":"2025-05-19"},"geometry":{"type":"LineString","coordinates":[[77.255489,18.457277],[77.255427,18.457157],[77.255406,18.457029],[77.255418,18.4569],[77.255424,18.456786],[77.25543,18.456673],[77.255449,18.456564],[77.255472,18.456454],[77.255497,18.456331],[77.255524,18.45622],[77.255547,18.456111],[77.255567,18.456],[77.255585,18.455886],[77.255594,18.455772],[77.255591,18.455658],[77.25561,18.455546],[77.255629,18.455434],[77.255647,18.455323],[77.255667,18.455209],[77.255683,18.455095],[77.255682,18.454979],[77.255686,18.454864],[77.255688,18.454747],[77.255688,18.454631],[77.255688,18.454516],[77.255699,18.454402],[77.255724,18.45429],[77.255748,18.454177],[77.255759,18.454103]]}},{"type":"Feature","properties":{"sol":1511,"len_m":114.6,"date":"2025-05-20"},"geometry":{"type":"LineString","coordinates":[[77.255759,18.454103],[77.255823,18.453988],[77.255763,18.453822],[77.255695,18.453729],[77.255632,18.453646],[77.255561,18.45355],[77.255489,18.453453],[77.255417,18.453358],[77.255331,18.453273],[77.255251,18.453206],[77.25517,18.453139],[77.25509,18.453072],[77.255009,18.453005],[77.254904,18.452914],[77.254824,18.452844],[77.254747,18.452772],[77.254661,18.452689],[77.254648,18.452677]]}},{"type":"Feature","properties":{"sol":1512,"len_m":96.2,"date":"2025-05-21"},"geometry":{"type":"LineString","coordinates":[[77.254648,18.452677],[77.254508,18.452661],[77.254369,18.452644],[77.254246,18.452629],[77.254123,18.452615],[77.253983,18.452598],[77.253843,18.45258],[77.253703,18.452559],[77.253563,18.452538],[77.253457,18.452523],[77.25335,18.452506],[77.253214,18.452486],[77.253077,18.45248],[77.252956,18.452484]]}},{"type":"Feature","properties":{"sol":1518,"len_m":92.6,"date":"2025-05-27"},"geometry":{"type":"LineString","coordinates":[[77.252956,18.452484],[77.253068,18.452515],[77.253219,18.452543],[77.253338,18.452557],[77.253455,18.452561],[77.253572,18.452558],[77.25369,18.452555],[77.25381,18.452564],[77.253946,18.452575],[77.254101,18.45259],[77.254221,18.452603],[77.254357,18.452619],[77.254493,18.452629],[77.254577,18.452622]]}},{"type":"Feature","properties":{"sol":1519,"len_m":136.7,"date":"2025-05-28"},"geometry":{"type":"LineString","coordinates":[[77.254577,18.452622],[77.254713,18.452647],[77.25482,18.452667],[77.254936,18.452687],[77.255067,18.452708],[77.255183,18.452729],[77.25533,18.452757],[77.255444,18.45278],[77.255587,18.452806],[77.255698,18.452823],[77.255809,18.452844],[77.255933,18.452863],[77.256055,18.452889],[77.256166,18.452916],[77.256286,18.452951],[77.256421,18.452991],[77.256527,18.453015],[77.256652,18.453022],[77.256759,18.453018],[77.256869,18.453011],[77.256961,18.453011]]}},{"type":"Feature","properties":{"sol":1520,"len_m":73.9,"date":"2025-05-29"},"geometry":{"type":"LineString","coordinates":[[77.256961,18.453011],[77.256995,18.45313],[77.257057,18.453219],[77.257092,18.453321],[77.257118,18.453424],[77.257137,18.453528],[77.257151,18.453635],[77.257165,18.453742],[77.25716,18.453858],[77.257159,18.453978],[77.257194,18.45409],[77.257224,18.454187],[77.257227,18.4542]]}},{"type":"Feature","properties":{"sol":1523,"len_m":91.5,"date":"2025-06-02"},"geometry":{"type":"LineString","coordinates":[[77.257227,18.4542],[77.257178,18.454324],[77.257143,18.454472],[77.257039,18.454446],[77.256919,18.454385],[77.256809,18.454329],[77.256735,18.454253],[77.256645,18.454194],[77.256519,18.454126],[77.256402,18.454081],[77.2563,18.454045],[77.256199,18.454008],[77.256097,18.453973],[77.256015,18.453942]]}},{"type":"Feature","properties":{"sol":1524,"len_m":8.4,"date":"2025-06-03"},"geometry":{"type":"LineString","coordinates":[[77.256015,18.453942],[77.255917,18.453905]]}},{"type":"Feature","properties":{"sol":1540,"len_m":405.5,"date":"2025-06-19"},"geometry":{"type":"LineString","coordinates":[[77.255917,18.453905],[77.255885,18.454035],[77.255866,18.454181],[77.255831,18.454309],[77.255794,18.454439],[77.255765,18.454553],[77.255731,18.454683],[77.255687,18.454826],[77.25565,18.454955],[77.255616,18.455085],[77.255589,18.455197],[77.25556,18.455343],[77.255517,18.45547],[77.255455,18.45559],[77.255459,18.455719],[77.25548,18.455864],[77.255484,18.455996],[77.255484,18.456129],[77.255468,18.45626],[77.255439,18.456391],[77.255433,18.456522],[77.255444,18.456635],[77.255425,18.456768],[77.255419,18.456916],[77.25542,18.457083],[77.255455,18.45726],[77.25549,18.457368],[77.255548,18.457521],[77.255596,18.457626],[77.255617,18.457755],[77.255627,18.457888],[77.255638,18.458055],[77.255635,18.458157],[77.255626,18.458341],[77.255616,18.458475],[77.255605,18.458611],[77.255594,18.458712],[77.255595,18.458879],[77.255608,18.458992],[77.255635,18.45917],[77.25565,18.459304],[77.255671,18.459437],[77.255694,18.45957],[77.255714,18.459686],[77.255734,18.45982],[77.255735,18.459955],[77.255735,18.46009],[77.255734,18.460208],[77.25571,18.460323],[77.255679,18.460488],[77.255683,18.460604],[77.255683,18.460621]]}},{"type":"Feature","properties":{"sol":1542,"len_m":10.0,"date":"2025-06-21"},"geometry":{"type":"LineString","coordinates":[[77.255683,18.460621],[77.255685,18.460738],[77.255635,18.460754]]}},{"type":"Feature","properties":{"sol":1549,"len_m":96.2,"date":"2025-06-28"},"geometry":{"type":"LineString","coordinates":[[77.255635,18.460754],[77.255749,18.460779],[77.255865,18.460804],[77.255979,18.460825],[77.256093,18.460849],[77.256207,18.460874],[77.256317,18.460901],[77.256443,18.460938],[77.256569,18.460973],[77.256679,18.461003],[77.256806,18.461032],[77.256949,18.461065],[77.257123,18.461056],[77.257219,18.460947],[77.257227,18.460933]]}},{"type":"Feature","properties":{"sol":1551,"len_m":4.5,"date":"2025-06-30"},"geometry":{"type":"LineString","coordinates":[[77.257227,18.460933],[77.257218,18.460917]]}},{"type":"Feature","properties":{"sol":1556,"len_m":158.5,"date":"2025-07-05"},"geometry":{"type":"LineString","coordinates":[[77.257218,18.460917],[77.257106,18.460917],[77.257004,18.460881],[77.256888,18.460839],[77.256773,18.460797],[77.256671,18.460761],[77.25657,18.460727],[77.256453,18.460689],[77.256335,18.460652],[77.256218,18.460613],[77.256117,18.46058],[77.256015,18.460545],[77.255911,18.460508],[77.255811,18.460471],[77.255696,18.460426],[77.255598,18.460387],[77.255481,18.460349],[77.255378,18.460318],[77.255274,18.460289],[77.25515,18.460257],[77.255045,18.460233],[77.25494,18.460207],[77.254834,18.460183],[77.254728,18.460159],[77.254627,18.460127],[77.254579,18.460105]]}},{"type":"Feature","properties":{"sol":1558,"len_m":23.2,"date":"2025-07-08"},"geometry":{"type":"LineString","coordinates":[[77.254579,18.460105],[77.254491,18.459924],[77.254418,18.459774],[77.254407,18.459756]]}},{"type":"Feature","properties":{"sol":1560,"len_m":27.4,"date":"2025-07-10"},"geometry":{"type":"LineString","coordinates":[[77.254407,18.459756],[77.254495,18.459684],[77.254578,18.459615],[77.254656,18.459543],[77.254585,18.459467]]}},{"type":"Feature","properties":{"sol":1563,"len_m":11.3,"date":"2025-07-13"},"geometry":{"type":"LineString","coordinates":[[77.254585,18.459467],[77.254536,18.459567],[77.254503,18.459509]]}},{"type":"Feature","properties":{"sol":1570,"len_m":12.9,"date":"2025-07-20"},"geometry":{"type":"LineString","coordinates":[[77.254503,18.459509],[77.254613,18.459497],[77.254582,18.459467]]}},{"type":"Feature","properties":{"sol":1576,"len_m":274.6,"date":"2025-07-26"},"geometry":{"type":"LineString","coordinates":[[77.254582,18.459467],[77.254449,18.459509],[77.25435,18.45942],[77.254261,18.459299],[77.25442,18.459293],[77.254536,18.459227],[77.254639,18.459185],[77.254748,18.459141],[77.254857,18.459097],[77.254964,18.459056],[77.255082,18.459008],[77.255182,18.458967],[77.255273,18.458903],[77.255368,18.458817],[77.255434,18.458711],[77.255487,18.458596],[77.25551,18.458471],[77.255529,18.458368],[77.255544,18.458256],[77.25556,18.458146],[77.255584,18.45802],[77.255607,18.457878],[77.25562,18.45775],[77.255623,18.457636],[77.255626,18.457521],[77.255624,18.457392],[77.255617,18.457261],[77.255608,18.457148],[77.255595,18.457003],[77.255592,18.456888],[77.255586,18.45674],[77.255581,18.456609],[77.255573,18.456496],[77.255561,18.456366],[77.255547,18.456204],[77.255544,18.45609],[77.255541,18.455991]]}},{"type":"Feature","properties":{"sol":1577,"len_m":241.8,"date":"2025-07-27"},"geometry":{"type":"LineString","coordinates":[[77.255541,18.455991],[77.255525,18.455878],[77.25554,18.455764],[77.255558,18.455651],[77.255573,18.455538],[77.255594,18.455375],[77.255604,18.455261],[77.255612,18.45513],[77.255617,18.454998],[77.255621,18.454866],[77.255622,18.454749],[77.255619,18.4546],[77.255611,18.454467],[77.255605,18.454351],[77.255597,18.454201],[77.25559,18.454068],[77.255583,18.453952],[77.255577,18.453818],[77.255635,18.453732],[77.255735,18.453672],[77.255831,18.45361],[77.25593,18.453547],[77.256034,18.453498],[77.25614,18.453451],[77.256247,18.453406],[77.256351,18.45336],[77.256454,18.453313],[77.256552,18.453265],[77.25665,18.453217],[77.256756,18.453161],[77.256853,18.453113],[77.256981,18.453087],[77.257101,18.453062],[77.257225,18.453045],[77.25733,18.453019],[77.25734,18.453014]]}},{"type":"Feature","properties":{"sol":1578,"len_m":38.1,"date":"2025-07-28"},"geometry":{"type":"LineString","coordinates":[[77.25734,18.453014],[77.257455,18.453027],[77.257611,18.453016],[77.257763,18.453005],[77.257947,18.453023],[77.257976,18.45301]]}},{"type":"Feature","properties":{"sol":1579,"len_m":2.8,"date":"2025-07-29"},"geometry":{"type":"LineString","coordinates":[[77.257976,18.45301],[77.257982,18.453015]]}},{"type":"Feature","properties":{"sol":1584,"len_m":21.6,"date":"2025-08-03"},"geometry":{"type":"LineString","coordinates":[[77.257982,18.453015],[77.257855,18.452998],[77.257836,18.452895],[77.257902,18.452789],[77.257907,18.452782]]}},{"type":"Feature","properties":{"sol":1590,"len_m":16.3,"date":"2025-08-09"},"geometry":{"type":"LineString","coordinates":[[77.257907,18.452782],[77.257979,18.452694],[77.258086,18.452697],[77.258118,18.452723]]}},{"type":"Feature","properties":{"sol":1592,"len_m":152.6,"date":"2025-08-11"},"geometry":{"type":"LineString","coordinates":[[77.258118,18.452723],[77.258023,18.452655],[77.257905,18.45257],[77.257774,18.452471],[77.25763,18.452401],[77.257501,18.452336],[77.257358,18.452226],[77.257293,18.452145],[77.25722,18.452069],[77.257131,18.452001],[77.257045,18.451935],[77.256961,18.451871],[77.256878,18.451806],[77.256795,18.451741],[77.256719,18.451644],[77.256635,18.451574],[77.256553,18.451504],[77.256472,18.451431],[77.256397,18.451355],[77.256313,18.45129],[77.256218,18.451237],[77.256106,18.451176],[77.256021,18.451131]]}},{"type":"Feature","properties":{"sol":1593,"len_m":31.4,"date":"2025-08-12"},"geometry":{"type":"LineString","coordinates":[[77.256021,18.451131],[77.255946,18.451049],[77.255832,18.450948],[77.255739,18.450867],[77.255636,18.450775],[77.255623,18.450762]]}},{"type":"Feature","properties":{"sol":1595,"len_m":201.6,"date":"2025-08-15"},"geometry":{"type":"LineString","coordinates":[[77.255623,18.450762],[77.255759,18.450881],[77.255913,18.45095],[77.25606,18.450961],[77.256298,18.450918],[77.256422,18.450841],[77.256573,18.450742],[77.256676,18.45067],[77.256814,18.45056],[77.256941,18.450463],[77.257054,18.450372],[77.257147,18.450305],[77.257279,18.450255],[77.257452,18.450135],[77.257546,18.450021],[77.257612,18.449925],[77.257686,18.449817],[77.25779,18.449668],[77.257891,18.449519],[77.257975,18.449397],[77.258041,18.449302],[77.258104,18.449205],[77.258192,18.449031],[77.25819,18.44903]]}},{"type":"Feature","properties":{"sol":1597,"len_m":232.2,"date":"2025-08-17"},"geometry":{"type":"LineString","coordinates":[[77.25819,18.44903],[77.258085,18.448961],[77.258083,18.44883],[77.258127,18.448733],[77.258194,18.448642],[77.258259,18.44855],[77.258327,18.448457],[77.258412,18.448361],[77.258508,18.448273],[77.258605,18.448187],[77.2587,18.448102],[77.258787,18.448012],[77.258864,18.447932],[77.258942,18.447853],[77.259026,18.447777],[77.259119,18.447711],[77.259212,18.447644],[77.259319,18.447567],[77.259414,18.447503],[77.259516,18.447451],[77.25962,18.447401],[77.259726,18.447352],[77.259833,18.447302],[77.259941,18.447251],[77.260043,18.447188],[77.260144,18.447125],[77.260244,18.447066],[77.260347,18.447012],[77.26045,18.446956],[77.260554,18.446901],[77.260656,18.446845],[77.260745,18.446773],[77.260829,18.44668],[77.260887,18.446592],[77.26097,18.446525],[77.26097,18.446525]]}},{"type":"Feature","properties":{"sol":1601,"len_m":177.9,"date":"2025-08-21"},"geometry":{"type":"LineString","coordinates":[[77.26097,18.446525],[77.261168,18.446567],[77.261269,18.446631],[77.261372,18.446683],[77.261473,18.446735],[77.261576,18.446788],[77.261678,18.44684],[77.261793,18.446902],[77.261907,18.446963],[77.262006,18.447019],[77.262123,18.447077],[77.262246,18.447126],[77.26236,18.447147],[77.26249,18.447171],[77.262617,18.447191],[77.262734,18.447211],[77.262855,18.447232],[77.262989,18.447247],[77.263099,18.447264],[77.263216,18.447307],[77.263333,18.447349],[77.263451,18.447392],[77.263552,18.447436],[77.263654,18.447478],[77.263756,18.447522],[77.263857,18.44757],[77.263883,18.447588]]}},{"type":"Feature","properties":{"sol":1606,"len_m":23.3,"date":"2025-08-26"},"geometry":{"type":"LineString","coordinates":[[77.263883,18.447588],[77.264004,18.447546],[77.264118,18.447532],[77.264234,18.44755],[77.264276,18.447558]]}},{"type":"Feature","properties":{"sol":1608,"len_m":6.6,"date":"2025-08-28"},"geometry":{"type":"LineString","coordinates":[[77.264276,18.447558],[77.264334,18.44758]]}},{"type":"Feature","properties":{"sol":1615,"len_m":4.3,"date":"2025-09-04"},"geometry":{"type":"LineString","coordinates":[[77.264334,18.44758],[77.264358,18.447641]]}},{"type":"Feature","properties":{"sol":1622,"len_m":9.2,"date":"2025-09-11"},"geometry":{"type":"LineString","coordinates":[[77.264358,18.447641],[77.264246,18.447658],[77.26422,18.44769]]}},{"type":"Feature","properties":{"sol":1627,"len_m":23.4,"date":"2025-09-16"},"geometry":{"type":"LineString","coordinates":[[77.26422,18.44769],[77.264244,18.447574],[77.264329,18.447453],[77.264443,18.447418],[77.264449,18.447418]]}},{"type":"Feature","properties":{"sol":1629,"len_m":7.2,"date":"2025-09-18"},"geometry":{"type":"LineString","coordinates":[[77.264449,18.447418],[77.264536,18.447485],[77.264536,18.447486]]}},{"type":"Feature","properties":{"sol":1635,"len_m":22.4,"date":"2025-09-25"},"geometry":{"type":"LineString","coordinates":[[77.264536,18.447486],[77.264433,18.447522],[77.264309,18.447585],[77.264235,18.447667],[77.264219,18.447688]]}},{"type":"Feature","properties":{"sol":1642,"len_m":32.9,"date":"2025-10-02"},"geometry":{"type":"LineString","coordinates":[[77.264219,18.447688],[77.264325,18.447639],[77.264451,18.447585],[77.264603,18.447521],[77.264563,18.447427],[77.264558,18.44742]]}},{"type":"Feature","properties":{"sol":1646,"len_m":52.8,"date":"2025-10-06"},"geometry":{"type":"LineString","coordinates":[[77.264558,18.44742],[77.264501,18.447566],[77.264653,18.447699],[77.264657,18.447825],[77.264618,18.448],[77.264674,18.448134],[77.264688,18.448151]]}},{"type":"Feature","properties":{"sol":1647,"len_m":17.1,"date":"2025-10-07"},"geometry":{"type":"LineString","coordinates":[[77.264688,18.448151],[77.264727,18.44825],[77.264772,18.448346],[77.264781,18.448315]]}},{"type":"Feature","properties":{"sol":1661,"len_m":43.9,"date":"2025-10-21"},"geometry":{"type":"LineString","coordinates":[[77.264781,18.448315],[77.26478,18.448442],[77.264804,18.448581],[77.26479,18.44875],[77.264818,18.4489],[77.264861,18.449003]]}},{"type":"Feature","properties":{"sol":1662,"len_m":5.5,"date":"2025-10-22"},"geometry":{"type":"LineString","coordinates":[[77.264861,18.449003],[77.264849,18.449065]]}},{"type":"Feature","properties":{"sol":1668,"len_m":41.9,"date":"2025-10-29"},"geometry":{"type":"LineString","coordinates":[[77.264849,18.449065],[77.26483,18.448928],[77.264819,18.448774],[77.264815,18.448624],[77.26479,18.448524],[77.264784,18.448407],[77.264785,18.44839]]}},{"type":"Feature","properties":{"sol":1669,"len_m":6.1,"date":"2025-10-30"},"geometry":{"type":"LineString","coordinates":[[77.264785,18.44839],[77.264762,18.448312]]}},{"type":"Feature","properties":{"sol":1674,"len_m":252.2,"date":"2025-11-04"},"geometry":{"type":"LineString","coordinates":[[77.264762,18.448312],[77.264711,18.448201],[77.264661,18.448076],[77.264617,18.447983],[77.26457,18.447888],[77.264495,18.447767],[77.26443,18.447685],[77.264347,18.447598],[77.26425,18.447526],[77.264166,18.447461],[77.264069,18.447386],[77.263963,18.447299],[77.263882,18.44723],[77.2638,18.447158],[77.263707,18.447072],[77.263633,18.446992],[77.263561,18.446912],[77.26349,18.44683],[77.263418,18.446749],[77.263346,18.446669],[77.263262,18.446574],[77.26319,18.446494],[77.263119,18.446414],[77.263026,18.446305],[77.262945,18.446188],[77.262895,18.446095],[77.262846,18.446001],[77.262798,18.445907],[77.262751,18.445813],[77.262705,18.445718],[77.262659,18.445623],[77.262621,18.445527],[77.262611,18.445426],[77.262576,18.445328],[77.262494,18.445193],[77.262473,18.445093],[77.262458,18.444976],[77.262423,18.44488],[77.262394,18.444824]]}},{"type":"Feature","properties":{"sol":1675,"len_m":222.2,"date":"2025-11-05"},"geometry":{"type":"LineString","coordinates":[[77.262394,18.444824],[77.262324,18.444744],[77.262264,18.444658],[77.262204,18.444573],[77.262149,18.444469],[77.262114,18.44434],[77.26206,18.444235],[77.262012,18.444144],[77.261965,18.444053],[77.261916,18.443963],[77.261859,18.443859],[77.261802,18.443757],[77.261744,18.443654],[77.261687,18.443553],[77.261625,18.443452],[77.261559,18.443353],[77.261491,18.443256],[77.261423,18.44316],[77.261351,18.443068],[77.261284,18.442973],[77.26122,18.442876],[77.261154,18.442784],[77.261091,18.442688],[77.261018,18.442578],[77.260953,18.442482],[77.260888,18.442386],[77.26082,18.442291],[77.260723,18.442197],[77.260609,18.442152],[77.260476,18.442109],[77.260343,18.442069],[77.260206,18.44204],[77.260053,18.442043],[77.260054,18.442043]]}},{"type":"Feature","properties":{"sol":1676,"len_m":24.9,"date":"2025-11-06"},"geometry":{"type":"LineString","coordinates":[[77.260054,18.442043],[77.259879,18.442037],[77.259769,18.441985],[77.25966,18.441905],[77.259659,18.441905]]}},{"type":"Feature","properties":{"sol":1686,"len_m":285.3,"date":"2025-11-16"},"geometry":{"type":"LineString","coordinates":[[77.259659,18.441905],[77.259548,18.441855],[77.259453,18.441787],[77.259377,18.441696],[77.259302,18.441602],[77.259228,18.441511],[77.259152,18.441422],[77.259078,18.44133],[77.259002,18.441239],[77.258925,18.441149],[77.258847,18.441059],[77.258766,18.440971],[77.258663,18.440859],[77.258616,18.440754],[77.258574,18.440614],[77.258568,18.440501],[77.258565,18.440373],[77.258564,18.440259],[77.258563,18.440146],[77.25855,18.440033],[77.258498,18.43993],[77.258435,18.439832],[77.258371,18.439733],[77.258306,18.439634],[77.258241,18.439537],[77.258174,18.439439],[77.258106,18.439343],[77.25804,18.439247],[77.257962,18.439137],[77.257885,18.439026],[77.257817,18.43893],[77.257749,18.438833],[77.25768,18.438737],[77.257611,18.438642],[77.257548,18.438545],[77.257484,18.438447],[77.257413,18.438335],[77.257371,18.43821],[77.257326,18.438072],[77.257294,18.437964],[77.257254,18.437826],[77.257254,18.437827]]}},{"type":"Feature","properties":{"sol":1687,"len_m":254.8,"date":"2025-11-17"},"geometry":{"type":"LineString","coordinates":[[77.257254,18.437827],[77.257271,18.4377],[77.257323,18.437564],[77.257334,18.437391],[77.257395,18.43723],[77.257401,18.437036],[77.257437,18.436912],[77.257473,18.436792],[77.257471,18.436668],[77.257455,18.436558],[77.257444,18.436449],[77.257444,18.436339],[77.257415,18.436137],[77.257373,18.436012],[77.257349,18.435885],[77.257351,18.435774],[77.257346,18.435647],[77.257324,18.435526],[77.257298,18.435405],[77.25727,18.435296],[77.257183,18.435175],[77.2571,18.435074],[77.257009,18.434973],[77.256932,18.43487],[77.256866,18.434775],[77.256761,18.434624],[77.256674,18.434509],[77.256591,18.434407],[77.256498,18.43431],[77.256399,18.434224],[77.256201,18.4341],[77.256117,18.434001],[77.256117,18.434002]]}},{"type":"Feature","properties":{"sol":1688,"len_m":304.2,"date":"2025-11-18"},"geometry":{"type":"LineString","coordinates":[[77.256117,18.434002],[77.25606,18.433888],[77.256086,18.433781],[77.25608,18.433651],[77.256005,18.433562],[77.255912,18.433495],[77.255819,18.433422],[77.255725,18.433349],[77.255634,18.433275],[77.255543,18.4332],[77.25545,18.433124],[77.255355,18.43305],[77.255257,18.43298],[77.255165,18.432928],[77.255057,18.43287],[77.254962,18.432824],[77.254858,18.432761],[77.254784,18.432676],[77.254716,18.432585],[77.254644,18.432495],[77.25457,18.432403],[77.254493,18.432307],[77.25444,18.432204],[77.254386,18.432106],[77.254339,18.432008],[77.254302,18.431911],[77.254256,18.43181],[77.254212,18.431709],[77.25417,18.431612],[77.254104,18.431519],[77.254025,18.431434],[77.253945,18.431346],[77.253849,18.431273],[77.253751,18.431205],[77.253651,18.431138],[77.25355,18.431078],[77.253416,18.430995],[77.253323,18.430919],[77.253218,18.430834],[77.253194,18.430713],[77.253191,18.430606],[77.253182,18.430502],[77.253181,18.430392],[77.253169,18.43028],[77.253167,18.430169],[77.253172,18.430119]]}},{"type":"Feature","properties":{"sol":1690,"len_m":60.7,"date":"2025-11-20"},"geometry":{"type":"LineString","coordinates":[[77.253172,18.430119],[77.253114,18.430006],[77.253101,18.429882],[77.253048,18.429779],[77.252984,18.429683],[77.252918,18.429586],[77.252818,18.429498],[77.252694,18.429498],[77.252571,18.429508],[77.252535,18.42951]]}},{"type":"Feature","properties":{"sol":1698,"len_m":155.1,"date":"2025-11-28"},"geometry":{"type":"LineString","coordinates":[[77.252535,18.42951],[77.252406,18.429429],[77.252296,18.429374],[77.252195,18.429337],[77.252094,18.429299],[77.251993,18.42926],[77.251893,18.42922],[77.251795,18.429177],[77.251699,18.429131],[77.251566,18.429079],[77.251442,18.42905],[77.251338,18.429022],[77.251234,18.428995],[77.251127,18.42897],[77.251018,18.428945],[77.250914,18.428916],[77.250811,18.428885],[77.250706,18.428853],[77.2506,18.428822],[77.250495,18.428789],[77.250392,18.428753],[77.250291,18.428715],[77.250188,18.428683],[77.250082,18.428656],[77.249976,18.42863],[77.249957,18.428625]]}},{"type":"Feature","properties":{"sol":1699,"len_m":0.0,"date":"2025-11-29"},"geometry":{"type":"LineString","coordinates":[[77.249957,18.428625],[77.249957,18.428625]]}},{"type":"Feature","properties":{"sol":1700,"len_m":0.0,"date":"2025-11-30"},"geometry":{"type":"LineString","coordinates":[[77.249957,18.428625],[77.249957,18.428625]]}},{"type":"Feature","properties":{"sol":1701,"len_m":259.6,"date":"2025-12-01"},"geometry":{"type":"LineString","coordinates":[[77.249957,18.428625],[77.249794,18.428627],[77.249634,18.42861],[77.249505,18.428595],[77.249395,18.428581],[77.249211,18.428564],[77.249088,18.428551],[77.248923,18.428546],[77.248782,18.428529],[77.248674,18.428513],[77.248532,18.42849],[77.248425,18.428476],[77.24828,18.428479],[77.248118,18.428487],[77.24801,18.428494],[77.247901,18.428503],[77.247755,18.428509],[77.247628,18.428503],[77.247485,18.428484],[77.247339,18.428465],[77.24723,18.428452],[77.247122,18.428437],[77.246997,18.428419],[77.246871,18.428402],[77.246723,18.428386],[77.246519,18.428372],[77.246406,18.42837],[77.246237,18.428365],[77.246106,18.428361],[77.245937,18.428356],[77.245824,18.428354],[77.245617,18.428344],[77.245469,18.428335],[77.245364,18.428328]]}},{"type":"Feature","properties":{"sol":1703,"len_m":216.6,"date":"2025-12-03"},"geometry":{"type":"LineString","coordinates":[[77.245364,18.428328],[77.245237,18.428319],[77.24513,18.42831],[77.245021,18.428301],[77.244913,18.42829],[77.244802,18.428277],[77.244694,18.428266],[77.244586,18.428252],[77.244474,18.428237],[77.244363,18.428219],[77.244253,18.4282],[77.244143,18.42818],[77.244016,18.428155],[77.24387,18.428125],[77.24376,18.428101],[77.243616,18.428064],[77.243512,18.428031],[77.243407,18.427996],[77.243308,18.427959],[77.243205,18.427922],[77.243106,18.42788],[77.243007,18.427836],[77.242908,18.427791],[77.242809,18.427744],[77.242693,18.427696],[77.242585,18.427635],[77.242496,18.42755],[77.242374,18.427505],[77.242272,18.427542],[77.242146,18.427563],[77.242019,18.427562],[77.241859,18.42756],[77.241725,18.427609],[77.241724,18.427609]]}},{"type":"Feature","properties":{"sol":1704,"len_m":30.3,"date":"2025-12-05"},"geometry":{"type":"LineString","coordinates":[[77.241724,18.427609],[77.241699,18.427737],[77.241681,18.427876],[77.241662,18.428007],[77.241632,18.428103]]}},{"type":"Feature","properties":{"sol":1707,"len_m":205.1,"date":"2025-12-08"},"geometry":{"type":"LineString","coordinates":[[77.241632,18.428103],[77.241717,18.427997],[77.241637,18.427877],[77.241516,18.427755],[77.241362,18.427789],[77.241226,18.427894],[77.241108,18.427929],[77.241002,18.427989],[77.240901,18.428055],[77.240809,18.428157],[77.240705,18.42827],[77.240609,18.428344],[77.240491,18.428444],[77.240408,18.428529],[77.240314,18.428605],[77.240276,18.428717],[77.240208,18.428813],[77.24013,18.428902],[77.240048,18.428989],[77.239961,18.429072],[77.239854,18.429156],[77.239736,18.429256],[77.239638,18.42935],[77.239548,18.42943],[77.239456,18.429507],[77.23935,18.429568],[77.239241,18.429622],[77.239215,18.429633]]}},{"type":"Feature","properties":{"sol":1709,"len_m":238.8,"date":"2025-12-10"},"geometry":{"type":"LineString","coordinates":[[77.239215,18.429633],[77.239099,18.429706],[77.2388,18.429915],[77.238619,18.430044],[77.238492,18.430094],[77.238375,18.430118],[77.238004,18.429988],[77.23793,18.429876],[77.237887,18.42975],[77.237823,18.429496],[77.23779,18.429384],[77.237721,18.429214],[77.237667,18.429075],[77.237608,18.428919],[77.237555,18.428815],[77.237445,18.428646],[77.237357,18.42857],[77.237274,18.428486],[77.237186,18.428345],[77.237124,18.42823],[77.237011,18.428087],[77.23691,18.427996],[77.236811,18.427905],[77.236708,18.427817],[77.236616,18.427741],[77.236591,18.427719]]}},{"type":"Feature","properties":{"sol":1710,"len_m":85.9,"date":"2025-12-11"},"geometry":{"type":"LineString","coordinates":[[77.236591,18.427719],[77.236434,18.427619],[77.236321,18.427575],[77.236208,18.427529],[77.236097,18.427484],[77.235978,18.427468],[77.235857,18.427471],[77.235737,18.427475],[77.235624,18.427476],[77.235502,18.427481],[77.2354,18.427519],[77.235284,18.427552],[77.23517,18.427592],[77.235154,18.427599]]}},{"type":"Feature","properties":{"sol":1756,"len_m":200.2,"date":"2026-01-27"},"geometry":{"type":"LineString","coordinates":[[77.235154,18.427599],[77.235039,18.427676],[77.234935,18.427738],[77.234831,18.427797],[77.234726,18.427857],[77.234622,18.427916],[77.234518,18.427977],[77.234415,18.428037],[77.234297,18.428106],[77.234179,18.428176],[77.234062,18.428244],[77.233946,18.428313],[77.233845,18.428376],[77.233745,18.428438],[77.233651,18.428505],[77.23356,18.428579],[77.233479,18.428661],[77.233403,18.428747],[77.233314,18.428844],[77.233224,18.428935],[77.233131,18.429022],[77.233062,18.429107],[77.232991,18.429195],[77.232918,18.429282],[77.232837,18.42936],[77.232745,18.42943],[77.232652,18.429496],[77.232563,18.429573],[77.232492,18.429661],[77.232471,18.429735]]}},{"type":"Feature","properties":{"sol":1758,"len_m":2.7,"date":"2026-01-29"},"geometry":{"type":"LineString","coordinates":[[77.232471,18.429735],[77.232428,18.429729]]}},{"type":"Feature","properties":{"sol":1760,"len_m":1.1,"date":"2026-01-31"},"geometry":{"type":"LineString","coordinates":[[77.232428,18.429729],[77.23241,18.429732]]}},{"type":"Feature","properties":{"sol":1761,"len_m":0.1,"date":"2026-02-01"},"geometry":{"type":"LineString","coordinates":[[77.23241,18.429732],[77.23241,18.429732]]}},{"type":"Feature","properties":{"sol":1762,"len_m":155.6,"date":"2026-02-02"},"geometry":{"type":"LineString","coordinates":[[77.23241,18.429732],[77.232276,18.429767],[77.23216,18.429804],[77.232041,18.429832],[77.231922,18.429858],[77.231801,18.429866],[77.231646,18.429845],[77.231508,18.429826],[77.231369,18.429808],[77.231228,18.429795],[77.231088,18.429783],[77.230965,18.42978],[77.230815,18.429819],[77.23068,18.42985],[77.23056,18.429875],[77.230445,18.429857],[77.230307,18.429866],[77.230152,18.429881],[77.230016,18.429891],[77.229897,18.429899],[77.22976,18.429907],[77.229692,18.429911]]}},{"type":"Feature","properties":{"sol":1765,"len_m":206.1,"date":"2026-02-05"},"geometry":{"type":"LineString","coordinates":[[77.229692,18.429911],[77.229612,18.429821],[77.229521,18.429719],[77.229429,18.429618],[77.229337,18.429515],[77.229244,18.429413],[77.229174,18.429336],[77.229094,18.429248],[77.229011,18.42916],[77.228928,18.429073],[77.228861,18.428974],[77.228798,18.428874],[77.228736,18.428772],[77.228665,18.428656],[77.228588,18.428524],[77.228542,18.428415],[77.228494,18.428307],[77.228452,18.428214],[77.228409,18.42812],[77.228364,18.428028],[77.22831,18.427923],[77.228257,18.427817],[77.228205,18.427709],[77.228153,18.427602],[77.228108,18.42751],[77.22804,18.427373],[77.22796,18.427285],[77.227862,18.427189],[77.227763,18.427093],[77.227702,18.427034]]}},{"type":"Feature","properties":{"sol":1767,"len_m":13.7,"date":"2026-02-07"},"geometry":{"type":"LineString","coordinates":[[77.227702,18.427034],[77.227579,18.427043],[77.227629,18.427081]]}},{"type":"Feature","properties":{"sol":1775,"len_m":34.7,"date":"2026-02-15"},"geometry":{"type":"LineString","coordinates":[[77.227629,18.427081],[77.227561,18.427176],[77.227478,18.427291],[77.22739,18.427401],[77.227275,18.427419],[77.227204,18.427419]]}},{"type":"Feature","properties":{"sol":1779,"len_m":18.8,"date":"2026-02-20"},"geometry":{"type":"LineString","coordinates":[[77.227204,18.427419],[77.22702,18.427413],[77.227024,18.427519],[77.227024,18.427519]]}},{"type":"Feature","properties":{"sol":1781,"len_m":17.7,"date":"2026-02-22"},"geometry":{"type":"LineString","coordinates":[[77.227024,18.427519],[77.226915,18.427607],[77.226879,18.427704],[77.22686,18.427709]]}},{"type":"Feature","properties":{"sol":1783,"len_m":11.4,"date":"2026-02-24"},"geometry":{"type":"LineString","coordinates":[[77.22686,18.427709],[77.226855,18.427754]]}},{"type":"Feature","properties":{"sol":1790,"len_m":26.1,"date":"2026-03-03"},"geometry":{"type":"LineString","coordinates":[[77.226855,18.427754],[77.226881,18.427643],[77.226731,18.427663],[77.226629,18.427682]]}},{"type":"Feature","properties":{"sol":1792,"len_m":3.3,"date":"2026-03-05"},"geometry":{"type":"LineString","coordinates":[[77.226629,18.427682],[77.22666,18.427725]]}},{"type":"Feature","properties":{"sol":1805,"len_m":10.4,"date":"2026-03-18"},"geometry":{"type":"LineString","coordinates":[[77.22666,18.427725],[77.226741,18.427658],[77.226775,18.427682]]}},{"type":"Feature","properties":{"sol":1812,"len_m":11.6,"date":"2026-03-26"},"geometry":{"type":"LineString","coordinates":[[77.226775,18.427682],[77.226832,18.427596],[77.226855,18.427622]]}},{"type":"Feature","properties":{"sol":1814,"len_m":225.3,"date":"2026-03-28"},"geometry":{"type":"LineString","coordinates":[[77.226855,18.427622],[77.22681,18.427529],[77.226741,18.427434],[77.226624,18.427362],[77.226519,18.427303],[77.226415,18.427241],[77.226313,18.427178],[77.226193,18.427107],[77.226056,18.427032],[77.225906,18.426994],[77.225788,18.426975],[77.225644,18.426959],[77.225528,18.42696],[77.225407,18.42696],[77.225285,18.426958],[77.225168,18.426965],[77.225051,18.426983],[77.224932,18.427005],[77.224813,18.427024],[77.224696,18.427048],[77.224589,18.427088],[77.224474,18.42713],[77.22436,18.427172],[77.224246,18.427215],[77.224133,18.427253],[77.224016,18.427278],[77.223862,18.427304],[77.223741,18.427325],[77.223621,18.427346],[77.223501,18.427369],[77.223381,18.427391],[77.223248,18.427428],[77.223171,18.427455]]}},{"type":"Feature","properties":{"sol":1815,"len_m":268.0,"date":"2026-03-29"},"geometry":{"type":"LineString","coordinates":[[77.223171,18.427455],[77.223059,18.427498],[77.222949,18.427543],[77.222832,18.427595],[77.222724,18.427646],[77.222618,18.427696],[77.2225,18.427758],[77.222388,18.42783],[77.222276,18.427902],[77.222177,18.427963],[77.22208,18.428029],[77.221985,18.428099],[77.221891,18.428171],[77.221799,18.428269],[77.221735,18.428364],[77.221671,18.428463],[77.221607,18.428562],[77.221544,18.42866],[77.221456,18.428784],[77.221346,18.428893],[77.221261,18.428955],[77.22117,18.429035],[77.221098,18.429112],[77.221029,18.42919],[77.22096,18.429269],[77.22089,18.429347],[77.220819,18.429424],[77.220748,18.429501],[77.220674,18.429575],[77.220587,18.429633],[77.220496,18.429689],[77.220404,18.429747],[77.220314,18.429804],[77.220229,18.429865],[77.220144,18.429929],[77.220063,18.429995],[77.21997,18.430072],[77.219884,18.430157],[77.219798,18.430219],[77.219699,18.430288],[77.219612,18.430347],[77.219612,18.430347]]}},{"type":"Feature","properties":{"sol":1817,"len_m":105.4,"date":"2026-03-31"},"geometry":{"type":"LineString","coordinates":[[77.219612,18.430347],[77.21953,18.430412],[77.219446,18.430501],[77.21935,18.430597],[77.219273,18.430668],[77.219185,18.430752],[77.219108,18.430824],[77.219032,18.430896],[77.218944,18.430981],[77.21887,18.431055],[77.218785,18.43114],[77.218714,18.431216],[77.218643,18.431292],[77.218565,18.431384],[77.218478,18.43149],[77.218376,18.431606],[77.218342,18.431648]]}},{"type":"Feature","properties":{"sol":1819,"len_m":20.4,"date":"2026-04-02"},"geometry":{"type":"LineString","coordinates":[[77.218342,18.431648],[77.218388,18.43177],[77.218309,18.431851],[77.218315,18.431801]]}},{"type":"Feature","properties":{"sol":1825,"len_m":3.3,"date":"2026-04-08"},"geometry":{"type":"LineString","coordinates":[[77.218315,18.431801],[77.218303,18.431854]]}},{"type":"Feature","properties":{"sol":1829,"len_m":0.0,"date":"2026-04-12"},"geometry":{"type":"LineString","coordinates":[[77.218303,18.431854],[77.218303,18.431854]]}},{"type":"Feature","properties":{"sol":1830,"len_m":0.0,"date":"2026-04-13"},"geometry":{"type":"LineString","coordinates":[[77.218303,18.431854],[77.218302,18.431854]]}},{"type":"Feature","properties":{"sol":1833,"len_m":1.4,"date":"2026-04-16"},"geometry":{"type":"LineString","coordinates":[[77.218302,18.431854],[77.218308,18.431831]]}},{"type":"Feature","properties":{"sol":1835,"len_m":117.6,"date":"2026-04-18"},"geometry":{"type":"LineString","coordinates":[[77.218308,18.431831],[77.218347,18.431692],[77.218379,18.431592],[77.218481,18.431652],[77.218584,18.431708],[77.218685,18.431764],[77.218783,18.43183],[77.218879,18.431898],[77.218976,18.431962],[77.219101,18.431997],[77.219196,18.432086],[77.219284,18.432166],[77.219364,18.432255],[77.219442,18.432344],[77.219528,18.432427],[77.219622,18.432497],[77.219737,18.432543],[77.219797,18.432604]]}},{"type":"Feature","properties":{"sol":1840,"len_m":49.9,"date":"2026-04-23"},"geometry":{"type":"LineString","coordinates":[[77.219797,18.432604],[77.219787,18.432738],[77.219789,18.432622],[77.219838,18.432516],[77.219986,18.432509],[77.220129,18.432522],[77.220149,18.432523]]}},{"type":"Feature","properties":{"sol":1842,"len_m":17.8,"date":"2026-04-25"},"geometry":{"type":"LineString","coordinates":[[77.220149,18.432523],[77.220247,18.432588],[77.220296,18.432492],[77.220272,18.432462]]}},{"type":"Feature","properties":{"sol":1849,"len_m":50.2,"date":"2026-05-03"},"geometry":{"type":"LineString","coordinates":[[77.220272,18.432462],[77.220254,18.432596],[77.22024,18.432728],[77.220187,18.43287],[77.220165,18.432971],[77.2201,18.433091],[77.220028,18.433207],[77.220021,18.433256]]}},{"type":"Feature","properties":{"sol":1856,"len_m":78.0,"date":"2026-05-10"},"geometry":{"type":"LineString","coordinates":[[77.220021,18.433256],[77.220084,18.433163],[77.220128,18.433008],[77.220187,18.432864],[77.220218,18.432746],[77.220217,18.432638],[77.220217,18.432525],[77.220205,18.432415],[77.220166,18.432309],[77.220126,18.432203],[77.220122,18.432092],[77.220123,18.432063]]}},{"type":"Feature","properties":{"sol":1859,"len_m":43.5,"date":"2026-05-13"},"geometry":{"type":"LineString","coordinates":[[77.220123,18.432063],[77.220204,18.431971],[77.220311,18.431856],[77.220414,18.431738],[77.220503,18.431634],[77.220599,18.431527],[77.220613,18.431509]]}},{"type":"Feature","properties":{"sol":1863,"len_m":57.6,"date":"2026-05-17"},"geometry":{"type":"LineString","coordinates":[[77.220613,18.431509],[77.220484,18.431447],[77.220323,18.431341],[77.220229,18.431293],[77.22027,18.43117],[77.220355,18.431011],[77.220458,18.431032]]}},{"type":"Feature","properties":{"sol":1866,"len_m":3.4,"date":"2026-05-20"},"geometry":{"type":"LineString","coordinates":[[77.220458,18.431032],[77.220446,18.431069]]}},{"type":"Feature","properties":{"sol":1867,"len_m":3.8,"date":"2026-05-21"},"geometry":{"type":"LineString","coordinates":[[77.220446,18.431069],[77.220431,18.431065]]}},{"type":"Feature","properties":{"sol":1877,"len_m":17.6,"date":"2026-05-31"},"geometry":{"type":"LineString","coordinates":[[77.220431,18.431065],[77.220547,18.431021],[77.220617,18.430943],[77.220633,18.43091]]}},{"type":"Feature","properties":{"sol":1880,"len_m":49.5,"date":"2026-06-03"},"geometry":{"type":"LineString","coordinates":[[77.220633,18.43091],[77.220641,18.430801],[77.220767,18.430706],[77.220884,18.430585],[77.220967,18.430516],[77.221047,18.430455]]}},{"type":"Feature","properties":{"sol":1883,"len_m":13.5,"date":"2026-06-07"},"geometry":{"type":"LineString","coordinates":[[77.221047,18.430455],[77.221149,18.430529],[77.221173,18.43047]]}},{"type":"Feature","properties":{"sol":1890,"len_m":239.0,"date":"2026-06-14"},"geometry":{"type":"LineString","coordinates":[[77.221173,18.43047],[77.221017,18.430474],[77.220935,18.430408],[77.220849,18.430347],[77.220718,18.430261],[77.220595,18.430195],[77.220466,18.430133],[77.220355,18.430078],[77.220261,18.430031],[77.220156,18.42997],[77.220062,18.429894],[77.219973,18.429812],[77.219897,18.42974],[77.219809,18.429658],[77.219721,18.429575],[77.219632,18.429495],[77.21954,18.429417],[77.219441,18.429346],[77.219356,18.429285],[77.219257,18.429214],[77.219156,18.429144],[77.219055,18.429076],[77.218952,18.429011],[77.218845,18.42895],[77.218753,18.428899],[77.218665,18.428827],[77.218577,18.428745],[77.218494,18.428661],[77.218411,18.428574],[77.21833,18.428487],[77.218247,18.428404],[77.21816,18.428324],[77.218069,18.428246],[77.217952,18.428174],[77.2179,18.428132]]}},{"type":"Feature","properties":{"sol":1893,"len_m":198.2,"date":"2026-06-17"},"geometry":{"type":"LineString","coordinates":[[77.2179,18.428132],[77.217785,18.428075],[77.21768,18.428046],[77.217575,18.428017],[77.21747,18.427988],[77.217365,18.427958],[77.21726,18.42793],[77.217156,18.4279],[77.217054,18.427867],[77.216948,18.427788],[77.216895,18.427684],[77.216841,18.427581],[77.216791,18.427458],[77.216786,18.427346],[77.216801,18.427236],[77.216827,18.427129],[77.216868,18.427024],[77.216922,18.426927],[77.217007,18.426852],[77.217066,18.42676],[77.217114,18.426661],[77.217178,18.426568],[77.217246,18.426485],[77.217339,18.426424],[77.217422,18.42635],[77.217479,18.426258],[77.217524,18.426161],[77.217597,18.42608],[77.217722,18.426039],[77.217834,18.426032],[77.217933,18.426029]]}},{"type":"Feature","properties":{"sol":1896,"len_m":135.6,"date":"2026-06-20"},"geometry":{"type":"LineString","coordinates":[[77.217933,18.426029],[77.21804,18.426078],[77.218169,18.42603],[77.218217,18.425924],[77.218298,18.425844],[77.218372,18.425735],[77.218397,18.425635],[77.218419,18.425532],[77.218443,18.425432],[77.218469,18.42533],[77.218489,18.42523],[77.218514,18.425129],[77.218538,18.425029],[77.218561,18.424929],[77.218614,18.424825],[77.218698,18.424739],[77.218782,18.424653],[77.218869,18.424568],[77.218953,18.424505],[77.219052,18.424436],[77.219123,18.424382]]}},{"type":"Feature","properties":{"sol":1897,"len_m":307.9,"date":"2026-06-20"},"geometry":{"type":"LineString","coordinates":[[77.217933,18.426029],[77.21804,18.426078],[77.218169,18.42603],[77.218217,18.425924],[77.218298,18.425844],[77.218372,18.425735],[77.218397,18.425635],[77.218419,18.425532],[77.218443,18.425432],[77.218469,18.42533],[77.218489,18.42523],[77.218514,18.425129],[77.218538,18.425029],[77.218561,18.424929],[77.218614,18.424825],[77.218698,18.424739],[77.218782,18.424653],[77.218869,18.424568],[77.218953,18.424505],[77.219052,18.424436],[77.219173,18.424314],[77.21927,18.424243],[77.219386,18.424167],[77.219479,18.424091],[77.219537,18.424004],[77.219608,18.423907],[77.219674,18.423827],[77.219742,18.423747],[77.219808,18.423667],[77.219874,18.423586],[77.21994,18.423507],[77.220007,18.423428],[77.220071,18.423346],[77.220128,18.423259],[77.220191,18.423157],[77.220252,18.423055],[77.220313,18.422953],[77.220365,18.422865],[77.220413,18.422756],[77.220454,18.422646],[77.220497,18.422537],[77.220545,18.422411],[77.220597,18.422289],[77.220646,18.422181],[77.220691,18.422071],[77.220731,18.421964]]}},{"type":"Feature","properties":{"sol":1900,"len_m":139.5,"date":"2026-06-24"},"geometry":{"type":"LineString","coordinates":[[77.220731,18.421964],[77.220778,18.421859],[77.220755,18.421755],[77.220717,18.421609],[77.220663,18.421503],[77.220608,18.421399],[77.22052,18.421314],[77.220414,18.421225],[77.220323,18.421145],[77.220243,18.421077],[77.220154,18.420995],[77.220038,18.420922],[77.219923,18.420881],[77.219791,18.42083],[77.219677,18.420785],[77.219564,18.42074],[77.219449,18.420696],[77.219336,18.420651],[77.219204,18.420602],[77.219066,18.420577],[77.219031,18.420577]]}},{"type":"Feature","properties":{"sol":1904,"len_m":83.2,"date":"2026-06-28"},"geometry":{"type":"LineString","coordinates":[[77.219031,18.420577],[77.219024,18.420444],[77.219049,18.420299],[77.219143,18.420226],[77.21925,18.420173],[77.219434,18.420202],[77.219593,18.420209],[77.219699,18.420156],[77.219808,18.420106],[77.219915,18.420059],[77.22004,18.420007],[77.220116,18.419975]]}},{"type":"Feature","properties":{"sol":1906,"len_m":8.5,"date":"2026-06-30"},"geometry":{"type":"LineString","coordinates":[[77.220116,18.419975],[77.220129,18.41997]]}},{"type":"Feature","properties":{"sol":1910,"len_m":178.0,"date":"2026-07-04"},"geometry":{"type":"LineString","coordinates":[[77.220129,18.41997],[77.220024,18.420058],[77.22001,18.42016],[77.220036,18.420289],[77.220074,18.420396],[77.220113,18.420506],[77.220149,18.420614],[77.220188,18.420721],[77.220229,18.420831],[77.220269,18.420937],[77.220313,18.42106],[77.220353,18.421201],[77.220409,18.4213],[77.220487,18.421437],[77.220563,18.421524],[77.220639,18.421611],[77.220714,18.421722],[77.220765,18.421842],[77.22077,18.421956],[77.220756,18.422058],[77.220737,18.422173],[77.220727,18.422289],[77.220739,18.422403],[77.220749,18.422518],[77.220741,18.422634],[77.220734,18.422748],[77.220734,18.422747]]}},{"type":"Feature","properties":{"sol":1913,"len_m":6.3,"date":"2026-07-07"},"geometry":{"type":"LineString","coordinates":[[77.220734,18.422747],[77.220635,18.422737]]}},{"type":"Feature","properties":{"sol":1917,"len_m":183.3,"date":"2026-07-11"},"geometry":{"type":"LineString","coordinates":[[77.220635,18.422737],[77.220503,18.422688],[77.220357,18.422629],[77.220274,18.422716],[77.220193,18.422802],[77.220128,18.422898],[77.22006,18.422996],[77.219992,18.423094],[77.219925,18.423189],[77.219857,18.423286],[77.219782,18.423396],[77.219709,18.423508],[77.219624,18.423612],[77.219524,18.423704],[77.21944,18.423786],[77.219357,18.423869],[77.219275,18.423953],[77.219197,18.424039],[77.21912,18.424126],[77.219043,18.424214],[77.218964,18.4243],[77.218885,18.424386],[77.218808,18.424473],[77.21873,18.424559],[77.218652,18.424645],[77.21858,18.424735],[77.218531,18.424818]]}},{"type":"Feature","properties":{"sol":1921,"len_m":59.4,"date":"2026-07-15"},"geometry":{"type":"LineString","coordinates":[[77.218531,18.424818],[77.218506,18.424944],[77.218484,18.425051],[77.218456,18.425172],[77.218426,18.425288],[77.21839,18.425401],[77.218345,18.425509],[77.21831,18.425642],[77.218345,18.42576],[77.218347,18.425761]]}},{"type":"Feature","properties":{"sol":1922,"len_m":43.5,"date":"2026-07-17"},"geometry":{"type":"LineString","coordinates":[[77.218347,18.425761],[77.218455,18.425835],[77.218364,18.425921],[77.21823,18.426044],[77.218078,18.426153],[77.21806,18.426167]]}},{"type":"Feature","properties":{"sol":1927,"len_m":6.8,"date":"2026-07-22"},"geometry":{"type":"LineString","coordinates":[[77.21806,18.426167],[77.21798,18.426205]]}},{"type":"Feature","properties":{"sol":1935,"len_m":92.8,"date":"2026-07-30"},"geometry":{"type":"LineString","coordinates":[[77.21798,18.426205],[77.218105,18.426072],[77.218306,18.42597],[77.218411,18.425783],[77.218466,18.425644],[77.218517,18.425514],[77.218559,18.425386],[77.218566,18.425247],[77.218574,18.425109],[77.21855,18.425007],[77.218554,18.42491]]}},{"type":"Feature","properties":{"sol":1939,"len_m":240.1,"date":"2026-08-03"},"geometry":{"type":"LineString","coordinates":[[77.218554,18.42491],[77.218638,18.424828],[77.218738,18.424759],[77.218844,18.424707],[77.218979,18.424678],[77.219112,18.424656],[77.219241,18.424635],[77.219371,18.424608],[77.219503,18.424583],[77.219637,18.424558],[77.219772,18.424532],[77.219909,18.424507],[77.220047,18.42448],[77.220168,18.424456],[77.220274,18.424436],[77.220378,18.424411],[77.220483,18.424391],[77.220623,18.424374],[77.22073,18.424362],[77.220854,18.424363],[77.220977,18.42438],[77.221118,18.424388],[77.221261,18.424382],[77.221469,18.424394],[77.221583,18.42444],[77.221693,18.424491],[77.221801,18.424544],[77.221924,18.424608],[77.222026,18.424671],[77.22213,18.424734],[77.222227,18.424805],[77.222309,18.42489],[77.22239,18.424978],[77.222465,18.425059],[77.222465,18.425058]]}},{"type":"Feature","properties":{"sol":1940,"len_m":142.7,"date":"2026-08-04"},"geometry":{"type":"LineString","coordinates":[[77.222465,18.425058],[77.222559,18.425133],[77.222648,18.425201],[77.222743,18.425273],[77.22284,18.425344],[77.222936,18.425415],[77.223033,18.425486],[77.223143,18.425568],[77.223254,18.42565],[77.223365,18.425731],[77.223477,18.425812],[77.223581,18.425902],[77.223697,18.425974],[77.223809,18.426024],[77.22392,18.426074],[77.224031,18.426124],[77.224143,18.426175],[77.224268,18.426233],[77.224377,18.426287],[77.224482,18.426348],[77.224557,18.426389]]}},{"type":"Feature","properties":{"sol":1941,"len_m":225.5,"date":"2026-08-05"},"geometry":{"type":"LineString","coordinates":[[77.224557,18.426389],[77.224666,18.426474],[77.224761,18.426546],[77.224885,18.426636],[77.22498,18.426707],[77.225089,18.426787],[77.225197,18.426868],[77.225303,18.426947],[77.225399,18.427016],[77.225506,18.427069],[77.225635,18.427123],[77.225767,18.427172],[77.225872,18.427191],[77.225995,18.427209],[77.226116,18.427226],[77.226234,18.427249],[77.226343,18.427271],[77.226481,18.427297],[77.226617,18.427323],[77.226755,18.427351],[77.22686,18.42737],[77.226999,18.427395],[77.22712,18.427417],[77.227239,18.427438],[77.227362,18.427457],[77.227484,18.427478],[77.227604,18.427495],[77.227676,18.427583],[77.227734,18.427682],[77.227793,18.427783],[77.227853,18.427883],[77.227913,18.427984],[77.227943,18.428034]]}},{"type":"Feature","properties":{"sol":1946,"len_m":245.3,"date":"2026-08-09"},"geometry":{"type":"LineString","coordinates":[[77.227943,18.428034],[77.228011,18.428149],[77.228069,18.42825],[77.228131,18.42835],[77.228193,18.428449],[77.228255,18.428548],[77.228318,18.428648],[77.228388,18.428763],[77.228455,18.428877],[77.228521,18.428994],[77.228571,18.429118],[77.228616,18.429243],[77.228658,18.429369],[77.228728,18.429482],[77.228836,18.429538],[77.228951,18.429582],[77.229065,18.429627],[77.22917,18.429685],[77.229275,18.429745],[77.229393,18.429781],[77.229509,18.429822],[77.229638,18.429876],[77.229762,18.429933],[77.229885,18.429945],[77.230009,18.429948],[77.230131,18.429925],[77.230246,18.429915],[77.230354,18.429966],[77.230453,18.430036],[77.230558,18.430091],[77.230681,18.430109],[77.230786,18.430126],[77.230902,18.430167],[77.231002,18.43022],[77.231108,18.430266],[77.231108,18.430266]]}},{"type":"Feature","properties":{"sol":1947,"len_m":358.7,"date":"2026-08-10"},"geometry":{"type":"LineString","coordinates":[[77.231108,18.430266],[77.231217,18.43032],[77.231329,18.430369],[77.231442,18.430417],[77.231554,18.430467],[77.231666,18.430516],[77.231777,18.430566],[77.231888,18.430611],[77.232009,18.430687],[77.231985,18.430801],[77.231953,18.430913],[77.23192,18.431024],[77.231888,18.431137],[77.231849,18.431247],[77.231805,18.431355],[77.231762,18.431463],[77.231713,18.431569],[77.231701,18.431683],[77.231715,18.431815],[77.231728,18.431929],[77.231746,18.432074],[77.231789,18.4322],[77.231793,18.432306],[77.231807,18.432411],[77.231828,18.432523],[77.231845,18.432636],[77.231859,18.432748],[77.231872,18.432862],[77.231886,18.432975],[77.231911,18.433086],[77.231935,18.433199],[77.231961,18.433311],[77.231986,18.433423],[77.232012,18.433535],[77.232041,18.433645],[77.232067,18.433749],[77.232125,18.433885],[77.232182,18.433982],[77.232241,18.4341],[77.232302,18.434212],[77.232355,18.434328],[77.232395,18.434433],[77.232432,18.434541],[77.232468,18.434649],[77.232503,18.434754],[77.232537,18.434853],[77.232571,18.434953],[77.232624,18.435044],[77.232696,18.435124],[77.232762,18.435215],[77.232828,18.435323],[77.232877,18.435419],[77.232909,18.435468]]}},{"type":"Feature","properties":{"sol":1955,"len_m":9.4,"date":"2026-08-19"},"geometry":{"type":"LineString","coordinates":[[77.232909,18.435468],[77.232869,18.435562],[77.232871,18.435599]]}}]}