{"type":"FeatureCollection","features":[{"type":"Feature","properties":{"sol":13,"rmc":"3_0","km":0.0,"elev":-2569.91,"note":"Site increment, no motion."},"geometry":{"type":"Point","coordinates":[77.450886,18.444627]}},{"type":"Feature","properties":{"sol":14,"rmc":"3_110","km":0.006,"elev":-2569.86,"date":"2021-03-03","note":"First localization!"},"geometry":{"type":"Point","coordinates":[77.450947,18.444543]}},{"type":"Feature","properties":{"sol":15,"rmc":"3_386","km":0.043,"elev":-2569.93,"date":"2021-03-05","note":"End-of-drive localization"},"geometry":{"type":"Point","coordinates":[77.451034,18.445135]}},{"type":"Feature","properties":{"sol":16,"rmc":"3_578","km":0.07,"elev":-2569.29,"date":"2021-03-06","note":"End-of-drive localization"},"geometry":{"type":"Point","coordinates":[77.451497,18.44528]}},{"type":"Feature","properties":{"sol":20,"rmc":"3_770","km":0.094,"elev":-2568.93,"date":"2021-03-10","note":"End-of-drive localization"},"geometry":{"type":"Point","coordinates":[77.451856,18.445148]}},{"type":"Feature","properties":{"sol":23,"rmc":"3_792","km":0.099,"elev":-2568.97,"date":"2021-03-13","note":"End-of-drive localization"},"geometry":{"type":"Point","coordinates":[77.451777,18.445202]}},{"type":"Feature","properties":{"sol":29,"rmc":"3_828","km":0.103,"elev":-2568.93,"date":"2021-03-20","note":"End-of-drive localization"},"geometry":{"type":"Point","coordinates":[77.451822,18.445164]}},{"type":"Feature","properties":{"sol":31,"rmc":"3_1044","km":0.136,"elev":-2569.6,"date":"2021-03-22","note":"End-of-drive localization"},"geometry":{"type":"Point","coordinates":[77.451332,18.44518]}},{"type":"Feature","properties":{"sol":32,"rmc":"3_1266","km":0.167,"elev":-2569.81,"date":"2021-03-23","note":"End-of-drive localization"},"geometry":{"type":"Point","coordinates":[77.451197,18.4447]}},{"type":"Feature","properties":{"sol":33,"rmc":"3_1374","km":0.18,"elev":-2569.99,"date":"2021-03-24","note":"End-of-drive localization"},"geometry":{"type":"Point","coordinates":[77.451024,18.444752]}},{"type":"Feature","properties":{"sol":34,"rmc":"3_1392","km":0.186,"elev":-2569.99,"date":"2021-03-25","note":"End-of-drive localization"},"geometry":{"type":"Point","coordinates":[77.451022,18.444863]}},{"type":"Feature","properties":{"sol":43,"rmc":"3_1398","km":0.191,"elev":-2570.02,"date":"2021-04-03","note":"End-of-drive localization"},"geometry":{"type":"Point","coordinates":[77.451025,18.44494]}},{"type":"Feature","properties":{"sol":44,"rmc":"3_1416","km":0.192,"elev":-2570.02,"date":"2021-04-04","note":"End-of-drive localization"},"geometry":{"type":"Point","coordinates":[77.45102,18.444943]}},{"type":"Feature","properties":{"sol":47,"rmc":"3_1708","km":0.231,"elev":-2569.54,"date":"2021-04-07","note":"End-of-drive localization"},"geometry":{"type":"Point","coordinates":[77.45153,18.444779]}},{"type":"Feature","properties":{"sol":48,"rmc":"3_1850","km":0.248,"elev":-2569.04,"date":"2021-04-08","note":"End-of-drive localization"},"geometry":{"type":"Point","coordinates":[77.451819,18.444871]}},{"type":"Feature","properties":{"sol":49,"rmc":"3_1950","km":0.26,"elev":-2568.98,"date":"2021-04-09","note":"End-of-drive localization"},"geometry":{"type":"Point","coordinates":[77.452019,18.444796]}},{"type":"Feature","properties":{"sol":52,"rmc":"3_2046","km":0.272,"elev":-2569.05,"date":"2021-04-12","note":"End-of-drive localization"},"geometry":{"type":"Point","coordinates":[77.45214,18.444752]}},{"type":"Feature","properties":{"sol":65,"rmc":"3_2150","km":0.28,"elev":-2569.0,"date":"2021-04-26","note":"End-of-drive localization"},"geometry":{"type":"Point","coordinates":[77.452226,18.444666]}},{"type":"Feature","properties":{"sol":66,"rmc":"3_2208","km":0.289,"elev":-2569.32,"date":"2021-04-26","note":"End-of-drive localization"},"geometry":{"type":"Point","coordinates":[77.452298,18.444529]}},{"type":"Feature","properties":{"sol":72,"rmc":"3_2346","km":0.309,"elev":-2569.14,"date":"2021-05-03","note":"End-of-drive localization"},"geometry":{"type":"Point","coordinates":[77.452517,18.444278]}},{"type":"Feature","properties":{"sol":73,"rmc":"3_2430","km":0.319,"elev":-2568.81,"date":"2021-05-04","note":"End-of-drive localization"},"geometry":{"type":"Point","coordinates":[77.452587,18.444126]}},{"type":"Feature","properties":{"sol":84,"rmc":"4_0","km":0.337,"elev":-2569.3,"date":"2021-05-15","note":"End-of-drive localization"},"geometry":{"type":"Point","coordinates":[77.452277,18.444219]}},{"type":"Feature","properties":{"sol":86,"rmc":"4_48","km":0.342,"elev":-2569.2,"date":"2021-05-17","note":"End-of-drive localization"},"geometry":{"type":"Point","coordinates":[77.452219,18.44416]}},{"type":"Feature","properties":{"sol":91,"rmc":"4_136","km":0.362,"elev":-2569.23,"date":"2021-05-22","note":"End-of-drive localization"},"geometry":{"type":"Point","coordinates":[77.452207,18.44388]}},{"type":"Feature","properties":{"sol":99,"rmc":"4_218","km":0.378,"elev":-2569.2,"date":"2021-05-30","note":"End-of-drive localization"},"geometry":{"type":"Point","coordinates":[77.452162,18.443763]}},{"type":"Feature","properties":{"sol":102,"rmc":"4_372","km":0.426,"elev":-2568.95,"date":"2021-06-03","note":"End-of-drive localization"},"geometry":{"type":"Point","coordinates":[77.451527,18.443255]}},{"type":"Feature","properties":{"sol":103,"rmc":"4_430","km":0.45,"elev":-2568.86,"date":"2021-06-04","note":"End-of-drive localization"},"geometry":{"type":"Point","coordinates":[77.451194,18.442998]}},{"type":"Feature","properties":{"sol":104,"rmc":"4_510","km":0.489,"elev":-2568.93,"date":"2021-06-05","note":"End-of-drive localization"},"geometry":{"type":"Point","coordinates":[77.450864,18.442423]}},{"type":"Feature","properties":{"sol":105,"rmc":"4_592","km":0.515,"elev":-2568.51,"date":"2021-06-06","note":"End-of-drive localization"},"geometry":{"type":"Point","coordinates":[77.450697,18.442008]}},{"type":"Feature","properties":{"sol":107,"rmc":"4_644","km":0.524,"elev":-2568.52,"date":"2021-06-08","note":"End-of-drive localization"},"geometry":{"type":"Point","coordinates":[77.45068,18.441878]}},{"type":"Feature","properties":{"sol":108,"rmc":"4_738","km":0.546,"elev":-2568.67,"date":"2021-06-09","note":"End-of-drive localization"},"geometry":{"type":"Point","coordinates":[77.450318,18.441778]}},{"type":"Feature","properties":{"sol":109,"rmc":"4_822","km":0.598,"elev":-2568.71,"date":"2021-06-10","note":"End-of-drive localization"},"geometry":{"type":"Point","coordinates":[77.449725,18.44112]}},{"type":"Feature","properties":{"sol":110,"rmc":"4_922","km":0.655,"elev":-2568.9,"date":"2021-06-11","note":"End-of-drive localization"},"geometry":{"type":"Point","coordinates":[77.449644,18.440199]}},{"type":"Feature","properties":{"sol":113,"rmc":"4_1062","km":0.691,"elev":-2569.14,"date":"2021-06-14","note":"End-of-drive localization"},"geometry":{"type":"Point","coordinates":[77.449538,18.439611]}},{"type":"Feature","properties":{"sol":116,"rmc":"4_1250","km":0.737,"elev":-2568.07,"date":"2021-06-17","note":"End-of-drive localization"},"geometry":{"type":"Point","coordinates":[77.449402,18.439069]}},{"type":"Feature","properties":{"sol":122,"rmc":"4_1422","km":0.767,"elev":-2568.96,"date":"2021-06-23","note":"End-of-drive localization"},"geometry":{"type":"Point","coordinates":[77.449411,18.439571]}},{"type":"Feature","properties":{"sol":123,"rmc":"4_1644","km":0.84,"elev":-2568.48,"date":"2021-06-24","note":"End-of-drive localization"},"geometry":{"type":"Point","coordinates":[77.449635,18.438459]}},{"type":"Feature","properties":{"sol":124,"rmc":"4_1712","km":0.848,"elev":-2568.21,"date":"2021-06-25","note":"End-of-drive localization"},"geometry":{"type":"Point","coordinates":[77.44956,18.438341]}},{"type":"Feature","properties":{"sol":126,"rmc":"4_1776","km":0.873,"elev":-2568.58,"date":"2021-06-27","note":"End-of-drive localization"},"geometry":{"type":"Point","coordinates":[77.44982,18.438041]}},{"type":"Feature","properties":{"sol":127,"rmc":"4_1860","km":0.913,"elev":-2569.11,"date":"2021-06-28","note":"End-of-drive localization"},"geometry":{"type":"Point","coordinates":[77.449959,18.437381]}},{"type":"Feature","properties":{"sol":128,"rmc":"4_1878","km":0.916,"elev":-2569.18,"date":"2021-06-29","note":"End-of-drive localization"},"geometry":{"type":"Point","coordinates":[77.449965,18.437429]}},{"type":"Feature","properties":{"sol":129,"rmc":"4_2222","km":0.968,"elev":-2569.24,"date":"2021-06-30","note":"End-of-drive localization"},"geometry":{"type":"Point","coordinates":[77.450411,18.437044]}},{"type":"Feature","properties":{"sol":130,"rmc":"5_0","km":1.093,"elev":-2570.63,"date":"2021-07-01","note":"End-of-drive localization"},"geometry":{"type":"Point","coordinates":[77.451725,18.435755]}},{"type":"Feature","properties":{"sol":131,"rmc":"5_500","km":1.199,"elev":-2573.35,"date":"2021-07-02","note":"End-of-drive localization"},"geometry":{"type":"Point","coordinates":[77.452047,18.434032]}},{"type":"Feature","properties":{"sol":134,"rmc":"5_894","km":1.294,"elev":-2575.16,"date":"2021-07-05","note":"End-of-drive localization"},"geometry":{"type":"Point","coordinates":[77.452294,18.432475]}},{"type":"Feature","properties":{"sol":135,"rmc":"5_1388","km":1.398,"elev":-2580.24,"date":"2021-07-06","note":"End-of-drive localization"},"geometry":{"type":"Point","coordinates":[77.452149,18.431137]}},{"type":"Feature","properties":{"sol":136,"rmc":"5_1572","km":1.434,"elev":-2582.63,"date":"2021-07-07","note":"End-of-drive localization"},"geometry":{"type":"Point","coordinates":[77.452044,18.430565]}},{"type":"Feature","properties":{"sol":137,"rmc":"5_1812","km":1.472,"elev":-2583.79,"date":"2021-07-08","note":"End-of-drive localization"},"geometry":{"type":"Point","coordinates":[77.452151,18.429979]}},{"type":"Feature","properties":{"sol":153,"rmc":"5_2296","km":1.571,"elev":-2585.87,"date":"2021-07-25","note":"End-of-drive localization"},"geometry":{"type":"Point","coordinates":[77.452029,18.428372]}},{"type":"Feature","properties":{"sol":155,"rmc":"5_2512","km":1.616,"elev":-2585.09,"date":"2021-07-27","note":"End-of-drive localization"},"geometry":{"type":"Point","coordinates":[77.451576,18.427777]}},{"type":"Feature","properties":{"sol":157,"rmc":"6_0","km":1.622,"elev":-2584.92,"date":"2021-07-29","note":"End-of-drive localization"},"geometry":{"type":"Point","coordinates":[77.45165,18.427695]}},{"type":"Feature","properties":{"sol":168,"rmc":"6_170","km":1.654,"elev":-2582.79,"date":"2021-08-09","note":"End-of-drive localization"},"geometry":{"type":"Point","coordinates":[77.451607,18.427253]}},{"type":"Feature","properties":{"sol":169,"rmc":"6_410","km":1.707,"elev":-2585.46,"date":"2021-08-10","note":"End-of-drive localization"},"geometry":{"type":"Point","coordinates":[77.450806,18.427642]}},{"type":"Feature","properties":{"sol":170,"rmc":"6_892","km":1.812,"elev":-2585.78,"date":"2021-08-11","note":"End-of-drive localization"},"geometry":{"type":"Point","coordinates":[77.449202,18.42844]}},{"type":"Feature","properties":{"sol":171,"rmc":"6_1450","km":1.924,"elev":-2583.67,"date":"2021-08-12","note":"End-of-drive localization"},"geometry":{"type":"Point","coordinates":[77.447677,18.429548]}},{"type":"Feature","properties":{"sol":173,"rmc":"6_1648","km":1.963,"elev":-2581.39,"date":"2021-08-15","note":"End-of-drive localization"},"geometry":{"type":"Point","coordinates":[77.447046,18.429612]}},{"type":"Feature","properties":{"sol":175,"rmc":"6_1752","km":1.984,"elev":-2579.6,"date":"2021-08-17","note":"End-of-drive localization"},"geometry":{"type":"Point","coordinates":[77.446793,18.429662]}},{"type":"Feature","properties":{"sol":177,"rmc":"6_2250","km":2.078,"elev":-2579.37,"date":"2021-08-19","note":"End-of-drive localization"},"geometry":{"type":"Point","coordinates":[77.445455,18.430514]}},{"type":"Feature","properties":{"sol":178,"rmc":"6_2666","km":2.159,"elev":-2574.37,"date":"2021-08-20","note":"End-of-drive localization"},"geometry":{"type":"Point","coordinates":[77.444311,18.430826]}},{"type":"Feature","properties":{"sol":180,"rmc":"7_0","km":2.17,"elev":-2574.52,"date":"2021-08-22","note":"End-of-drive localization"},"geometry":{"type":"Point","coordinates":[77.444366,18.430739]}},{"type":"Feature","properties":{"sol":199,"rmc":"7_346","km":2.243,"elev":-2574.19,"date":"2021-09-10","note":"End-of-drive localization"},"geometry":{"type":"Point","coordinates":[77.443324,18.43123]}},{"type":"Feature","properties":{"sol":200,"rmc":"7_1172","km":2.413,"elev":-2571.84,"date":"2021-09-11","note":"End-of-drive localization"},"geometry":{"type":"Point","coordinates":[77.440687,18.432548]}},{"type":"Feature","properties":{"sol":201,"rmc":"7_1358","km":2.454,"elev":-2574.25,"date":"2021-09-12","note":"End-of-drive localization"},"geometry":{"type":"Point","coordinates":[77.441287,18.432702]}},{"type":"Feature","properties":{"sol":202,"rmc":"7_1556","km":2.499,"elev":-2575.19,"date":"2021-09-13","note":"End-of-drive localization"},"geometry":{"type":"Point","coordinates":[77.441761,18.433273]}},{"type":"Feature","properties":{"sol":203,"rmc":"7_1716","km":2.529,"elev":-2574.43,"date":"2021-09-14","note":"End-of-drive localization"},"geometry":{"type":"Point","coordinates":[77.442248,18.433334]}},{"type":"Feature","properties":{"sol":204,"rmc":"7_1836","km":2.545,"elev":-2573.58,"date":"2021-09-15","note":"End-of-drive localization"},"geometry":{"type":"Point","coordinates":[77.44241,18.433398]}},{"type":"Feature","properties":{"sol":210,"rmc":"7_2050","km":2.597,"elev":-2573.32,"date":"2021-09-22","note":"End-of-drive localization"},"geometry":{"type":"Point","coordinates":[77.442121,18.433785]}},{"type":"Feature","properties":{"sol":237,"rmc":"7_2246","km":2.63,"elev":-2571.05,"date":"2021-10-19","note":"End-of-drive localization"},"geometry":{"type":"Point","coordinates":[77.442663,18.433912]}},{"type":"Feature","properties":{"sol":238,"rmc":"7_2326","km":2.648,"elev":-2568.98,"date":"2021-10-20","note":"End-of-drive localization"},"geometry":{"type":"Point","coordinates":[77.44296,18.433866]}},{"type":"Feature","properties":{"sol":239,"rmc":"7_2440","km":2.66,"elev":-2569.15,"date":"2021-10-21","note":"End-of-drive localization"},"geometry":{"type":"Point","coordinates":[77.443012,18.433961]}},{"type":"Feature","properties":{"sol":248,"rmc":"8_0","km":2.66,"elev":-2569.15,"date":"2021-10-31","note":"End-of-drive localization"},"geometry":{"type":"Point","coordinates":[77.443019,18.433964]}},{"type":"Feature","properties":{"sol":278,"rmc":"8_64","km":2.667,"elev":-2568.71,"date":"2021-11-30","note":"End-of-drive localization"},"geometry":{"type":"Point","coordinates":[77.443059,18.433926]}},{"type":"Feature","properties":{"sol":280,"rmc":"8_256","km":2.703,"elev":-2572.03,"date":"2021-12-02","note":"End-of-drive localization"},"geometry":{"type":"Point","coordinates":[77.442435,18.433875]}},{"type":"Feature","properties":{"sol":281,"rmc":"8_410","km":2.739,"elev":-2574.43,"date":"2021-12-03","note":"End-of-drive localization"},"geometry":{"type":"Point","coordinates":[77.442025,18.433442]}},{"type":"Feature","properties":{"sol":283,"rmc":"8_458","km":2.743,"elev":-2574.3,"date":"2021-12-05","note":"End-of-drive localization"},"geometry":{"type":"Point","coordinates":[77.442081,18.433461]}},{"type":"Feature","properties":{"sol":285,"rmc":"8_734","km":2.806,"elev":-2574.9,"date":"2021-12-08","note":"End-of-drive localization"},"geometry":{"type":"Point","coordinates":[77.441448,18.432771]}},{"type":"Feature","properties":{"sol":286,"rmc":"9_0","km":2.814,"elev":-2574.44,"date":"2021-12-09","note":"End-of-drive localization"},"geometry":{"type":"Point","coordinates":[77.441373,18.432661]}},{"type":"Feature","properties":{"sol":328,"rmc":"9_82","km":2.818,"elev":-2574.3,"date":"2022-01-21","note":"End-of-drive localization"},"geometry":{"type":"Point","coordinates":[77.441411,18.432602]}},{"type":"Feature","properties":{"sol":333,"rmc":"9_178","km":2.831,"elev":-2574.26,"date":"2022-01-26","note":"End-of-drive localization"},"geometry":{"type":"Point","coordinates":[77.441348,18.432606]}},{"type":"Feature","properties":{"sol":335,"rmc":"9_276","km":2.84,"elev":-2574.22,"date":"2022-01-28","note":"End-of-drive localization"},"geometry":{"type":"Point","coordinates":[77.441314,18.432609]}},{"type":"Feature","properties":{"sol":340,"rmc":"9_1554","km":3.079,"elev":-2574.64,"date":"2022-02-02","note":"End-of-drive localization"},"geometry":{"type":"Point","coordinates":[77.443187,18.430713]}},{"type":"Feature","properties":{"sol":341,"rmc":"9_2818","km":3.32,"elev":-2580.7,"date":"2022-02-03","note":"End-of-drive localization"},"geometry":{"type":"Point","coordinates":[77.446748,18.42977]}},{"type":"Feature","properties":{"sol":342,"rmc":"9_2858","km":3.332,"elev":-2581.13,"date":"2022-02-04","note":"End-of-drive localization"},"geometry":{"type":"Point","coordinates":[77.446953,18.429678]}},{"type":"Feature","properties":{"sol":343,"rmc":"9_2982","km":3.352,"elev":-2579.96,"date":"2022-02-05","note":"End-of-drive localization"},"geometry":{"type":"Point","coordinates":[77.44704,18.429456]}},{"type":"Feature","properties":{"sol":352,"rmc":"9_5676","km":3.84,"elev":-2581.98,"date":"2022-02-12","note":"End-of-drive localization"},"geometry":{"type":"Point","coordinates":[77.452307,18.430214]}},{"type":"Feature","properties":{"sol":353,"rmc":"9_6884","km":4.052,"elev":-2575.0,"date":"2022-02-15","note":"End-of-drive localization"},"geometry":{"type":"Point","coordinates":[77.452113,18.432853]}},{"type":"Feature","properties":{"sol":354,"rmc":"9_7894","km":4.239,"elev":-2570.81,"date":"2022-02-16","note":"End-of-drive localization"},"geometry":{"type":"Point","coordinates":[77.451776,18.435927]}},{"type":"Feature","properties":{"sol":355,"rmc":"9_9314","km":4.508,"elev":-2569.76,"date":"2022-02-17","note":"End-of-drive localization"},"geometry":{"type":"Point","coordinates":[77.451463,18.440088]}},{"type":"Feature","properties":{"sol":359,"rmc":"10_0","km":4.552,"elev":-2569.72,"date":"2022-02-21","note":"End-of-drive localization"},"geometry":{"type":"Point","coordinates":[77.451893,18.44069]}},{"type":"Feature","properties":{"sol":360,"rmc":"10_1114","km":4.757,"elev":-2569.22,"date":"2022-02-23","note":"End-of-drive localization"},"geometry":{"type":"Point","coordinates":[77.452171,18.443856]}},{"type":"Feature","properties":{"sol":361,"rmc":"11_0","km":4.776,"elev":-2568.72,"date":"2022-02-24","note":"End-of-drive localization"},"geometry":{"type":"Point","coordinates":[77.452438,18.443894]}},{"type":"Feature","properties":{"sol":362,"rmc":"11_108","km":4.786,"elev":-2568.72,"date":"2022-02-25","note":"End-of-drive localization"},"geometry":{"type":"Point","coordinates":[77.452434,18.443902]}},{"type":"Feature","properties":{"sol":379,"rmc":"11_1110","km":4.985,"elev":-2568.83,"date":"2022-03-14","note":"End-of-drive localization"},"geometry":{"type":"Point","coordinates":[77.451474,18.446228]}},{"type":"Feature","properties":{"sol":381,"rmc":"12_0","km":5.237,"elev":-2569.76,"date":"2022-03-15","note":"End-of-drive localization"},"geometry":{"type":"Point","coordinates":[77.454325,18.448996]}},{"type":"Feature","properties":{"sol":382,"rmc":"13_0","km":5.53,"elev":-2571.2,"date":"2022-03-17","note":"End-of-drive localization"},"geometry":{"type":"Point","coordinates":[77.45894,18.4512]}},{"type":"Feature","properties":{"sol":383,"rmc":"13_1280","km":5.764,"elev":-2570.64,"date":"2022-03-18","note":"End-of-drive localization"},"geometry":{"type":"Point","coordinates":[77.461859,18.453671]}},{"type":"Feature","properties":{"sol":384,"rmc":"13_2448","km":5.972,"elev":-2568.77,"date":"2022-03-19","note":"End-of-drive localization"},"geometry":{"type":"Point","coordinates":[77.462005,18.45707]}},{"type":"Feature","properties":{"sol":385,"rmc":"14_0","km":5.986,"elev":-2568.82,"date":"2022-03-20","note":"End-of-drive localization"},"geometry":{"type":"Point","coordinates":[77.461937,18.457289]}},{"type":"Feature","properties":{"sol":386,"rmc":"14_1176","km":6.221,"elev":-2567.89,"date":"2022-03-21","note":"End-of-drive localization"},"geometry":{"type":"Point","coordinates":[77.463133,18.460791]}},{"type":"Feature","properties":{"sol":387,"rmc":"15_0","km":6.48,"elev":-2567.74,"date":"2022-03-22","note":"End-of-drive localization"},"geometry":{"type":"Point","coordinates":[77.461579,18.464476]}},{"type":"Feature","properties":{"sol":388,"rmc":"15_1334","km":6.734,"elev":-2564.69,"date":"2022-03-23","note":"End-of-drive localization"},"geometry":{"type":"Point","coordinates":[77.458351,18.467198]}},{"type":"Feature","properties":{"sol":389,"rmc":"16_0","km":6.974,"elev":-2563.19,"date":"2022-03-24","note":"End-of-drive localization"},"geometry":{"type":"Point","coordinates":[77.454441,18.468297]}},{"type":"Feature","properties":{"sol":394,"rmc":"17_0","km":7.102,"elev":-2562.12,"date":"2022-03-25","note":"End-of-drive localization"},"geometry":{"type":"Point","coordinates":[77.452158,18.468208]}},{"type":"Feature","properties":{"sol":395,"rmc":"17_1064","km":7.3,"elev":-2556.35,"date":"2022-03-31","note":"End-of-drive localization"},"geometry":{"type":"Point","coordinates":[77.448695,18.467845]}},{"type":"Feature","properties":{"sol":396,"rmc":"18_0","km":7.458,"elev":-2557.74,"date":"2022-04-01","note":"End-of-drive localization"},"geometry":{"type":"Point","coordinates":[77.445952,18.467371]}},{"type":"Feature","properties":{"sol":397,"rmc":"18_320","km":7.525,"elev":-2557.78,"date":"2022-04-02","note":"End-of-drive localization"},"geometry":{"type":"Point","coordinates":[77.445152,18.466787]}},{"type":"Feature","properties":{"sol":398,"rmc":"18_1622","km":7.754,"elev":-2558.5,"date":"2022-04-03","note":"End-of-drive localization"},"geometry":{"type":"Point","coordinates":[77.442504,18.465584]}},{"type":"Feature","properties":{"sol":399,"rmc":"19_0","km":7.968,"elev":-2556.99,"date":"2022-04-04","note":"End-of-drive localization"},"geometry":{"type":"Point","coordinates":[77.439074,18.464058]}},{"type":"Feature","properties":{"sol":400,"rmc":"19_1126","km":8.181,"elev":-2555.17,"date":"2022-04-05","note":"End-of-drive localization"},"geometry":{"type":"Point","coordinates":[77.436105,18.461944]}},{"type":"Feature","properties":{"sol":401,"rmc":"19_2066","km":8.36,"elev":-2551.93,"date":"2022-04-06","note":"End-of-drive localization"},"geometry":{"type":"Point","coordinates":[77.432978,18.461596]}},{"type":"Feature","properties":{"sol":402,"rmc":"20_0","km":8.541,"elev":-2552.06,"date":"2022-04-07","note":"End-of-drive localization"},"geometry":{"type":"Point","coordinates":[77.429997,18.460616]}},{"type":"Feature","properties":{"sol":404,"rmc":"20_1422","km":8.794,"elev":-2547.73,"date":"2022-04-09","note":"End-of-drive localization"},"geometry":{"type":"Point","coordinates":[77.425757,18.459318]}},{"type":"Feature","properties":{"sol":405,"rmc":"21_0","km":9.059,"elev":-2549.87,"date":"2022-04-10","note":"End-of-drive localization"},"geometry":{"type":"Point","coordinates":[77.421782,18.457078]}},{"type":"Feature","properties":{"sol":407,"rmc":"21_1126","km":9.265,"elev":-2551.55,"date":"2022-04-12","note":"End-of-drive localization"},"geometry":{"type":"Point","coordinates":[77.418584,18.455395]}},{"type":"Feature","properties":{"sol":408,"rmc":"21_2560","km":9.535,"elev":-2549.27,"date":"2022-04-13","note":"End-of-drive localization"},"geometry":{"type":"Point","coordinates":[77.414136,18.453833]}},{"type":"Feature","properties":{"sol":409,"rmc":"22_0","km":9.749,"elev":-2545.6,"date":"2022-04-14","note":"End-of-drive localization"},"geometry":{"type":"Point","coordinates":[77.410419,18.453946]}},{"type":"Feature","properties":{"sol":413,"rmc":"22_788","km":9.894,"elev":-2545.27,"date":"2022-04-18","note":"End-of-drive localization"},"geometry":{"type":"Point","coordinates":[77.408552,18.453161]}},{"type":"Feature","properties":{"sol":414,"rmc":"23_0","km":10.056,"elev":-2544.79,"date":"2022-04-19","note":"End-of-drive localization"},"geometry":{"type":"Point","coordinates":[77.40605,18.451942]}},{"type":"Feature","properties":{"sol":415,"rmc":"23_824","km":10.217,"elev":-2540.28,"date":"2022-04-20","note":"End-of-drive localization"},"geometry":{"type":"Point","coordinates":[77.405186,18.449405]}},{"type":"Feature","properties":{"sol":416,"rmc":"23_1180","km":10.286,"elev":-2534.68,"date":"2022-04-21","note":"End-of-drive localization"},"geometry":{"type":"Point","coordinates":[77.404827,18.448306]}},{"type":"Feature","properties":{"sol":418,"rmc":"23_2096","km":10.446,"elev":-2523.86,"date":"2022-04-23","note":"End-of-drive localization"},"geometry":{"type":"Point","coordinates":[77.402103,18.44894]}},{"type":"Feature","properties":{"sol":419,"rmc":"23_2532","km":10.497,"elev":-2520.91,"date":"2022-04-24","note":"End-of-drive localization"},"geometry":{"type":"Point","coordinates":[77.401642,18.448788]}},{"type":"Feature","properties":{"sol":420,"rmc":"23_2872","km":10.562,"elev":-2523.07,"date":"2022-04-25","note":"End-of-drive localization"},"geometry":{"type":"Point","coordinates":[77.401363,18.449825]}},{"type":"Feature","properties":{"sol":421,"rmc":"23_3142","km":10.605,"elev":-2526.4,"date":"2022-04-26","note":"End-of-drive localization"},"geometry":{"type":"Point","coordinates":[77.401439,18.450496]}},{"type":"Feature","properties":{"sol":422,"rmc":"24_0","km":10.61,"elev":-2526.46,"date":"2022-04-27","note":"End-of-drive localization"},"geometry":{"type":"Point","coordinates":[77.401422,18.450566]}},{"type":"Feature","properties":{"sol":426,"rmc":"24_902","km":10.755,"elev":-2534.62,"date":"2022-05-01","note":"End-of-drive localization"},"geometry":{"type":"Point","coordinates":[77.403438,18.450177]}},{"type":"Feature","properties":{"sol":427,"rmc":"24_1328","km":10.829,"elev":-2539.1,"date":"2022-05-02","note":"End-of-drive localization"},"geometry":{"type":"Point","coordinates":[77.404499,18.449999]}},{"type":"Feature","properties":{"sol":428,"rmc":"24_1970","km":10.95,"elev":-2543.98,"date":"2022-05-03","note":"End-of-drive localization"},"geometry":{"type":"Point","coordinates":[77.405294,18.451531]}},{"type":"Feature","properties":{"sol":430,"rmc":"24_1992","km":10.95,"elev":-2543.98,"date":"2022-05-06","note":"End-of-drive localization"},"geometry":{"type":"Point","coordinates":[77.405294,18.451532]}},{"type":"Feature","properties":{"sol":432,"rmc":"24_2770","km":11.122,"elev":-2545.06,"date":"2022-05-08","note":"End-of-drive localization"},"geometry":{"type":"Point","coordinates":[77.407539,18.452875]}},{"type":"Feature","properties":{"sol":433,"rmc":"24_3170","km":11.206,"elev":-2545.0,"date":"2022-05-09","note":"End-of-drive localization"},"geometry":{"type":"Point","coordinates":[77.40842,18.453648]}},{"type":"Feature","properties":{"sol":434,"rmc":"24_3290","km":11.235,"elev":-2544.69,"date":"2022-05-10","note":"End-of-drive localization"},"geometry":{"type":"Point","coordinates":[77.408512,18.454105]}},{"type":"Feature","properties":{"sol":436,"rmc":"24_3900","km":11.347,"elev":-2543.23,"date":"2022-05-12","note":"End-of-drive localization"},"geometry":{"type":"Point","coordinates":[77.408464,18.455981]}},{"type":"Feature","properties":{"sol":437,"rmc":"24_4232","km":11.417,"elev":-2540.0,"date":"2022-05-13","note":"End-of-drive localization"},"geometry":{"type":"Point","coordinates":[77.408746,18.457102]}},{"type":"Feature","properties":{"sol":439,"rmc":"24_4358","km":11.436,"elev":-2538.76,"date":"2022-05-15","note":"End-of-drive localization"},"geometry":{"type":"Point","coordinates":[77.408881,18.457389]}},{"type":"Feature","properties":{"sol":441,"rmc":"25_0","km":11.47,"elev":-2535.63,"date":"2022-05-17","note":"End-of-drive localization"},"geometry":{"type":"Point","coordinates":[77.40858,18.457661]}},{"type":"Feature","properties":{"sol":443,"rmc":"25_214","km":11.537,"elev":-2536.0,"date":"2022-05-19","note":"End-of-drive localization"},"geometry":{"type":"Point","coordinates":[77.40747,18.457527]}},{"type":"Feature","properties":{"sol":448,"rmc":"25_446","km":11.604,"elev":-2535.58,"date":"2022-05-24","note":"End-of-drive localization"},"geometry":{"type":"Point","coordinates":[77.406338,18.457445]}},{"type":"Feature","properties":{"sol":449,"rmc":"26_0","km":11.613,"elev":-2534.78,"date":"2022-05-25","note":"End-of-drive localization"},"geometry":{"type":"Point","coordinates":[77.406301,18.45751]}},{"type":"Feature","properties":{"sol":455,"rmc":"26_96","km":11.635,"elev":-2530.03,"date":"2022-05-31","note":"End-of-drive localization"},"geometry":{"type":"Point","coordinates":[77.406277,18.45789]}},{"type":"Feature","properties":{"sol":456,"rmc":"26_218","km":11.654,"elev":-2527.39,"date":"2022-06-01","note":"End-of-drive localization"},"geometry":{"type":"Point","coordinates":[77.406498,18.458017]}},{"type":"Feature","properties":{"sol":460,"rmc":"26_470","km":11.695,"elev":-2524.21,"date":"2022-06-05","note":"End-of-drive localization"},"geometry":{"type":"Point","coordinates":[77.406093,18.458514]}},{"type":"Feature","properties":{"sol":461,"rmc":"26_630","km":11.712,"elev":-2523.3,"date":"2022-06-06","note":"End-of-drive localization"},"geometry":{"type":"Point","coordinates":[77.406145,18.458692]}},{"type":"Feature","properties":{"sol":464,"rmc":"26_756","km":11.728,"elev":-2522.08,"date":"2022-06-10","note":"End-of-drive localization"},"geometry":{"type":"Point","coordinates":[77.406013,18.458794]}},{"type":"Feature","properties":{"sol":474,"rmc":"26_850","km":11.743,"elev":-2521.59,"date":"2022-06-20","note":"End-of-drive localization"},"geometry":{"type":"Point","coordinates":[77.4061,18.458856]}},{"type":"Feature","properties":{"sol":477,"rmc":"26_1004","km":11.754,"elev":-2520.85,"date":"2022-06-23","note":"End-of-drive localization"},"geometry":{"type":"Point","coordinates":[77.406168,18.458895]}},{"type":"Feature","properties":{"sol":501,"rmc":"26_1154","km":11.773,"elev":-2522.83,"date":"2022-07-18","note":"End-of-drive localization"},"geometry":{"type":"Point","coordinates":[77.405952,18.458695]}},{"type":"Feature","properties":{"sol":502,"rmc":"26_1222","km":11.777,"elev":-2523.17,"date":"2022-07-19","note":"End-of-drive localization"},"geometry":{"type":"Point","coordinates":[77.405925,18.458647]}},{"type":"Feature","properties":{"sol":535,"rmc":"26_1652","km":11.862,"elev":-2525.52,"date":"2022-08-21","note":"End-of-drive localization"},"geometry":{"type":"Point","coordinates":[77.407328,18.45835]}},{"type":"Feature","properties":{"sol":536,"rmc":"26_2018","km":11.934,"elev":-2526.47,"date":"2022-08-22","note":"End-of-drive localization"},"geometry":{"type":"Point","coordinates":[77.408576,18.458216]}},{"type":"Feature","properties":{"sol":537,"rmc":"26_2142","km":11.95,"elev":-2526.74,"date":"2022-08-23","note":"End-of-drive localization"},"geometry":{"type":"Point","coordinates":[77.408849,18.45821]}},{"type":"Feature","properties":{"sol":538,"rmc":"26_2548","km":12.041,"elev":-2540.95,"date":"2022-08-25","note":"End-of-drive localization"},"geometry":{"type":"Point","coordinates":[77.408651,18.456828]}},{"type":"Feature","properties":{"sol":539,"rmc":"26_3008","km":12.141,"elev":-2543.65,"date":"2022-08-26","note":"End-of-drive localization"},"geometry":{"type":"Point","coordinates":[77.407909,18.455319]}},{"type":"Feature","properties":{"sol":541,"rmc":"26_3482","km":12.247,"elev":-2543.4,"date":"2022-08-28","note":"End-of-drive localization"},"geometry":{"type":"Point","coordinates":[77.406896,18.453807]}},{"type":"Feature","properties":{"sol":542,"rmc":"26_4200","km":12.381,"elev":-2544.45,"date":"2022-08-29","note":"End-of-drive localization"},"geometry":{"type":"Point","coordinates":[77.405682,18.451925]}},{"type":"Feature","properties":{"sol":543,"rmc":"26_5150","km":12.524,"elev":-2541.16,"date":"2022-08-30","note":"End-of-drive localization"},"geometry":{"type":"Point","coordinates":[77.404911,18.450275]}},{"type":"Feature","properties":{"sol":548,"rmc":"26_5214","km":12.54,"elev":-2540.1,"date":"2022-09-04","note":"End-of-drive localization"},"geometry":{"type":"Point","coordinates":[77.404773,18.450091]}},{"type":"Feature","properties":{"sol":551,"rmc":"26_5226","km":12.54,"elev":-2540.0,"date":"2022-09-07","note":"End-of-drive localization"},"geometry":{"type":"Point","coordinates":[77.404765,18.450091]}},{"type":"Feature","properties":{"sol":555,"rmc":"27_0","km":12.76,"elev":-2527.36,"date":"2022-09-11","note":"End-of-drive localization"},"geometry":{"type":"Point","coordinates":[77.4018,18.450324]}},{"type":"Feature","properties":{"sol":556,"rmc":"27_230","km":12.804,"elev":-2526.71,"date":"2022-09-12","note":"End-of-drive localization"},"geometry":{"type":"Point","coordinates":[77.401498,18.450755]}},{"type":"Feature","properties":{"sol":557,"rmc":"28_0","km":12.81,"elev":-2526.52,"date":"2022-09-13","note":"End-of-drive localization"},"geometry":{"type":"Point","coordinates":[77.401443,18.450743]}},{"type":"Feature","properties":{"sol":565,"rmc":"29_0","km":12.811,"elev":-2526.53,"date":"2022-09-21","note":"End-of-drive localization"},"geometry":{"type":"Point","coordinates":[77.40144,18.450726]}},{"type":"Feature","properties":{"sol":592,"rmc":"29_144","km":12.851,"elev":-2525.38,"date":"2022-10-19","note":"End-of-drive localization"},"geometry":{"type":"Point","coordinates":[77.401331,18.451361]}},{"type":"Feature","properties":{"sol":593,"rmc":"30_0","km":12.856,"elev":-2525.28,"date":"2022-10-20","note":"End-of-drive localization"},"geometry":{"type":"Point","coordinates":[77.401258,18.45133]}},{"type":"Feature","properties":{"sol":606,"rmc":"30_1096","km":13.064,"elev":-2517.54,"date":"2022-11-02","note":"End-of-drive localization"},"geometry":{"type":"Point","coordinates":[77.399147,18.453532]}},{"type":"Feature","properties":{"sol":609,"rmc":"30_1172","km":13.077,"elev":-2517.29,"date":"2022-11-06","note":"End-of-drive localization"},"geometry":{"type":"Point","coordinates":[77.399154,18.453644]}},{"type":"Feature","properties":{"sol":629,"rmc":"30_2188","km":13.282,"elev":-2523.83,"date":"2022-11-26","note":"End-of-drive localization"},"geometry":{"type":"Point","coordinates":[77.401437,18.451625]}},{"type":"Feature","properties":{"sol":632,"rmc":"31_0","km":13.305,"elev":-2525.28,"date":"2022-11-29","note":"End-of-drive localization"},"geometry":{"type":"Point","coordinates":[77.401257,18.451331]}},{"type":"Feature","properties":{"sol":641,"rmc":"31_500","km":13.409,"elev":-2526.25,"date":"2022-12-08","note":"End-of-drive localization"},"geometry":{"type":"Point","coordinates":[77.401831,18.450037]}},{"type":"Feature","properties":{"sol":645,"rmc":"31_856","km":13.475,"elev":-2532.09,"date":"2022-12-12","note":"End-of-drive localization"},"geometry":{"type":"Point","coordinates":[77.402935,18.450176]}},{"type":"Feature","properties":{"sol":646,"rmc":"31_1710","km":13.617,"elev":-2540.68,"date":"2022-12-13","note":"End-of-drive localization"},"geometry":{"type":"Point","coordinates":[77.404738,18.450301]}},{"type":"Feature","properties":{"sol":647,"rmc":"31_2154","km":13.688,"elev":-2543.43,"date":"2022-12-14","note":"End-of-drive localization"},"geometry":{"type":"Point","coordinates":[77.405124,18.451193]}},{"type":"Feature","properties":{"sol":648,"rmc":"32_0","km":13.838,"elev":-2545.16,"date":"2022-12-15","note":"End-of-drive localization"},"geometry":{"type":"Point","coordinates":[77.407202,18.452516]}},{"type":"Feature","properties":{"sol":652,"rmc":"32_148","km":13.874,"elev":-2545.26,"date":"2022-12-20","note":"End-of-drive localization"},"geometry":{"type":"Point","coordinates":[77.407756,18.452627]}},{"type":"Feature","properties":{"sol":654,"rmc":"32_250","km":13.885,"elev":-2545.48,"date":"2022-12-22","note":"End-of-drive localization"},"geometry":{"type":"Point","coordinates":[77.407847,18.452523]}},{"type":"Feature","properties":{"sol":658,"rmc":"32_378","km":13.902,"elev":-2545.31,"date":"2022-12-26","note":"End-of-drive localization"},"geometry":{"type":"Point","coordinates":[77.408056,18.45267]}},{"type":"Feature","properties":{"sol":663,"rmc":"32_482","km":13.911,"elev":-2545.18,"date":"2022-12-31","note":"End-of-drive localization"},"geometry":{"type":"Point","coordinates":[77.408078,18.452766]}},{"type":"Feature","properties":{"sol":667,"rmc":"32_580","km":13.921,"elev":-2545.27,"date":"2023-01-04","note":"End-of-drive localization"},"geometry":{"type":"Point","coordinates":[77.4082,18.452724]}},{"type":"Feature","properties":{"sol":670,"rmc":"32_672","km":13.929,"elev":-2545.1,"date":"2023-01-07","note":"End-of-drive localization"},"geometry":{"type":"Point","coordinates":[77.408244,18.452813]}},{"type":"Feature","properties":{"sol":674,"rmc":"32_774","km":13.937,"elev":-2545.44,"date":"2023-01-11","note":"End-of-drive localization"},"geometry":{"type":"Point","coordinates":[77.408336,18.452728]}},{"type":"Feature","properties":{"sol":678,"rmc":"32_896","km":13.959,"elev":-2545.09,"date":"2023-01-15","note":"End-of-drive localization"},"geometry":{"type":"Point","coordinates":[77.408505,18.453005]}},{"type":"Feature","properties":{"sol":681,"rmc":"32_1038","km":13.975,"elev":-2545.28,"date":"2023-01-18","note":"End-of-drive localization"},"geometry":{"type":"Point","coordinates":[77.408601,18.453066]}},{"type":"Feature","properties":{"sol":684,"rmc":"32_1174","km":13.996,"elev":-2545.2,"date":"2023-01-21","note":"End-of-drive localization"},"geometry":{"type":"Point","coordinates":[77.408448,18.453365]}},{"type":"Feature","properties":{"sol":686,"rmc":"32_1184","km":13.996,"elev":-2545.2,"date":"2023-01-24","note":"End-of-drive localization"},"geometry":{"type":"Point","coordinates":[77.408447,18.453372]}},{"type":"Feature","properties":{"sol":693,"rmc":"32_1394","km":14.044,"elev":-2544.49,"date":"2023-01-31","note":"End-of-drive localization"},"geometry":{"type":"Point","coordinates":[77.408448,18.454176]}},{"type":"Feature","properties":{"sol":694,"rmc":"32_2340","km":14.228,"elev":-2539.44,"date":"2023-02-01","note":"End-of-drive localization"},"geometry":{"type":"Point","coordinates":[77.408784,18.457224]}},{"type":"Feature","properties":{"sol":695,"rmc":"33_0","km":14.238,"elev":-2538.49,"date":"2023-02-02","note":"End-of-drive localization"},"geometry":{"type":"Point","coordinates":[77.408804,18.457391]}},{"type":"Feature","properties":{"sol":698,"rmc":"33_262","km":14.283,"elev":-2531.42,"date":"2023-02-05","note":"End-of-drive localization"},"geometry":{"type":"Point","coordinates":[77.408643,18.457964]}},{"type":"Feature","properties":{"sol":700,"rmc":"33_366","km":14.296,"elev":-2528.16,"date":"2023-02-07","note":"End-of-drive localization"},"geometry":{"type":"Point","coordinates":[77.408763,18.458109]}},{"type":"Feature","properties":{"sol":702,"rmc":"33_402","km":14.304,"elev":-2526.58,"date":"2023-02-09","note":"End-of-drive localization"},"geometry":{"type":"Point","coordinates":[77.408696,18.458214]}},{"type":"Feature","properties":{"sol":706,"rmc":"33_430","km":14.305,"elev":-2526.41,"date":"2023-02-13","note":"End-of-drive localization"},"geometry":{"type":"Point","coordinates":[77.408694,18.458219]}},{"type":"Feature","properties":{"sol":707,"rmc":"33_612","km":14.341,"elev":-2522.82,"date":"2023-02-14","note":"End-of-drive localization"},"geometry":{"type":"Point","coordinates":[77.408457,18.458642]}},{"type":"Feature","properties":{"sol":708,"rmc":"33_1756","km":14.527,"elev":-2509.57,"date":"2023-02-15","note":"End-of-drive localization"},"geometry":{"type":"Point","coordinates":[77.405842,18.460075]}},{"type":"Feature","properties":{"sol":709,"rmc":"33_2864","km":14.729,"elev":-2496.77,"date":"2023-02-16","note":"End-of-drive localization"},"geometry":{"type":"Point","coordinates":[77.402934,18.461671]}},{"type":"Feature","properties":{"sol":713,"rmc":"33_3878","km":14.903,"elev":-2491.25,"date":"2023-02-20","note":"End-of-drive localization"},"geometry":{"type":"Point","coordinates":[77.402097,18.46404]}},{"type":"Feature","properties":{"sol":714,"rmc":"33_4752","km":15.062,"elev":-2490.44,"date":"2023-02-21","note":"End-of-drive localization"},"geometry":{"type":"Point","coordinates":[77.400638,18.465519]}},{"type":"Feature","properties":{"sol":715,"rmc":"34_0","km":15.253,"elev":-2486.95,"date":"2023-02-22","note":"End-of-drive localization"},"geometry":{"type":"Point","coordinates":[77.399879,18.468606]}},{"type":"Feature","properties":{"sol":716,"rmc":"34_952","km":15.435,"elev":-2483.15,"date":"2023-02-23","note":"End-of-drive localization"},"geometry":{"type":"Point","coordinates":[77.399063,18.471477]}},{"type":"Feature","properties":{"sol":717,"rmc":"34_2098","km":15.651,"elev":-2478.15,"date":"2023-02-24","note":"End-of-drive localization"},"geometry":{"type":"Point","coordinates":[77.397434,18.474369]}},{"type":"Feature","properties":{"sol":718,"rmc":"34_3196","km":15.85,"elev":-2474.94,"date":"2023-02-25","note":"End-of-drive localization"},"geometry":{"type":"Point","coordinates":[77.394098,18.475371]}},{"type":"Feature","properties":{"sol":719,"rmc":"34_4394","km":16.067,"elev":-2462.92,"date":"2023-02-26","note":"End-of-drive localization"},"geometry":{"type":"Point","coordinates":[77.390367,18.475636]}},{"type":"Feature","properties":{"sol":721,"rmc":"34_5120","km":16.201,"elev":-2459.04,"date":"2023-02-28","note":"End-of-drive localization"},"geometry":{"type":"Point","coordinates":[77.389816,18.474442]}},{"type":"Feature","properties":{"sol":726,"rmc":"35_0","km":16.201,"elev":-2459.04,"date":"2023-03-06","note":"End-of-drive localization"},"geometry":{"type":"Point","coordinates":[77.389816,18.474442]}},{"type":"Feature","properties":{"sol":727,"rmc":"36_0","km":16.201,"elev":-2459.04,"date":"2023-03-07","note":"End-of-drive localization"},"geometry":{"type":"Point","coordinates":[77.389816,18.474442]}},{"type":"Feature","properties":{"sol":731,"rmc":"36_1610","km":16.489,"elev":-2455.25,"date":"2023-03-11","note":"End-of-drive localization"},"geometry":{"type":"Point","coordinates":[77.386751,18.472929]}},{"type":"Feature","properties":{"sol":732,"rmc":"36_3294","km":16.78,"elev":-2449.14,"date":"2023-03-12","note":"End-of-drive localization"},"geometry":{"type":"Point","coordinates":[77.384292,18.470368]}},{"type":"Feature","properties":{"sol":736,"rmc":"37_0","km":16.801,"elev":-2449.08,"date":"2023-03-16","note":"End-of-drive localization"},"geometry":{"type":"Point","coordinates":[77.383988,18.470212]}},{"type":"Feature","properties":{"sol":753,"rmc":"37_1798","km":17.13,"elev":-2442.58,"date":"2023-04-02","note":"End-of-drive localization"},"geometry":{"type":"Point","coordinates":[77.379312,18.470388]}},{"type":"Feature","properties":{"sol":755,"rmc":"37_2562","km":17.261,"elev":-2436.93,"date":"2023-04-04","note":"End-of-drive localization"},"geometry":{"type":"Point","coordinates":[77.377371,18.471346]}},{"type":"Feature","properties":{"sol":759,"rmc":"37_3758","km":17.48,"elev":-2441.55,"date":"2023-04-08","note":"End-of-drive localization"},"geometry":{"type":"Point","coordinates":[77.379889,18.473682]}},{"type":"Feature","properties":{"sol":762,"rmc":"37_4972","km":17.697,"elev":-2433.39,"date":"2023-04-12","note":"End-of-drive localization"},"geometry":{"type":"Point","coordinates":[77.37705,18.473931]}},{"type":"Feature","properties":{"sol":763,"rmc":"38_0","km":17.917,"elev":-2422.17,"date":"2023-04-13","note":"End-of-drive localization"},"geometry":{"type":"Point","coordinates":[77.373643,18.475497]}},{"type":"Feature","properties":{"sol":764,"rmc":"38_944","km":18.083,"elev":-2420.71,"date":"2023-04-14","note":"End-of-drive localization"},"geometry":{"type":"Point","coordinates":[77.371323,18.477013]}},{"type":"Feature","properties":{"sol":765,"rmc":"38_1808","km":18.25,"elev":-2420.49,"date":"2023-04-15","note":"End-of-drive localization"},"geometry":{"type":"Point","coordinates":[77.369507,18.479061]}},{"type":"Feature","properties":{"sol":766,"rmc":"38_2208","km":18.307,"elev":-2419.89,"date":"2023-04-16","note":"End-of-drive localization"},"geometry":{"type":"Point","coordinates":[77.36927,18.479893]}},{"type":"Feature","properties":{"sol":768,"rmc":"39_0","km":18.407,"elev":-2421.32,"date":"2023-04-18","note":"End-of-drive localization"},"geometry":{"type":"Point","coordinates":[77.369104,18.481268]}},{"type":"Feature","properties":{"sol":770,"rmc":"39_650","km":18.522,"elev":-2423.83,"date":"2023-04-20","note":"End-of-drive localization"},"geometry":{"type":"Point","coordinates":[77.369008,18.482929]}},{"type":"Feature","properties":{"sol":775,"rmc":"39_690","km":18.524,"elev":-2423.85,"date":"2023-04-25","note":"End-of-drive localization"},"geometry":{"type":"Point","coordinates":[77.369004,18.482912]}},{"type":"Feature","properties":{"sol":784,"rmc":"39_926","km":18.55,"elev":-2421.57,"date":"2023-05-04","note":"End-of-drive localization"},"geometry":{"type":"Point","coordinates":[77.368632,18.482727]}},{"type":"Feature","properties":{"sol":793,"rmc":"39_1036","km":18.571,"elev":-2421.66,"date":"2023-05-13","note":"End-of-drive localization"},"geometry":{"type":"Point","coordinates":[77.36868,18.48256]}},{"type":"Feature","properties":{"sol":795,"rmc":"39_1112","km":18.578,"elev":-2421.21,"date":"2023-05-16","note":"End-of-drive localization"},"geometry":{"type":"Point","coordinates":[77.368645,18.482641]}},{"type":"Feature","properties":{"sol":797,"rmc":"39_1170","km":18.581,"elev":-2421.07,"date":"2023-05-18","note":"End-of-drive localization"},"geometry":{"type":"Point","coordinates":[77.368616,18.482666]}},{"type":"Feature","properties":{"sol":816,"rmc":"39_1418","km":18.63,"elev":-2422.19,"date":"2023-06-06","note":"End-of-drive localization"},"geometry":{"type":"Point","coordinates":[77.368548,18.483441]}},{"type":"Feature","properties":{"sol":818,"rmc":"40_0","km":18.669,"elev":-2421.01,"date":"2023-06-08","note":"End-of-drive localization"},"geometry":{"type":"Point","coordinates":[77.368192,18.483037]}},{"type":"Feature","properties":{"sol":821,"rmc":"40_132","km":18.68,"elev":-2420.79,"date":"2023-06-11","note":"End-of-drive localization"},"geometry":{"type":"Point","coordinates":[77.368194,18.482988]}},{"type":"Feature","properties":{"sol":836,"rmc":"40_992","km":18.831,"elev":-2416.35,"date":"2023-06-27","note":"End-of-drive localization"},"geometry":{"type":"Point","coordinates":[77.366697,18.482509]}},{"type":"Feature","properties":{"sol":838,"rmc":"40_1608","km":18.931,"elev":-2415.56,"date":"2023-06-29","note":"End-of-drive localization"},"geometry":{"type":"Point","coordinates":[77.36581,18.481268]}},{"type":"Feature","properties":{"sol":843,"rmc":"41_0","km":18.949,"elev":-2415.2,"date":"2023-07-04","note":"End-of-drive localization"},"geometry":{"type":"Point","coordinates":[77.365828,18.481442]}},{"type":"Feature","properties":{"sol":848,"rmc":"41_188","km":18.963,"elev":-2415.19,"date":"2023-07-09","note":"End-of-drive localization"},"geometry":{"type":"Point","coordinates":[77.365845,18.481415]}},{"type":"Feature","properties":{"sol":854,"rmc":"41_562","km":19.027,"elev":-2415.9,"date":"2023-07-15","note":"End-of-drive localization"},"geometry":{"type":"Point","coordinates":[77.364942,18.481149]}},{"type":"Feature","properties":{"sol":856,"rmc":"42_0","km":19.042,"elev":-2415.7,"date":"2023-07-17","note":"End-of-drive localization"},"geometry":{"type":"Point","coordinates":[77.364706,18.481089]}},{"type":"Feature","properties":{"sol":866,"rmc":"42_776","km":19.162,"elev":-2415.35,"date":"2023-07-28","note":"End-of-drive localization"},"geometry":{"type":"Point","coordinates":[77.362993,18.481028]}},{"type":"Feature","properties":{"sol":868,"rmc":"42_1460","km":19.257,"elev":-2416.88,"date":"2023-07-30","note":"End-of-drive localization"},"geometry":{"type":"Point","coordinates":[77.361561,18.481135]}},{"type":"Feature","properties":{"sol":870,"rmc":"42_2266","km":19.386,"elev":-2418.54,"date":"2023-08-01","note":"End-of-drive localization"},"geometry":{"type":"Point","coordinates":[77.360571,18.482561]}},{"type":"Feature","properties":{"sol":871,"rmc":"42_2700","km":19.459,"elev":-2417.8,"date":"2023-08-02","note":"End-of-drive localization"},"geometry":{"type":"Point","coordinates":[77.360509,18.483747]}},{"type":"Feature","properties":{"sol":872,"rmc":"43_0","km":19.47,"elev":-2418.0,"date":"2023-08-03","note":"End-of-drive localization"},"geometry":{"type":"Point","coordinates":[77.36051,18.483805]}},{"type":"Feature","properties":{"sol":884,"rmc":"43_554","km":19.579,"elev":-2417.45,"date":"2023-08-15","note":"End-of-drive localization"},"geometry":{"type":"Point","coordinates":[77.360196,18.483092]}},{"type":"Feature","properties":{"sol":885,"rmc":"43_1270","km":19.717,"elev":-2420.58,"date":"2023-08-16","note":"End-of-drive localization"},"geometry":{"type":"Point","coordinates":[77.360101,18.480807]}},{"type":"Feature","properties":{"sol":886,"rmc":"44_0","km":19.722,"elev":-2420.6,"date":"2023-08-17","note":"End-of-drive localization"},"geometry":{"type":"Point","coordinates":[77.360086,18.480793]}},{"type":"Feature","properties":{"sol":896,"rmc":"44_820","km":19.891,"elev":-2414.7,"date":"2023-08-27","note":"End-of-drive localization"},"geometry":{"type":"Point","coordinates":[77.35836,18.482615]}},{"type":"Feature","properties":{"sol":897,"rmc":"44_830","km":19.891,"elev":-2414.7,"date":"2023-08-28","note":"End-of-drive localization"},"geometry":{"type":"Point","coordinates":[77.358361,18.482615]}},{"type":"Feature","properties":{"sol":899,"rmc":"44_898","km":19.898,"elev":-2414.79,"date":"2023-08-30","note":"End-of-drive localization"},"geometry":{"type":"Point","coordinates":[77.358464,18.482646]}},{"type":"Feature","properties":{"sol":903,"rmc":"44_1012","km":19.914,"elev":-2414.73,"date":"2023-09-03","note":"End-of-drive localization"},"geometry":{"type":"Point","coordinates":[77.358235,18.482501]}},{"type":"Feature","properties":{"sol":905,"rmc":"44_2062","km":20.042,"elev":-2414.45,"date":"2023-09-06","note":"End-of-drive localization"},"geometry":{"type":"Point","coordinates":[77.35777,18.482603]}},{"type":"Feature","properties":{"sol":907,"rmc":"44_2258","km":20.063,"elev":-2414.92,"date":"2023-09-08","note":"End-of-drive localization"},"geometry":{"type":"Point","coordinates":[77.357718,18.482377]}},{"type":"Feature","properties":{"sol":909,"rmc":"44_4864","km":20.537,"elev":-2422.61,"date":"2023-09-09","note":"End-of-drive localization"},"geometry":{"type":"Point","coordinates":[77.350704,18.483288]}},{"type":"Feature","properties":{"sol":911,"rmc":"45_0","km":20.558,"elev":-2423.31,"date":"2023-09-12","note":"End-of-drive localization"},"geometry":{"type":"Point","coordinates":[77.350694,18.483443]}},{"type":"Feature","properties":{"sol":925,"rmc":"45_86","km":20.567,"elev":-2423.27,"date":"2023-09-26","note":"End-of-drive localization"},"geometry":{"type":"Point","coordinates":[77.350551,18.48342]}},{"type":"Feature","properties":{"sol":926,"rmc":"45_760","km":20.692,"elev":-2420.8,"date":"2023-09-27","note":"End-of-drive localization"},"geometry":{"type":"Point","coordinates":[77.350589,18.485232]}},{"type":"Feature","properties":{"sol":927,"rmc":"45_1714","km":20.879,"elev":-2413.14,"date":"2023-09-28","note":"End-of-drive localization"},"geometry":{"type":"Point","coordinates":[77.349633,18.488038]}},{"type":"Feature","properties":{"sol":929,"rmc":"45_2198","km":20.958,"elev":-2415.49,"date":"2023-09-30","note":"End-of-drive localization"},"geometry":{"type":"Point","coordinates":[77.349124,18.486993]}},{"type":"Feature","properties":{"sol":931,"rmc":"45_2726","km":21.05,"elev":-2413.6,"date":"2023-10-02","note":"End-of-drive localization"},"geometry":{"type":"Point","coordinates":[77.347995,18.487151]}},{"type":"Feature","properties":{"sol":932,"rmc":"45_3674","km":21.228,"elev":-2407.81,"date":"2023-10-03","note":"End-of-drive localization"},"geometry":{"type":"Point","coordinates":[77.346925,18.488701]}},{"type":"Feature","properties":{"sol":933,"rmc":"46_0","km":21.239,"elev":-2407.66,"date":"2023-10-04","note":"End-of-drive localization"},"geometry":{"type":"Point","coordinates":[77.347043,18.488715]}},{"type":"Feature","properties":{"sol":950,"rmc":"46_1870","km":21.537,"elev":-2403.96,"date":"2023-10-22","note":"End-of-drive localization"},"geometry":{"type":"Point","coordinates":[77.348353,18.492202]}},{"type":"Feature","properties":{"sol":952,"rmc":"46_3032","km":21.702,"elev":-2399.79,"date":"2023-10-24","note":"End-of-drive localization"},"geometry":{"type":"Point","coordinates":[77.347704,18.49432]}},{"type":"Feature","properties":{"sol":957,"rmc":"46_3210","km":21.729,"elev":-2399.61,"date":"2023-10-29","note":"End-of-drive localization"},"geometry":{"type":"Point","coordinates":[77.347838,18.494332]}},{"type":"Feature","properties":{"sol":958,"rmc":"46_3888","km":21.835,"elev":-2397.25,"date":"2023-10-30","note":"End-of-drive localization"},"geometry":{"type":"Point","coordinates":[77.347153,18.495513]}},{"type":"Feature","properties":{"sol":959,"rmc":"46_5542","km":22.127,"elev":-2408.57,"date":"2023-10-31","note":"End-of-drive localization"},"geometry":{"type":"Point","coordinates":[77.351624,18.496502]}},{"type":"Feature","properties":{"sol":960,"rmc":"47_0","km":22.168,"elev":-2407.28,"date":"2023-11-01","note":"End-of-drive localization"},"geometry":{"type":"Point","coordinates":[77.352337,18.49651]}},{"type":"Feature","properties":{"sol":991,"rmc":"47_94","km":22.179,"elev":-2407.49,"date":"2023-12-03","note":"End-of-drive localization"},"geometry":{"type":"Point","coordinates":[77.352211,18.49655]}},{"type":"Feature","properties":{"sol":993,"rmc":"47_640","km":22.264,"elev":-2410.61,"date":"2023-12-05","note":"End-of-drive localization"},"geometry":{"type":"Point","coordinates":[77.351413,18.497549]}},{"type":"Feature","properties":{"sol":994,"rmc":"47_1434","km":22.408,"elev":-2419.2,"date":"2023-12-06","note":"End-of-drive localization"},"geometry":{"type":"Point","coordinates":[77.351307,18.499663]}},{"type":"Feature","properties":{"sol":997,"rmc":"47_2396","km":22.569,"elev":-2414.63,"date":"2023-12-09","note":"End-of-drive localization"},"geometry":{"type":"Point","coordinates":[77.349399,18.498453]}},{"type":"Feature","properties":{"sol":998,"rmc":"47_3056","km":22.648,"elev":-2411.33,"date":"2023-12-10","note":"End-of-drive localization"},"geometry":{"type":"Point","coordinates":[77.349066,18.498036]}},{"type":"Feature","properties":{"sol":999,"rmc":"47_4374","km":22.875,"elev":-2396.85,"date":"2023-12-11","note":"End-of-drive localization"},"geometry":{"type":"Point","coordinates":[77.346877,18.495486]}},{"type":"Feature","properties":{"sol":1000,"rmc":"47_4404","km":22.889,"elev":-2398.47,"date":"2023-12-12","note":"End-of-drive localization"},"geometry":{"type":"Point","coordinates":[77.346647,18.495396]}},{"type":"Feature","properties":{"sol":1001,"rmc":"48_0","km":23.025,"elev":-2400.62,"date":"2023-12-13","note":"End-of-drive localization"},"geometry":{"type":"Point","coordinates":[77.346371,18.49522]}},{"type":"Feature","properties":{"sol":1002,"rmc":"48_690","km":23.154,"elev":-2409.94,"date":"2023-12-14","note":"End-of-drive localization"},"geometry":{"type":"Point","coordinates":[77.34474,18.494223]}},{"type":"Feature","properties":{"sol":1004,"rmc":"48_748","km":23.161,"elev":-2409.45,"date":"2023-12-16","note":"End-of-drive localization"},"geometry":{"type":"Point","coordinates":[77.344629,18.494295]}},{"type":"Feature","properties":{"sol":1006,"rmc":"48_1156","km":23.211,"elev":-2408.0,"date":"2023-12-18","note":"End-of-drive localization"},"geometry":{"type":"Point","coordinates":[77.344338,18.494854]}},{"type":"Feature","properties":{"sol":1007,"rmc":"48_2404","km":23.418,"elev":-2409.58,"date":"2023-12-19","note":"End-of-drive localization"},"geometry":{"type":"Point","coordinates":[77.342179,18.492692]}},{"type":"Feature","properties":{"sol":1018,"rmc":"48_3714","km":23.599,"elev":-2407.91,"date":"2023-12-31","note":"End-of-drive localization"},"geometry":{"type":"Point","coordinates":[77.339556,18.49271]}},{"type":"Feature","properties":{"sol":1019,"rmc":"49_0","km":23.707,"elev":-2407.92,"date":"2024-01-01","note":"End-of-drive localization"},"geometry":{"type":"Point","coordinates":[77.340046,18.492662]}},{"type":"Feature","properties":{"sol":1021,"rmc":"49_370","km":23.754,"elev":-2405.97,"date":"2024-01-03","note":"End-of-drive localization"},"geometry":{"type":"Point","coordinates":[77.33954,18.492448]}},{"type":"Feature","properties":{"sol":1041,"rmc":"49_1444","km":23.957,"elev":-2407.7,"date":"2024-01-23","note":"End-of-drive localization"},"geometry":{"type":"Point","coordinates":[77.337284,18.492584]}},{"type":"Feature","properties":{"sol":1042,"rmc":"49_2818","km":24.122,"elev":-2402.31,"date":"2024-01-24","note":"End-of-drive localization"},"geometry":{"type":"Point","coordinates":[77.336127,18.492921]}},{"type":"Feature","properties":{"sol":1043,"rmc":"49_2918","km":24.138,"elev":-2401.19,"date":"2024-01-25","note":"End-of-drive localization"},"geometry":{"type":"Point","coordinates":[77.335877,18.493005]}},{"type":"Feature","properties":{"sol":1045,"rmc":"49_4054","km":24.336,"elev":-2399.12,"date":"2024-01-27","note":"End-of-drive localization"},"geometry":{"type":"Point","coordinates":[77.333158,18.493099]}},{"type":"Feature","properties":{"sol":1046,"rmc":"49_5338","km":24.542,"elev":-2391.03,"date":"2024-01-28","note":"End-of-drive localization"},"geometry":{"type":"Point","coordinates":[77.331012,18.491118]}},{"type":"Feature","properties":{"sol":1047,"rmc":"50_0","km":24.636,"elev":-2384.83,"date":"2024-01-29","note":"End-of-drive localization"},"geometry":{"type":"Point","coordinates":[77.329518,18.490915]}},{"type":"Feature","properties":{"sol":1049,"rmc":"50_524","km":24.702,"elev":-2382.28,"date":"2024-01-31","note":"End-of-drive localization"},"geometry":{"type":"Point","coordinates":[77.328812,18.491312]}},{"type":"Feature","properties":{"sol":1052,"rmc":"50_1250","km":24.822,"elev":-2380.77,"date":"2024-02-04","note":"End-of-drive localization"},"geometry":{"type":"Point","coordinates":[77.327034,18.491523]}},{"type":"Feature","properties":{"sol":1055,"rmc":"50_1254","km":24.822,"elev":-2380.77,"date":"2024-02-07","note":"End-of-drive localization"},"geometry":{"type":"Point","coordinates":[77.327034,18.491523]}},{"type":"Feature","properties":{"sol":1059,"rmc":"50_1284","km":24.824,"elev":-2380.33,"date":"2024-02-11","note":"End-of-drive localization"},"geometry":{"type":"Point","coordinates":[77.326986,18.491512]}},{"type":"Feature","properties":{"sol":1063,"rmc":"50_1422","km":24.847,"elev":-2383.08,"date":"2024-02-15","note":"End-of-drive localization"},"geometry":{"type":"Point","coordinates":[77.327363,18.491648]}},{"type":"Feature","properties":{"sol":1066,"rmc":"50_1534","km":24.863,"elev":-2382.64,"date":"2024-02-18","note":"End-of-drive localization"},"geometry":{"type":"Point","coordinates":[77.327215,18.491771]}},{"type":"Feature","properties":{"sol":1068,"rmc":"50_1618","km":24.867,"elev":-2382.91,"date":"2024-02-20","note":"End-of-drive localization"},"geometry":{"type":"Point","coordinates":[77.327217,18.491821]}},{"type":"Feature","properties":{"sol":1084,"rmc":"51_0","km":24.873,"elev":-2383.03,"date":"2024-03-08","note":"End-of-drive localization"},"geometry":{"type":"Point","coordinates":[77.327203,18.491833]}},{"type":"Feature","properties":{"sol":1092,"rmc":"51_30","km":24.875,"elev":-2382.77,"date":"2024-03-16","note":"End-of-drive localization"},"geometry":{"type":"Point","coordinates":[77.32718,18.4918]}},{"type":"Feature","properties":{"sol":1096,"rmc":"51_410","km":24.927,"elev":-2381.97,"date":"2024-03-20","note":"End-of-drive localization"},"geometry":{"type":"Point","coordinates":[77.326535,18.492122]}},{"type":"Feature","properties":{"sol":1100,"rmc":"51_644","km":24.96,"elev":-2379.52,"date":"2024-03-24","note":"End-of-drive localization"},"geometry":{"type":"Point","coordinates":[77.326246,18.49198]}},{"type":"Feature","properties":{"sol":1101,"rmc":"51_1348","km":25.053,"elev":-2374.63,"date":"2024-03-25","note":"End-of-drive localization"},"geometry":{"type":"Point","coordinates":[77.325614,18.490843]}},{"type":"Feature","properties":{"sol":1102,"rmc":"51_1590","km":25.087,"elev":-2375.04,"date":"2024-03-26","note":"End-of-drive localization"},"geometry":{"type":"Point","coordinates":[77.325374,18.490812]}},{"type":"Feature","properties":{"sol":1103,"rmc":"51_1886","km":25.139,"elev":-2372.85,"date":"2024-03-27","note":"End-of-drive localization"},"geometry":{"type":"Point","coordinates":[77.324588,18.490865]}},{"type":"Feature","properties":{"sol":1106,"rmc":"51_1904","km":25.14,"elev":-2372.67,"date":"2024-03-30","note":"End-of-drive localization"},"geometry":{"type":"Point","coordinates":[77.324571,18.49087]}},{"type":"Feature","properties":{"sol":1108,"rmc":"51_2390","km":25.197,"elev":-2369.99,"date":"2024-04-01","note":"End-of-drive localization"},"geometry":{"type":"Point","coordinates":[77.324074,18.490598]}},{"type":"Feature","properties":{"sol":1109,"rmc":"51_2578","km":25.238,"elev":-2369.41,"date":"2024-04-02","note":"End-of-drive localization"},"geometry":{"type":"Point","coordinates":[77.323543,18.490989]}},{"type":"Feature","properties":{"sol":1110,"rmc":"51_2794","km":25.262,"elev":-2368.71,"date":"2024-04-03","note":"End-of-drive localization"},"geometry":{"type":"Point","coordinates":[77.323211,18.490964]}},{"type":"Feature","properties":{"sol":1114,"rmc":"51_2990","km":25.292,"elev":-2370.79,"date":"2024-04-07","note":"End-of-drive localization"},"geometry":{"type":"Point","coordinates":[77.322787,18.491134]}},{"type":"Feature","properties":{"sol":1115,"rmc":"51_3152","km":25.343,"elev":-2369.96,"date":"2024-04-08","note":"End-of-drive localization"},"geometry":{"type":"Point","coordinates":[77.322294,18.490481]}},{"type":"Feature","properties":{"sol":1116,"rmc":"51_3354","km":25.397,"elev":-2366.89,"date":"2024-04-09","note":"End-of-drive localization"},"geometry":{"type":"Point","coordinates":[77.321404,18.490493]}},{"type":"Feature","properties":{"sol":1117,"rmc":"51_3688","km":25.462,"elev":-2362.47,"date":"2024-04-10","note":"End-of-drive localization"},"geometry":{"type":"Point","coordinates":[77.321502,18.489529]}},{"type":"Feature","properties":{"sol":1118,"rmc":"51_4014","km":25.515,"elev":-2359.54,"date":"2024-04-11","note":"End-of-drive localization"},"geometry":{"type":"Point","coordinates":[77.321448,18.48896]}},{"type":"Feature","properties":{"sol":1120,"rmc":"51_4320","km":25.572,"elev":-2355.17,"date":"2024-04-13","note":"End-of-drive localization"},"geometry":{"type":"Point","coordinates":[77.320586,18.48854]}},{"type":"Feature","properties":{"sol":1122,"rmc":"51_4692","km":25.643,"elev":-2356.22,"date":"2024-04-16","note":"End-of-drive localization"},"geometry":{"type":"Point","coordinates":[77.320273,18.48934]}},{"type":"Feature","properties":{"sol":1124,"rmc":"51_5030","km":25.677,"elev":-2356.1,"date":"2024-04-18","note":"End-of-drive localization"},"geometry":{"type":"Point","coordinates":[77.320221,18.489514]}},{"type":"Feature","properties":{"sol":1129,"rmc":"52_0","km":25.68,"elev":-2356.1,"date":"2024-04-23","note":"End-of-drive localization"},"geometry":{"type":"Point","coordinates":[77.320215,18.489512]}},{"type":"Feature","properties":{"sol":1131,"rmc":"52_120","km":25.695,"elev":-2354.68,"date":"2024-04-25","note":"End-of-drive localization"},"geometry":{"type":"Point","coordinates":[77.320064,18.489386]}},{"type":"Feature","properties":{"sol":1134,"rmc":"52_400","km":25.753,"elev":-2357.12,"date":"2024-04-28","note":"End-of-drive localization"},"geometry":{"type":"Point","coordinates":[77.319693,18.489938]}},{"type":"Feature","properties":{"sol":1136,"rmc":"52_606","km":25.792,"elev":-2355.97,"date":"2024-04-30","note":"End-of-drive localization"},"geometry":{"type":"Point","coordinates":[77.319054,18.490058]}},{"type":"Feature","properties":{"sol":1137,"rmc":"52_748","km":25.826,"elev":-2354.19,"date":"2024-05-01","note":"End-of-drive localization"},"geometry":{"type":"Point","coordinates":[77.318482,18.490002]}},{"type":"Feature","properties":{"sol":1138,"rmc":"52_870","km":25.854,"elev":-2352.06,"date":"2024-05-02","note":"End-of-drive localization"},"geometry":{"type":"Point","coordinates":[77.318008,18.489899]}},{"type":"Feature","properties":{"sol":1140,"rmc":"52_1146","km":25.901,"elev":-2350.54,"date":"2024-05-04","note":"End-of-drive localization"},"geometry":{"type":"Point","coordinates":[77.317222,18.489878]}},{"type":"Feature","properties":{"sol":1142,"rmc":"52_1468","km":25.971,"elev":-2352.57,"date":"2024-05-06","note":"End-of-drive localization"},"geometry":{"type":"Point","coordinates":[77.316079,18.490003]}},{"type":"Feature","properties":{"sol":1143,"rmc":"52_1700","km":26.013,"elev":-2349.28,"date":"2024-05-07","note":"End-of-drive localization"},"geometry":{"type":"Point","coordinates":[77.31551,18.489801]}},{"type":"Feature","properties":{"sol":1144,"rmc":"52_1950","km":26.065,"elev":-2350.28,"date":"2024-05-08","note":"End-of-drive localization"},"geometry":{"type":"Point","coordinates":[77.31491,18.490175]}},{"type":"Feature","properties":{"sol":1145,"rmc":"52_2266","km":26.107,"elev":-2350.77,"date":"2024-05-09","note":"End-of-drive localization"},"geometry":{"type":"Point","coordinates":[77.314235,18.490317]}},{"type":"Feature","properties":{"sol":1148,"rmc":"52_2540","km":26.146,"elev":-2352.25,"date":"2024-05-12","note":"End-of-drive localization"},"geometry":{"type":"Point","coordinates":[77.313672,18.490566]}},{"type":"Feature","properties":{"sol":1150,"rmc":"52_2638","km":26.163,"elev":-2353.78,"date":"2024-05-14","note":"End-of-drive localization"},"geometry":{"type":"Point","coordinates":[77.31359,18.490711]}},{"type":"Feature","properties":{"sol":1154,"rmc":"52_2644","km":26.163,"elev":-2353.78,"date":"2024-05-18","note":"End-of-drive localization"},"geometry":{"type":"Point","coordinates":[77.313597,18.490711]}},{"type":"Feature","properties":{"sol":1156,"rmc":"52_2750","km":26.18,"elev":-2353.77,"date":"2024-05-20","note":"End-of-drive localization"},"geometry":{"type":"Point","coordinates":[77.313333,18.490801]}},{"type":"Feature","properties":{"sol":1157,"rmc":"52_2824","km":26.194,"elev":-2356.09,"date":"2024-05-21","note":"End-of-drive localization"},"geometry":{"type":"Point","coordinates":[77.313158,18.490958]}},{"type":"Feature","properties":{"sol":1158,"rmc":"52_3018","km":26.228,"elev":-2362.87,"date":"2024-05-23","note":"End-of-drive localization"},"geometry":{"type":"Point","coordinates":[77.312746,18.491349]}},{"type":"Feature","properties":{"sol":1159,"rmc":"52_3158","km":26.25,"elev":-2364.8,"date":"2024-05-24","note":"End-of-drive localization"},"geometry":{"type":"Point","coordinates":[77.312646,18.491615]}},{"type":"Feature","properties":{"sol":1162,"rmc":"52_4312","km":26.45,"elev":-2371.05,"date":"2024-05-27","note":"End-of-drive localization"},"geometry":{"type":"Point","coordinates":[77.314026,18.494086]}},{"type":"Feature","properties":{"sol":1168,"rmc":"52_5032","km":26.579,"elev":-2371.28,"date":"2024-06-02","note":"End-of-drive localization"},"geometry":{"type":"Point","coordinates":[77.313807,18.496073]}},{"type":"Feature","properties":{"sol":1170,"rmc":"52_5844","km":26.708,"elev":-2366.2,"date":"2024-06-04","note":"End-of-drive localization"},"geometry":{"type":"Point","coordinates":[77.311731,18.495497]}},{"type":"Feature","properties":{"sol":1171,"rmc":"52_6980","km":26.902,"elev":-2361.26,"date":"2024-06-05","note":"End-of-drive localization"},"geometry":{"type":"Point","coordinates":[77.308325,18.495201]}},{"type":"Feature","properties":{"sol":1174,"rmc":"52_7624","km":27.022,"elev":-2360.11,"date":"2024-06-08","note":"End-of-drive localization"},"geometry":{"type":"Point","coordinates":[77.306281,18.495001]}},{"type":"Feature","properties":{"sol":1175,"rmc":"53_0","km":27.161,"elev":-2359.79,"date":"2024-06-09","note":"End-of-drive localization"},"geometry":{"type":"Point","coordinates":[77.303913,18.495206]}},{"type":"Feature","properties":{"sol":1176,"rmc":"53_130","km":27.191,"elev":-2361.97,"date":"2024-06-10","note":"End-of-drive localization"},"geometry":{"type":"Point","coordinates":[77.303809,18.495677]}},{"type":"Feature","properties":{"sol":1177,"rmc":"54_0","km":27.222,"elev":-2362.85,"date":"2024-06-11","note":"End-of-drive localization"},"geometry":{"type":"Point","coordinates":[77.303836,18.496112]}},{"type":"Feature","properties":{"sol":1182,"rmc":"54_702","km":27.337,"elev":-2357.7,"date":"2024-06-16","note":"End-of-drive localization"},"geometry":{"type":"Point","coordinates":[77.305358,18.497182]}},{"type":"Feature","properties":{"sol":1183,"rmc":"54_866","km":27.353,"elev":-2355.7,"date":"2024-06-17","note":"End-of-drive localization"},"geometry":{"type":"Point","coordinates":[77.305322,18.497348]}},{"type":"Feature","properties":{"sol":1185,"rmc":"54_1010","km":27.366,"elev":-2354.31,"date":"2024-06-19","note":"End-of-drive localization"},"geometry":{"type":"Point","coordinates":[77.305188,18.49747]}},{"type":"Feature","properties":{"sol":1189,"rmc":"54_1152","km":27.377,"elev":-2354.49,"date":"2024-06-23","note":"End-of-drive localization"},"geometry":{"type":"Point","coordinates":[77.305135,18.497449]}},{"type":"Feature","properties":{"sol":1195,"rmc":"55_0","km":27.377,"elev":-2354.49,"date":"2024-06-30","note":"End-of-drive localization"},"geometry":{"type":"Point","coordinates":[77.305133,18.497443]}},{"type":"Feature","properties":{"sol":1204,"rmc":"55_144","km":27.393,"elev":-2352.18,"date":"2024-07-09","note":"End-of-drive localization"},"geometry":{"type":"Point","coordinates":[77.305129,18.497598]}},{"type":"Feature","properties":{"sol":1206,"rmc":"55_340","km":27.417,"elev":-2352.93,"date":"2024-07-11","note":"End-of-drive localization"},"geometry":{"type":"Point","coordinates":[77.305425,18.497545]}},{"type":"Feature","properties":{"sol":1210,"rmc":"56_0","km":27.432,"elev":-2354.03,"date":"2024-07-15","note":"End-of-drive localization"},"geometry":{"type":"Point","coordinates":[77.305191,18.497484]}},{"type":"Feature","properties":{"sol":1219,"rmc":"56_784","km":27.564,"elev":-2362.93,"date":"2024-07-24","note":"End-of-drive localization"},"geometry":{"type":"Point","coordinates":[77.303698,18.495985]}},{"type":"Feature","properties":{"sol":1220,"rmc":"56_1010","km":27.605,"elev":-2360.05,"date":"2024-07-25","note":"End-of-drive localization"},"geometry":{"type":"Point","coordinates":[77.303723,18.495296]}},{"type":"Feature","properties":{"sol":1224,"rmc":"56_1998","km":27.768,"elev":-2353.77,"date":"2024-07-29","note":"End-of-drive localization"},"geometry":{"type":"Point","coordinates":[77.303238,18.492999]}},{"type":"Feature","properties":{"sol":1226,"rmc":"56_2784","km":27.9,"elev":-2355.04,"date":"2024-07-31","note":"End-of-drive localization"},"geometry":{"type":"Point","coordinates":[77.301093,18.493393]}},{"type":"Feature","properties":{"sol":1227,"rmc":"56_2932","km":27.923,"elev":-2353.05,"date":"2024-08-01","note":"End-of-drive localization"},"geometry":{"type":"Point","coordinates":[77.301003,18.493046]}},{"type":"Feature","properties":{"sol":1230,"rmc":"56_3368","km":27.999,"elev":-2347.36,"date":"2024-08-05","note":"End-of-drive localization"},"geometry":{"type":"Point","coordinates":[77.30104,18.491903]}},{"type":"Feature","properties":{"sol":1231,"rmc":"56_3438","km":28.007,"elev":-2347.83,"date":"2024-08-06","note":"End-of-drive localization"},"geometry":{"type":"Point","coordinates":[77.301089,18.49195]}},{"type":"Feature","properties":{"sol":1244,"rmc":"56_4106","km":28.091,"elev":-2338.71,"date":"2024-08-19","note":"End-of-drive localization"},"geometry":{"type":"Point","coordinates":[77.300928,18.49114]}},{"type":"Feature","properties":{"sol":1245,"rmc":"56_4306","km":28.127,"elev":-2338.08,"date":"2024-08-20","note":"End-of-drive localization"},"geometry":{"type":"Point","coordinates":[77.300675,18.491086]}},{"type":"Feature","properties":{"sol":1246,"rmc":"56_4926","km":28.223,"elev":-2324.67,"date":"2024-08-21","note":"End-of-drive localization"},"geometry":{"type":"Point","coordinates":[77.29992,18.490338]}},{"type":"Feature","properties":{"sol":1247,"rmc":"56_5250","km":28.305,"elev":-2305.7,"date":"2024-08-22","note":"End-of-drive localization"},"geometry":{"type":"Point","coordinates":[77.299193,18.489335]}},{"type":"Feature","properties":{"sol":1250,"rmc":"57_0","km":28.353,"elev":-2297.73,"date":"2024-08-25","note":"End-of-drive localization"},"geometry":{"type":"Point","coordinates":[77.298874,18.488917]}},{"type":"Feature","properties":{"sol":1251,"rmc":"58_0","km":28.384,"elev":-2288.48,"date":"2024-08-26","note":"End-of-drive localization"},"geometry":{"type":"Point","coordinates":[77.298597,18.488469]}},{"type":"Feature","properties":{"sol":1252,"rmc":"59_0","km":28.435,"elev":-2275.24,"date":"2024-08-27","note":"End-of-drive localization"},"geometry":{"type":"Point","coordinates":[77.298379,18.487792]}},{"type":"Feature","properties":{"sol":1253,"rmc":"59_18","km":28.438,"elev":-2274.28,"date":"2024-08-28","note":"End-of-drive localization"},"geometry":{"type":"Point","coordinates":[77.29837,18.48774]}},{"type":"Feature","properties":{"sol":1254,"rmc":"59_204","km":28.456,"elev":-2275.01,"date":"2024-08-29","note":"End-of-drive localization"},"geometry":{"type":"Point","coordinates":[77.298521,18.48773]}},{"type":"Feature","properties":{"sol":1264,"rmc":"59_330","km":28.492,"elev":-2264.55,"date":"2024-09-08","note":"End-of-drive localization"},"geometry":{"type":"Point","coordinates":[77.298264,18.487234]}},{"type":"Feature","properties":{"sol":1265,"rmc":"59_1024","km":28.614,"elev":-2267.03,"date":"2024-09-09","note":"End-of-drive localization"},"geometry":{"type":"Point","coordinates":[77.30001,18.486472]}},{"type":"Feature","properties":{"sol":1266,"rmc":"59_1914","km":28.763,"elev":-2246.67,"date":"2024-09-11","note":"End-of-drive localization"},"geometry":{"type":"Point","coordinates":[77.300604,18.484194]}},{"type":"Feature","properties":{"sol":1268,"rmc":"59_2902","km":28.929,"elev":-2220.27,"date":"2024-09-13","note":"End-of-drive localization"},"geometry":{"type":"Point","coordinates":[77.300262,18.481457]}},{"type":"Feature","properties":{"sol":1270,"rmc":"59_3422","km":29.02,"elev":-2211.2,"date":"2024-09-15","note":"End-of-drive localization"},"geometry":{"type":"Point","coordinates":[77.300379,18.479952]}},{"type":"Feature","properties":{"sol":1271,"rmc":"59_3872","km":29.102,"elev":-2204.58,"date":"2024-09-16","note":"End-of-drive localization"},"geometry":{"type":"Point","coordinates":[77.30052,18.478598]}},{"type":"Feature","properties":{"sol":1274,"rmc":"59_4812","km":29.257,"elev":-2180.52,"date":"2024-09-19","note":"End-of-drive localization"},"geometry":{"type":"Point","coordinates":[77.299194,18.476535]}},{"type":"Feature","properties":{"sol":1278,"rmc":"59_5870","km":29.437,"elev":-2171.49,"date":"2024-09-23","note":"End-of-drive localization"},"geometry":{"type":"Point","coordinates":[77.299581,18.473983]}},{"type":"Feature","properties":{"sol":1279,"rmc":"60_0","km":29.437,"elev":-2171.49,"date":"2024-09-24","note":"End-of-drive localization"},"geometry":{"type":"Point","coordinates":[77.299581,18.473983]}},{"type":"Feature","properties":{"sol":1280,"rmc":"60_236","km":29.481,"elev":-2162.8,"date":"2024-09-25","note":"End-of-drive localization"},"geometry":{"type":"Point","coordinates":[77.299099,18.473547]}},{"type":"Feature","properties":{"sol":1281,"rmc":"60_390","km":29.495,"elev":-2160.36,"date":"2024-09-26","note":"End-of-drive localization"},"geometry":{"type":"Point","coordinates":[77.29901,18.473419]}},{"type":"Feature","properties":{"sol":1283,"rmc":"60_1202","km":29.642,"elev":-2165.16,"date":"2024-09-28","note":"End-of-drive localization"},"geometry":{"type":"Point","coordinates":[77.300274,18.47185]}},{"type":"Feature","properties":{"sol":1284,"rmc":"60_1436","km":29.672,"elev":-2157.69,"date":"2024-09-29","note":"End-of-drive localization"},"geometry":{"type":"Point","coordinates":[77.299815,18.471611]}},{"type":"Feature","properties":{"sol":1285,"rmc":"60_1682","km":29.711,"elev":-2151.62,"date":"2024-09-30","note":"End-of-drive localization"},"geometry":{"type":"Point","coordinates":[77.299204,18.471794]}},{"type":"Feature","properties":{"sol":1286,"rmc":"60_1874","km":29.732,"elev":-2146.69,"date":"2024-10-01","note":"End-of-drive localization"},"geometry":{"type":"Point","coordinates":[77.298859,18.471772]}},{"type":"Feature","properties":{"sol":1288,"rmc":"60_2250","km":29.793,"elev":-2138.08,"date":"2024-10-03","note":"End-of-drive localization"},"geometry":{"type":"Point","coordinates":[77.298184,18.471737]}},{"type":"Feature","properties":{"sol":1292,"rmc":"60_2500","km":29.861,"elev":-2121.61,"date":"2024-10-07","note":"End-of-drive localization"},"geometry":{"type":"Point","coordinates":[77.297039,18.471406]}},{"type":"Feature","properties":{"sol":1293,"rmc":"60_3478","km":29.987,"elev":-2089.19,"date":"2024-10-08","note":"End-of-drive localization"},"geometry":{"type":"Point","coordinates":[77.295135,18.470531]}},{"type":"Feature","properties":{"sol":1294,"rmc":"60_3632","km":30.007,"elev":-2086.38,"date":"2024-10-09","note":"End-of-drive localization"},"geometry":{"type":"Point","coordinates":[77.294889,18.470675]}},{"type":"Feature","properties":{"sol":1295,"rmc":"60_3852","km":30.044,"elev":-2081.75,"date":"2024-10-10","note":"End-of-drive localization"},"geometry":{"type":"Point","coordinates":[77.294718,18.470317]}},{"type":"Feature","properties":{"sol":1298,"rmc":"60_4560","km":30.165,"elev":-2059.05,"date":"2024-10-13","note":"End-of-drive localization"},"geometry":{"type":"Point","coordinates":[77.293201,18.469217]}},{"type":"Feature","properties":{"sol":1299,"rmc":"61_0","km":30.182,"elev":-2055.64,"date":"2024-10-14","note":"End-of-drive localization"},"geometry":{"type":"Point","coordinates":[77.293014,18.469001]}},{"type":"Feature","properties":{"sol":1301,"rmc":"61_268","km":30.214,"elev":-2055.82,"date":"2024-10-16","note":"End-of-drive localization"},"geometry":{"type":"Point","coordinates":[77.293047,18.469467]}},{"type":"Feature","properties":{"sol":1302,"rmc":"61_376","km":30.221,"elev":-2056.1,"date":"2024-10-18","note":"End-of-drive localization"},"geometry":{"type":"Point","coordinates":[77.293055,18.469477]}},{"type":"Feature","properties":{"sol":1305,"rmc":"61_1394","km":30.396,"elev":-2037.97,"date":"2024-10-21","note":"End-of-drive localization"},"geometry":{"type":"Point","coordinates":[77.291437,18.467707]}},{"type":"Feature","properties":{"sol":1307,"rmc":"61_1578","km":30.423,"elev":-2033.99,"date":"2024-10-23","note":"End-of-drive localization"},"geometry":{"type":"Point","coordinates":[77.291101,18.467861]}},{"type":"Feature","properties":{"sol":1308,"rmc":"61_1678","km":30.437,"elev":-2033.6,"date":"2024-10-24","note":"End-of-drive localization"},"geometry":{"type":"Point","coordinates":[77.291067,18.467961]}},{"type":"Feature","properties":{"sol":1311,"rmc":"61_1928","km":30.499,"elev":-2040.37,"date":"2024-10-27","note":"End-of-drive localization"},"geometry":{"type":"Point","coordinates":[77.291729,18.468727]}},{"type":"Feature","properties":{"sol":1313,"rmc":"61_2080","km":30.51,"elev":-2040.24,"date":"2024-10-29","note":"End-of-drive localization"},"geometry":{"type":"Point","coordinates":[77.291764,18.468805]}},{"type":"Feature","properties":{"sol":1318,"rmc":"61_2534","km":30.608,"elev":-2033.55,"date":"2024-11-03","note":"End-of-drive localization"},"geometry":{"type":"Point","coordinates":[77.291091,18.467373]}},{"type":"Feature","properties":{"sol":1320,"rmc":"61_2674","km":30.637,"elev":-2031.93,"date":"2024-11-05","note":"End-of-drive localization"},"geometry":{"type":"Point","coordinates":[77.29098,18.467843]}},{"type":"Feature","properties":{"sol":1321,"rmc":"61_2782","km":30.644,"elev":-2031.31,"date":"2024-11-06","note":"End-of-drive localization"},"geometry":{"type":"Point","coordinates":[77.29094,18.467911]}},{"type":"Feature","properties":{"sol":1322,"rmc":"61_3516","km":30.767,"elev":-2029.26,"date":"2024-11-07","note":"End-of-drive localization"},"geometry":{"type":"Point","coordinates":[77.290794,18.465914]}},{"type":"Feature","properties":{"sol":1324,"rmc":"61_4240","km":30.885,"elev":-2015.23,"date":"2024-11-09","note":"End-of-drive localization"},"geometry":{"type":"Point","coordinates":[77.289241,18.464896]}},{"type":"Feature","properties":{"sol":1326,"rmc":"62_0","km":30.98,"elev":-1998.72,"date":"2024-11-11","note":"End-of-drive localization"},"geometry":{"type":"Point","coordinates":[77.287624,18.46455]}},{"type":"Feature","properties":{"sol":1327,"rmc":"62_64","km":30.989,"elev":-1997.3,"date":"2024-11-12","note":"End-of-drive localization"},"geometry":{"type":"Point","coordinates":[77.287477,18.464596]}},{"type":"Feature","properties":{"sol":1332,"rmc":"62_538","km":31.066,"elev":-1988.42,"date":"2024-11-17","note":"End-of-drive localization"},"geometry":{"type":"Point","coordinates":[77.286724,18.465046]}},{"type":"Feature","properties":{"sol":1333,"rmc":"62_634","km":31.077,"elev":-1988.45,"date":"2024-11-18","note":"End-of-drive localization"},"geometry":{"type":"Point","coordinates":[77.286718,18.46511]}},{"type":"Feature","properties":{"sol":1338,"rmc":"62_1666","km":31.249,"elev":-1970.07,"date":"2024-11-24","note":"End-of-drive localization"},"geometry":{"type":"Point","coordinates":[77.284733,18.463168]}},{"type":"Feature","properties":{"sol":1339,"rmc":"62_1840","km":31.278,"elev":-1966.46,"date":"2024-11-24","note":"End-of-drive localization"},"geometry":{"type":"Point","coordinates":[77.284294,18.462901]}},{"type":"Feature","properties":{"sol":1342,"rmc":"62_2066","km":31.323,"elev":-1959.86,"date":"2024-11-28","note":"End-of-drive localization"},"geometry":{"type":"Point","coordinates":[77.283528,18.462779]}},{"type":"Feature","properties":{"sol":1343,"rmc":"63_0","km":31.323,"elev":-1959.86,"date":"2024-11-29","note":"End-of-drive localization"},"geometry":{"type":"Point","coordinates":[77.283528,18.462779]}},{"type":"Feature","properties":{"sol":1347,"rmc":"63_1150","km":31.496,"elev":-1932.95,"date":"2024-12-03","note":"End-of-drive localization"},"geometry":{"type":"Point","coordinates":[77.28071,18.462077]}},{"type":"Feature","properties":{"sol":1348,"rmc":"63_2264","km":31.661,"elev":-1901.53,"date":"2024-12-04","note":"End-of-drive localization"},"geometry":{"type":"Point","coordinates":[77.278041,18.461469]}},{"type":"Feature","properties":{"sol":1349,"rmc":"63_3564","km":31.874,"elev":-1860.23,"date":"2024-12-05","note":"End-of-drive localization"},"geometry":{"type":"Point","coordinates":[77.274662,18.460086]}},{"type":"Feature","properties":{"sol":1351,"rmc":"63_4462","km":32.014,"elev":-1832.25,"date":"2024-12-07","note":"End-of-drive localization"},"geometry":{"type":"Point","coordinates":[77.272319,18.459383]}},{"type":"Feature","properties":{"sol":1354,"rmc":"64_0","km":32.261,"elev":-1786.0,"date":"2024-12-10","note":"End-of-drive localization"},"geometry":{"type":"Point","coordinates":[77.268527,18.457528]}},{"type":"Feature","properties":{"sol":1358,"rmc":"64_698","km":32.371,"elev":-1793.89,"date":"2024-12-14","note":"End-of-drive localization"},"geometry":{"type":"Point","coordinates":[77.267317,18.45894]}},{"type":"Feature","properties":{"sol":1359,"rmc":"64_1568","km":32.522,"elev":-1811.55,"date":"2024-12-15","note":"End-of-drive localization"},"geometry":{"type":"Point","coordinates":[77.264911,18.458752]}},{"type":"Feature","properties":{"sol":1362,"rmc":"64_2082","km":32.609,"elev":-1819.69,"date":"2024-12-18","note":"End-of-drive localization"},"geometry":{"type":"Point","coordinates":[77.264689,18.460153]}},{"type":"Feature","properties":{"sol":1363,"rmc":"64_2278","km":32.634,"elev":-1820.03,"date":"2024-12-19","note":"End-of-drive localization"},"geometry":{"type":"Point","coordinates":[77.264739,18.460547]}},{"type":"Feature","properties":{"sol":1380,"rmc":"64_3040","km":32.769,"elev":-1848.93,"date":"2025-01-06","note":"End-of-drive localization"},"geometry":{"type":"Point","coordinates":[77.262481,18.459999]}},{"type":"Feature","properties":{"sol":1381,"rmc":"65_0","km":32.785,"elev":-1848.41,"date":"2025-01-07","note":"End-of-drive localization"},"geometry":{"type":"Point","coordinates":[77.26249,18.459828]}},{"type":"Feature","properties":{"sol":1397,"rmc":"65_802","km":32.924,"elev":-1821.41,"date":"2025-01-23","note":"End-of-drive localization"},"geometry":{"type":"Point","coordinates":[77.264638,18.460569]}},{"type":"Feature","properties":{"sol":1400,"rmc":"66_0","km":32.935,"elev":-1820.03,"date":"2025-01-26","note":"End-of-drive localization"},"geometry":{"type":"Point","coordinates":[77.264745,18.460553]}},{"type":"Feature","properties":{"sol":1403,"rmc":"67_0","km":32.947,"elev":-1820.96,"date":"2025-01-29","note":"End-of-drive localization"},"geometry":{"type":"Point","coordinates":[77.264671,18.460558]}},{"type":"Feature","properties":{"sol":1407,"rmc":"67_634","km":33.053,"elev":-1811.63,"date":"2025-02-02","note":"End-of-drive localization"},"geometry":{"type":"Point","coordinates":[77.264934,18.458848]}},{"type":"Feature","properties":{"sol":1408,"rmc":"68_0","km":33.064,"elev":-1812.01,"date":"2025-02-03","note":"End-of-drive localization"},"geometry":{"type":"Point","coordinates":[77.26488,18.458752]}},{"type":"Feature","properties":{"sol":1411,"rmc":"68_142","km":33.074,"elev":-1811.25,"date":"2025-02-06","note":"End-of-drive localization"},"geometry":{"type":"Point","coordinates":[77.264932,18.458706]}},{"type":"Feature","properties":{"sol":1415,"rmc":"68_796","km":33.183,"elev":-1820.99,"date":"2025-02-11","note":"End-of-drive localization"},"geometry":{"type":"Point","coordinates":[77.264667,18.460499]}},{"type":"Feature","properties":{"sol":1416,"rmc":"69_0","km":33.201,"elev":-1821.24,"date":"2025-02-12","note":"End-of-drive localization"},"geometry":{"type":"Point","coordinates":[77.264644,18.460622]}},{"type":"Feature","properties":{"sol":1429,"rmc":"69_1054","km":33.379,"elev":-1860.48,"date":"2025-02-25","note":"End-of-drive localization"},"geometry":{"type":"Point","coordinates":[77.261624,18.460211]}},{"type":"Feature","properties":{"sol":1431,"rmc":"69_2000","km":33.537,"elev":-1906.71,"date":"2025-02-27","note":"End-of-drive localization"},"geometry":{"type":"Point","coordinates":[77.2592,18.461407]}},{"type":"Feature","properties":{"sol":1435,"rmc":"69_2124","km":33.582,"elev":-1918.45,"date":"2025-03-03","note":"End-of-drive localization"},"geometry":{"type":"Point","coordinates":[77.258503,18.461727]}},{"type":"Feature","properties":{"sol":1445,"rmc":"70_0","km":33.588,"elev":-1919.33,"date":"2025-03-13","note":"End-of-drive localization"},"geometry":{"type":"Point","coordinates":[77.258425,18.461749]}},{"type":"Feature","properties":{"sol":1451,"rmc":"70_228","km":33.634,"elev":-1926.96,"date":"2025-03-20","note":"End-of-drive localization"},"geometry":{"type":"Point","coordinates":[77.257809,18.46223]}},{"type":"Feature","properties":{"sol":1452,"rmc":"71_0","km":33.641,"elev":-1926.36,"date":"2025-03-21","note":"End-of-drive localization"},"geometry":{"type":"Point","coordinates":[77.257768,18.462339]}},{"type":"Feature","properties":{"sol":1454,"rmc":"71_56","km":33.647,"elev":-1927.18,"date":"2025-03-23","note":"End-of-drive localization"},"geometry":{"type":"Point","coordinates":[77.257668,18.462305]}},{"type":"Feature","properties":{"sol":1461,"rmc":"71_120","km":33.651,"elev":-1927.04,"date":"2025-03-30","note":"End-of-drive localization"},"geometry":{"type":"Point","coordinates":[77.25774,18.462305]}},{"type":"Feature","properties":{"sol":1463,"rmc":"71_160","km":33.654,"elev":-1926.56,"date":"2025-04-01","note":"End-of-drive localization"},"geometry":{"type":"Point","coordinates":[77.257736,18.462346]}},{"type":"Feature","properties":{"sol":1468,"rmc":"71_696","km":33.736,"elev":-1920.51,"date":"2025-04-06","note":"End-of-drive localization"},"geometry":{"type":"Point","coordinates":[77.258371,18.4612]}},{"type":"Feature","properties":{"sol":1470,"rmc":"71_1018","km":33.787,"elev":-1933.8,"date":"2025-04-08","note":"End-of-drive localization"},"geometry":{"type":"Point","coordinates":[77.257529,18.460885]}},{"type":"Feature","properties":{"sol":1472,"rmc":"72_0","km":33.802,"elev":-1938.1,"date":"2025-04-10","note":"End-of-drive localization"},"geometry":{"type":"Point","coordinates":[77.257271,18.460889]}},{"type":"Feature","properties":{"sol":1477,"rmc":"72_542","km":33.894,"elev":-1926.59,"date":"2025-04-15","note":"End-of-drive localization"},"geometry":{"type":"Point","coordinates":[77.257858,18.462179]}},{"type":"Feature","properties":{"sol":1478,"rmc":"73_0","km":33.904,"elev":-1925.48,"date":"2025-04-16","note":"End-of-drive localization"},"geometry":{"type":"Point","coordinates":[77.257928,18.46223]}},{"type":"Feature","properties":{"sol":1502,"rmc":"73_954","km":34.07,"elev":-1959.42,"date":"2025-05-11","note":"End-of-drive localization"},"geometry":{"type":"Point","coordinates":[77.255666,18.460791]}},{"type":"Feature","properties":{"sol":1503,"rmc":"73_1522","km":34.167,"elev":-1975.0,"date":"2025-05-12","note":"End-of-drive localization"},"geometry":{"type":"Point","coordinates":[77.25398,18.460505]}},{"type":"Feature","properties":{"sol":1509,"rmc":"73_2944","km":34.395,"elev":-1947.52,"date":"2025-05-18","note":"End-of-drive localization"},"geometry":{"type":"Point","coordinates":[77.255489,18.457277]}},{"type":"Feature","properties":{"sol":1510,"rmc":"73_4100","km":34.586,"elev":-1940.57,"date":"2025-05-19","note":"End-of-drive localization"},"geometry":{"type":"Point","coordinates":[77.255759,18.454103]}},{"type":"Feature","properties":{"sol":1511,"rmc":"73_4738","km":34.701,"elev":-1955.24,"date":"2025-05-20","note":"End-of-drive localization"},"geometry":{"type":"Point","coordinates":[77.254648,18.452677]}},{"type":"Feature","properties":{"sol":1512,"rmc":"74_0","km":34.797,"elev":-1964.36,"date":"2025-05-21","note":"End-of-drive localization"},"geometry":{"type":"Point","coordinates":[77.252956,18.452484]}},{"type":"Feature","properties":{"sol":1518,"rmc":"74_558","km":34.89,"elev":-1956.1,"date":"2025-05-27","note":"End-of-drive localization"},"geometry":{"type":"Point","coordinates":[77.254577,18.452622]}},{"type":"Feature","properties":{"sol":1519,"rmc":"74_1410","km":35.026,"elev":-1928.08,"date":"2025-05-28","note":"End-of-drive localization"},"geometry":{"type":"Point","coordinates":[77.256961,18.453011]}},{"type":"Feature","properties":{"sol":1520,"rmc":"74_1876","km":35.1,"elev":-1916.44,"date":"2025-05-29","note":"End-of-drive localization"},"geometry":{"type":"Point","coordinates":[77.257227,18.4542]}},{"type":"Feature","properties":{"sol":1523,"rmc":"74_2404","km":35.192,"elev":-1937.74,"date":"2025-06-02","note":"End-of-drive localization"},"geometry":{"type":"Point","coordinates":[77.256015,18.453942]}},{"type":"Feature","properties":{"sol":1524,"rmc":"75_0","km":35.2,"elev":-1939.09,"date":"2025-06-03","note":"End-of-drive localization"},"geometry":{"type":"Point","coordinates":[77.255917,18.453905]}},{"type":"Feature","properties":{"sol":1540,"rmc":"75_2358","km":35.606,"elev":-1958.82,"date":"2025-06-19","note":"End-of-drive localization"},"geometry":{"type":"Point","coordinates":[77.255683,18.460621]}},{"type":"Feature","properties":{"sol":1542,"rmc":"76_0","km":35.616,"elev":-1959.75,"date":"2025-06-21","note":"End-of-drive localization"},"geometry":{"type":"Point","coordinates":[77.255635,18.460754]}},{"type":"Feature","properties":{"sol":1549,"rmc":"76_594","km":35.712,"elev":-1938.68,"date":"2025-06-28","note":"End-of-drive localization"},"geometry":{"type":"Point","coordinates":[77.257227,18.460933]}},{"type":"Feature","properties":{"sol":1551,"rmc":"77_0","km":35.716,"elev":-1938.95,"date":"2025-06-30","note":"End-of-drive localization"},"geometry":{"type":"Point","coordinates":[77.257218,18.460917]}},{"type":"Feature","properties":{"sol":1556,"rmc":"77_942","km":35.875,"elev":-1967.37,"date":"2025-07-05","note":"End-of-drive localization"},"geometry":{"type":"Point","coordinates":[77.254579,18.460105]}},{"type":"Feature","properties":{"sol":1558,"rmc":"77_1030","km":35.898,"elev":-1966.26,"date":"2025-07-08","note":"End-of-drive localization"},"geometry":{"type":"Point","coordinates":[77.254407,18.459756]}},{"type":"Feature","properties":{"sol":1560,"rmc":"77_1218","km":35.926,"elev":-1962.77,"date":"2025-07-10","note":"End-of-drive localization"},"geometry":{"type":"Point","coordinates":[77.254585,18.459467]}},{"type":"Feature","properties":{"sol":1563,"rmc":"77_1350","km":35.937,"elev":-1963.85,"date":"2025-07-13","note":"End-of-drive localization"},"geometry":{"type":"Point","coordinates":[77.254503,18.459509]}},{"type":"Feature","properties":{"sol":1570,"rmc":"77_1512","km":35.95,"elev":-1962.77,"date":"2025-07-20","note":"End-of-drive localization"},"geometry":{"type":"Point","coordinates":[77.254582,18.459467]}},{"type":"Feature","properties":{"sol":1576,"rmc":"77_3142","km":36.224,"elev":-1944.75,"date":"2025-07-26","note":"End-of-drive localization"},"geometry":{"type":"Point","coordinates":[77.255541,18.455991]}},{"type":"Feature","properties":{"sol":1577,"rmc":"77_4612","km":36.466,"elev":-1921.95,"date":"2025-07-27","note":"End-of-drive localization"},"geometry":{"type":"Point","coordinates":[77.25734,18.453014]}},{"type":"Feature","properties":{"sol":1578,"rmc":"77_4816","km":36.504,"elev":-1910.54,"date":"2025-07-28","note":"End-of-drive localization"},"geometry":{"type":"Point","coordinates":[77.257976,18.45301]}},{"type":"Feature","properties":{"sol":1579,"rmc":"77_4840","km":36.507,"elev":-1910.54,"date":"2025-07-29","note":"End-of-drive localization"},"geometry":{"type":"Point","coordinates":[77.257982,18.453015]}},{"type":"Feature","properties":{"sol":1584,"rmc":"78_0","km":36.529,"elev":-1913.8,"date":"2025-08-03","note":"End-of-drive localization"},"geometry":{"type":"Point","coordinates":[77.257907,18.452782]}},{"type":"Feature","properties":{"sol":1590,"rmc":"78_84","km":36.545,"elev":-1910.57,"date":"2025-08-09","note":"End-of-drive localization"},"geometry":{"type":"Point","coordinates":[77.258118,18.452723]}},{"type":"Feature","properties":{"sol":1592,"rmc":"78_780","km":36.698,"elev":-1950.05,"date":"2025-08-11","note":"End-of-drive localization"},"geometry":{"type":"Point","coordinates":[77.256021,18.451131]}},{"type":"Feature","properties":{"sol":1593,"rmc":"78_922","km":36.729,"elev":-1955.0,"date":"2025-08-12","note":"End-of-drive localization"},"geometry":{"type":"Point","coordinates":[77.255623,18.450762]}},{"type":"Feature","properties":{"sol":1595,"rmc":"78_2152","km":36.931,"elev":-1933.63,"date":"2025-08-15","note":"End-of-drive localization"},"geometry":{"type":"Point","coordinates":[77.25819,18.44903]}},{"type":"Feature","properties":{"sol":1597,"rmc":"78_3588","km":37.163,"elev":-1911.23,"date":"2025-08-17","note":"End-of-drive localization"},"geometry":{"type":"Point","coordinates":[77.26097,18.446525]}},{"type":"Feature","properties":{"sol":1601,"rmc":"78_4716","km":37.341,"elev":-1880.59,"date":"2025-08-21","note":"End-of-drive localization"},"geometry":{"type":"Point","coordinates":[77.263883,18.447588]}},{"type":"Feature","properties":{"sol":1606,"rmc":"79_0","km":37.364,"elev":-1876.0,"date":"2025-08-26","note":"End-of-drive localization"},"geometry":{"type":"Point","coordinates":[77.264276,18.447558]}},{"type":"Feature","properties":{"sol":1608,"rmc":"79_102","km":37.371,"elev":-1875.2,"date":"2025-08-28","note":"End-of-drive localization"},"geometry":{"type":"Point","coordinates":[77.264334,18.44758]}},{"type":"Feature","properties":{"sol":1615,"rmc":"79_198","km":37.375,"elev":-1874.49,"date":"2025-09-04","note":"End-of-drive localization"},"geometry":{"type":"Point","coordinates":[77.264358,18.447641]}},{"type":"Feature","properties":{"sol":1622,"rmc":"79_328","km":37.384,"elev":-1875.73,"date":"2025-09-11","note":"End-of-drive localization"},"geometry":{"type":"Point","coordinates":[77.26422,18.44769]}},{"type":"Feature","properties":{"sol":1627,"rmc":"79_488","km":37.407,"elev":-1874.77,"date":"2025-09-16","note":"End-of-drive localization"},"geometry":{"type":"Point","coordinates":[77.264449,18.447418]}},{"type":"Feature","properties":{"sol":1629,"rmc":"79_596","km":37.415,"elev":-1873.13,"date":"2025-09-18","note":"End-of-drive localization"},"geometry":{"type":"Point","coordinates":[77.264536,18.447486]}},{"type":"Feature","properties":{"sol":1635,"rmc":"79_732","km":37.437,"elev":-1875.73,"date":"2025-09-25","note":"End-of-drive localization"},"geometry":{"type":"Point","coordinates":[77.264219,18.447688]}},{"type":"Feature","properties":{"sol":1642,"rmc":"79_870","km":37.47,"elev":-1873.39,"date":"2025-10-02","note":"End-of-drive localization"},"geometry":{"type":"Point","coordinates":[77.264558,18.44742]}},{"type":"Feature","properties":{"sol":1646,"rmc":"79_1204","km":37.523,"elev":-1866.42,"date":"2025-10-06","note":"End-of-drive localization"},"geometry":{"type":"Point","coordinates":[77.264688,18.448151]}},{"type":"Feature","properties":{"sol":1647,"rmc":"79_1382","km":37.54,"elev":-1863.76,"date":"2025-10-07","note":"End-of-drive localization"},"geometry":{"type":"Point","coordinates":[77.264781,18.448315]}},{"type":"Feature","properties":{"sol":1661,"rmc":"79_1632","km":37.584,"elev":-1854.53,"date":"2025-10-21","note":"End-of-drive localization"},"geometry":{"type":"Point","coordinates":[77.264861,18.449003]}},{"type":"Feature","properties":{"sol":1662,"rmc":"79_1762","km":37.589,"elev":-1854.08,"date":"2025-10-22","note":"End-of-drive localization"},"geometry":{"type":"Point","coordinates":[77.264849,18.449065]}},{"type":"Feature","properties":{"sol":1668,"rmc":"79_2048","km":37.631,"elev":-1862.83,"date":"2025-10-29","note":"End-of-drive localization"},"geometry":{"type":"Point","coordinates":[77.264785,18.44839]}},{"type":"Feature","properties":{"sol":1669,"rmc":"80_0","km":37.637,"elev":-1863.98,"date":"2025-10-30","note":"End-of-drive localization"},"geometry":{"type":"Point","coordinates":[77.264762,18.448312]}},{"type":"Feature","properties":{"sol":1674,"rmc":"80_1466","km":37.889,"elev":-1902.8,"date":"2025-11-04","note":"End-of-drive localization"},"geometry":{"type":"Point","coordinates":[77.262394,18.444824]}},{"type":"Feature","properties":{"sol":1675,"rmc":"80_2790","km":38.112,"elev":-1906.65,"date":"2025-11-05","note":"End-of-drive localization"},"geometry":{"type":"Point","coordinates":[77.260054,18.442043]}},{"type":"Feature","properties":{"sol":1676,"rmc":"80_2956","km":38.136,"elev":-1909.75,"date":"2025-11-06","note":"End-of-drive localization"},"geometry":{"type":"Point","coordinates":[77.259659,18.441905]}},{"type":"Feature","properties":{"sol":1686,"rmc":"81_0","km":38.422,"elev":-1901.03,"date":"2025-11-16","note":"End-of-drive localization"},"geometry":{"type":"Point","coordinates":[77.257254,18.437827]}},{"type":"Feature","properties":{"sol":1687,"rmc":"81_1418","km":38.677,"elev":-1881.76,"date":"2025-11-17","note":"End-of-drive localization"},"geometry":{"type":"Point","coordinates":[77.256117,18.434002]}},{"type":"Feature","properties":{"sol":1688,"rmc":"81_3270","km":38.981,"elev":-1862.87,"date":"2025-11-18","note":"End-of-drive localization"},"geometry":{"type":"Point","coordinates":[77.253172,18.430119]}},{"type":"Feature","properties":{"sol":1690,"rmc":"81_3608","km":39.041,"elev":-1863.69,"date":"2025-11-20","note":"End-of-drive localization"},"geometry":{"type":"Point","coordinates":[77.252535,18.42951]}},{"type":"Feature","properties":{"sol":1698,"rmc":"81_4488","km":39.197,"elev":-1890.04,"date":"2025-11-28","note":"End-of-drive localization"},"geometry":{"type":"Point","coordinates":[77.249957,18.428625]}},{"type":"Feature","properties":{"sol":1699,"rmc":"81_4492","km":39.197,"elev":-1890.04,"date":"2025-11-29","note":"End-of-drive localization"},"geometry":{"type":"Point","coordinates":[77.249957,18.428625]}},{"type":"Feature","properties":{"sol":1700,"rmc":"82_0","km":39.197,"elev":-1890.05,"date":"2025-11-30","note":"End-of-drive localization"},"geometry":{"type":"Point","coordinates":[77.249957,18.428625]}},{"type":"Feature","properties":{"sol":1701,"rmc":"82_1486","km":39.456,"elev":-1943.82,"date":"2025-12-01","note":"End-of-drive localization"},"geometry":{"type":"Point","coordinates":[77.245364,18.428328]}},{"type":"Feature","properties":{"sol":1703,"rmc":"82_2714","km":39.673,"elev":-1974.14,"date":"2025-12-03","note":"End-of-drive localization"},"geometry":{"type":"Point","coordinates":[77.241724,18.427609]}},{"type":"Feature","properties":{"sol":1704,"rmc":"82_2866","km":39.703,"elev":-1973.88,"date":"2025-12-05","note":"End-of-drive localization"},"geometry":{"type":"Point","coordinates":[77.241632,18.428103]}},{"type":"Feature","properties":{"sol":1707,"rmc":"82_3986","km":39.908,"elev":-1981.33,"date":"2025-12-08","note":"End-of-drive localization"},"geometry":{"type":"Point","coordinates":[77.239215,18.429633]}},{"type":"Feature","properties":{"sol":1709,"rmc":"82_5380","km":40.147,"elev":-1979.79,"date":"2025-12-10","note":"End-of-drive localization"},"geometry":{"type":"Point","coordinates":[77.236591,18.427719]}},{"type":"Feature","properties":{"sol":1710,"rmc":"83_0","km":40.233,"elev":-1974.63,"date":"2025-12-11","note":"End-of-drive localization"},"geometry":{"type":"Point","coordinates":[77.235154,18.427599]}},{"type":"Feature","properties":{"sol":1756,"rmc":"83_1252","km":40.433,"elev":-1960.3,"date":"2026-01-27","note":"End-of-drive localization"},"geometry":{"type":"Point","coordinates":[77.232471,18.429735]}},{"type":"Feature","properties":{"sol":1758,"rmc":"83_1338","km":40.436,"elev":-1960.36,"date":"2026-01-29","note":"End-of-drive localization"},"geometry":{"type":"Point","coordinates":[77.232428,18.429729]}},{"type":"Feature","properties":{"sol":1760,"rmc":"83_1364","km":40.437,"elev":-1960.43,"date":"2026-01-31","note":"End-of-drive localization"},"geometry":{"type":"Point","coordinates":[77.23241,18.429732]}},{"type":"Feature","properties":{"sol":1761,"rmc":"83_1384","km":40.437,"elev":-1960.43,"date":"2026-02-01","note":"End-of-drive localization"},"geometry":{"type":"Point","coordinates":[77.23241,18.429732]}},{"type":"Feature","properties":{"sol":1762,"rmc":"84_0","km":40.593,"elev":-1957.46,"date":"2026-02-02","note":"End-of-drive localization"},"geometry":{"type":"Point","coordinates":[77.229692,18.429911]}},{"type":"Feature","properties":{"sol":1765,"rmc":"84_1192","km":40.799,"elev":-1965.22,"date":"2026-02-05","note":"End-of-drive localization"},"geometry":{"type":"Point","coordinates":[77.227702,18.427034]}},{"type":"Feature","properties":{"sol":1767,"rmc":"85_0","km":40.812,"elev":-1964.99,"date":"2026-02-07","note":"End-of-drive localization"},"geometry":{"type":"Point","coordinates":[77.227629,18.427081]}},{"type":"Feature","properties":{"sol":1775,"rmc":"86_0","km":40.847,"elev":-1962.63,"date":"2026-02-15","note":"End-of-drive localization"},"geometry":{"type":"Point","coordinates":[77.227204,18.427419]}},{"type":"Feature","properties":{"sol":1779,"rmc":"86_160","km":40.866,"elev":-1961.76,"date":"2026-02-20","note":"End-of-drive localization"},"geometry":{"type":"Point","coordinates":[77.227024,18.427519]}},{"type":"Feature","properties":{"sol":1781,"rmc":"86_356","km":40.884,"elev":-1959.5,"date":"2026-02-22","note":"End-of-drive localization"},"geometry":{"type":"Point","coordinates":[77.22686,18.427709]}},{"type":"Feature","properties":{"sol":1783,"rmc":"86_510","km":40.895,"elev":-1959.17,"date":"2026-02-24","note":"End-of-drive localization"},"geometry":{"type":"Point","coordinates":[77.226855,18.427754]}},{"type":"Feature","properties":{"sol":1790,"rmc":"86_700","km":40.921,"elev":-1958.48,"date":"2026-03-03","note":"End-of-drive localization"},"geometry":{"type":"Point","coordinates":[77.226629,18.427682]}},{"type":"Feature","properties":{"sol":1792,"rmc":"87_0","km":40.924,"elev":-1958.19,"date":"2026-03-05","note":"End-of-drive localization"},"geometry":{"type":"Point","coordinates":[77.22666,18.427725]}},{"type":"Feature","properties":{"sol":1805,"rmc":"87_120","km":40.935,"elev":-1959.22,"date":"2026-03-18","note":"End-of-drive localization"},"geometry":{"type":"Point","coordinates":[77.226775,18.427682]}},{"type":"Feature","properties":{"sol":1812,"rmc":"87_268","km":40.946,"elev":-1960.47,"date":"2026-03-26","note":"End-of-drive localization"},"geometry":{"type":"Point","coordinates":[77.226855,18.427622]}},{"type":"Feature","properties":{"sol":1814,"rmc":"87_1640","km":41.172,"elev":-1954.34,"date":"2026-03-28","note":"End-of-drive localization"},"geometry":{"type":"Point","coordinates":[77.223171,18.427455]}},{"type":"Feature","properties":{"sol":1815,"rmc":"87_3246","km":41.44,"elev":-1963.17,"date":"2026-03-29","note":"End-of-drive localization"},"geometry":{"type":"Point","coordinates":[77.219612,18.430347]}},{"type":"Feature","properties":{"sol":1817,"rmc":"87_3896","km":41.545,"elev":-1976.93,"date":"2026-03-31","note":"End-of-drive localization"},"geometry":{"type":"Point","coordinates":[77.218342,18.431648]}},{"type":"Feature","properties":{"sol":1819,"rmc":"87_4084","km":41.566,"elev":-1977.51,"date":"2026-04-02","note":"End-of-drive localization"},"geometry":{"type":"Point","coordinates":[77.218315,18.431801]}},{"type":"Feature","properties":{"sol":1825,"rmc":"87_4140","km":41.569,"elev":-1977.82,"date":"2026-04-08","note":"End-of-drive localization"},"geometry":{"type":"Point","coordinates":[77.218303,18.431854]}},{"type":"Feature","properties":{"sol":1829,"rmc":"87_4148","km":41.569,"elev":-1977.82,"date":"2026-04-12","note":"End-of-drive localization"},"geometry":{"type":"Point","coordinates":[77.218303,18.431854]}},{"type":"Feature","properties":{"sol":1830,"rmc":"87_4152","km":41.569,"elev":-1977.82,"date":"2026-04-13","note":"End-of-drive localization"},"geometry":{"type":"Point","coordinates":[77.218302,18.431854]}},{"type":"Feature","properties":{"sol":1833,"rmc":"87_4184","km":41.57,"elev":-1977.78,"date":"2026-04-16","note":"End-of-drive localization"},"geometry":{"type":"Point","coordinates":[77.218308,18.431831]}},{"type":"Feature","properties":{"sol":1835,"rmc":"87_4924","km":41.688,"elev":-1972.25,"date":"2026-04-18","note":"End-of-drive localization"},"geometry":{"type":"Point","coordinates":[77.219797,18.432604]}},{"type":"Feature","properties":{"sol":1840,"rmc":"87_5154","km":41.738,"elev":-1969.77,"date":"2026-04-23","note":"End-of-drive localization"},"geometry":{"type":"Point","coordinates":[77.220149,18.432523]}},{"type":"Feature","properties":{"sol":1842,"rmc":"88_0","km":41.756,"elev":-1968.49,"date":"2026-04-25","note":"End-of-drive localization"},"geometry":{"type":"Point","coordinates":[77.220272,18.432462]}},{"type":"Feature","properties":{"sol":1849,"rmc":"88_206","km":41.806,"elev":-1973.79,"date":"2026-05-03","note":"End-of-drive localization"},"geometry":{"type":"Point","coordinates":[77.220021,18.433256]}},{"type":"Feature","properties":{"sol":1856,"rmc":"88_620","km":41.884,"elev":-1966.18,"date":"2026-05-10","note":"End-of-drive localization"},"geometry":{"type":"Point","coordinates":[77.220123,18.432063]}},{"type":"Feature","properties":{"sol":1859,"rmc":"88_844","km":41.927,"elev":-1959.34,"date":"2026-05-13","note":"End-of-drive localization"},"geometry":{"type":"Point","coordinates":[77.220613,18.431509]}},{"type":"Feature","properties":{"sol":1863,"rmc":"88_1070","km":41.985,"elev":-1957.97,"date":"2026-05-17","note":"End-of-drive localization"},"geometry":{"type":"Point","coordinates":[77.220458,18.431032]}},{"type":"Feature","properties":{"sol":1866,"rmc":"88_1144","km":41.988,"elev":-1957.91,"date":"2026-05-20","note":"End-of-drive localization"},"geometry":{"type":"Point","coordinates":[77.220446,18.431069]}},{"type":"Feature","properties":{"sol":1867,"rmc":"88_1214","km":41.992,"elev":-1958.07,"date":"2026-05-21","note":"End-of-drive localization"},"geometry":{"type":"Point","coordinates":[77.220431,18.431065]}},{"type":"Feature","properties":{"sol":1877,"rmc":"88_1352","km":42.01,"elev":-1956.62,"date":"2026-05-31","note":"End-of-drive localization"},"geometry":{"type":"Point","coordinates":[77.220633,18.43091]}},{"type":"Feature","properties":{"sol":1880,"rmc":"88_1602","km":42.059,"elev":-1953.14,"date":"2026-06-03","note":"End-of-drive localization"},"geometry":{"type":"Point","coordinates":[77.221047,18.430455]}},{"type":"Feature","properties":{"sol":1883,"rmc":"88_1722","km":42.073,"elev":-1951.77,"date":"2026-06-07","note":"End-of-drive localization"},"geometry":{"type":"Point","coordinates":[77.221173,18.43047]}},{"type":"Feature","properties":{"sol":1890,"rmc":"88_3136","km":42.312,"elev":-1966.64,"date":"2026-06-14","note":"End-of-drive localization"},"geometry":{"type":"Point","coordinates":[77.2179,18.428132]}},{"type":"Feature","properties":{"sol":1893,"rmc":"88_4292","km":42.51,"elev":-1958.92,"date":"2026-06-17","note":"End-of-drive localization"},"geometry":{"type":"Point","coordinates":[77.217933,18.426029]}},{"type":"Feature","properties":{"sol":1897,"rmc":"89_0","km":42.953,"elev":-1973.63,"date":"2026-06-20","note":"End-of-drive localization"},"geometry":{"type":"Point","coordinates":[77.220731,18.421964]}},{"type":"Feature","properties":{"sol":1900,"rmc":"89_800","km":43.093,"elev":-1983.96,"date":"2026-06-24","note":"End-of-drive localization"},"geometry":{"type":"Point","coordinates":[77.219031,18.420577]}},{"type":"Feature","properties":{"sol":1904,"rmc":"89_1242","km":43.176,"elev":-1979.55,"date":"2026-06-28","note":"End-of-drive localization"},"geometry":{"type":"Point","coordinates":[77.220116,18.419975]}},{"type":"Feature","properties":{"sol":1906,"rmc":"89_1368","km":43.184,"elev":-1979.5,"date":"2026-06-30","note":"End-of-drive localization"},"geometry":{"type":"Point","coordinates":[77.220129,18.41997]}},{"type":"Feature","properties":{"sol":1910,"rmc":"89_2450","km":43.362,"elev":-1972.57,"date":"2026-07-04","note":"End-of-drive localization"},"geometry":{"type":"Point","coordinates":[77.220734,18.422747]}},{"type":"Feature","properties":{"sol":1913,"rmc":"89_2556","km":43.369,"elev":-1973.05,"date":"2026-07-07","note":"End-of-drive localization"},"geometry":{"type":"Point","coordinates":[77.220635,18.422737]}},{"type":"Feature","properties":{"sol":1917,"rmc":"89_3644","km":43.552,"elev":-1966.79,"date":"2026-07-11","note":"End-of-drive localization"},"geometry":{"type":"Point","coordinates":[77.218531,18.424818]}},{"type":"Feature","properties":{"sol":1921,"rmc":"89_4026","km":43.612,"elev":-1956.95,"date":"2026-07-15","note":"End-of-drive localization"},"geometry":{"type":"Point","coordinates":[77.218347,18.425761]}},{"type":"Feature","properties":{"sol":1922,"rmc":"89_4178","km":43.655,"elev":-1958.0,"date":"2026-07-17","note":"End-of-drive localization"},"geometry":{"type":"Point","coordinates":[77.21806,18.426167]}},{"type":"Feature","properties":{"sol":1927,"rmc":"89_4246","km":43.662,"elev":-1958.95,"date":"2026-07-22","note":"End-of-drive localization"},"geometry":{"type":"Point","coordinates":[77.21798,18.426205]}},{"type":"Feature","properties":{"sol":1935,"rmc":"90_0","km":43.755,"elev":-1965.86,"date":"2026-07-30","note":"End-of-drive localization"},"geometry":{"type":"Point","coordinates":[77.218554,18.42491]}},{"type":"Feature","properties":{"sol":1939,"rmc":"90_1420","km":43.995,"elev":-1964.4,"date":"2026-08-03","note":"End-of-drive localization"},"geometry":{"type":"Point","coordinates":[77.222465,18.425058]}},{"type":"Feature","properties":{"sol":1940,"rmc":"90_2288","km":44.137,"elev":-1963.64,"date":"2026-08-04","note":"End-of-drive localization"},"geometry":{"type":"Point","coordinates":[77.224557,18.426389]}},{"type":"Feature","properties":{"sol":1941,"rmc":"90_3664","km":44.363,"elev":-1960.68,"date":"2026-08-05","note":"End-of-drive localization"},"geometry":{"type":"Point","coordinates":[77.227943,18.428034]}},{"type":"Feature","properties":{"sol":1946,"rmc":"90_5110","km":44.608,"elev":-1960.98,"date":"2026-08-09","note":"End-of-drive localization"},"geometry":{"type":"Point","coordinates":[77.231108,18.430266]}},{"type":"Feature","properties":{"sol":1947,"rmc":"91_0","km":44.967,"elev":-1938.31,"date":"2026-08-10","note":"End-of-drive localization"},"geometry":{"type":"Point","coordinates":[77.232909,18.435468]}},{"type":"Feature","properties":{"sol":1955,"rmc":"91_124","km":44.976,"elev":-1937.45,"date":"2026-08-19","note":"End-of-drive localization"},"geometry":{"type":"Point","coordinates":[77.232871,18.435599]}}]}